<CutsceneManager>
<Cutscene name="prerace_looping_01" PlaybackMode="Looping" Duration="79.577667">
    <Cams CutQueueType="Cutscene" NumCams="11">
      <Cam Version="3" Group="0" Type="Animateable" StartCut="0.000000" TargetName="" duration="5.103998" CameraManShakeOn="0" CameraManShakeAngVelModOn="0" AutoZoomOn="0" TargetSmoothingOn="0" OverrideShakyCamParams="0" OverrideTargetSmoothingParams="0" AutoZoomScale="1.000000" AllowSeemlessTransition="0">
        <Anim PosAnimType="CarSpace" RotAnimType="CarSpace" TimeAnimType="AffectsPath" IsInCockpit="0" ConstVelCamSpeed="0.000000" EaseIn="0.000000" EaseOut="0.000000" NumKeys="19">
          <Key Time="0.000000" PosX="-3.017659" PosY="0.133998" PosZ="5.820030" Yaw="125.078148" Pitch="9.628721" Roll="0.330785" FOV="21.558714" TimeC0="0"/>
          <Key Time="1.134000" PosX="-3.017415" PosY="0.134037" PosZ="5.819725" Yaw="149.510818" Pitch="-1.394871" Roll="-1.823551" FOV="21.558716" TimeC0="0"/>
          <Key Time="1.535000" PosX="-3.017421" PosY="0.134052" PosZ="5.819939" Yaw="149.521133" Pitch="-1.681288" Roll="-2.514945" FOV="21.558718" TimeC0="0"/>
          <Key Time="1.702000" PosX="-3.017314" PosY="0.134053" PosZ="5.819997" Yaw="149.525894" Pitch="-1.744263" Roll="-2.514378" FOV="21.558718" TimeC0="0"/>
          <Key Time="1.769000" PosX="-3.017325" PosY="0.134055" PosZ="5.820001" Yaw="149.527954" Pitch="-1.753826" Roll="-2.516147" FOV="21.558718" TimeC0="0"/>
          <Key Time="1.962000" PosX="-3.017314" PosY="0.134046" PosZ="5.819997" Yaw="149.532242" Pitch="-1.739802" Roll="-2.522342" FOV="19.000601" TimeC0="0"/>
          <Key Time="1.969000" PosX="-3.017314" PosY="0.134038" PosZ="5.819997" Yaw="149.534546" Pitch="-1.715356" Roll="-2.547397" FOV="19.000601" TimeC0="0"/>
          <Key Time="2.235000" PosX="-3.017433" PosY="0.134045" PosZ="5.820065" Yaw="149.545288" Pitch="-1.456541" Roll="-2.547397" FOV="19.000601" TimeC0="0"/>
          <Key Time="2.302000" PosX="-3.017686" PosY="0.134047" PosZ="5.819982" Yaw="149.548523" Pitch="-1.326443" Roll="-2.550753" FOV="19.000601" TimeC0="0"/>
          <Key Time="2.469000" PosX="-3.017771" PosY="0.134052" PosZ="5.820009" Yaw="149.557571" Pitch="-0.885136" Roll="-2.355512" FOV="19.000601" TimeC0="0"/>
          <Key Time="2.535000" PosX="-3.017784" PosY="0.134046" PosZ="5.820068" Yaw="149.559845" Pitch="-0.811750" Roll="-2.556777" FOV="19.000601" TimeC0="0"/>
          <Key Time="2.868999" PosX="-3.017771" PosY="0.134052" PosZ="5.820009" Yaw="149.568268" Pitch="-1.026045" Roll="-2.558936" FOV="19.000601" TimeC0="0"/>
          <Key Time="3.402999" PosX="-3.017719" PosY="0.134056" PosZ="5.819812" Yaw="149.636261" Pitch="-1.092025" Roll="-2.555573" FOV="19.000601" TimeC0="0"/>
          <Key Time="3.469999" PosX="-3.017645" PosY="0.134035" PosZ="5.819911" Yaw="149.642807" Pitch="-1.140875" Roll="-2.555248" FOV="19.000601" TimeC0="0"/>
          <Key Time="3.635998" PosX="-3.018080" PosY="0.134067" PosZ="5.819830" Yaw="149.646301" Pitch="-1.126153" Roll="-2.546418" FOV="19.000601" TimeC0="0"/>
          <Key Time="3.702998" PosX="-3.018080" PosY="0.134067" PosZ="5.819830" Yaw="149.645981" Pitch="-1.115799" Roll="-2.542690" FOV="19.000601" TimeC0="0"/>
          <Key Time="4.236998" PosX="-3.017719" PosY="0.134030" PosZ="5.820008" Yaw="149.626617" Pitch="-0.736116" Roll="-2.342690" FOV="19.000601" TimeC0="0"/>
          <Key Time="4.337998" PosX="-3.018163" PosY="0.134056" PosZ="5.819955" Yaw="149.641068" Pitch="-0.697500" Roll="-2.555105" FOV="19.000601" TimeC0="0"/>
          <Key Time="5.103998" PosX="-3.017753" PosY="0.133990" PosZ="5.820126" Yaw="149.996246" Pitch="-0.999198" Roll="-2.555105" FOV="19.000601" TimeC0="0"/>
        </Anim>
        <PostEffectsAnim DOFMode="Manual" MotionBlurAmount="0.000000" NumKeys="4">
          <Key Time="0.000000" FocalDistance="0.000000" FocalLength="5.000000" FocalMaxBlur="7.000000" Saturation="0.000000" Exposure="0.000000" Brightness="0.000000" Contrast="0.000000" Sepia="0.000000" Blur="0.000000" VignetteAngle="0.000000" VignettePosX="0.000000" VignettePosY="0.000000" VignetteScaleX="1.000000" VignetteScaleY="1.000000" VignettePower="3.000000" VignetteColor.x="0.000000" VignetteColor.y="0.000000" VignetteColor.z="0.000000" VignetteColor.w="0.000000"/>
          <Key Time="1.833000" FocalDistance="5.000000" FocalLength="5.000000" FocalMaxBlur="3.000000" Saturation="0.000000" Exposure="0.000000" Brightness="0.000000" Contrast="0.000000" Sepia="0.000000" Blur="0.000000" VignetteAngle="0.000000" VignettePosX="0.000000" VignettePosY="0.000000" VignetteScaleX="1.000000" VignetteScaleY="1.000000" VignettePower="3.000000" VignetteColor.x="0.000000" VignetteColor.y="0.000000" VignetteColor.z="0.000000" VignetteColor.w="0.000000"/>
          <Key Time="1.967000" FocalDistance="0.000000" FocalLength="5.000000" FocalMaxBlur="6.000000" Saturation="0.000000" Exposure="0.000000" Brightness="0.000000" Contrast="0.000000" Sepia="0.000000" Blur="0.000000" VignetteAngle="0.000000" VignettePosX="0.000000" VignettePosY="0.000000" VignetteScaleX="1.000000" VignetteScaleY="1.000000" VignettePower="3.000000" VignetteColor.x="0.000000" VignetteColor.y="0.000000" VignetteColor.z="0.000000" VignetteColor.w="0.000000"/>
          <Key Time="2.301000" FocalDistance="5.000000" FocalLength="5.000000" FocalMaxBlur="3.000000" Saturation="0.000000" Exposure="0.000000" Brightness="0.000000" Contrast="0.000000" Sepia="0.000000" Blur="0.000000" VignetteAngle="0.000000" VignettePosX="0.000000" VignettePosY="0.000000" VignetteScaleX="1.000000" VignetteScaleY="1.000000" VignettePower="3.000000" VignetteColor.x="0.000000" VignetteColor.y="0.000000" VignetteColor.z="0.000000" VignetteColor.w="0.000000"/>
        </PostEffectsAnim>
        <FadeInOptions Duration="0.000000"/>
        <FadeOutOptions Duration="0.000000"/>
        <CameraPhysics NumLayers="0"/>
        <CarPositioning CarPosition.x="0.000000" CarPosition.y="0.000000" CarPosition.z="0.000000" CarPosition.w="0.000000" CarYaw="0.000000" CarSteerAngle="0.000000"/>
        <DynamicLimiting JumpPredictionTime="0.000000" DynamicLimitCurrentZoneForward="0.000000" DynamicLimitNextZoneForward="0.000000"/>
      </Cam>
      <Cam Version="3" Group="0" Type="Animateable" StartCut="5.103998" TargetName="" duration="8.109019" CameraManShakeOn="0" CameraManShakeAngVelModOn="0" AutoZoomOn="0" TargetSmoothingOn="0" OverrideShakyCamParams="0" OverrideTargetSmoothingParams="0" AutoZoomScale="1.000000" AllowSeemlessTransition="0">
        <Anim PosAnimType="CarSpace" RotAnimType="CarSpace" TimeAnimType="AffectsPath" IsInCockpit="0" ConstVelCamSpeed="0.000000" EaseIn="0.000000" EaseOut="0.000000" NumKeys="17">
          <Key Time="0.000000" PosX="0.862522" PosY="0.879348" PosZ="-3.096635" Yaw="-27.406460" Pitch="18.948925" Roll="6.653834" FOV="27.348215" TimeC0="0"/>
          <Key Time="0.967999" PosX="1.103315" PosY="0.889843" PosZ="-3.051642" Yaw="-31.100946" Pitch="19.123068" Roll="6.037992" FOV="27.348211" TimeC0="0"/>
          <Key Time="1.566999" PosX="1.252261" PosY="0.896343" PosZ="-3.023445" Yaw="-27.673985" Pitch="13.999387" Roll="3.901028" FOV="27.348206" TimeC0="0"/>
          <Key Time="2.034998" PosX="1.368857" PosY="0.901428" PosZ="-3.001883" Yaw="-26.978468" Pitch="8.801395" Roll="4.143681" FOV="27.348206" TimeC0="0"/>
          <Key Time="2.368998" PosX="1.451926" PosY="0.905054" PosZ="-2.986345" Yaw="-25.909893" Pitch="7.151896" Roll="4.559328" FOV="27.348206" TimeC0="0"/>
          <Key Time="3.102000" PosX="1.634145" PosY="0.912993" PosZ="-2.952083" Yaw="-27.436447" Pitch="6.425087" Roll="4.465017" FOV="27.348204" TimeC0="0"/>
          <Key Time="3.269001" PosX="1.675486" PosY="0.914800" PosZ="-2.944500" Yaw="-28.171383" Pitch="6.784108" Roll="3.563866" FOV="27.348200" TimeC0="0"/>
          <Key Time="3.469002" PosX="1.724915" PosY="0.916958" PosZ="-2.935219" Yaw="-29.245506" Pitch="7.144230" Roll="3.720047" FOV="27.348198" TimeC0="0"/>
          <Key Time="4.171003" PosX="1.900028" PosY="0.924617" PosZ="-2.902010" Yaw="-33.670727" Pitch="9.276334" Roll="3.267307" FOV="27.348200" TimeC0="0"/>
          <Key Time="5.005009" PosX="2.106673" PosY="0.933748" PosZ="-2.863868" Yaw="-37.240662" Pitch="12.050449" Roll="2.639051" FOV="27.348196" TimeC0="0"/>
          <Key Time="5.738011" PosX="2.288900" PosY="0.941715" PosZ="-2.829890" Yaw="-40.733006" Pitch="10.676934" Roll="2.108727" FOV="27.672287" TimeC0="0"/>
          <Key Time="6.072013" PosX="2.372093" PosY="0.945340" PosZ="-2.814353" Yaw="-42.281090" Pitch="9.894375" Roll="1.864313" FOV="29.703917" TimeC0="0"/>
          <Key Time="6.608012" PosX="2.505432" PosY="0.951151" PosZ="-2.789519" Yaw="-44.519730" Pitch="10.512324" Roll="1.222810" FOV="30.705492" TimeC0="0"/>
          <Key Time="6.939016" PosX="2.587875" PosY="0.954724" PosZ="-2.773871" Yaw="-45.809204" Pitch="9.300486" Roll="1.199022" FOV="30.480183" TimeC0="0"/>
          <Key Time="7.239017" PosX="2.662631" PosY="0.957972" PosZ="-2.759905" Yaw="-47.003365" Pitch="9.675014" Roll="1.696787" FOV="30.017458" TimeC0="0"/>
          <Key Time="7.473019" PosX="2.721006" PosY="0.960494" PosZ="-2.749080" Yaw="-47.875679" Pitch="9.585592" Roll="0.889445" FOV="29.441389" TimeC0="0"/>
          <Key Time="8.109018" PosX="2.879534" PosY="0.967379" PosZ="-2.718650" Yaw="-50.114594" Pitch="9.834908" Roll="0.272565" FOV="27.348204" TimeC0="0"/>
        </Anim>
        <PostEffectsAnim DOFMode="Manual" MotionBlurAmount="0.000000" NumKeys="3">
          <Key Time="0.000000" FocalDistance="10.000000" FocalLength="6.100004" FocalMaxBlur="6.000000" Saturation="0.000000" Exposure="0.000000" Brightness="0.000000" Contrast="0.000000" Sepia="0.000000" Blur="0.000000" VignetteAngle="0.000000" VignettePosX="0.000000" VignettePosY="0.000000" VignetteScaleX="1.000000" VignetteScaleY="1.000000" VignettePower="3.000000" VignetteColor.x="0.000000" VignetteColor.y="0.000000" VignetteColor.z="0.000000" VignetteColor.w="0.000000"/>
          <Key Time="0.833999" FocalDistance="0.000000" FocalLength="6.300005" FocalMaxBlur="4.000000" Saturation="0.000000" Exposure="0.000000" Brightness="0.000000" Contrast="0.000000" Sepia="0.000000" Blur="0.000000" VignetteAngle="0.000000" VignettePosX="0.000000" VignettePosY="0.000000" VignetteScaleX="1.000000" VignetteScaleY="1.000000" VignettePower="3.000000" VignetteColor.x="0.000000" VignetteColor.y="0.000000" VignetteColor.z="0.000000" VignetteColor.w="0.000000"/>
          <Key Time="2.434998" FocalDistance="0.000000" FocalLength="6.300005" FocalMaxBlur="4.000000" Saturation="0.000000" Exposure="0.000000" Brightness="0.000000" Contrast="0.000000" Sepia="0.000000" Blur="0.000000" VignetteAngle="0.000000" VignettePosX="0.000000" VignettePosY="0.000000" VignetteScaleX="1.000000" VignetteScaleY="1.000000" VignettePower="3.000000" VignetteColor.x="0.000000" VignetteColor.y="0.000000" VignetteColor.z="0.000000" VignetteColor.w="0.000000"/>
        </PostEffectsAnim>
        <FadeInOptions Duration="0.000000"/>
        <FadeOutOptions Duration="0.000000"/>
        <CameraPhysics NumLayers="0"/>
        <CarPositioning CarPosition.x="0.000000" CarPosition.y="0.000000" CarPosition.z="0.000000" CarPosition.w="0.000000" CarYaw="0.000000" CarSteerAngle="0.000000"/>
        <DynamicLimiting JumpPredictionTime="0.000000" DynamicLimitCurrentZoneForward="0.000000" DynamicLimitNextZoneForward="0.000000"/>
      </Cam>
      <Cam Version="3" Group="0" Type="Animateable" StartCut="13.213017" TargetName="" duration="7.208110" CameraManShakeOn="0" CameraManShakeAngVelModOn="0" AutoZoomOn="0" TargetSmoothingOn="0" OverrideShakyCamParams="0" OverrideTargetSmoothingParams="0" AutoZoomScale="1.000000" AllowSeemlessTransition="0">
        <Anim PosAnimType="CarSpace" RotAnimType="CarSpace" TimeAnimType="AffectsPath" IsInCockpit="0" ConstVelCamSpeed="0.000000" EaseIn="0.000000" EaseOut="0.000000" NumKeys="18">
          <Key Time="0.000000" PosX="2.727678" PosY="-0.300739" PosZ="3.696063" Yaw="-118.952545" Pitch="-8.976084" Roll="7.817030" FOV="18.590109" TimeC0="0"/>
          <Key Time="1.033006" PosX="2.727860" PosY="-0.293217" PosZ="3.695813" Yaw="-125.250092" Pitch="-8.381625" Roll="7.003863" FOV="18.590105" TimeC0="0"/>
          <Key Time="1.400007" PosX="2.726852" PosY="-0.290546" PosZ="3.695679" Yaw="-127.259506" Pitch="-9.079612" Roll="7.117849" FOV="18.590103" TimeC0="0"/>
          <Key Time="1.967010" PosX="2.727529" PosY="-0.286406" PosZ="3.695630" Yaw="-129.710510" Pitch="-9.001668" Roll="5.485910" FOV="18.590101" TimeC0="0"/>
          <Key Time="2.602014" PosX="2.727955" PosY="-0.281760" PosZ="3.695403" Yaw="-132.015884" Pitch="-8.992340" Roll="5.103085" FOV="18.590101" TimeC0="0"/>
          <Key Time="2.769014" PosX="2.728077" PosY="-0.280547" PosZ="3.695281" Yaw="-132.602707" Pitch="-8.911678" Roll="4.337296" FOV="18.590101" TimeC0="0"/>
          <Key Time="2.902017" PosX="2.728078" PosY="-0.279578" PosZ="3.695158" Yaw="-133.075897" Pitch="-9.089596" Roll="5.084695" FOV="18.590101" TimeC0="0"/>
          <Key Time="3.237021" PosX="2.728656" PosY="-0.277133" PosZ="3.695454" Yaw="-134.291107" Pitch="-8.968317" Roll="5.241046" FOV="18.590103" TimeC0="0"/>
          <Key Time="3.571029" PosX="2.728778" PosY="-0.274692" PosZ="3.695454" Yaw="-135.664551" Pitch="-8.907590" Roll="5.085413" FOV="18.590103" TimeC0="0"/>
          <Key Time="4.304046" PosX="2.728798" PosY="-0.268943" PosZ="3.695486" Yaw="-138.512848" Pitch="-8.731466" Roll="4.828970" FOV="28.194368" TimeC0="0"/>
          <Key Time="4.938060" PosX="2.728792" PosY="-0.266510" PosZ="3.695537" Yaw="-136.895950" Pitch="-8.697047" Roll="4.699841" FOV="28.194368" TimeC0="0"/>
          <Key Time="5.637076" PosX="2.728793" PosY="-0.265983" PosZ="3.695537" Yaw="-136.540009" Pitch="-8.689470" Roll="4.671412" FOV="28.194368" TimeC0="0"/>
          <Key Time="5.870082" PosX="2.728793" PosY="-0.266128" PosZ="3.695537" Yaw="-136.620804" Pitch="-8.512385" Roll="4.677256" FOV="28.194368" TimeC0="0"/>
          <Key Time="6.003085" PosX="2.728793" PosY="-0.266281" PosZ="3.695537" Yaw="-136.710709" Pitch="-8.462789" Roll="4.684293" FOV="28.194368" TimeC0="0"/>
          <Key Time="6.403094" PosX="2.728793" PosY="-0.266990" PosZ="3.695537" Yaw="-137.177155" Pitch="-8.456175" Roll="4.721522" FOV="28.194368" TimeC0="0"/>
          <Key Time="6.570098" PosX="2.728793" PosY="-0.267349" PosZ="3.695659" Yaw="-137.399048" Pitch="-8.055666" Roll="4.738506" FOV="28.194368" TimeC0="0"/>
          <Key Time="6.737102" PosX="2.728915" PosY="-0.267746" PosZ="3.695781" Yaw="-137.665237" Pitch="-8.106248" Roll="4.759967" FOV="28.194368" TimeC0="0"/>
          <Key Time="7.208110" PosX="2.728798" PosY="-0.268943" PosZ="3.695486" Yaw="-138.512848" Pitch="-8.731466" Roll="4.828970" FOV="28.194368" TimeC0="0"/>
        </Anim>
        <PostEffectsAnim DOFMode="Manual" MotionBlurAmount="0.000000" NumKeys="3">
          <Key Time="0.000000" FocalDistance="3.149997" FocalLength="15.000000" FocalMaxBlur="12.000000" Saturation="0.000000" Exposure="0.000000" Brightness="0.000000" Contrast="0.000000" Sepia="0.000000" Blur="0.000000" VignetteAngle="0.000000" VignettePosX="0.000000" VignettePosY="0.000000" VignetteScaleX="1.000000" VignetteScaleY="1.000000" VignettePower="3.000000" VignetteColor.x="0.000000" VignetteColor.y="0.000000" VignetteColor.z="0.000000" VignetteColor.w="0.000000"/>
          <Key Time="3.604028" FocalDistance="3.149997" FocalLength="15.000000" FocalMaxBlur="11.000000" Saturation="0.000000" Exposure="0.000000" Brightness="0.000000" Contrast="0.000000" Sepia="0.000000" Blur="0.000000" VignetteAngle="0.000000" VignettePosX="0.000000" VignettePosY="0.000000" VignetteScaleX="1.000000" VignetteScaleY="1.000000" VignettePower="3.000000" VignetteColor.x="0.000000" VignetteColor.y="0.000000" VignetteColor.z="0.000000" VignetteColor.w="0.000000"/>
          <Key Time="3.902036" FocalDistance="3.149997" FocalLength="10.000000" FocalMaxBlur="4.000000" Saturation="0.000000" Exposure="0.000000" Brightness="0.000000" Contrast="0.000000" Sepia="0.000000" Blur="0.000000" VignetteAngle="0.000000" VignettePosX="0.000000" VignettePosY="0.000000" VignetteScaleX="1.000000" VignetteScaleY="1.000000" VignettePower="3.000000" VignetteColor.x="0.000000" VignetteColor.y="0.000000" VignetteColor.z="0.000000" VignetteColor.w="0.000000"/>
        </PostEffectsAnim>
        <FadeInOptions Duration="0.000000"/>
        <FadeOutOptions Duration="0.000000"/>
        <CameraPhysics NumLayers="0"/>
        <CarPositioning CarPosition.x="0.000000" CarPosition.y="0.000000" CarPosition.z="0.000000" CarPosition.w="0.000000" CarYaw="0.000000" CarSteerAngle="0.000000"/>
        <DynamicLimiting JumpPredictionTime="0.000000" DynamicLimitCurrentZoneForward="0.000000" DynamicLimitNextZoneForward="0.000000"/>
      </Cam>
      <Cam Version="3" Group="0" Type="Animateable" StartCut="20.421127" TargetName="" duration="6.006134" CameraManShakeOn="0" CameraManShakeAngVelModOn="0" AutoZoomOn="0" TargetSmoothingOn="0" OverrideShakyCamParams="0" OverrideTargetSmoothingParams="0" AutoZoomScale="1.000000" AllowSeemlessTransition="0">
        <Anim PosAnimType="CarSpace" RotAnimType="CarSpace" TimeAnimType="AffectsPath" IsInCockpit="0" ConstVelCamSpeed="0.000000" EaseIn="0.000000" EaseOut="0.000000" NumKeys="16">
          <Key Time="0.000000" PosX="-3.139868" PosY="-0.157119" PosZ="-7.359250" Yaw="22.395130" Pitch="-4.018819" Roll="0.129497" FOV="22.432270" TimeC0="0"/>
          <Key Time="0.234005" PosX="-3.131050" PosY="-0.154926" PosZ="-7.337529" Yaw="22.450884" Pitch="-3.691488" Roll="0.223991" FOV="22.394760" TimeC0="0"/>
          <Key Time="0.400009" PosX="-3.124768" PosY="-0.153369" PosZ="-7.322403" Yaw="22.508812" Pitch="-3.812861" Roll="1.048294" FOV="22.368151" TimeC0="0"/>
          <Key Time="0.500011" PosX="-3.120967" PosY="-0.152426" PosZ="-7.313350" Yaw="22.541645" Pitch="-3.882443" Roll="0.551894" FOV="22.352121" TimeC0="0"/>
          <Key Time="1.067024" PosX="-3.099145" PosY="-0.147178" PosZ="-7.260032" Yaw="22.702751" Pitch="-4.089899" Roll="-0.011780" FOV="22.261244" TimeC0="0"/>
          <Key Time="1.267029" PosX="-3.091557" PosY="-0.145317" PosZ="-7.241429" Yaw="22.753029" Pitch="-3.973583" Roll="-0.776868" FOV="22.229183" TimeC0="0"/>
          <Key Time="1.601036" PosX="-3.079303" PosY="-0.142219" PosZ="-7.210757" Yaw="22.760225" Pitch="-4.343215" Roll="-1.059416" FOV="22.175644" TimeC0="0"/>
          <Key Time="2.336052" PosX="-3.060612" PosY="-0.136904" PosZ="-7.159277" Yaw="23.245550" Pitch="-3.923221" Roll="-1.403527" FOV="22.057819" TimeC0="0"/>
          <Key Time="2.936066" PosX="-3.042060" PosY="-0.132139" PosZ="-7.111912" Yaw="22.950714" Pitch="-4.319190" Roll="-1.501190" FOV="21.961647" TimeC0="0"/>
          <Key Time="3.636082" PosX="-3.002605" PosY="-0.123295" PosZ="-7.022301" Yaw="23.208374" Pitch="-5.246841" Roll="-1.527374" FOV="21.849447" TimeC0="0"/>
          <Key Time="3.803085" PosX="-2.996356" PosY="-0.121742" PosZ="-7.006903" Yaw="23.242477" Pitch="-4.947699" Roll="-1.406859" FOV="21.822680" TimeC0="0"/>
          <Key Time="4.439098" PosX="-2.972117" PosY="-0.115795" PosZ="-6.947754" Yaw="23.443691" Pitch="-4.285450" Roll="-1.090780" FOV="21.720741" TimeC0="0"/>
          <Key Time="4.870110" PosX="-2.956220" PosY="-0.111723" PosZ="-6.906735" Yaw="23.624920" Pitch="-4.226032" Roll="-1.141862" FOV="21.651659" TimeC0="0"/>
          <Key Time="5.037113" PosX="-2.948463" PosY="-0.110234" PosZ="-6.891525" Yaw="23.701082" Pitch="-4.279633" Roll="-0.893554" FOV="21.624899" TimeC0="0"/>
          <Key Time="5.404121" PosX="-2.934177" PosY="-0.106813" PosZ="-6.857292" Yaw="23.856247" Pitch="-4.121196" Roll="-0.065743" FOV="21.566074" TimeC0="0"/>
          <Key Time="6.006134" PosX="-2.909967" PosY="-0.101175" PosZ="-6.799957" Yaw="24.126690" Pitch="-4.418918" Roll="-0.665734" FOV="21.469591" TimeC0="0"/>
        </Anim>
        <PostEffectsAnim DOFMode="Manual" MotionBlurAmount="0.000000" NumKeys="1">
          <Key Time="0.000000" FocalDistance="0.000000" FocalLength="10.000000" FocalMaxBlur="3.000000" Saturation="0.000000" Exposure="0.000000" Brightness="0.000000" Contrast="0.000000" Sepia="0.000000" Blur="0.000000" VignetteAngle="0.000000" VignettePosX="0.000000" VignettePosY="0.000000" VignetteScaleX="1.000000" VignetteScaleY="1.000000" VignettePower="3.000000" VignetteColor.x="0.000000" VignetteColor.y="0.000000" VignetteColor.z="0.000000" VignetteColor.w="0.000000"/>
        </PostEffectsAnim>
        <FadeInOptions Duration="0.000000"/>
        <FadeOutOptions Duration="0.000000"/>
        <CameraPhysics NumLayers="0"/>
        <CarPositioning CarPosition.x="0.000000" CarPosition.y="0.000000" CarPosition.z="0.000000" CarPosition.w="0.000000" CarYaw="0.000000" CarSteerAngle="0.000000"/>
        <DynamicLimiting JumpPredictionTime="0.000000" DynamicLimitCurrentZoneForward="0.000000" DynamicLimitNextZoneForward="0.000000"/>
      </Cam>
      <Cam Version="3" Group="0" Type="Animateable" StartCut="26.427261" TargetName="" duration="6.840153" CameraManShakeOn="0" CameraManShakeAngVelModOn="0" AutoZoomOn="0" TargetSmoothingOn="0" OverrideShakyCamParams="0" OverrideTargetSmoothingParams="0" AutoZoomScale="1.000000" AllowSeemlessTransition="0">
        <Anim PosAnimType="CarSpace" RotAnimType="CarSpace" TimeAnimType="AffectsPath" IsInCockpit="0" ConstVelCamSpeed="0.000000" EaseIn="0.000000" EaseOut="0.000000" NumKeys="17">
          <Key Time="0.000000" PosX="-0.002042" PosY="0.522642" PosZ="4.884804" Yaw="-179.582108" Pitch="11.002963" Roll="0.651866" FOV="10.329906" TimeC0="0"/>
          <Key Time="0.601013" PosX="-0.002342" PosY="0.522641" PosZ="4.884813" Yaw="-179.504227" Pitch="9.570181" Roll="0.678627" FOV="20.935045" TimeC0="0"/>
          <Key Time="1.402031" PosX="-0.002493" PosY="0.522654" PosZ="4.884719" Yaw="-179.341599" Pitch="8.738737" Roll="0.713592" FOV="25.080099" TimeC0="0"/>
          <Key Time="1.536034" PosX="-0.002615" PosY="0.522677" PosZ="4.884475" Yaw="-179.191956" Pitch="8.913475" Roll="0.717242" FOV="25.248091" TimeC0="0"/>
          <Key Time="1.903042" PosX="-0.001840" PosY="0.522675" PosZ="4.884003" Yaw="-179.013474" Pitch="9.191157" Roll="1.444190" FOV="25.265608" TimeC0="0"/>
          <Key Time="2.704060" PosX="-0.001668" PosY="0.522653" PosZ="4.884518" Yaw="-179.206482" Pitch="8.365908" Roll="0.563787" FOV="24.517389" TimeC0="0"/>
          <Key Time="2.804062" PosX="-0.001790" PosY="0.522660" PosZ="4.884518" Yaw="-179.218994" Pitch="8.078467" Roll="0.525126" FOV="24.515053" TimeC0="0"/>
          <Key Time="3.705082" PosX="-0.003562" PosY="0.522625" PosZ="4.884433" Yaw="-179.084106" Pitch="8.347876" Roll="-0.147213" FOV="24.572193" TimeC0="0"/>
          <Key Time="4.005089" PosX="-0.003180" PosY="0.522643" PosZ="4.884437" Yaw="-179.087021" Pitch="8.504392" Roll="-0.173280" FOV="24.611830" TimeC0="0"/>
          <Key Time="4.105091" PosX="-0.002859" PosY="0.522639" PosZ="4.884353" Yaw="-179.075745" Pitch="8.430506" Roll="-0.165939" FOV="24.625849" TimeC0="0"/>
          <Key Time="4.504101" PosX="-0.002055" PosY="0.522631" PosZ="4.884815" Yaw="-179.042221" Pitch="8.798412" Roll="-0.077243" FOV="24.679657" TimeC0="0"/>
          <Key Time="5.206116" PosX="-0.002055" PosY="0.522661" PosZ="4.884815" Yaw="-179.208755" Pitch="8.070715" Roll="0.090780" FOV="24.714077" TimeC0="0"/>
          <Key Time="5.473122" PosX="-0.002493" PosY="0.522654" PosZ="4.884841" Yaw="-179.156982" Pitch="8.515632" Roll="0.180852" FOV="24.717613" TimeC0="0"/>
          <Key Time="6.107136" PosX="-0.002615" PosY="0.522669" PosZ="4.884597" Yaw="-179.185547" Pitch="9.207621" Roll="0.433832" FOV="24.704786" TimeC0="0"/>
          <Key Time="6.307140" PosX="-0.002615" PosY="0.522669" PosZ="4.884597" Yaw="-179.140930" Pitch="9.089621" Roll="0.519305" FOV="24.698072" TimeC0="0"/>
          <Key Time="6.441143" PosX="-0.002493" PosY="0.522669" PosZ="4.884719" Yaw="-179.183441" Pitch="9.114474" Roll="0.575472" FOV="24.693563" TimeC0="0"/>
          <Key Time="6.840153" PosX="-0.002177" PosY="0.522646" PosZ="4.884815" Yaw="-179.625259" Pitch="8.824659" Roll="0.638916" FOV="24.118597" TimeC0="0"/>
        </Anim>
        <PostEffectsAnim DOFMode="Manual" MotionBlurAmount="0.000000" NumKeys="2">
          <Key Time="0.000000" FocalDistance="0.000000" FocalLength="5.000000" FocalMaxBlur="11.000000" Saturation="0.000000" Exposure="0.000000" Brightness="0.000000" Contrast="0.000000" Sepia="0.000000" Blur="0.000000" VignetteAngle="0.000000" VignettePosX="0.000000" VignettePosY="0.000000" VignetteScaleX="1.000000" VignetteScaleY="1.000000" VignettePower="3.000000" VignetteColor.x="0.000000" VignetteColor.y="0.000000" VignetteColor.z="0.000000" VignetteColor.w="0.000000"/>
          <Key Time="0.667015" FocalDistance="3.199998" FocalLength="10.000000" FocalMaxBlur="8.000000" Saturation="0.000000" Exposure="0.000000" Brightness="0.000000" Contrast="0.000000" Sepia="0.000000" Blur="0.000000" VignetteAngle="0.000000" VignettePosX="0.000000" VignettePosY="0.000000" VignetteScaleX="1.000000" VignetteScaleY="1.000000" VignettePower="3.000000" VignetteColor.x="0.000000" VignetteColor.y="0.000000" VignetteColor.z="0.000000" VignetteColor.w="0.000000"/>
        </PostEffectsAnim>
        <FadeInOptions Duration="0.000000"/>
        <FadeOutOptions Duration="0.000000"/>
        <CameraPhysics NumLayers="0"/>
        <CarPositioning CarPosition.x="0.000000" CarPosition.y="0.000000" CarPosition.z="0.000000" CarPosition.w="0.000000" CarYaw="0.000000" CarSteerAngle="0.000000"/>
        <DynamicLimiting JumpPredictionTime="0.000000" DynamicLimitCurrentZoneForward="0.000000" DynamicLimitNextZoneForward="0.000000"/>
      </Cam>
      <Cam Version="3" Group="0" Type="Animateable" StartCut="33.267414" TargetName="" duration="8.239182" CameraManShakeOn="0" CameraManShakeAngVelModOn="0" AutoZoomOn="0" TargetSmoothingOn="0" OverrideShakyCamParams="0" OverrideTargetSmoothingParams="0" AutoZoomScale="1.000000" AllowSeemlessTransition="0">
        <Anim PosAnimType="CarSpace" RotAnimType="CarSpace" TimeAnimType="AffectsPath" IsInCockpit="0" ConstVelCamSpeed="0.000000" EaseIn="0.000000" EaseOut="0.000000" NumKeys="14">
          <Key Time="0.000000" PosX="1.511303" PosY="0.944251" PosZ="-2.289894" Yaw="-55.832207" Pitch="14.756574" Roll="-2.298348" FOV="35.274689" TimeC0="0"/>
          <Key Time="0.834019" PosX="1.362927" PosY="0.976261" PosZ="-2.392549" Yaw="-50.032070" Pitch="15.071005" Roll="-3.555645" FOV="35.274689" TimeC0="0"/>
          <Key Time="1.001022" PosX="1.334052" PosY="0.981448" PosZ="-2.434518" Yaw="-48.899456" Pitch="15.523545" Roll="-4.713603" FOV="35.274689" TimeC0="0"/>
          <Key Time="1.201027" PosX="1.299769" PosY="0.987118" PosZ="-2.494491" Yaw="-47.542263" Pitch="15.732969" Roll="-4.743606" FOV="35.274689" TimeC0="0"/>
          <Key Time="1.766041" PosX="1.204531" PosY="1.001932" PosZ="-2.685168" Yaw="-43.862217" Pitch="16.545759" Roll="-5.779286" FOV="35.274689" TimeC0="0"/>
          <Key Time="2.669060" PosX="1.052678" PosY="1.028319" PosZ="-2.899532" Yaw="-41.255566" Pitch="21.940943" Roll="-4.583865" FOV="35.138382" TimeC0="0"/>
          <Key Time="3.036068" PosX="0.987993" PosY="1.040766" PosZ="-2.976361" Yaw="-39.198654" Pitch="24.405382" Roll="-5.492603" FOV="35.147125" TimeC0="0"/>
          <Key Time="3.535080" PosX="0.897425" PosY="1.059729" PosZ="-3.081126" Yaw="-34.380688" Pitch="27.375681" Roll="-3.381608" FOV="35.274689" TimeC0="0"/>
          <Key Time="4.035091" PosX="0.798325" PosY="1.081929" PosZ="-3.211388" Yaw="-24.815855" Pitch="28.631521" Roll="-4.109265" FOV="35.662090" TimeC0="0"/>
          <Key Time="4.905109" PosX="0.745723" PosY="1.090509" PosZ="-3.338814" Yaw="-17.999016" Pitch="29.943787" Roll="-3.498572" FOV="35.723095" TimeC0="0"/>
          <Key Time="5.472122" PosX="0.753094" PosY="1.085926" PosZ="-3.385474" Yaw="-17.970140" Pitch="28.153913" Roll="-3.143553" FOV="35.553528" TimeC0="0"/>
          <Key Time="6.370144" PosX="0.799761" PosY="1.074834" PosZ="-3.435283" Yaw="-22.585491" Pitch="30.204653" Roll="-1.561643" FOV="35.201927" TimeC0="0"/>
          <Key Time="7.237164" PosX="0.781634" PosY="1.084781" PosZ="-3.532901" Yaw="-26.781157" Pitch="29.574556" Roll="-2.835555" FOV="35.274689" TimeC0="0"/>
          <Key Time="8.239182" PosX="0.678840" PosY="0.990801" PosZ="-3.712576" Yaw="-21.648844" Pitch="24.916094" Roll="-4.765707" FOV="35.274689" TimeC0="0"/>
        </Anim>
        <PostEffectsAnim DOFMode="Manual" MotionBlurAmount="0.000000" NumKeys="7">
          <Key Time="0.000000" FocalDistance="0.000000" FocalLength="5.000000" FocalMaxBlur="6.000000" Saturation="0.000000" Exposure="0.000000" Brightness="0.000000" Contrast="0.000000" Sepia="0.000000" Blur="0.000000" VignetteAngle="0.000000" VignettePosX="0.000000" VignettePosY="0.000000" VignetteScaleX="1.000000" VignetteScaleY="1.000000" VignettePower="3.000000" VignetteColor.x="0.000000" VignetteColor.y="0.000000" VignetteColor.z="0.000000" VignetteColor.w="0.000000"/>
          <Key Time="2.069046" FocalDistance="0.000000" FocalLength="5.000000" FocalMaxBlur="6.000000" Saturation="0.000000" Exposure="0.000000" Brightness="0.000000" Contrast="0.000000" Sepia="0.000000" Blur="0.000000" VignetteAngle="0.000000" VignettePosX="0.000000" VignettePosY="0.000000" VignetteScaleX="1.000000" VignetteScaleY="1.000000" VignettePower="3.000000" VignetteColor.x="0.000000" VignetteColor.y="0.000000" VignetteColor.z="0.000000" VignetteColor.w="0.000000"/>
          <Key Time="2.370052" FocalDistance="0.000000" FocalLength="0.050000" FocalMaxBlur="6.000000" Saturation="0.000000" Exposure="0.000000" Brightness="0.000000" Contrast="0.000000" Sepia="0.000000" Blur="0.000000" VignetteAngle="0.000000" VignettePosX="0.000000" VignettePosY="0.000000" VignetteScaleX="1.000000" VignetteScaleY="1.000000" VignettePower="3.000000" VignetteColor.x="0.000000" VignetteColor.y="0.000000" VignetteColor.z="0.000000" VignetteColor.w="0.000000"/>
          <Key Time="2.737061" FocalDistance="0.000000" FocalLength="5.000000" FocalMaxBlur="6.000000" Saturation="0.000000" Exposure="0.000000" Brightness="0.000000" Contrast="0.000000" Sepia="0.000000" Blur="0.000000" VignetteAngle="0.000000" VignettePosX="0.000000" VignettePosY="0.000000" VignetteScaleX="1.000000" VignetteScaleY="1.000000" VignettePower="3.000000" VignetteColor.x="0.000000" VignetteColor.y="0.000000" VignetteColor.z="0.000000" VignetteColor.w="0.000000"/>
          <Key Time="3.404076" FocalDistance="0.000000" FocalLength="5.000000" FocalMaxBlur="6.000000" Saturation="0.000000" Exposure="0.000000" Brightness="0.000000" Contrast="0.000000" Sepia="0.000000" Blur="0.000000" VignetteAngle="0.000000" VignettePosX="0.000000" VignettePosY="0.000000" VignetteScaleX="1.000000" VignetteScaleY="1.000000" VignettePower="3.000000" VignetteColor.x="0.000000" VignetteColor.y="0.000000" VignetteColor.z="0.000000" VignetteColor.w="0.000000"/>
          <Key Time="3.804085" FocalDistance="0.700000" FocalLength="5.000000" FocalMaxBlur="6.000000" Saturation="0.000000" Exposure="0.000000" Brightness="0.000000" Contrast="0.000000" Sepia="0.000000" Blur="0.000000" VignetteAngle="0.000000" VignettePosX="0.000000" VignettePosY="0.000000" VignetteScaleX="1.000000" VignetteScaleY="1.000000" VignettePower="3.000000" VignetteColor.x="0.000000" VignetteColor.y="0.000000" VignetteColor.z="0.000000" VignetteColor.w="0.000000"/>
          <Key Time="6.873154" FocalDistance="1.100000" FocalLength="5.000000" FocalMaxBlur="6.000000" Saturation="0.000000" Exposure="0.000000" Brightness="0.000000" Contrast="0.000000" Sepia="0.000000" Blur="0.000000" VignetteAngle="0.000000" VignettePosX="0.000000" VignettePosY="0.000000" VignetteScaleX="1.000000" VignetteScaleY="1.000000" VignettePower="3.000000" VignetteColor.x="0.000000" VignetteColor.y="0.000000" VignetteColor.z="0.000000" VignetteColor.w="0.000000"/>
        </PostEffectsAnim>
        <FadeInOptions Duration="0.000000"/>
        <FadeOutOptions Duration="0.000000"/>
        <CameraPhysics NumLayers="0"/>
        <CarPositioning CarPosition.x="0.000000" CarPosition.y="0.000000" CarPosition.z="0.000000" CarPosition.w="0.000000" CarYaw="0.000000" CarSteerAngle="0.000000"/>
        <DynamicLimiting JumpPredictionTime="0.000000" DynamicLimitCurrentZoneForward="0.000000" DynamicLimitNextZoneForward="0.000000"/>
      </Cam>
      <Cam Version="3" Group="0" Type="Animateable" StartCut="41.506596" TargetName="" duration="7.977177" CameraManShakeOn="0" CameraManShakeAngVelModOn="0" AutoZoomOn="0" TargetSmoothingOn="0" OverrideShakyCamParams="0" OverrideTargetSmoothingParams="0" AutoZoomScale="1.000000" AllowSeemlessTransition="0">
        <Anim PosAnimType="CarSpace" RotAnimType="CarSpace" TimeAnimType="AffectsPath" IsInCockpit="0" ConstVelCamSpeed="0.000000" EaseIn="0.000000" EaseOut="0.000000" NumKeys="18">
          <Key Time="0.000000" PosX="-2.830585" PosY="-0.244694" PosZ="-2.092981" Yaw="51.629173" Pitch="-15.982189" Roll="-1.179718" FOV="44.328300" TimeC0="0"/>
          <Key Time="0.937023" PosX="-2.756427" PosY="-0.244694" PosZ="-2.175699" Yaw="51.195702" Pitch="-15.692946" Roll="-1.155816" FOV="44.328304" TimeC0="0"/>
          <Key Time="1.337032" PosX="-2.723779" PosY="-0.244694" PosZ="-2.211360" Yaw="51.943550" Pitch="-15.382700" Roll="-0.357256" FOV="44.328300" TimeC0="0"/>
          <Key Time="2.404053" PosX="-2.636090" PosY="-0.244694" PosZ="-2.306506" Yaw="50.131954" Pitch="-15.529795" Roll="-1.184122" FOV="44.328300" TimeC0="0"/>
          <Key Time="2.871063" PosX="-2.597900" PosY="-0.244694" PosZ="-2.348100" Yaw="49.903099" Pitch="-14.225248" Roll="-1.179084" FOV="44.328293" TimeC0="0"/>
          <Key Time="3.472076" PosX="-2.548654" PosY="-0.244694" PosZ="-2.401547" Yaw="49.580738" Pitch="-13.186276" Roll="-1.175594" FOV="44.328285" TimeC0="0"/>
          <Key Time="3.971088" PosX="-2.517944" PosY="-0.244694" PosZ="-2.434842" Yaw="49.277073" Pitch="-13.326383" Roll="-1.173020" FOV="44.328274" TimeC0="0"/>
          <Key Time="4.204094" PosX="-2.501464" PosY="-0.244694" PosZ="-2.452627" Yaw="49.134846" Pitch="-13.506390" Roll="-0.434263" FOV="44.328274" TimeC0="0"/>
          <Key Time="4.404099" PosX="-2.483807" PosY="-0.244694" PosZ="-2.472181" Yaw="49.017109" Pitch="-13.729382" Roll="-1.063576" FOV="44.328274" TimeC0="0"/>
          <Key Time="4.941109" PosX="-2.428468" PosY="-0.244694" PosZ="-2.532423" Yaw="48.709328" Pitch="-14.074287" Roll="-1.182538" FOV="44.328278" TimeC0="0"/>
          <Key Time="5.375118" PosX="-2.393118" PosY="-0.244694" PosZ="-2.571140" Yaw="48.451660" Pitch="-13.210425" Roll="-1.186858" FOV="44.328274" TimeC0="0"/>
          <Key Time="5.909130" PosX="-2.349414" PosY="-0.244694" PosZ="-2.618924" Yaw="48.082024" Pitch="-12.509519" Roll="-1.184716" FOV="44.328270" TimeC0="0"/>
          <Key Time="6.076134" PosX="-2.335810" PosY="-0.244694" PosZ="-2.633887" Yaw="47.915653" Pitch="-12.120923" Roll="-0.450424" FOV="44.328266" TimeC0="0"/>
          <Key Time="6.543144" PosX="-2.297374" PosY="-0.244694" PosZ="-2.675350" Yaw="47.620232" Pitch="-12.338608" Roll="-1.180656" FOV="44.328274" TimeC0="0"/>
          <Key Time="7.107159" PosX="-2.251479" PosY="-0.244694" PosZ="-2.725680" Yaw="47.238071" Pitch="-12.924914" Roll="-1.184336" FOV="44.328281" TimeC0="0"/>
          <Key Time="7.308163" PosX="-2.235278" PosY="-0.244694" PosZ="-2.743648" Yaw="47.341568" Pitch="-14.184651" Roll="-0.460806" FOV="44.328281" TimeC0="0"/>
          <Key Time="7.508167" PosX="-2.219077" PosY="-0.244694" PosZ="-2.761494" Yaw="47.253933" Pitch="-14.713484" Roll="-1.357306" FOV="44.328281" TimeC0="0"/>
          <Key Time="7.977177" PosX="-2.180405" PosY="-0.244694" PosZ="-2.803317" Yaw="46.661083" Pitch="-14.481044" Roll="-1.194333" FOV="44.328300" TimeC0="0"/>
        </Anim>
        <PostEffectsAnim DOFMode="Manual" MotionBlurAmount="0.000000" NumKeys="1">
          <Key Time="0.000000" FocalDistance="0.000000" FocalLength="5.000000" FocalMaxBlur="3.000000" Saturation="0.000000" Exposure="0.000000" Brightness="0.000000" Contrast="0.000000" Sepia="0.000000" Blur="0.000000" VignetteAngle="0.000000" VignettePosX="0.000000" VignettePosY="0.000000" VignetteScaleX="1.000000" VignetteScaleY="1.000000" VignettePower="3.000000" VignetteColor.x="0.000000" VignetteColor.y="0.000000" VignetteColor.z="0.000000" VignetteColor.w="0.000000"/>
        </PostEffectsAnim>
        <FadeInOptions Duration="0.000000"/>
        <FadeOutOptions Duration="0.000000"/>
        <CameraPhysics NumLayers="0"/>
        <CarPositioning CarPosition.x="0.000000" CarPosition.y="0.000000" CarPosition.z="0.000000" CarPosition.w="0.000000" CarYaw="0.000000" CarSteerAngle="0.000000"/>
        <DynamicLimiting JumpPredictionTime="0.000000" DynamicLimitCurrentZoneForward="0.000000" DynamicLimitNextZoneForward="0.000000"/>
      </Cam>
      <Cam Version="3" Group="0" Type="Animateable" StartCut="49.483772" TargetName="" duration="8.641193" CameraManShakeOn="0" CameraManShakeAngVelModOn="0" AutoZoomOn="0" TargetSmoothingOn="0" OverrideShakyCamParams="0" OverrideTargetSmoothingParams="0" AutoZoomScale="1.000000" AllowSeemlessTransition="0">
        <Anim PosAnimType="CarSpace" RotAnimType="CarSpace" TimeAnimType="AffectsPath" IsInCockpit="0" ConstVelCamSpeed="0.000000" EaseIn="0.000000" EaseOut="0.000000" NumKeys="20">
          <Key Time="0.000000" PosX="0.639247" PosY="0.894041" PosZ="1.400018" Yaw="-135.570297" Pitch="36.207840" Roll="-0.729711" FOV="55.608273" TimeC0="0"/>
          <Key Time="0.300007" PosX="0.717008" PosY="0.922227" PosZ="1.389987" Yaw="-135.596130" Pitch="35.841167" Roll="-0.990784" FOV="55.608265" TimeC0="0"/>
          <Key Time="0.434010" PosX="0.751742" PosY="0.934724" PosZ="1.385465" Yaw="-135.616943" Pitch="35.423775" Roll="-1.895822" FOV="55.608265" TimeC0="0"/>
          <Key Time="1.133026" PosX="0.929535" PosY="0.986887" PosZ="1.370965" Yaw="-135.048676" Pitch="33.866577" Roll="-1.757497" FOV="55.608269" TimeC0="0"/>
          <Key Time="1.567036" PosX="1.031152" PosY="0.985496" PosZ="1.381729" Yaw="-132.982239" Pitch="34.175678" Roll="-2.123550" FOV="55.608261" TimeC0="0"/>
          <Key Time="2.202049" PosX="1.160449" PosY="1.006086" PosZ="1.463797" Yaw="-129.454391" Pitch="34.424538" Roll="-2.338343" FOV="55.608257" TimeC0="0"/>
          <Key Time="2.369053" PosX="1.191832" PosY="1.014367" PosZ="1.490610" Yaw="-128.566666" Pitch="34.873085" Roll="-2.344680" FOV="55.608253" TimeC0="0"/>
          <Key Time="2.536057" PosX="1.221956" PosY="1.023860" PosZ="1.519794" Yaw="-127.736359" Pitch="33.575695" Roll="-1.661331" FOV="55.608250" TimeC0="0"/>
          <Key Time="3.170071" PosX="1.329455" PosY="1.066499" PosZ="1.629148" Yaw="-125.097832" Pitch="33.932732" Roll="-2.335745" FOV="55.608265" TimeC0="0"/>
          <Key Time="4.071091" PosX="1.475201" PosY="1.127860" PosZ="1.697793" Yaw="-124.680290" Pitch="32.057049" Roll="-2.444227" FOV="55.608261" TimeC0="0"/>
          <Key Time="4.838108" PosX="1.564422" PosY="0.986738" PosZ="1.742818" Yaw="-126.959976" Pitch="25.940899" Roll="-3.061785" FOV="55.608250" TimeC0="0"/>
          <Key Time="5.338120" PosX="1.589044" PosY="0.929140" PosZ="1.804307" Yaw="-129.120987" Pitch="23.565729" Roll="-3.336046" FOV="55.608242" TimeC0="0"/>
          <Key Time="5.538124" PosX="1.588652" PosY="0.914414" PosZ="1.835250" Yaw="-129.666931" Pitch="27.527050" Roll="-2.547337" FOV="55.608234" TimeC0="0"/>
          <Key Time="5.671127" PosX="1.585319" PosY="0.907147" PosZ="1.858068" Yaw="-129.960037" Pitch="27.848289" Roll="-3.232661" FOV="55.608234" TimeC0="0"/>
          <Key Time="6.740150" PosX="1.504807" PosY="0.899779" PosZ="2.087462" Yaw="-131.661102" Pitch="29.464100" Roll="-2.242355" FOV="55.608253" TimeC0="0"/>
          <Key Time="7.276161" PosX="1.463624" PosY="0.900840" PosZ="2.173914" Yaw="-131.338623" Pitch="31.028793" Roll="-1.860061" FOV="55.608250" TimeC0="0"/>
          <Key Time="7.775173" PosX="1.415943" PosY="0.903464" PosZ="2.252848" Yaw="-131.929077" Pitch="30.325737" Roll="-1.400932" FOV="55.608253" TimeC0="0"/>
          <Key Time="7.941177" PosX="1.395761" PosY="0.904346" PosZ="2.282892" Yaw="-132.216644" Pitch="30.220505" Roll="-1.980657" FOV="55.608250" TimeC0="0"/>
          <Key Time="8.308186" PosX="1.346409" PosY="0.906533" PosZ="2.352111" Yaw="-132.899643" Pitch="30.281137" Roll="-1.604588" FOV="55.608253" TimeC0="0"/>
          <Key Time="8.641193" PosX="1.299685" PosY="0.908600" PosZ="2.416322" Yaw="-133.607788" Pitch="29.204784" Roll="-0.589605" FOV="55.608269" TimeC0="0"/>
        </Anim>
        <PostEffectsAnim DOFMode="Manual" MotionBlurAmount="0.000000" NumKeys="4">
          <Key Time="0.000000" FocalDistance="5.000000" FocalLength="5.000000" FocalMaxBlur="7.000000" Saturation="0.000000" Exposure="0.000000" Brightness="0.000000" Contrast="0.000000" Sepia="0.000000" Blur="0.000000" VignetteAngle="0.000000" VignettePosX="0.000000" VignettePosY="0.000000" VignetteScaleX="1.000000" VignetteScaleY="1.000000" VignettePower="3.000000" VignetteColor.x="0.000000" VignetteColor.y="0.000000" VignetteColor.z="0.000000" VignetteColor.w="0.000000"/>
          <Key Time="1.704037" FocalDistance="0.000000" FocalLength="5.000000" FocalMaxBlur="5.000000" Saturation="0.000000" Exposure="0.000000" Brightness="0.000000" Contrast="0.000000" Sepia="0.000000" Blur="0.000000" VignetteAngle="0.000000" VignettePosX="0.000000" VignettePosY="0.000000" VignetteScaleX="1.000000" VignetteScaleY="1.000000" VignettePower="3.000000" VignetteColor.x="0.000000" VignetteColor.y="0.000000" VignetteColor.z="0.000000" VignetteColor.w="0.000000"/>
          <Key Time="3.072067" FocalDistance="0.000000" FocalLength="5.000000" FocalMaxBlur="5.000000" Saturation="0.000000" Exposure="0.000000" Brightness="0.000000" Contrast="0.000000" Sepia="0.000000" Blur="0.000000" VignetteAngle="0.000000" VignettePosX="0.000000" VignettePosY="0.000000" VignetteScaleX="1.000000" VignetteScaleY="1.000000" VignettePower="3.000000" VignetteColor.x="0.000000" VignetteColor.y="0.000000" VignetteColor.z="0.000000" VignetteColor.w="0.000000"/>
          <Key Time="3.406075" FocalDistance="0.650000" FocalLength="5.000000" FocalMaxBlur="5.000000" Saturation="0.000000" Exposure="0.000000" Brightness="0.000000" Contrast="0.000000" Sepia="0.000000" Blur="0.000000" VignetteAngle="0.000000" VignettePosX="0.000000" VignettePosY="0.000000" VignetteScaleX="1.000000" VignetteScaleY="1.000000" VignettePower="3.000000" VignetteColor.x="0.000000" VignetteColor.y="0.000000" VignetteColor.z="0.000000" VignetteColor.w="0.000000"/>
        </PostEffectsAnim>
        <FadeInOptions Duration="0.000000"/>
        <FadeOutOptions Duration="0.000000"/>
        <CameraPhysics NumLayers="0"/>
        <CarPositioning CarPosition.x="0.000000" CarPosition.y="0.000000" CarPosition.z="0.000000" CarPosition.w="0.000000" CarYaw="0.000000" CarSteerAngle="0.000000"/>
        <DynamicLimiting JumpPredictionTime="0.000000" DynamicLimitCurrentZoneForward="0.000000" DynamicLimitNextZoneForward="0.000000"/>
      </Cam>
      <Cam Version="3" Group="0" Type="Animateable" StartCut="58.124966" TargetName="" duration="6.106113" CameraManShakeOn="0" CameraManShakeAngVelModOn="0" AutoZoomOn="0" TargetSmoothingOn="0" OverrideShakyCamParams="0" OverrideTargetSmoothingParams="0" AutoZoomScale="1.000000" AllowSeemlessTransition="0">
        <Anim PosAnimType="CarSpace" RotAnimType="CarSpace" TimeAnimType="AffectsPath" IsInCockpit="0" ConstVelCamSpeed="0.000000" EaseIn="0.000000" EaseOut="0.000000" NumKeys="12">
          <Key Time="0.000000" PosX="-0.017181" PosY="0.028910" PosZ="-6.512309" Yaw="0.600141" Pitch="0.842382" Roll="0.328784" FOV="13.691978" TimeC0="0"/>
          <Key Time="0.367008" PosX="-0.017049" PosY="0.028920" PosZ="-6.512136" Yaw="0.168980" Pitch="-0.656599" Roll="0.333176" FOV="13.147706" TimeC0="0"/>
          <Key Time="0.867020" PosX="-0.017049" PosY="0.028936" PosZ="-6.512136" Yaw="0.634639" Pitch="-1.719760" Roll="0.330776" FOV="13.253741" TimeC0="0"/>
          <Key Time="1.267029" PosX="-0.016745" PosY="0.028937" PosZ="-6.512557" Yaw="0.163410" Pitch="-1.705061" Roll="1.070556" FOV="13.471477" TimeC0="0"/>
          <Key Time="1.566036" PosX="-0.016654" PosY="0.028927" PosZ="-6.512675" Yaw="-0.093372" Pitch="-1.697662" Roll="0.804965" FOV="17.322762" TimeC0="0"/>
          <Key Time="1.933044" PosX="-0.016776" PosY="0.028927" PosZ="-6.512736" Yaw="-0.324683" Pitch="-1.691419" Roll="0.884014" FOV="17.755808" TimeC0="0"/>
          <Key Time="2.134048" PosX="-0.016776" PosY="0.028919" PosZ="-6.512736" Yaw="-0.428112" Pitch="-1.688549" Roll="0.612864" FOV="18.336889" TimeC0="0"/>
          <Key Time="3.100071" PosX="-0.016654" PosY="0.028904" PosZ="-6.512675" Yaw="-0.503311" Pitch="-2.063389" Roll="0.192194" FOV="19.488932" TimeC0="0"/>
          <Key Time="4.135094" PosX="-0.016867" PosY="0.028891" PosZ="-6.512434" Yaw="-0.217857" Pitch="-1.695219" Roll="0.359785" FOV="19.081615" TimeC0="0"/>
          <Key Time="4.369099" PosX="-0.016867" PosY="0.028884" PosZ="-6.512434" Yaw="-0.162410" Pitch="-1.576858" Roll="0.408150" FOV="18.950933" TimeC0="0"/>
          <Key Time="5.204117" PosX="-0.016867" PosY="0.028891" PosZ="-6.512312" Yaw="-0.013760" Pitch="-1.459834" Roll="0.424323" FOV="18.850834" TimeC0="0"/>
          <Key Time="6.106113" PosX="-0.016836" PosY="0.028917" PosZ="-6.512255" Yaw="0.154990" Pitch="-1.602023" Roll="0.339493" FOV="18.980177" TimeC0="0"/>
        </Anim>
        <PostEffectsAnim DOFMode="Manual" MotionBlurAmount="0.000000" NumKeys="5">
          <Key Time="0.000000" FocalDistance="4.499999" FocalLength="5.700003" FocalMaxBlur="11.000000" Saturation="0.000000" Exposure="0.000000" Brightness="0.000000" Contrast="0.000000" Sepia="0.000000" Blur="0.000000" VignetteAngle="0.000000" VignettePosX="0.000000" VignettePosY="0.000000" VignetteScaleX="1.000000" VignetteScaleY="1.000000" VignettePower="3.000000" VignetteColor.x="0.000000" VignetteColor.y="0.000000" VignetteColor.z="0.000000" VignetteColor.w="0.000000"/>
          <Key Time="0.633015" FocalDistance="4.499999" FocalLength="5.700003" FocalMaxBlur="11.000000" Saturation="0.000000" Exposure="0.000000" Brightness="0.000000" Contrast="0.000000" Sepia="0.000000" Blur="0.000000" VignetteAngle="0.000000" VignettePosX="0.000000" VignettePosY="0.000000" VignetteScaleX="1.000000" VignetteScaleY="1.000000" VignettePower="3.000000" VignetteColor.x="0.000000" VignetteColor.y="0.000000" VignetteColor.z="0.000000" VignetteColor.w="0.000000"/>
          <Key Time="1.267029" FocalDistance="4.499999" FocalLength="5.700003" FocalMaxBlur="11.000000" Saturation="0.000000" Exposure="0.000000" Brightness="0.000000" Contrast="0.000000" Sepia="0.000000" Blur="0.000000" VignetteAngle="0.000000" VignettePosX="0.000000" VignettePosY="0.000000" VignetteScaleX="1.000000" VignetteScaleY="1.000000" VignettePower="3.000000" VignetteColor.x="0.000000" VignetteColor.y="0.000000" VignetteColor.z="0.000000" VignetteColor.w="0.000000"/>
          <Key Time="1.700039" FocalDistance="0.000000" FocalLength="5.700003" FocalMaxBlur="11.000000" Saturation="0.000000" Exposure="0.000000" Brightness="0.000000" Contrast="0.000000" Sepia="0.000000" Blur="0.000000" VignetteAngle="0.000000" VignettePosX="0.000000" VignettePosY="0.000000" VignetteScaleX="1.000000" VignetteScaleY="1.000000" VignettePower="3.000000" VignetteColor.x="0.000000" VignetteColor.y="0.000000" VignetteColor.z="0.000000" VignetteColor.w="0.000000"/>
          <Key Time="2.100048" FocalDistance="4.499999" FocalLength="5.700003" FocalMaxBlur="11.000000" Saturation="0.000000" Exposure="0.000000" Brightness="0.000000" Contrast="0.000000" Sepia="0.000000" Blur="0.000000" VignetteAngle="0.000000" VignettePosX="0.000000" VignettePosY="0.000000" VignetteScaleX="1.000000" VignetteScaleY="1.000000" VignettePower="3.000000" VignetteColor.x="0.000000" VignetteColor.y="0.000000" VignetteColor.z="0.000000" VignetteColor.w="0.000000"/>
        </PostEffectsAnim>
        <FadeInOptions Duration="0.000000"/>
        <FadeOutOptions Duration="0.000000"/>
        <CameraPhysics NumLayers="0"/>
        <CarPositioning CarPosition.x="0.000000" CarPosition.y="0.000000" CarPosition.z="0.000000" CarPosition.w="0.000000" CarYaw="0.000000" CarSteerAngle="0.000000"/>
        <DynamicLimiting JumpPredictionTime="0.000000" DynamicLimitCurrentZoneForward="0.000000" DynamicLimitNextZoneForward="0.000000"/>
      </Cam>
      <Cam Version="3" Group="0" Type="Animateable" StartCut="64.231079" TargetName="" duration="9.910088" CameraManShakeOn="0" CameraManShakeAngVelModOn="0" AutoZoomOn="0" TargetSmoothingOn="0" OverrideShakyCamParams="0" OverrideTargetSmoothingParams="0" AutoZoomScale="1.000000" AllowSeemlessTransition="0">
        <Anim PosAnimType="CarSpace" RotAnimType="CarSpace" TimeAnimType="AffectsPath" IsInCockpit="0" ConstVelCamSpeed="0.000000" EaseIn="0.000000" EaseOut="0.000000" NumKeys="28">
          <Key Time="0.000000" PosX="-1.497668" PosY="0.045129" PosZ="3.516682" Yaw="145.996429" Pitch="-0.052359" Roll="-6.530300" FOV="18.752001" TimeC0="0"/>
          <Key Time="0.302963" PosX="-1.497423" PosY="0.064844" PosZ="3.516419" Yaw="144.658478" Pitch="0.569708" Roll="-6.877192" FOV="18.752001" TimeC0="0"/>
          <Key Time="0.402954" PosX="-1.497494" PosY="0.071467" PosZ="3.516201" Yaw="144.024490" Pitch="0.832598" Roll="-6.991662" FOV="18.752001" TimeC0="0"/>
          <Key Time="0.502945" PosX="-1.497494" PosY="0.078112" PosZ="3.515957" Yaw="143.507355" Pitch="1.131386" Roll="-7.101403" FOV="18.752001" TimeC0="0"/>
          <Key Time="1.136887" PosX="-1.496977" PosY="0.138912" PosZ="3.514451" Yaw="142.037048" Pitch="2.697437" Roll="-6.816828" FOV="18.752001" TimeC0="0"/>
          <Key Time="1.305870" PosX="-1.496804" PosY="0.159306" PosZ="3.513989" Yaw="142.993195" Pitch="3.660762" Roll="-5.954552" FOV="18.752001" TimeC0="0"/>
          <Key Time="1.405861" PosX="-1.496560" PosY="0.172131" PosZ="3.513500" Yaw="143.958130" Pitch="2.847251" Roll="-6.635812" FOV="18.752001" TimeC0="0"/>
          <Key Time="1.770828" PosX="-1.495726" PosY="0.223318" PosZ="3.512577" Yaw="149.215179" Pitch="2.485846" Roll="-6.480175" FOV="18.752001" TimeC0="0"/>
          <Key Time="2.006805" PosX="-1.495137" PosY="0.259429" PosZ="3.512264" Yaw="152.501419" Pitch="2.143963" Roll="-6.378959" FOV="18.752001" TimeC0="0"/>
          <Key Time="2.437767" PosX="-1.493765" PosY="0.331345" PosZ="3.511367" Yaw="155.588867" Pitch="2.607856" Roll="-6.274645" FOV="18.752001" TimeC0="0"/>
          <Key Time="2.570755" PosX="-1.493348" PosY="0.354554" PosZ="3.511027" Yaw="156.189087" Pitch="3.067672" Roll="-6.233166" FOV="18.752001" TimeC0="0"/>
          <Key Time="2.670746" PosX="-1.489673" PosY="0.372197" PosZ="3.512184" Yaw="156.462479" Pitch="3.155885" Roll="-6.200336" FOV="18.752001" TimeC0="0"/>
          <Key Time="3.103714" PosX="-1.491019" PosY="0.450976" PosZ="3.509582" Yaw="156.793900" Pitch="4.670676" Roll="-5.976868" FOV="18.752001" TimeC0="0"/>
          <Key Time="3.637665" PosX="-1.489361" PosY="0.548266" PosZ="3.507349" Yaw="158.172241" Pitch="6.196472" Roll="-5.303740" FOV="18.752001" TimeC0="0"/>
          <Key Time="3.738655" PosX="-1.489260" PosY="0.564823" PosZ="3.507280" Yaw="158.361115" Pitch="7.742537" Roll="-5.080990" FOV="18.751999" TimeC0="0"/>
          <Key Time="4.205612" PosX="-1.489886" PosY="0.626980" PosZ="3.510713" Yaw="159.657852" Pitch="8.772544" Roll="-4.175374" FOV="18.641233" TimeC0="0"/>
          <Key Time="5.337509" PosX="-1.497831" PosY="0.699586" PosZ="3.541219" Yaw="160.562210" Pitch="7.178447" Roll="-2.782367" FOV="18.752001" TimeC0="0"/>
          <Key Time="5.573486" PosX="-1.500503" PosY="0.704710" PosZ="3.550212" Yaw="159.188339" Pitch="7.969099" Roll="-2.653521" FOV="19.062679" TimeC0="0"/>
          <Key Time="6.371414" PosX="-1.510808" PosY="0.703860" PosZ="3.584711" Yaw="152.530655" Pitch="11.408920" Roll="-2.302401" FOV="23.632074" TimeC0="0"/>
          <Key Time="6.441406" PosX="-1.512163" PosY="0.702883" PosZ="3.587551" Yaw="152.331604" Pitch="11.443764" Roll="-2.268027" FOV="23.506817" TimeC0="0"/>
          <Key Time="6.705383" PosX="-1.516601" PosY="0.698105" PosZ="3.600095" Yaw="150.346283" Pitch="11.217307" Roll="-2.178565" FOV="30.218042" TimeC0="0"/>
          <Key Time="7.208336" PosX="-1.523563" PosY="0.688545" PosZ="3.624484" Yaw="148.729996" Pitch="10.470511" Roll="-1.981736" FOV="32.714558" TimeC0="0"/>
          <Key Time="7.340324" PosX="-1.524454" PosY="0.688158" PosZ="3.631754" Yaw="148.036865" Pitch="10.493893" Roll="-2.726040" FOV="32.984062" TimeC0="0"/>
          <Key Time="8.010254" PosX="-1.540630" PosY="0.688813" PosZ="3.669191" Yaw="146.020920" Pitch="13.613120" Roll="-4.369976" FOV="33.723454" TimeC0="0"/>
          <Key Time="8.177238" PosX="-1.542749" PosY="0.689574" PosZ="3.684421" Yaw="145.346069" Pitch="13.240881" Roll="-5.580479" FOV="33.819431" TimeC0="0"/>
          <Key Time="8.344223" PosX="-1.546842" PosY="0.690442" PosZ="3.697873" Yaw="144.894730" Pitch="12.638404" Roll="-5.926622" FOV="33.875919" TimeC0="0"/>
          <Key Time="8.843178" PosX="-1.567922" PosY="0.693593" PosZ="3.729503" Yaw="146.005630" Pitch="12.360038" Roll="-6.424209" FOV="33.823509" TimeC0="0"/>
          <Key Time="9.910088" PosX="-1.633664" PosY="0.701525" PosZ="3.779499" Yaw="145.784424" Pitch="10.897710" Roll="-6.519002" FOV="33.209793" TimeC0="0"/>
        </Anim>
        <PostEffectsAnim DOFMode="Manual" MotionBlurAmount="0.000000" NumKeys="5">
          <Key Time="0.000000" FocalDistance="1.999999" FocalLength="5.000000" FocalMaxBlur="7.000000" Saturation="0.000000" Exposure="0.000000" Brightness="0.000000" Contrast="0.000000" Sepia="0.000000" Blur="0.000000" VignetteAngle="0.000000" VignettePosX="0.000000" VignettePosY="0.000000" VignetteScaleX="1.000000" VignetteScaleY="1.000000" VignettePower="3.000000" VignetteColor.x="0.000000" VignetteColor.y="0.000000" VignetteColor.z="0.000000" VignetteColor.w="0.000000"/>
          <Key Time="2.066811" FocalDistance="1.999999" FocalLength="5.000000" FocalMaxBlur="7.000000" Saturation="0.000000" Exposure="0.000000" Brightness="0.000000" Contrast="0.000000" Sepia="0.000000" Blur="0.000000" VignetteAngle="0.000000" VignettePosX="0.000000" VignettePosY="0.000000" VignetteScaleX="1.000000" VignetteScaleY="1.000000" VignettePower="3.000000" VignetteColor.x="0.000000" VignetteColor.y="0.000000" VignetteColor.z="0.000000" VignetteColor.w="0.000000"/>
          <Key Time="3.100716" FocalDistance="1.999999" FocalLength="5.000000" FocalMaxBlur="7.000000" Saturation="0.000000" Exposure="0.000000" Brightness="0.000000" Contrast="0.000000" Sepia="0.000000" Blur="0.000000" VignetteAngle="0.000000" VignettePosX="0.000000" VignettePosY="0.000000" VignetteScaleX="1.000000" VignetteScaleY="1.000000" VignettePower="3.000000" VignetteColor.x="0.000000" VignetteColor.y="0.000000" VignetteColor.z="0.000000" VignetteColor.w="0.000000"/>
          <Key Time="6.441406" FocalDistance="1.999999" FocalLength="5.000000" FocalMaxBlur="7.000000" Saturation="0.000000" Exposure="0.000000" Brightness="0.000000" Contrast="0.000000" Sepia="0.000000" Blur="0.000000" VignetteAngle="0.000000" VignettePosX="0.000000" VignettePosY="0.000000" VignetteScaleX="1.000000" VignetteScaleY="1.000000" VignettePower="3.000000" VignetteColor.x="0.000000" VignetteColor.y="0.000000" VignetteColor.z="0.000000" VignetteColor.w="0.000000"/>
          <Key Time="6.705383" FocalDistance="1.999999" FocalLength="5.000000" FocalMaxBlur="3.000000" Saturation="0.000000" Exposure="0.000000" Brightness="0.000000" Contrast="0.000000" Sepia="0.000000" Blur="0.000000" VignetteAngle="0.000000" VignettePosX="0.000000" VignettePosY="0.000000" VignetteScaleX="1.000000" VignetteScaleY="1.000000" VignettePower="3.000000" VignetteColor.x="0.000000" VignetteColor.y="0.000000" VignetteColor.z="0.000000" VignetteColor.w="0.000000"/>
        </PostEffectsAnim>
        <FadeInOptions Duration="0.000000"/>
        <FadeOutOptions Duration="0.000000"/>
        <CameraPhysics NumLayers="0"/>
        <CarPositioning CarPosition.x="0.000000" CarPosition.y="0.000000" CarPosition.z="0.000000" CarPosition.w="0.000000" CarYaw="0.000000" CarSteerAngle="0.000000"/>
        <DynamicLimiting JumpPredictionTime="0.000000" DynamicLimitCurrentZoneForward="0.000000" DynamicLimitNextZoneForward="0.000000"/>
      </Cam>
      <Cam Version="3" Group="0" Type="Animateable" StartCut="74.141167" TargetName="" duration="0.000000" CameraManShakeOn="0" CameraManShakeAngVelModOn="0" AutoZoomOn="0" TargetSmoothingOn="0" OverrideShakyCamParams="0" OverrideTargetSmoothingParams="0" AutoZoomScale="1.000000" AllowSeemlessTransition="0">
        <Anim PosAnimType="CarSpace" RotAnimType="CarSpace" TimeAnimType="AffectsPath" IsInCockpit="0" ConstVelCamSpeed="0.000000" EaseIn="0.000000" EaseOut="0.000000" NumKeys="10">
          <Key Time="0.000000" PosX="1.523235" PosY="-0.166607" PosZ="-1.729173" Yaw="-46.942192" Pitch="-17.154379" Roll="-3.521865" FOV="41.349281" TimeC0="0"/>
          <Key Time="0.833923" PosX="1.523315" PosY="-0.166593" PosZ="-1.729329" Yaw="-45.733345" Pitch="-16.111799" Roll="-2.354006" FOV="41.349281" TimeC0="0"/>
          <Key Time="1.434868" PosX="1.523071" PosY="-0.166601" PosZ="-1.729452" Yaw="-43.515392" Pitch="-14.138792" Roll="-2.447651" FOV="41.349281" TimeC0="0"/>
          <Key Time="1.701843" PosX="1.522949" PosY="-0.166593" PosZ="-1.729696" Yaw="-41.665684" Pitch="-12.954308" Roll="-3.096788" FOV="41.349281" TimeC0="0"/>
          <Key Time="3.070717" PosX="1.522660" PosY="-0.166580" PosZ="-1.730447" Yaw="-36.414940" Pitch="-9.549140" Roll="-4.148405" FOV="41.349281" TimeC0="0"/>
          <Key Time="3.270699" PosX="1.522538" PosY="-0.166572" PosZ="-1.730691" Yaw="-35.919266" Pitch="-9.347460" Roll="-4.154948" FOV="41.349281" TimeC0="0"/>
          <Key Time="3.972633" PosX="1.522416" PosY="-0.166549" PosZ="-1.730812" Yaw="-34.881718" Pitch="-8.756383" Roll="-3.804549" FOV="41.349281" TimeC0="0"/>
          <Key Time="4.205612" PosX="1.522416" PosY="-0.166534" PosZ="-1.730812" Yaw="-34.654202" Pitch="-8.796818" Roll="-3.620347" FOV="41.349281" TimeC0="0"/>
          <Key Time="4.935547" PosX="1.522904" PosY="-0.166541" PosZ="-1.730202" Yaw="-34.353767" Pitch="-8.302505" Roll="-3.212245" FOV="41.349281" TimeC0="0"/>
          <Key Time="5.436501" PosX="1.523270" PosY="-0.166587" PosZ="-1.729714" Yaw="-34.258804" Pitch="-8.874298" Roll="-2.980708" FOV="41.349281" TimeC0="0"/>
        </Anim>
        <PostEffectsAnim DOFMode="Manual" MotionBlurAmount="0.000000" NumKeys="3">
          <Key Time="0.000000" FocalDistance="0.750000" FocalLength="1.999998" FocalMaxBlur="7.000000" Saturation="0.000000" Exposure="0.000000" Brightness="0.000000" Contrast="0.000000" Sepia="0.000000" Blur="0.000000" VignetteAngle="0.000000" VignettePosX="0.000000" VignettePosY="0.000000" VignetteScaleX="1.000000" VignetteScaleY="1.000000" VignettePower="3.000000" VignetteColor.x="0.000000" VignetteColor.y="0.000000" VignetteColor.z="0.000000" VignetteColor.w="0.000000"/>
          <Key Time="2.936729" FocalDistance="0.750000" FocalLength="1.999998" FocalMaxBlur="7.000000" Saturation="0.000000" Exposure="0.000000" Brightness="0.000000" Contrast="0.000000" Sepia="0.000000" Blur="0.000000" VignetteAngle="0.000000" VignettePosX="0.000000" VignettePosY="0.000000" VignetteScaleX="1.000000" VignetteScaleY="1.000000" VignettePower="3.000000" VignetteColor.x="0.000000" VignetteColor.y="0.000000" VignetteColor.z="0.000000" VignetteColor.w="0.000000"/>
          <Key Time="3.470680" FocalDistance="2.599999" FocalLength="1.999998" FocalMaxBlur="7.000000" Saturation="0.000000" Exposure="0.000000" Brightness="0.000000" Contrast="0.000000" Sepia="0.000000" Blur="0.000000" VignetteAngle="0.000000" VignettePosX="0.000000" VignettePosY="0.000000" VignetteScaleX="1.000000" VignetteScaleY="1.000000" VignettePower="3.000000" VignetteColor.x="0.000000" VignetteColor.y="0.000000" VignetteColor.z="0.000000" VignetteColor.w="0.000000"/>
        </PostEffectsAnim>
        <FadeInOptions Duration="0.000000"/>
        <FadeOutOptions Duration="0.000000"/>
        <CameraPhysics NumLayers="0"/>
        <CarPositioning CarPosition.x="0.000000" CarPosition.y="0.000000" CarPosition.z="0.000000" CarPosition.w="0.000000" CarYaw="0.000000" CarSteerAngle="0.000000"/>
        <DynamicLimiting JumpPredictionTime="0.000000" DynamicLimitCurrentZoneForward="0.000000" DynamicLimitNextZoneForward="0.000000"/>
      </Cam>
    </Cams>
    <Events>
	<Event time="0.000000">
        <EventTrigger name="HideAllCars" id="CCutsceneShowDriverTrigger" Hide="1" AllDrivers="1" CarID="-1"/>
      </Event>
	</Events>
  </Cutscene>
</CutsceneManager>e>
</CutsceneManager>e>
</CutsceneManager>e>
</CutsceneManager>