
<CutsceneManager>
  <Cutscene name="Cockpit_Cam_Activate" PlaybackMode="Looping" Duration="20.150000" MirrorForRightHandDrive="1" LoopFrom="10.150000">
    <Cams CutQueueType="Cutscene" NumCams="3">
      <Cam Version="3" Group="0" Type="Animateable" StartCut="0.000000" TargetName="" duration="0.150000" DisableCSM="0" DisableCubemap="0" DisableCarRendering="0" CameraManShakeOn="0" CameraManShakeAngVelModOn="0" AutoZoomOn="0" TargetSmoothingOn="0" OverrideShakyCamParams="0" OverrideTargetSmoothingParams="0" AutoZoomScale="1.000000" AllowSeemlessTransition="0" ApplyMotionBlur="0" MirrorForRightHandDrive="0">
        <Anim PosAnimType="PartSpace" RotAnimType="CarSpace" TimeAnimType="AffectsPath" IsInCockpit="1" ConstVelCamSpeed="0.000000" EaseIn="0.000000" EaseOut="0.000000" ListenerPositionType="FollowFocusCar" NumKeys="2">
          <Key Time="0.000000" CarPart="steering" PosX="0.497297" PosY="0.200911" PosZ="-0.348457" Yaw="-26.886942" Pitch="-1.382703" Roll="-18.512495" FOV="25.084702" TimeC0="0"/>
          <Key Time="0.150000" CarPart="steering" PosX="0.497297" PosY="0.200911" PosZ="-0.348457" Yaw="-26.223625" Pitch="5.992034" Roll="-16.207901" FOV="25.084702" TimeC0="0"/>
        </Anim>
        <PostEffectsAnim DOFMode="Manual" MotionBlurAmount="0.000000" NumKeys="1">
          <Key Time="0.000000" FocalDistance="0.000000" FocalLength="5.000000" FocalMaxBlur="7.000000" Saturation="0.000000" Exposure="0.000000" Brightness="0.000000" Contrast="0.000000" Sepia="0.000000" Blur="0.000000" VignetteTopName="" VignetteBottomName=""/>
        </PostEffectsAnim>
        <FadeInOptions Duration="0.000000"/>
        <FadeOutOptions Duration="0.000000"/>
        <CameraPhysics NumLayers="0"/>
        <CarPositioning CarPosition.x="0.000000" CarPosition.y="0.000000" CarPosition.z="0.000000" CarPosition.w="0.000000" CarYaw="0.000000" CarSteerAngle="0.000000"/>
        <DynamicLimiting JumpPredictionTime="0.000000" DynamicLimitCurrentZoneForward="0.000000" DynamicLimitNextZoneForward="0.000000"/>
      </Cam>
      <Cam Version="3" Group="0" Type="Animateable" StartCut="0.150000" TargetName="" duration="10.000000" DisableCSM="0" DisableCubemap="0" DisableCarRendering="0" CameraManShakeOn="0" CameraManShakeAngVelModOn="0" AutoZoomOn="0" TargetSmoothingOn="0" OverrideShakyCamParams="0" OverrideTargetSmoothingParams="0" AutoZoomScale="1.000000" AllowSeemlessTransition="0" ApplyMotionBlur="0" MirrorForRightHandDrive="0">
        <Anim PosAnimType="PartSpace" RotAnimType="CarSpace" TimeAnimType="AffectsPath" IsInCockpit="1" ConstVelCamSpeed="0.000000" EaseIn="0.000000" EaseOut="0.000000" ListenerPositionType="FollowFocusCar" NumKeys="70">
          <Key Time="0.000000" CarPart="steering" PosX="0.497297" PosY="0.200911" PosZ="-0.348457" Yaw="-28.740253" Pitch="4.731181" Roll="-16.135540" FOV="45.000000" TimeC0="0"/>
          <Key Time="0.100000" CarPart="steering" PosX="0.497297" PosY="0.200911" PosZ="-0.348457" Yaw="-28.563406" Pitch="6.403400" Roll="-15.391405" FOV="45.000000" TimeC0="0"/>
          <Key Time="0.167000" CarPart="steering" PosX="0.497297" PosY="0.200911" PosZ="-0.348457" Yaw="-28.456684" Pitch="7.378244" Roll="-16.127438" FOV="45.000000" TimeC0="0"/>
          <Key Time="0.367000" CarPart="steering" PosX="0.497297" PosY="0.200911" PosZ="-0.348457" Yaw="-28.296801" Pitch="6.051815" Roll="-16.147467" FOV="45.000000" TimeC0="0"/>
          <Key Time="0.534000" CarPart="steering" PosX="0.497297" PosY="0.200911" PosZ="-0.348457" Yaw="-28.311604" Pitch="7.344882" Roll="-17.856249" FOV="45.000000" TimeC0="0"/>
          <Key Time="0.834000" CarPart="steering" PosX="0.497297" PosY="0.200911" PosZ="-0.348457" Yaw="-27.796141" Pitch="4.716843" Roll="-15.993141" FOV="45.000000" TimeC0="0"/>
          <Key Time="1.001000" CarPart="steering" PosX="0.497297" PosY="0.200911" PosZ="-0.348457" Yaw="-28.141747" Pitch="8.890017" Roll="-16.147148" FOV="45.000000" TimeC0="0"/>
          <Key Time="1.168000" CarPart="steering" PosX="0.497297" PosY="0.200911" PosZ="-0.348457" Yaw="-28.170631" Pitch="3.753322" Roll="-16.329191" FOV="45.000000" TimeC0="0"/>
          <Key Time="1.368000" CarPart="steering" PosX="0.497297" PosY="0.200911" PosZ="-0.348457" Yaw="-28.862862" Pitch="4.686930" Roll="-16.405313" FOV="45.000000" TimeC0="0"/>
          <Key Time="1.635000" CarPart="steering" PosX="0.497297" PosY="0.200911" PosZ="-0.348457" Yaw="-28.686264" Pitch="2.041560" Roll="-16.453611" FOV="45.000000" TimeC0="0"/>
          <Key Time="1.769000" CarPart="steering" PosX="0.497297" PosY="0.200911" PosZ="-0.348457" Yaw="-28.530157" Pitch="-0.304120" Roll="-16.454283" FOV="45.000000" TimeC0="0"/>
          <Key Time="1.935000" CarPart="steering" PosX="0.497297" PosY="0.200911" PosZ="-0.348457" Yaw="-28.153988" Pitch="0.757780" Roll="-16.429384" FOV="45.000000" TimeC0="0"/>
          <Key Time="1.970000" CarPart="steering" PosX="0.497297" PosY="0.200911" PosZ="-0.348457" Yaw="-28.057617" Pitch="1.211842" Roll="-17.397091" FOV="45.000004" TimeC0="0"/>
          <Key Time="2.172000" CarPart="steering" PosX="0.497297" PosY="0.200911" PosZ="-0.348457" Yaw="-27.446558" Pitch="4.079568" Roll="-16.099417" FOV="45.000004" TimeC0="0"/>
          <Key Time="2.339000" CarPart="steering" PosX="0.497297" PosY="0.200911" PosZ="-0.348457" Yaw="-26.884682" Pitch="6.037725" Roll="-15.314084" FOV="45.000004" TimeC0="0"/>
          <Key Time="2.635999" CarPart="steering" PosX="0.497297" PosY="0.200911" PosZ="-0.348457" Yaw="-26.119246" Pitch="7.126467" Roll="-16.203619" FOV="45.000000" TimeC0="0"/>
          <Key Time="2.736999" CarPart="steering" PosX="0.497297" PosY="0.200911" PosZ="-0.348457" Yaw="-25.924250" Pitch="6.564427" Roll="-19.374643" FOV="45.000000" TimeC0="0"/>
          <Key Time="2.869999" CarPart="steering" PosX="0.497297" PosY="0.200911" PosZ="-0.348457" Yaw="-25.728163" Pitch="5.074785" Roll="-16.481745" FOV="45.000000" TimeC0="0"/>
          <Key Time="3.036999" CarPart="steering" PosX="0.497297" PosY="0.200911" PosZ="-0.348457" Yaw="-25.539923" Pitch="5.629025" Roll="-15.663453" FOV="45.000000" TimeC0="0"/>
          <Key Time="3.202999" CarPart="steering" PosX="0.497297" PosY="0.200911" PosZ="-0.348457" Yaw="-25.417612" Pitch="6.762059" Roll="-16.228943" FOV="45.000000" TimeC0="0"/>
          <Key Time="3.336999" CarPart="steering" PosX="0.497297" PosY="0.200911" PosZ="-0.348457" Yaw="-24.873102" Pitch="12.423564" Roll="-16.569994" FOV="44.999992" TimeC0="0"/>
          <Key Time="3.570998" CarPart="steering" PosX="0.497297" PosY="0.200911" PosZ="-0.348457" Yaw="-24.536081" Pitch="1.535584" Roll="-11.689572" FOV="44.999973" TimeC0="0"/>
          <Key Time="3.770998" CarPart="steering" PosX="0.497297" PosY="0.200911" PosZ="-0.348457" Yaw="-24.707754" Pitch="3.984919" Roll="-16.737925" FOV="44.999989" TimeC0="0"/>
          <Key Time="3.936998" CarPart="steering" PosX="0.497297" PosY="0.200911" PosZ="-0.348457" Yaw="-24.871689" Pitch="6.141654" Roll="-16.838112" FOV="44.999989" TimeC0="0"/>
          <Key Time="4.069998" CarPart="steering" PosX="0.497297" PosY="0.200911" PosZ="-0.348457" Yaw="-25.222046" Pitch="7.360715" Roll="-15.940897" FOV="44.999989" TimeC0="0"/>
          <Key Time="4.169998" CarPart="steering" PosX="0.497297" PosY="0.200911" PosZ="-0.348457" Yaw="-25.511023" Pitch="9.005862" Roll="-15.305121" FOV="44.999985" TimeC0="0"/>
          <Key Time="4.269998" CarPart="steering" PosX="0.497297" PosY="0.200911" PosZ="-0.348457" Yaw="-25.912342" Pitch="7.701891" Roll="-15.356744" FOV="44.999996" TimeC0="0"/>
          <Key Time="4.339998" CarPart="steering" PosX="0.497297" PosY="0.200911" PosZ="-0.348457" Yaw="-26.099840" Pitch="7.081747" Roll="-16.204571" FOV="45.000000" TimeC0="0"/>
          <Key Time="4.403998" CarPart="steering" PosX="0.497297" PosY="0.200911" PosZ="-0.348457" Yaw="-26.213821" Pitch="6.075762" Roll="-16.207792" FOV="45.000000" TimeC0="0"/>
          <Key Time="4.538998" CarPart="steering" PosX="0.497297" PosY="0.200911" PosZ="-0.348457" Yaw="-26.271717" Pitch="2.420835" Roll="-16.224775" FOV="42.940014" TimeC0="0"/>
          <Key Time="4.605998" CarPart="steering" PosX="0.497297" PosY="0.200911" PosZ="-0.348457" Yaw="-26.195980" Pitch="2.989411" Roll="-16.226259" FOV="40.000000" TimeC0="0"/>
          <Key Time="4.704998" CarPart="steering" PosX="0.497297" PosY="0.200911" PosZ="-0.348457" Yaw="-26.122898" Pitch="3.427984" Roll="-16.226694" FOV="40.000000" TimeC0="0"/>
          <Key Time="4.837997" CarPart="steering" PosX="0.497297" PosY="0.200911" PosZ="-0.348457" Yaw="-26.237457" Pitch="1.907023" Roll="-15.488082" FOV="40.000000" TimeC0="0"/>
          <Key Time="5.105997" CarPart="steering" PosX="0.497297" PosY="0.200911" PosZ="-0.348457" Yaw="-26.207855" Pitch="6.656757" Roll="-14.216669" FOV="40.000000" TimeC0="0"/>
          <Key Time="5.238997" CarPart="steering" PosX="0.497297" PosY="0.200911" PosZ="-0.348457" Yaw="-26.022615" Pitch="10.650054" Roll="-10.060333" FOV="39.999996" TimeC0="0"/>
          <Key Time="5.405997" CarPart="steering" PosX="0.497297" PosY="0.200911" PosZ="-0.348457" Yaw="-25.951675" Pitch="11.930576" Roll="-12.080544" FOV="40.000000" TimeC0="0"/>
          <Key Time="5.672997" CarPart="steering" PosX="0.497297" PosY="0.200911" PosZ="-0.348457" Yaw="-26.013708" Pitch="7.336456" Roll="-13.522867" FOV="40.000000" TimeC0="0"/>
          <Key Time="5.775996" CarPart="steering" PosX="0.497297" PosY="0.200911" PosZ="-0.348457" Yaw="-26.071793" Pitch="6.584664" Roll="-15.123481" FOV="40.000000" TimeC0="0"/>
          <Key Time="5.971996" CarPart="steering" PosX="0.497297" PosY="0.200911" PosZ="-0.348457" Yaw="-26.214359" Pitch="6.061122" Roll="-16.207872" FOV="40.000000" TimeC0="0"/>
          <Key Time="6.072996" CarPart="steering" PosX="0.497297" PosY="0.200911" PosZ="-0.348457" Yaw="-26.373220" Pitch="4.065684" Roll="-15.882124" FOV="40.000000" TimeC0="0"/>
          <Key Time="6.372996" CarPart="steering" PosX="0.497297" PosY="0.200911" PosZ="-0.348457" Yaw="-26.886946" Pitch="-1.382703" Roll="-18.512501" FOV="40.000000" TimeC0="0"/>
          <Key Time="6.438996" CarPart="steering" PosX="0.497297" PosY="0.200911" PosZ="-0.348457" Yaw="-26.986683" Pitch="-2.050891" Roll="-17.960247" FOV="40.000000" TimeC0="0"/>
          <Key Time="6.573996" CarPart="steering" PosX="0.497297" PosY="0.200911" PosZ="-0.348457" Yaw="-27.193262" Pitch="-4.466005" Roll="-17.956154" FOV="40.000000" TimeC0="0"/>
          <Key Time="6.839995" CarPart="steering" PosX="0.497297" PosY="0.200911" PosZ="-0.348457" Yaw="-27.497879" Pitch="-2.333184" Roll="-16.298672" FOV="40.000000" TimeC0="0"/>
          <Key Time="6.939995" CarPart="steering" PosX="0.497297" PosY="0.200911" PosZ="-0.348457" Yaw="-27.683008" Pitch="-4.172729" Roll="-15.098600" FOV="40.000000" TimeC0="0"/>
          <Key Time="7.006995" CarPart="steering" PosX="0.497297" PosY="0.200911" PosZ="-0.348457" Yaw="-27.690853" Pitch="-1.574587" Roll="-14.432889" FOV="40.000000" TimeC0="0"/>
          <Key Time="7.106995" CarPart="steering" PosX="0.497297" PosY="0.200911" PosZ="-0.348457" Yaw="-27.706038" Pitch="1.479363" Roll="-13.598378" FOV="40.000000" TimeC0="0"/>
          <Key Time="7.273995" CarPart="steering" PosX="0.497297" PosY="0.200911" PosZ="-0.348457" Yaw="-27.827442" Pitch="3.369313" Roll="-11.402152" FOV="40.000000" TimeC0="0"/>
          <Key Time="7.541995" CarPart="steering" PosX="0.497297" PosY="0.200911" PosZ="-0.348457" Yaw="-28.160189" Pitch="1.742431" Roll="-10.201487" FOV="40.000000" TimeC0="0"/>
          <Key Time="7.807994" CarPart="steering" PosX="0.497297" PosY="0.200911" PosZ="-0.348457" Yaw="-28.473310" Pitch="-0.329384" Roll="-11.920346" FOV="40.000000" TimeC0="0"/>
          <Key Time="7.940994" CarPart="steering" PosX="0.497297" PosY="0.200911" PosZ="-0.348457" Yaw="-28.617237" Pitch="-1.713629" Roll="-13.450233" FOV="40.000000" TimeC0="0"/>
          <Key Time="8.107995" CarPart="steering" PosX="0.497297" PosY="0.200911" PosZ="-0.348457" Yaw="-28.738068" Pitch="-1.237171" Roll="-13.287927" FOV="40.000000" TimeC0="0"/>
          <Key Time="8.174995" CarPart="steering" PosX="0.497297" PosY="0.200911" PosZ="-0.348457" Yaw="-28.777050" Pitch="-0.737878" Roll="-15.142109" FOV="40.000000" TimeC0="0"/>
          <Key Time="8.240995" CarPart="steering" PosX="0.497297" PosY="0.200911" PosZ="-0.348457" Yaw="-28.747690" Pitch="0.835078" Roll="-16.431871" FOV="40.000000" TimeC0="0"/>
          <Key Time="8.440996" CarPart="steering" PosX="0.497297" PosY="0.200911" PosZ="-0.348457" Yaw="-28.805584" Pitch="1.975191" Roll="-17.440729" FOV="40.000000" TimeC0="0"/>
          <Key Time="8.609998" CarPart="steering" PosX="0.497297" PosY="0.200911" PosZ="-0.348457" Yaw="-28.911072" Pitch="4.748072" Roll="-15.880414" FOV="40.000000" TimeC0="0"/>
          <Key Time="8.705997" CarPart="steering" PosX="0.497297" PosY="0.200911" PosZ="-0.348457" Yaw="-28.971870" Pitch="6.189687" Roll="-16.122087" FOV="40.000000" TimeC0="0"/>
          <Key Time="8.810999" CarPart="steering" PosX="0.497297" PosY="0.200911" PosZ="-0.348457" Yaw="-29.025988" Pitch="4.872182" Roll="-16.274029" FOV="40.000000" TimeC0="0"/>
          <Key Time="8.877999" CarPart="steering" PosX="0.497297" PosY="0.200911" PosZ="-0.348457" Yaw="-29.122972" Pitch="3.383425" Roll="-12.615155" FOV="40.000000" TimeC0="0"/>
          <Key Time="8.978000" CarPart="steering" PosX="0.497297" PosY="0.200911" PosZ="-0.348457" Yaw="-29.268875" Pitch="1.569623" Roll="-16.283794" FOV="40.000000" TimeC0="0"/>
          <Key Time="9.045000" CarPart="steering" PosX="0.497297" PosY="0.200911" PosZ="-0.348457" Yaw="-29.157927" Pitch="1.158331" Roll="-17.111040" FOV="40.000000" TimeC0="0"/>
          <Key Time="9.145000" CarPart="steering" PosX="0.497297" PosY="0.200911" PosZ="-0.348457" Yaw="-29.134686" Pitch="4.400930" Roll="-14.820807" FOV="40.000000" TimeC0="0"/>
          <Key Time="9.207999" CarPart="steering" PosX="0.497297" PosY="0.200911" PosZ="-0.348457" Yaw="-29.148804" Pitch="6.206136" Roll="-16.116577" FOV="40.000000" TimeC0="0"/>
          <Key Time="9.267001" CarPart="steering" PosX="0.497297" PosY="0.200911" PosZ="-0.348457" Yaw="-29.147875" Pitch="6.208032" Roll="-16.116602" FOV="40.000000" TimeC0="0"/>
          <Key Time="9.300001" CarPart="steering" PosX="0.497297" PosY="0.200911" PosZ="-0.348457" Yaw="-29.143585" Pitch="6.282421" Roll="-15.337169" FOV="40.000000" TimeC0="0"/>
          <Key Time="9.400002" CarPart="steering" PosX="0.497297" PosY="0.200911" PosZ="-0.348457" Yaw="-29.125751" Pitch="6.616235" Roll="-16.114473" FOV="40.000000" TimeC0="0"/>
          <Key Time="9.600000" CarPart="steering" PosX="0.497297" PosY="0.200911" PosZ="-0.348457" Yaw="-29.187429" Pitch="5.712203" Roll="-16.118633" FOV="45.000000" TimeC0="0"/>
          <Key Time="9.632999" CarPart="steering" PosX="0.497297" PosY="0.200911" PosZ="-0.348457" Yaw="-29.155136" Pitch="6.234324" Roll="-16.116240" FOV="45.000000" TimeC0="0"/>
          <Key Time="9.835002" CarPart="steering" PosX="0.497297" PosY="0.200911" PosZ="-0.348457" Yaw="-28.837866" Pitch="8.294581" Roll="-15.377267" FOV="45.000000" TimeC0="0"/>
          <Key Time="10.000000" CarPart="steering" PosX="0.497297" PosY="0.200911" PosZ="-0.348457" Yaw="-28.740305" Pitch="4.730994" Roll="-16.136002" FOV="45.000000" TimeC0="0"/>
        </Anim>
        <PostEffectsAnim DOFMode="Manual" MotionBlurAmount="0.000000" NumKeys="13">
          <Key Time="0.000000" FocalDistance="0.000000" FocalLength="5.000000" FocalMaxBlur="7.000000" Saturation="0.000000" Exposure="0.700000" Brightness="0.000000" Contrast="0.000000" Sepia="0.000000" Blur="0.000000" VignetteTopName="prepostrace" VignetteBottomName="prepostraceBottom"/>
          <Key Time="0.200000" FocalDistance="0.000000" FocalLength="5.000000" FocalMaxBlur="7.000000" Saturation="0.000000" Exposure="0.000000" Brightness="0.000000" Contrast="0.000000" Sepia="0.000000" Blur="0.000000" VignetteTopName="prepostrace" VignetteBottomName="prepostraceBottom"/>
          <Key Time="0.210000" FocalDistance="0.000000" FocalLength="5.000000" FocalMaxBlur="7.000000" Saturation="0.000000" Exposure="0.000000" Brightness="0.000000" Contrast="0.000000" Sepia="0.000000" Blur="0.000000" VignetteTopName="prepostrace" VignetteBottomName="prepostraceBottom"/>
          <Key Time="0.768000" FocalDistance="0.000000" FocalLength="5.000000" FocalMaxBlur="7.000000" Saturation="0.000000" Exposure="0.000000" Brightness="0.000000" Contrast="0.000000" Sepia="0.000000" Blur="0.000000" VignetteTopName="prepostrace" VignetteBottomName="prepostraceBottom"/>
          <Key Time="1.134000" FocalDistance="0.000000" FocalLength="0.050000" FocalMaxBlur="7.000000" Saturation="0.000000" Exposure="0.000000" Brightness="0.000000" Contrast="0.000000" Sepia="0.000000" Blur="0.000000" VignetteTopName="prepostrace" VignetteBottomName="prepostraceBottom"/>
          <Key Time="1.468000" FocalDistance="0.000000" FocalLength="5.000000" FocalMaxBlur="7.000000" Saturation="0.000000" Exposure="0.000000" Brightness="0.000000" Contrast="0.000000" Sepia="0.000000" Blur="0.000000" VignetteTopName="prepostrace" VignetteBottomName="prepostraceBottom"/>
          <Key Time="2.069000" FocalDistance="0.000000" FocalLength="5.000000" FocalMaxBlur="7.000000" Saturation="0.000000" Exposure="0.000000" Brightness="0.000000" Contrast="0.000000" Sepia="0.000000" Blur="0.000000" VignetteTopName="prepostrace" VignetteBottomName="prepostraceBottom"/>
          <Key Time="2.835999" FocalDistance="0.000000" FocalLength="0.050000" FocalMaxBlur="7.000000" Saturation="0.000000" Exposure="0.000000" Brightness="0.000000" Contrast="0.000000" Sepia="0.000000" Blur="0.000000" VignetteTopName="prepostrace" VignetteBottomName="prepostraceBottom"/>
          <Key Time="3.769998" FocalDistance="0.000000" FocalLength="5.000000" FocalMaxBlur="7.000000" Saturation="0.000000" Exposure="0.000000" Brightness="0.000000" Contrast="0.000000" Sepia="0.000000" Blur="0.000000" VignetteTopName="prepostrace" VignetteBottomName="prepostraceBottom"/>
          <Key Time="7.070995" FocalDistance="0.000000" FocalLength="5.000000" FocalMaxBlur="7.000000" Saturation="0.000000" Exposure="0.000000" Brightness="0.000000" Contrast="0.000000" Sepia="0.000000" Blur="0.000000" VignetteTopName="prepostrace" VignetteBottomName="prepostraceBottom"/>
          <Key Time="7.873994" FocalDistance="0.000000" FocalLength="5.000000" FocalMaxBlur="7.000000" Saturation="0.000000" Exposure="0.000000" Brightness="0.000000" Contrast="0.000000" Sepia="0.000000" Blur="0.000000" VignetteTopName="prepostrace" VignetteBottomName="prepostraceBottom"/>
          <Key Time="8.207995" FocalDistance="0.000000" FocalLength="0.200000" FocalMaxBlur="7.000000" Saturation="0.000000" Exposure="0.000000" Brightness="0.000000" Contrast="0.000000" Sepia="0.000000" Blur="0.000000" VignetteTopName="prepostrace" VignetteBottomName="prepostraceBottom"/>
          <Key Time="8.607997" FocalDistance="0.000000" FocalLength="5.000000" FocalMaxBlur="7.000000" Saturation="0.000000" Exposure="0.000000" Brightness="0.000000" Contrast="0.000000" Sepia="0.000000" Blur="0.000000" VignetteTopName="prepostrace" VignetteBottomName="prepostraceBottom"/>
        </PostEffectsAnim>
        <FadeInOptions Duration="0.000000"/>
        <FadeOutOptions Duration="0.000000"/>
        <CameraPhysics NumLayers="0"/>
        <CarPositioning CarPosition.x="0.000000" CarPosition.y="0.000000" CarPosition.z="0.000000" CarPosition.w="0.000000" CarYaw="0.000000" CarSteerAngle="0.000000"/>
        <DynamicLimiting JumpPredictionTime="0.000000" DynamicLimitCurrentZoneForward="0.000000" DynamicLimitNextZoneForward="0.000000"/>
      </Cam>
      <Cam Version="3" Group="0" Type="Animateable" StartCut="10.150000" TargetName="" duration="10.000000" DisableCSM="0" DisableCubemap="0" DisableCarRendering="0" CameraManShakeOn="0" CameraManShakeAngVelModOn="0" AutoZoomOn="0" TargetSmoothingOn="0" OverrideShakyCamParams="0" OverrideTargetSmoothingParams="0" AutoZoomScale="1.000000" AllowSeemlessTransition="0" ApplyMotionBlur="0" MirrorForRightHandDrive="0">
        <Anim PosAnimType="PartSpace" RotAnimType="CarSpace" TimeAnimType="AffectsPath" IsInCockpit="1" ConstVelCamSpeed="0.000000" EaseIn="0.000000" EaseOut="0.000000" ListenerPositionType="FollowFocusCar" NumKeys="70">
          <Key Time="0.000000" CarPart="steering" PosX="0.497297" PosY="0.200911" PosZ="-0.348457" Yaw="-28.740232" Pitch="4.731172" Roll="-16.135551" FOV="45.000000" TimeC0="0"/>
          <Key Time="0.100000" CarPart="steering" PosX="0.497297" PosY="0.200911" PosZ="-0.348457" Yaw="-28.563406" Pitch="6.403400" Roll="-15.391405" FOV="45.000000" TimeC0="0"/>
          <Key Time="0.167000" CarPart="steering" PosX="0.497297" PosY="0.200911" PosZ="-0.348457" Yaw="-28.456684" Pitch="7.378244" Roll="-16.127438" FOV="45.000000" TimeC0="0"/>
          <Key Time="0.367000" CarPart="steering" PosX="0.497297" PosY="0.200911" PosZ="-0.348457" Yaw="-28.296801" Pitch="6.051815" Roll="-16.147467" FOV="45.000000" TimeC0="0"/>
          <Key Time="0.534000" CarPart="steering" PosX="0.497297" PosY="0.200911" PosZ="-0.348457" Yaw="-28.311604" Pitch="7.344882" Roll="-17.856249" FOV="45.000000" TimeC0="0"/>
          <Key Time="0.834000" CarPart="steering" PosX="0.497297" PosY="0.200911" PosZ="-0.348457" Yaw="-27.796141" Pitch="4.716843" Roll="-15.993141" FOV="45.000000" TimeC0="0"/>
          <Key Time="1.001000" CarPart="steering" PosX="0.497297" PosY="0.200911" PosZ="-0.348457" Yaw="-28.141747" Pitch="8.890017" Roll="-16.147148" FOV="45.000000" TimeC0="0"/>
          <Key Time="1.168000" CarPart="steering" PosX="0.497297" PosY="0.200911" PosZ="-0.348457" Yaw="-28.170631" Pitch="3.753322" Roll="-16.329191" FOV="45.000000" TimeC0="0"/>
          <Key Time="1.368000" CarPart="steering" PosX="0.497297" PosY="0.200911" PosZ="-0.348457" Yaw="-28.862862" Pitch="4.686930" Roll="-16.405313" FOV="45.000000" TimeC0="0"/>
          <Key Time="1.635000" CarPart="steering" PosX="0.497297" PosY="0.200911" PosZ="-0.348457" Yaw="-28.686264" Pitch="2.041560" Roll="-16.453611" FOV="45.000000" TimeC0="0"/>
          <Key Time="1.769000" CarPart="steering" PosX="0.497297" PosY="0.200911" PosZ="-0.348457" Yaw="-28.530157" Pitch="-0.304120" Roll="-16.454283" FOV="45.000000" TimeC0="0"/>
          <Key Time="1.935000" CarPart="steering" PosX="0.497297" PosY="0.200911" PosZ="-0.348457" Yaw="-28.153988" Pitch="0.757780" Roll="-16.429384" FOV="45.000000" TimeC0="0"/>
          <Key Time="1.970000" CarPart="steering" PosX="0.497297" PosY="0.200911" PosZ="-0.348457" Yaw="-28.057617" Pitch="1.211842" Roll="-17.397091" FOV="45.000004" TimeC0="0"/>
          <Key Time="2.172000" CarPart="steering" PosX="0.497297" PosY="0.200911" PosZ="-0.348457" Yaw="-27.446558" Pitch="4.079568" Roll="-16.099417" FOV="45.000004" TimeC0="0"/>
          <Key Time="2.339000" CarPart="steering" PosX="0.497297" PosY="0.200911" PosZ="-0.348457" Yaw="-26.884682" Pitch="6.037725" Roll="-15.314084" FOV="45.000004" TimeC0="0"/>
          <Key Time="2.635999" CarPart="steering" PosX="0.497297" PosY="0.200911" PosZ="-0.348457" Yaw="-26.119246" Pitch="7.126467" Roll="-16.203619" FOV="45.000000" TimeC0="0"/>
          <Key Time="2.736999" CarPart="steering" PosX="0.497297" PosY="0.200911" PosZ="-0.348457" Yaw="-25.924250" Pitch="6.564427" Roll="-19.374643" FOV="45.000000" TimeC0="0"/>
          <Key Time="2.869999" CarPart="steering" PosX="0.497297" PosY="0.200911" PosZ="-0.348457" Yaw="-25.728163" Pitch="5.074785" Roll="-16.481745" FOV="45.000000" TimeC0="0"/>
          <Key Time="3.036999" CarPart="steering" PosX="0.497297" PosY="0.200911" PosZ="-0.348457" Yaw="-25.539923" Pitch="5.629025" Roll="-15.663453" FOV="45.000000" TimeC0="0"/>
          <Key Time="3.202999" CarPart="steering" PosX="0.497297" PosY="0.200911" PosZ="-0.348457" Yaw="-25.417612" Pitch="6.762059" Roll="-16.228943" FOV="45.000000" TimeC0="0"/>
          <Key Time="3.336999" CarPart="steering" PosX="0.497297" PosY="0.200911" PosZ="-0.348457" Yaw="-24.873102" Pitch="12.423564" Roll="-16.569994" FOV="44.999992" TimeC0="0"/>
          <Key Time="3.570998" CarPart="steering" PosX="0.497297" PosY="0.200911" PosZ="-0.348457" Yaw="-24.536081" Pitch="1.535584" Roll="-11.689572" FOV="44.999973" TimeC0="0"/>
          <Key Time="3.770998" CarPart="steering" PosX="0.497297" PosY="0.200911" PosZ="-0.348457" Yaw="-24.707754" Pitch="3.984919" Roll="-16.737925" FOV="44.999989" TimeC0="0"/>
          <Key Time="3.936998" CarPart="steering" PosX="0.497297" PosY="0.200911" PosZ="-0.348457" Yaw="-24.871689" Pitch="6.141654" Roll="-16.838112" FOV="44.999989" TimeC0="0"/>
          <Key Time="4.069998" CarPart="steering" PosX="0.497297" PosY="0.200911" PosZ="-0.348457" Yaw="-25.222046" Pitch="7.360715" Roll="-15.940897" FOV="44.999989" TimeC0="0"/>
          <Key Time="4.169998" CarPart="steering" PosX="0.497297" PosY="0.200911" PosZ="-0.348457" Yaw="-25.511023" Pitch="9.005862" Roll="-15.305121" FOV="44.999985" TimeC0="0"/>
          <Key Time="4.269998" CarPart="steering" PosX="0.497297" PosY="0.200911" PosZ="-0.348457" Yaw="-25.912342" Pitch="7.701891" Roll="-15.356744" FOV="44.999996" TimeC0="0"/>
          <Key Time="4.339998" CarPart="steering" PosX="0.497297" PosY="0.200911" PosZ="-0.348457" Yaw="-26.099840" Pitch="7.081747" Roll="-16.204571" FOV="45.000000" TimeC0="0"/>
          <Key Time="4.403998" CarPart="steering" PosX="0.497297" PosY="0.200911" PosZ="-0.348457" Yaw="-26.213821" Pitch="6.075762" Roll="-16.207792" FOV="45.000000" TimeC0="0"/>
          <Key Time="4.538998" CarPart="steering" PosX="0.497297" PosY="0.200911" PosZ="-0.348457" Yaw="-26.271717" Pitch="2.420835" Roll="-16.224775" FOV="42.940014" TimeC0="0"/>
          <Key Time="4.605998" CarPart="steering" PosX="0.497297" PosY="0.200911" PosZ="-0.348457" Yaw="-26.195980" Pitch="2.989411" Roll="-16.226259" FOV="40.000000" TimeC0="0"/>
          <Key Time="4.704998" CarPart="steering" PosX="0.497297" PosY="0.200911" PosZ="-0.348457" Yaw="-26.122898" Pitch="3.427984" Roll="-16.226694" FOV="40.000000" TimeC0="0"/>
          <Key Time="4.837997" CarPart="steering" PosX="0.497297" PosY="0.200911" PosZ="-0.348457" Yaw="-26.237457" Pitch="1.907023" Roll="-15.488082" FOV="40.000000" TimeC0="0"/>
          <Key Time="5.105997" CarPart="steering" PosX="0.497297" PosY="0.200911" PosZ="-0.348457" Yaw="-26.207855" Pitch="6.656757" Roll="-14.216669" FOV="40.000000" TimeC0="0"/>
          <Key Time="5.238997" CarPart="steering" PosX="0.497297" PosY="0.200911" PosZ="-0.348457" Yaw="-26.022615" Pitch="10.650054" Roll="-10.060333" FOV="39.999996" TimeC0="0"/>
          <Key Time="5.405997" CarPart="steering" PosX="0.497297" PosY="0.200911" PosZ="-0.348457" Yaw="-25.951675" Pitch="11.930576" Roll="-12.080544" FOV="40.000000" TimeC0="0"/>
          <Key Time="5.672997" CarPart="steering" PosX="0.497297" PosY="0.200911" PosZ="-0.348457" Yaw="-26.013708" Pitch="7.336456" Roll="-13.522867" FOV="40.000000" TimeC0="0"/>
          <Key Time="5.775996" CarPart="steering" PosX="0.497297" PosY="0.200911" PosZ="-0.348457" Yaw="-26.071793" Pitch="6.584664" Roll="-15.123481" FOV="40.000000" TimeC0="0"/>
          <Key Time="5.971996" CarPart="steering" PosX="0.497297" PosY="0.200911" PosZ="-0.348457" Yaw="-26.214359" Pitch="6.061122" Roll="-16.207872" FOV="40.000000" TimeC0="0"/>
          <Key Time="6.072996" CarPart="steering" PosX="0.497297" PosY="0.200911" PosZ="-0.348457" Yaw="-26.373220" Pitch="4.065684" Roll="-15.882124" FOV="40.000000" TimeC0="0"/>
          <Key Time="6.372996" CarPart="steering" PosX="0.497297" PosY="0.200911" PosZ="-0.348457" Yaw="-26.886946" Pitch="-1.382703" Roll="-18.512501" FOV="40.000000" TimeC0="0"/>
          <Key Time="6.438996" CarPart="steering" PosX="0.497297" PosY="0.200911" PosZ="-0.348457" Yaw="-26.986683" Pitch="-2.050891" Roll="-17.960247" FOV="40.000000" TimeC0="0"/>
          <Key Time="6.573996" CarPart="steering" PosX="0.497297" PosY="0.200911" PosZ="-0.348457" Yaw="-27.193262" Pitch="-4.466005" Roll="-17.956154" FOV="40.000000" TimeC0="0"/>
          <Key Time="6.839995" CarPart="steering" PosX="0.497297" PosY="0.200911" PosZ="-0.348457" Yaw="-27.497879" Pitch="-2.333184" Roll="-16.298672" FOV="40.000000" TimeC0="0"/>
          <Key Time="6.939995" CarPart="steering" PosX="0.497297" PosY="0.200911" PosZ="-0.348457" Yaw="-27.683008" Pitch="-4.172729" Roll="-15.098600" FOV="40.000000" TimeC0="0"/>
          <Key Time="7.006995" CarPart="steering" PosX="0.497297" PosY="0.200911" PosZ="-0.348457" Yaw="-27.690853" Pitch="-1.574587" Roll="-14.432889" FOV="40.000000" TimeC0="0"/>
          <Key Time="7.106995" CarPart="steering" PosX="0.497297" PosY="0.200911" PosZ="-0.348457" Yaw="-27.706038" Pitch="1.479363" Roll="-13.598378" FOV="40.000000" TimeC0="0"/>
          <Key Time="7.273995" CarPart="steering" PosX="0.497297" PosY="0.200911" PosZ="-0.348457" Yaw="-27.827442" Pitch="3.369313" Roll="-11.402152" FOV="40.000000" TimeC0="0"/>
          <Key Time="7.541995" CarPart="steering" PosX="0.497297" PosY="0.200911" PosZ="-0.348457" Yaw="-28.160189" Pitch="1.742431" Roll="-10.201487" FOV="40.000000" TimeC0="0"/>
          <Key Time="7.807994" CarPart="steering" PosX="0.497297" PosY="0.200911" PosZ="-0.348457" Yaw="-28.473310" Pitch="-0.329384" Roll="-11.920346" FOV="40.000000" TimeC0="0"/>
          <Key Time="7.940994" CarPart="steering" PosX="0.497297" PosY="0.200911" PosZ="-0.348457" Yaw="-28.617237" Pitch="-1.713629" Roll="-13.450233" FOV="40.000000" TimeC0="0"/>
          <Key Time="8.107995" CarPart="steering" PosX="0.497297" PosY="0.200911" PosZ="-0.348457" Yaw="-28.738068" Pitch="-1.237171" Roll="-13.287927" FOV="40.000000" TimeC0="0"/>
          <Key Time="8.174995" CarPart="steering" PosX="0.497297" PosY="0.200911" PosZ="-0.348457" Yaw="-28.777050" Pitch="-0.737878" Roll="-15.142109" FOV="40.000000" TimeC0="0"/>
          <Key Time="8.240995" CarPart="steering" PosX="0.497297" PosY="0.200911" PosZ="-0.348457" Yaw="-28.747690" Pitch="0.835078" Roll="-16.431871" FOV="40.000000" TimeC0="0"/>
          <Key Time="8.440996" CarPart="steering" PosX="0.497297" PosY="0.200911" PosZ="-0.348457" Yaw="-28.805584" Pitch="1.975191" Roll="-17.440729" FOV="40.000000" TimeC0="0"/>
          <Key Time="8.609998" CarPart="steering" PosX="0.497297" PosY="0.200911" PosZ="-0.348457" Yaw="-28.911072" Pitch="4.748072" Roll="-15.880414" FOV="40.000000" TimeC0="0"/>
          <Key Time="8.705997" CarPart="steering" PosX="0.497297" PosY="0.200911" PosZ="-0.348457" Yaw="-28.971870" Pitch="6.189687" Roll="-16.122087" FOV="40.000000" TimeC0="0"/>
          <Key Time="8.810999" CarPart="steering" PosX="0.497297" PosY="0.200911" PosZ="-0.348457" Yaw="-29.025988" Pitch="4.872182" Roll="-16.274029" FOV="40.000000" TimeC0="0"/>
          <Key Time="8.877999" CarPart="steering" PosX="0.497297" PosY="0.200911" PosZ="-0.348457" Yaw="-29.122972" Pitch="3.383425" Roll="-12.615155" FOV="40.000000" TimeC0="0"/>
          <Key Time="8.978000" CarPart="steering" PosX="0.497297" PosY="0.200911" PosZ="-0.348457" Yaw="-29.268875" Pitch="1.569623" Roll="-16.283794" FOV="40.000000" TimeC0="0"/>
          <Key Time="9.045000" CarPart="steering" PosX="0.497297" PosY="0.200911" PosZ="-0.348457" Yaw="-29.157927" Pitch="1.158331" Roll="-17.111040" FOV="40.000000" TimeC0="0"/>
          <Key Time="9.145000" CarPart="steering" PosX="0.497297" PosY="0.200911" PosZ="-0.348457" Yaw="-29.134686" Pitch="4.400930" Roll="-14.820807" FOV="40.000000" TimeC0="0"/>
          <Key Time="9.207999" CarPart="steering" PosX="0.497297" PosY="0.200911" PosZ="-0.348457" Yaw="-29.148804" Pitch="6.206136" Roll="-16.116577" FOV="40.000000" TimeC0="0"/>
          <Key Time="9.267001" CarPart="steering" PosX="0.497297" PosY="0.200911" PosZ="-0.348457" Yaw="-29.147875" Pitch="6.208032" Roll="-16.116602" FOV="40.000000" TimeC0="0"/>
          <Key Time="9.300001" CarPart="steering" PosX="0.497297" PosY="0.200911" PosZ="-0.348457" Yaw="-29.143585" Pitch="6.282421" Roll="-15.337169" FOV="40.000000" TimeC0="0"/>
          <Key Time="9.400002" CarPart="steering" PosX="0.497297" PosY="0.200911" PosZ="-0.348457" Yaw="-29.125751" Pitch="6.616235" Roll="-16.114473" FOV="40.000000" TimeC0="0"/>
          <Key Time="9.600000" CarPart="steering" PosX="0.497297" PosY="0.200911" PosZ="-0.348457" Yaw="-29.187429" Pitch="5.712203" Roll="-16.118633" FOV="45.000000" TimeC0="0"/>
          <Key Time="9.632999" CarPart="steering" PosX="0.497297" PosY="0.200911" PosZ="-0.348457" Yaw="-29.155136" Pitch="6.234324" Roll="-16.116240" FOV="45.000000" TimeC0="0"/>
          <Key Time="9.835002" CarPart="steering" PosX="0.497297" PosY="0.200911" PosZ="-0.348457" Yaw="-28.837866" Pitch="8.294581" Roll="-15.377267" FOV="45.000000" TimeC0="0"/>
          <Key Time="10.000000" CarPart="steering" PosX="0.497297" PosY="0.200911" PosZ="-0.348457" Yaw="-28.740305" Pitch="4.730994" Roll="-16.136002" FOV="45.000000" TimeC0="0"/>
        </Anim>
        <PostEffectsAnim DOFMode="Manual" MotionBlurAmount="0.000000" NumKeys="11">
          <Key Time="0.000000" FocalDistance="0.000000" FocalLength="5.000000" FocalMaxBlur="7.000000" Saturation="0.000000" Exposure="0.000000" Brightness="0.000000" Contrast="0.000000" Sepia="0.000000" Blur="0.000000" VignetteTopName="prepostrace" VignetteBottomName="prepostraceBottom"/>
          <Key Time="0.768000" FocalDistance="0.000000" FocalLength="5.000000" FocalMaxBlur="7.000000" Saturation="0.000000" Exposure="0.000000" Brightness="0.000000" Contrast="0.000000" Sepia="0.000000" Blur="0.000000" VignetteTopName="prepostrace" VignetteBottomName="prepostraceBottom"/>
          <Key Time="1.134000" FocalDistance="0.000000" FocalLength="0.050000" FocalMaxBlur="7.000000" Saturation="0.000000" Exposure="0.000000" Brightness="0.000000" Contrast="0.000000" Sepia="0.000000" Blur="0.000000" VignetteTopName="prepostrace" VignetteBottomName="prepostraceBottom"/>
          <Key Time="1.468000" FocalDistance="0.000000" FocalLength="5.000000" FocalMaxBlur="7.000000" Saturation="0.000000" Exposure="0.000000" Brightness="0.000000" Contrast="0.000000" Sepia="0.000000" Blur="0.000000" VignetteTopName="prepostrace" VignetteBottomName="prepostraceBottom"/>
          <Key Time="2.069000" FocalDistance="0.000000" FocalLength="5.000000" FocalMaxBlur="7.000000" Saturation="0.000000" Exposure="0.000000" Brightness="0.000000" Contrast="0.000000" Sepia="0.000000" Blur="0.000000" VignetteTopName="prepostrace" VignetteBottomName="prepostraceBottom"/>
          <Key Time="2.835999" FocalDistance="0.000000" FocalLength="0.050000" FocalMaxBlur="7.000000" Saturation="0.000000" Exposure="0.000000" Brightness="0.000000" Contrast="0.000000" Sepia="0.000000" Blur="0.000000" VignetteTopName="prepostrace" VignetteBottomName="prepostraceBottom"/>
          <Key Time="3.769998" FocalDistance="0.000000" FocalLength="5.000000" FocalMaxBlur="7.000000" Saturation="0.000000" Exposure="0.000000" Brightness="0.000000" Contrast="0.000000" Sepia="0.000000" Blur="0.000000" VignetteTopName="prepostrace" VignetteBottomName="prepostraceBottom"/>
          <Key Time="7.070995" FocalDistance="0.000000" FocalLength="5.000000" FocalMaxBlur="7.000000" Saturation="0.000000" Exposure="0.000000" Brightness="0.000000" Contrast="0.000000" Sepia="0.000000" Blur="0.000000" VignetteTopName="prepostrace" VignetteBottomName="prepostraceBottom"/>
          <Key Time="7.873994" FocalDistance="0.000000" FocalLength="5.000000" FocalMaxBlur="7.000000" Saturation="0.000000" Exposure="0.000000" Brightness="0.000000" Contrast="0.000000" Sepia="0.000000" Blur="0.000000" VignetteTopName="prepostrace" VignetteBottomName="prepostraceBottom"/>
          <Key Time="8.207995" FocalDistance="0.000000" FocalLength="0.200000" FocalMaxBlur="7.000000" Saturation="0.000000" Exposure="0.000000" Brightness="0.000000" Contrast="0.000000" Sepia="0.000000" Blur="0.000000" VignetteTopName="prepostrace" VignetteBottomName="prepostraceBottom"/>
          <Key Time="8.607997" FocalDistance="0.000000" FocalLength="5.000000" FocalMaxBlur="7.000000" Saturation="0.000000" Exposure="0.000000" Brightness="0.000000" Contrast="0.000000" Sepia="0.000000" Blur="0.000000" VignetteTopName="prepostrace" VignetteBottomName="prepostraceBottom"/>
        </PostEffectsAnim>
        <FadeInOptions Duration="0.000000"/>
        <FadeOutOptions Duration="0.000000"/>
        <CameraPhysics NumLayers="0"/>
        <CarPositioning CarPosition.x="0.000000" CarPosition.y="0.000000" CarPosition.z="0.000000" CarPosition.w="0.000000" CarYaw="0.000000" CarSteerAngle="0.000000"/>
        <DynamicLimiting JumpPredictionTime="0.000000" DynamicLimitCurrentZoneForward="0.000000" DynamicLimitNextZoneForward="0.000000"/>
      </Cam>
    </Cams>
    <Events>
      <Event time="0.000000">
        <EventTrigger name="" id="CCutsceneAudioTrigger" group="UIInGame/UI/Cutscenes" event="CS_FadeToBlackHeavy" timeLimit="-1.000000"/>
      </Event>
      <Event time="0.200000">
        <EventTrigger name="" id="CCutsceneAudioTrigger" group="UIInGame/UI/Cutscenes" event="CS_FlashMed" timeLimit="-1.000000"/>
      </Event>
      <Event time="10.150000">
        <EventTrigger name="" id="CCutsceneCountdownTrigger"/>
      </Event>
    </Events>
  </Cutscene>
  <Cutscene name="Cockpit_Cam_Steady_Activate" PlaybackMode="Looping" Duration="20.150000" MirrorForRightHandDrive="1" LoopFrom="10.150000">
    <Cams CutQueueType="Cutscene" NumCams="3">
      <Cam Version="3" Group="0" Type="Animateable" StartCut="0.000000" TargetName="" duration="0.150000" DisableCSM="0" DisableCubemap="0" DisableCarRendering="0" CameraManShakeOn="0" CameraManShakeAngVelModOn="0" AutoZoomOn="0" TargetSmoothingOn="0" OverrideShakyCamParams="0" OverrideTargetSmoothingParams="0" AutoZoomScale="1.000000" AllowSeemlessTransition="0" ApplyMotionBlur="0" MirrorForRightHandDrive="0">
        <Anim PosAnimType="PartSpace" RotAnimType="CarSpace" TimeAnimType="AffectsPath" IsInCockpit="1" ConstVelCamSpeed="0.000000" EaseIn="0.000000" EaseOut="0.000000" NumKeys="2">
          <Key Time="0.000000" CarPart="steering" PosX="0.497297" PosY="0.200911" PosZ="-0.348457" Yaw="-26.886942" Pitch="-1.382703" Roll="-18.512495" FOV="25.084702" TimeC0="0"/>
          <Key Time="0.150000" CarPart="steering" PosX="0.497297" PosY="0.200911" PosZ="-0.348457" Yaw="-26.223625" Pitch="5.992034" Roll="-16.207901" FOV="25.084702" TimeC0="0"/>
        </Anim>
        <PostEffectsAnim DOFMode="Manual" MotionBlurAmount="0.000000" NumKeys="1">
          <Key Time="0.000000" FocalDistance="0.000000" FocalLength="5.000000" FocalMaxBlur="7.000000" Saturation="0.000000" Exposure="0.000000" Brightness="0.000000" Contrast="0.000000" Sepia="0.000000" Blur="0.000000" VignetteTopName="" VignetteBottomName=""/>
        </PostEffectsAnim>
        <FadeInOptions Duration="0.000000"/>
        <FadeOutOptions Duration="0.000000"/>
        <CameraPhysics NumLayers="0"/>
        <CarPositioning CarPosition.x="0.000000" CarPosition.y="0.000000" CarPosition.z="0.000000" CarPosition.w="0.000000" CarYaw="0.000000" CarSteerAngle="0.000000"/>
        <DynamicLimiting JumpPredictionTime="0.000000" DynamicLimitCurrentZoneForward="0.000000" DynamicLimitNextZoneForward="0.000000"/>
      </Cam>
      <Cam Version="3" Group="0" Type="Animateable" StartCut="0.150000" TargetName="" duration="10.000000" DisableCSM="0" DisableCubemap="0" DisableCarRendering="0" CameraManShakeOn="0" CameraManShakeAngVelModOn="0" AutoZoomOn="0" TargetSmoothingOn="0" OverrideShakyCamParams="0" OverrideTargetSmoothingParams="0" AutoZoomScale="1.000000" AllowSeemlessTransition="0" ApplyMotionBlur="0" MirrorForRightHandDrive="0">
        <Anim PosAnimType="PartSpace" RotAnimType="CarSpace" TimeAnimType="AffectsPath" IsInCockpit="1" ConstVelCamSpeed="0.000000" EaseIn="0.000000" EaseOut="0.000000" NumKeys="24">
          <Key Time="0.000000" CarPart="steering" PosX="0.497297" PosY="0.200911" PosZ="-0.348457" Yaw="-28.740253" Pitch="4.731181" Roll="-16.135540" FOV="45.000000" TimeC0="0"/>
          <Key Time="0.100000" CarPart="steering" PosX="0.497297" PosY="0.200911" PosZ="-0.348457" Yaw="-28.563406" Pitch="6.403400" Roll="-15.391405" FOV="45.000000" TimeC0="0"/>
          <Key Time="0.167000" CarPart="steering" PosX="0.497297" PosY="0.200911" PosZ="-0.348457" Yaw="-28.456684" Pitch="7.378244" Roll="-16.127438" FOV="45.000000" TimeC0="0"/>
          <Key Time="0.367000" CarPart="steering" PosX="0.497297" PosY="0.200911" PosZ="-0.348457" Yaw="-28.296801" Pitch="6.051815" Roll="-16.147467" FOV="45.000000" TimeC0="0"/>
          <Key Time="0.752000" CarPart="steering" PosX="0.497086" PosY="0.200904" PosZ="-0.348398" Yaw="-27.927483" Pitch="8.038194" Roll="-14.674615" FOV="45.000000" TimeC0="0"/>
          <Key Time="0.968000" CarPart="steering" PosX="0.497103" PosY="0.200891" PosZ="-0.348426" Yaw="-27.719114" Pitch="7.234917" Roll="-16.195883" FOV="45.000000" TimeC0="0"/>
          <Key Time="1.168000" CarPart="steering" PosX="0.496932" PosY="0.200876" PosZ="-0.348347" Yaw="-27.515972" Pitch="7.573741" Roll="-15.430040" FOV="45.000000" TimeC0="0"/>
          <Key Time="2.069000" CarPart="steering" PosX="0.496443" PosY="0.200841" PosZ="-0.348152" Yaw="-26.337137" Pitch="9.873072" Roll="-13.902658" FOV="45.000000" TimeC0="0"/>
          <Key Time="2.636999" CarPart="steering" PosX="0.496295" PosY="0.200836" PosZ="-0.348130" Yaw="-25.652346" Pitch="9.638187" Roll="-14.717705" FOV="44.999996" TimeC0="0"/>
          <Key Time="3.637998" CarPart="steering" PosX="0.496260" PosY="0.200861" PosZ="-0.348342" Yaw="-25.277109" Pitch="9.036922" Roll="-15.099426" FOV="44.999996" TimeC0="0"/>
          <Key Time="4.136998" CarPart="steering" PosX="0.497063" PosY="0.200912" PosZ="-0.348433" Yaw="-25.779119" Pitch="9.044326" Roll="-16.032518" FOV="45.000000" TimeC0="0"/>
          <Key Time="4.240998" CarPart="steering" PosX="0.497204" PosY="0.200908" PosZ="-0.348457" Yaw="-25.935400" Pitch="8.234069" Roll="-16.144829" FOV="45.000000" TimeC0="0"/>
          <Key Time="4.704998" CarPart="steering" PosX="0.497297" PosY="0.200911" PosZ="-0.348457" Yaw="-26.122898" Pitch="3.427984" Roll="-16.226694" FOV="40.000000" TimeC0="0"/>
          <Key Time="4.837997" CarPart="steering" PosX="0.497297" PosY="0.200911" PosZ="-0.348457" Yaw="-26.237457" Pitch="1.907023" Roll="-15.488082" FOV="40.000000" TimeC0="0"/>
          <Key Time="5.338996" CarPart="steering" PosX="0.497103" PosY="0.200891" PosZ="-0.348426" Yaw="-26.692532" Pitch="-1.976812" Roll="-13.832623" FOV="39.999996" TimeC0="0"/>
          <Key Time="5.838996" CarPart="steering" PosX="0.496802" PosY="0.200859" PosZ="-0.348366" Yaw="-27.061438" Pitch="1.551944" Roll="-15.891128" FOV="39.999992" TimeC0="0"/>
          <Key Time="6.405995" CarPart="steering" PosX="0.496493" PosY="0.200832" PosZ="-0.348263" Yaw="-27.490864" Pitch="3.971529" Roll="-14.996823" FOV="39.999985" TimeC0="0"/>
          <Key Time="6.972995" CarPart="steering" PosX="0.496308" PosY="0.200807" PosZ="-0.348158" Yaw="-27.807762" Pitch="4.677203" Roll="-13.835140" FOV="39.999985" TimeC0="0"/>
          <Key Time="7.873994" CarPart="steering" PosX="0.496443" PosY="0.200826" PosZ="-0.348152" Yaw="-28.471491" Pitch="4.907105" Roll="-17.623812" FOV="39.999989" TimeC0="0"/>
          <Key Time="8.741999" CarPart="steering" PosX="0.496870" PosY="0.200871" PosZ="-0.348298" Yaw="-29.034319" Pitch="5.404005" Roll="-16.498152" FOV="39.999989" TimeC0="0"/>
          <Key Time="9.300001" CarPart="steering" PosX="0.497297" PosY="0.200911" PosZ="-0.348457" Yaw="-29.143585" Pitch="6.282421" Roll="-15.337169" FOV="40.000000" TimeC0="0"/>
          <Key Time="9.400002" CarPart="steering" PosX="0.497297" PosY="0.200911" PosZ="-0.348457" Yaw="-29.125751" Pitch="6.616235" Roll="-16.114473" FOV="40.000000" TimeC0="0"/>
          <Key Time="9.600000" CarPart="steering" PosX="0.497297" PosY="0.200911" PosZ="-0.348457" Yaw="-29.187429" Pitch="5.712203" Roll="-16.118633" FOV="45.000000" TimeC0="0"/>
          <Key Time="10.000000" CarPart="steering" PosX="0.497297" PosY="0.200911" PosZ="-0.348457" Yaw="-28.740305" Pitch="4.730994" Roll="-16.136002" FOV="45.000000" TimeC0="0"/>
        </Anim>
        <PostEffectsAnim DOFMode="Manual" MotionBlurAmount="0.000000" NumKeys="13">
          <Key Time="0.000000" FocalDistance="0.000000" FocalLength="5.000000" FocalMaxBlur="7.000000" Saturation="0.000000" Exposure="0.700000" Brightness="0.000000" Contrast="0.000000" Sepia="0.000000" Blur="0.000000" VignetteTopName="prepostrace" VignetteBottomName="prepostraceBottom"/>
          <Key Time="0.200000" FocalDistance="0.000000" FocalLength="5.000000" FocalMaxBlur="7.000000" Saturation="0.000000" Exposure="0.000000" Brightness="0.000000" Contrast="0.000000" Sepia="0.000000" Blur="0.000000" VignetteTopName="prepostrace" VignetteBottomName="prepostraceBottom"/>
          <Key Time="0.210000" FocalDistance="0.000000" FocalLength="5.000000" FocalMaxBlur="7.000000" Saturation="0.000000" Exposure="0.000000" Brightness="0.000000" Contrast="0.000000" Sepia="0.000000" Blur="0.000000" VignetteTopName="prepostrace" VignetteBottomName="prepostraceBottom"/>
          <Key Time="0.768000" FocalDistance="0.000000" FocalLength="5.000000" FocalMaxBlur="7.000000" Saturation="0.000000" Exposure="0.000000" Brightness="0.000000" Contrast="0.000000" Sepia="0.000000" Blur="0.000000" VignetteTopName="prepostrace" VignetteBottomName="prepostraceBottom"/>
          <Key Time="1.134000" FocalDistance="0.000000" FocalLength="0.050000" FocalMaxBlur="7.000000" Saturation="0.000000" Exposure="0.000000" Brightness="0.000000" Contrast="0.000000" Sepia="0.000000" Blur="0.000000" VignetteTopName="prepostrace" VignetteBottomName="prepostraceBottom"/>
          <Key Time="1.468000" FocalDistance="0.000000" FocalLength="5.000000" FocalMaxBlur="7.000000" Saturation="0.000000" Exposure="0.000000" Brightness="0.000000" Contrast="0.000000" Sepia="0.000000" Blur="0.000000" VignetteTopName="prepostrace" VignetteBottomName="prepostraceBottom"/>
          <Key Time="2.069000" FocalDistance="0.000000" FocalLength="5.000000" FocalMaxBlur="7.000000" Saturation="0.000000" Exposure="0.000000" Brightness="0.000000" Contrast="0.000000" Sepia="0.000000" Blur="0.000000" VignetteTopName="prepostrace" VignetteBottomName="prepostraceBottom"/>
          <Key Time="2.835999" FocalDistance="0.000000" FocalLength="0.050000" FocalMaxBlur="7.000000" Saturation="0.000000" Exposure="0.000000" Brightness="0.000000" Contrast="0.000000" Sepia="0.000000" Blur="0.000000" VignetteTopName="prepostrace" VignetteBottomName="prepostraceBottom"/>
          <Key Time="3.769998" FocalDistance="0.000000" FocalLength="5.000000" FocalMaxBlur="7.000000" Saturation="0.000000" Exposure="0.000000" Brightness="0.000000" Contrast="0.000000" Sepia="0.000000" Blur="0.000000" VignetteTopName="prepostrace" VignetteBottomName="prepostraceBottom"/>
          <Key Time="7.070995" FocalDistance="0.000000" FocalLength="5.000000" FocalMaxBlur="7.000000" Saturation="0.000000" Exposure="0.000000" Brightness="0.000000" Contrast="0.000000" Sepia="0.000000" Blur="0.000000" VignetteTopName="prepostrace" VignetteBottomName="prepostraceBottom"/>
          <Key Time="7.873994" FocalDistance="0.000000" FocalLength="5.000000" FocalMaxBlur="7.000000" Saturation="0.000000" Exposure="0.000000" Brightness="0.000000" Contrast="0.000000" Sepia="0.000000" Blur="0.000000" VignetteTopName="prepostrace" VignetteBottomName="prepostraceBottom"/>
          <Key Time="8.207995" FocalDistance="0.000000" FocalLength="0.200000" FocalMaxBlur="7.000000" Saturation="0.000000" Exposure="0.000000" Brightness="0.000000" Contrast="0.000000" Sepia="0.000000" Blur="0.000000" VignetteTopName="prepostrace" VignetteBottomName="prepostraceBottom"/>
          <Key Time="8.607997" FocalDistance="0.000000" FocalLength="5.000000" FocalMaxBlur="7.000000" Saturation="0.000000" Exposure="0.000000" Brightness="0.000000" Contrast="0.000000" Sepia="0.000000" Blur="0.000000" VignetteTopName="prepostrace" VignetteBottomName="prepostraceBottom"/>
        </PostEffectsAnim>
        <FadeInOptions Duration="0.000000"/>
        <FadeOutOptions Duration="0.000000"/>
        <CameraPhysics NumLayers="0"/>
        <CarPositioning CarPosition.x="0.000000" CarPosition.y="0.000000" CarPosition.z="0.000000" CarPosition.w="0.000000" CarYaw="0.000000" CarSteerAngle="0.000000"/>
        <DynamicLimiting JumpPredictionTime="0.000000" DynamicLimitCurrentZoneForward="0.000000" DynamicLimitNextZoneForward="0.000000"/>
      </Cam>
      <Cam Version="3" Group="0" Type="Animateable" StartCut="10.150000" TargetName="" duration="10.000000" DisableCSM="0" DisableCubemap="0" DisableCarRendering="0" CameraManShakeOn="0" CameraManShakeAngVelModOn="0" AutoZoomOn="0" TargetSmoothingOn="0" OverrideShakyCamParams="0" OverrideTargetSmoothingParams="0" AutoZoomScale="1.000000" AllowSeemlessTransition="0" ApplyMotionBlur="0" MirrorForRightHandDrive="0">
        <Anim PosAnimType="PartSpace" RotAnimType="CarSpace" TimeAnimType="AffectsPath" IsInCockpit="1" ConstVelCamSpeed="0.000000" EaseIn="0.000000" EaseOut="0.000000" NumKeys="23">
          <Key Time="0.000000" CarPart="steering" PosX="0.497297" PosY="0.200911" PosZ="-0.348457" Yaw="-28.740253" Pitch="4.731181" Roll="-16.135540" FOV="45.000000" TimeC0="0"/>
          <Key Time="0.367000" CarPart="steering" PosX="0.497217" PosY="0.200909" PosZ="-0.348485" Yaw="-28.264069" Pitch="5.282157" Roll="-16.144335" FOV="45.000000" TimeC0="0"/>
          <Key Time="0.968000" CarPart="steering" PosX="0.497103" PosY="0.200891" PosZ="-0.348426" Yaw="-27.719114" Pitch="7.234917" Roll="-16.195883" FOV="45.000000" TimeC0="0"/>
          <Key Time="1.168000" CarPart="steering" PosX="0.496932" PosY="0.200876" PosZ="-0.348347" Yaw="-27.515972" Pitch="7.573741" Roll="-15.430040" FOV="45.000000" TimeC0="0"/>
          <Key Time="2.069000" CarPart="steering" PosX="0.496443" PosY="0.200841" PosZ="-0.348152" Yaw="-26.337137" Pitch="9.873072" Roll="-13.902658" FOV="45.000000" TimeC0="0"/>
          <Key Time="2.636999" CarPart="steering" PosX="0.496295" PosY="0.200836" PosZ="-0.348130" Yaw="-25.652346" Pitch="9.638187" Roll="-14.717705" FOV="44.999996" TimeC0="0"/>
          <Key Time="3.637998" CarPart="steering" PosX="0.496260" PosY="0.200861" PosZ="-0.348342" Yaw="-25.277109" Pitch="9.036922" Roll="-15.099426" FOV="44.999996" TimeC0="0"/>
          <Key Time="4.136998" CarPart="steering" PosX="0.497063" PosY="0.200912" PosZ="-0.348433" Yaw="-25.779119" Pitch="9.044326" Roll="-16.032518" FOV="45.000000" TimeC0="0"/>
          <Key Time="4.240998" CarPart="steering" PosX="0.497204" PosY="0.200908" PosZ="-0.348457" Yaw="-25.935400" Pitch="8.234069" Roll="-16.144829" FOV="45.000000" TimeC0="0"/>
          <Key Time="4.605998" CarPart="steering" PosX="0.497297" PosY="0.200911" PosZ="-0.348457" Yaw="-26.195980" Pitch="2.989411" Roll="-16.226259" FOV="40.000000" TimeC0="0"/>
          <Key Time="4.704998" CarPart="steering" PosX="0.497297" PosY="0.200911" PosZ="-0.348457" Yaw="-26.122898" Pitch="3.427984" Roll="-16.226694" FOV="40.000000" TimeC0="0"/>
          <Key Time="4.837997" CarPart="steering" PosX="0.497297" PosY="0.200911" PosZ="-0.348457" Yaw="-26.237457" Pitch="1.907023" Roll="-15.488082" FOV="40.000000" TimeC0="0"/>
          <Key Time="4.937998" CarPart="steering" PosX="0.497211" PosY="0.200908" PosZ="-0.348471" Yaw="-26.327272" Pitch="0.826891" Roll="-14.984432" FOV="39.999996" TimeC0="0"/>
          <Key Time="5.338996" CarPart="steering" PosX="0.497056" PosY="0.200895" PosZ="-0.348419" Yaw="-26.450842" Pitch="5.315247" Roll="-13.814138" FOV="39.999992" TimeC0="0"/>
          <Key Time="5.838996" CarPart="steering" PosX="0.496802" PosY="0.200859" PosZ="-0.348366" Yaw="-27.061438" Pitch="1.551944" Roll="-15.891128" FOV="39.999992" TimeC0="0"/>
          <Key Time="6.405995" CarPart="steering" PosX="0.496493" PosY="0.200832" PosZ="-0.348263" Yaw="-27.490864" Pitch="3.971529" Roll="-14.996823" FOV="39.999985" TimeC0="0"/>
          <Key Time="6.972994" CarPart="steering" PosX="0.496267" PosY="0.200828" PosZ="-0.348150" Yaw="-27.870861" Pitch="5.335926" Roll="-13.275863" FOV="39.999981" TimeC0="0"/>
          <Key Time="7.709040" CarPart="steering" PosX="0.496384" PosY="0.200821" PosZ="-0.348118" Yaw="-28.352224" Pitch="4.862205" Roll="-15.374742" FOV="39.999985" TimeC0="0"/>
          <Key Time="8.741999" CarPart="steering" PosX="0.496858" PosY="0.200869" PosZ="-0.348271" Yaw="-29.034317" Pitch="5.404005" Roll="-13.593642" FOV="39.999985" TimeC0="0"/>
          <Key Time="9.300001" CarPart="steering" PosX="0.497297" PosY="0.200911" PosZ="-0.348457" Yaw="-29.143585" Pitch="6.282421" Roll="-15.337169" FOV="40.000000" TimeC0="0"/>
          <Key Time="9.400002" CarPart="steering" PosX="0.497297" PosY="0.200911" PosZ="-0.348457" Yaw="-29.125751" Pitch="6.616235" Roll="-16.114473" FOV="40.000000" TimeC0="0"/>
          <Key Time="9.600000" CarPart="steering" PosX="0.497297" PosY="0.200911" PosZ="-0.348457" Yaw="-29.187429" Pitch="5.712203" Roll="-16.118633" FOV="45.000000" TimeC0="0"/>
          <Key Time="10.000000" CarPart="steering" PosX="0.497297" PosY="0.200911" PosZ="-0.348457" Yaw="-28.740305" Pitch="4.730994" Roll="-16.136002" FOV="45.000000" TimeC0="0"/>
        </Anim>
        <PostEffectsAnim DOFMode="Manual" MotionBlurAmount="0.000000" NumKeys="13">
          <Key Time="0.000000" FocalDistance="0.000000" FocalLength="5.000000" FocalMaxBlur="7.000000" Saturation="0.000000" Exposure="0.000000" Brightness="0.000000" Contrast="0.000000" Sepia="0.000000" Blur="0.000000" VignetteTopName="prepostrace" VignetteBottomName="prepostraceBottom"/>
          <Key Time="0.200000" FocalDistance="0.000000" FocalLength="5.000000" FocalMaxBlur="7.000000" Saturation="0.000000" Exposure="0.000000" Brightness="0.000000" Contrast="0.000000" Sepia="0.000000" Blur="0.000000" VignetteTopName="prepostrace" VignetteBottomName="prepostraceBottom"/>
          <Key Time="0.210000" FocalDistance="0.000000" FocalLength="5.000000" FocalMaxBlur="7.000000" Saturation="0.000000" Exposure="0.000000" Brightness="0.000000" Contrast="0.000000" Sepia="0.000000" Blur="0.000000" VignetteTopName="prepostrace" VignetteBottomName="prepostraceBottom"/>
          <Key Time="0.768000" FocalDistance="0.000000" FocalLength="5.000000" FocalMaxBlur="7.000000" Saturation="0.000000" Exposure="0.000000" Brightness="0.000000" Contrast="0.000000" Sepia="0.000000" Blur="0.000000" VignetteTopName="prepostrace" VignetteBottomName="prepostraceBottom"/>
          <Key Time="1.134000" FocalDistance="0.000000" FocalLength="0.050000" FocalMaxBlur="7.000000" Saturation="0.000000" Exposure="0.000000" Brightness="0.000000" Contrast="0.000000" Sepia="0.000000" Blur="0.000000" VignetteTopName="prepostrace" VignetteBottomName="prepostraceBottom"/>
          <Key Time="1.468000" FocalDistance="0.000000" FocalLength="5.000000" FocalMaxBlur="7.000000" Saturation="0.000000" Exposure="0.000000" Brightness="0.000000" Contrast="0.000000" Sepia="0.000000" Blur="0.000000" VignetteTopName="prepostrace" VignetteBottomName="prepostraceBottom"/>
          <Key Time="2.069000" FocalDistance="0.000000" FocalLength="5.000000" FocalMaxBlur="7.000000" Saturation="0.000000" Exposure="0.000000" Brightness="0.000000" Contrast="0.000000" Sepia="0.000000" Blur="0.000000" VignetteTopName="prepostrace" VignetteBottomName="prepostraceBottom"/>
          <Key Time="2.835999" FocalDistance="0.000000" FocalLength="0.050000" FocalMaxBlur="7.000000" Saturation="0.000000" Exposure="0.000000" Brightness="0.000000" Contrast="0.000000" Sepia="0.000000" Blur="0.000000" VignetteTopName="prepostrace" VignetteBottomName="prepostraceBottom"/>
          <Key Time="3.769998" FocalDistance="0.000000" FocalLength="5.000000" FocalMaxBlur="7.000000" Saturation="0.000000" Exposure="0.000000" Brightness="0.000000" Contrast="0.000000" Sepia="0.000000" Blur="0.000000" VignetteTopName="prepostrace" VignetteBottomName="prepostraceBottom"/>
          <Key Time="7.070995" FocalDistance="0.000000" FocalLength="5.000000" FocalMaxBlur="7.000000" Saturation="0.000000" Exposure="0.000000" Brightness="0.000000" Contrast="0.000000" Sepia="0.000000" Blur="0.000000" VignetteTopName="prepostrace" VignetteBottomName="prepostraceBottom"/>
          <Key Time="7.873994" FocalDistance="0.000000" FocalLength="5.000000" FocalMaxBlur="7.000000" Saturation="0.000000" Exposure="0.000000" Brightness="0.000000" Contrast="0.000000" Sepia="0.000000" Blur="0.000000" VignetteTopName="prepostrace" VignetteBottomName="prepostraceBottom"/>
          <Key Time="8.207995" FocalDistance="0.000000" FocalLength="0.200000" FocalMaxBlur="7.000000" Saturation="0.000000" Exposure="0.000000" Brightness="0.000000" Contrast="0.000000" Sepia="0.000000" Blur="0.000000" VignetteTopName="prepostrace" VignetteBottomName="prepostraceBottom"/>
          <Key Time="8.607997" FocalDistance="0.000000" FocalLength="5.000000" FocalMaxBlur="7.000000" Saturation="0.000000" Exposure="0.000000" Brightness="0.000000" Contrast="0.000000" Sepia="0.000000" Blur="0.000000" VignetteTopName="prepostrace" VignetteBottomName="prepostraceBottom"/>
        </PostEffectsAnim>
        <FadeInOptions Duration="0.000000"/>
        <FadeOutOptions Duration="0.000000"/>
        <CameraPhysics NumLayers="0"/>
        <CarPositioning CarPosition.x="0.000000" CarPosition.y="0.000000" CarPosition.z="0.000000" CarPosition.w="0.000000" CarYaw="0.000000" CarSteerAngle="0.000000"/>
        <DynamicLimiting JumpPredictionTime="0.000000" DynamicLimitCurrentZoneForward="0.000000" DynamicLimitNextZoneForward="0.000000"/>
      </Cam>
    </Cams>
    <Events>
      <Event time="0.000000">
        <EventTrigger name="" id="CCutsceneAudioTrigger" group="UIInGame/UI/Cutscenes" event="CS_FadeToBlackHeavy" timeLimit="-1.000000"/>
      </Event>
      <Event time="0.200000">
        <EventTrigger name="" id="CCutsceneAudioTrigger" group="UIInGame/UI/Cutscenes" event="CS_FlashMed" timeLimit="-1.000000"/>
      </Event>
      <Event time="10.150000">
        <EventTrigger name="" id="CCutsceneCountdownTrigger"/>
      </Event>
    </Events>
  </Cutscene>
<!--  <Cutscene name="NEW_nemesis_reveal_TEST" PlaybackMode="Looping" Duration="14.300000" MirrorForRightHandDrive="0" LoopFrom="4.300000">
    <Cams CutQueueType="Cutscene" NumCams="4">
      <Cam Version="3" Group="0" Type="Animateable" StartCut="0.000000" TargetName="" duration="0.150000" DisableCSM="1" DisableCubemap="1" DisableCarRendering="0" CameraManShakeOn="0" CameraManShakeAngVelModOn="0" AutoZoomOn="0" TargetSmoothingOn="0" OverrideShakyCamParams="0" OverrideTargetSmoothingParams="0" AutoZoomScale="1.000000" AllowSeemlessTransition="0" ApplyMotionBlur="0" MirrorForRightHandDrive="0">
        <Anim PosAnimType="CarSpace" RotAnimType="CarSpace" TimeAnimType="AffectsPath" IsInCockpit="0" ConstVelCamSpeed="0.000000" EaseIn="0.000000" EaseOut="0.000000" NumKeys="2">
          <Key Time="0.000000" PosX="0.582334" PosY="0.318246" PosZ="7.121859" Yaw="179.999222" Pitch="1.643742" Roll="-0.074131" FOV="8.299996" TimeC0="0"/>
          <Key Time="0.150000" PosX="-0.582775" PosY="0.305987" PosZ="7.121486" Yaw="-179.999969" Pitch="1.628365" Roll="0.000770" FOV="8.299996" TimeC0="0"/>
        </Anim>
        <PostEffectsAnim DOFMode="Manual" MotionBlurAmount="0.000000" NumKeys="2">
          <Key Time="0.000000" FocalDistance="2.500000" FocalLength="3.000000" FocalMaxBlur="3.500000" Saturation="0.000000" Exposure="0.300000" Brightness="0.000000" Contrast="0.000000" Sepia="0.000000" Blur="0.000000" VignetteTopName="" VignetteBottomName=""/>
          <Key Time="0.150000" FocalDistance="2.500000" FocalLength="3.000000" FocalMaxBlur="3.500000" Saturation="0.000000" Exposure="0.300000" Brightness="0.000000" Contrast="0.000000" Sepia="0.000000" Blur="0.000000" VignetteTopName="" VignetteBottomName=""/>
        </PostEffectsAnim>
        <FadeInOptions Duration="0.000000"/>
        <FadeOutOptions Duration="0.000000"/>
        <CameraPhysics NumLayers="0"/>
        <CarPositioning CarPosition.x="0.000000" CarPosition.y="0.000000" CarPosition.z="0.000000" CarPosition.w="0.000000" CarYaw="0.000000" CarSteerAngle="0.000000"/>
        <DynamicLimiting JumpPredictionTime="0.000000" DynamicLimitCurrentZoneForward="0.000000" DynamicLimitNextZoneForward="0.000000"/>
      </Cam>
      <Cam Version="3" Group="0" Type="Animateable" StartCut="0.150000" TargetName="" duration="0.150000" DisableCSM="1" DisableCubemap="1" DisableCarRendering="0" CameraManShakeOn="0" CameraManShakeAngVelModOn="0" AutoZoomOn="0" TargetSmoothingOn="0" OverrideShakyCamParams="0" OverrideTargetSmoothingParams="0" AutoZoomScale="1.000000" AllowSeemlessTransition="0" ApplyMotionBlur="0" MirrorForRightHandDrive="0">
        <Anim PosAnimType="CarSpace" RotAnimType="CarSpace" TimeAnimType="AffectsPath" IsInCockpit="0" ConstVelCamSpeed="0.000000" EaseIn="0.000000" EaseOut="0.000000" NumKeys="2">
          <Key Time="0.000000" PosX="-4.346735" PosY="0.126488" PosZ="1.385722" Yaw="90.000000" Pitch="-1.343646" Roll="0.000000" FOV="17.373451" TimeC0="0"/>
          <Key Time="0.150000" PosX="-4.346735" PosY="0.126488" PosZ="-1.385722" Yaw="90.000000" Pitch="-1.343646" Roll="0.000000" FOV="17.373451" TimeC0="0"/>
        </Anim>
        <PostEffectsAnim DOFMode="Manual" MotionBlurAmount="0.000000" NumKeys="2">
          <Key Time="0.000000" FocalDistance="5.500000" FocalLength="7.000000" FocalMaxBlur="2.500000" Saturation="0.000000" Exposure="0.300000" Brightness="0.000000" Contrast="0.000000" Sepia="0.000000" Blur="0.000000" VignetteTopName="" VignetteBottomName=""/>
          <Key Time="0.150000" FocalDistance="5.500000" FocalLength="7.000000" FocalMaxBlur="2.500000" Saturation="0.000000" Exposure="0.300000" Brightness="0.000000" Contrast="0.000000" Sepia="0.000000" Blur="0.000000" VignetteTopName="" VignetteBottomName=""/>
        </PostEffectsAnim>
        <FadeInOptions Duration="0.000000"/>
        <FadeOutOptions Duration="0.000000"/>
        <CameraPhysics NumLayers="0"/>
        <CarPositioning CarPosition.x="0.000000" CarPosition.y="0.000000" CarPosition.z="0.000000" CarPosition.w="0.000000" CarYaw="0.000000" CarSteerAngle="0.000000"/>
        <DynamicLimiting JumpPredictionTime="0.000000" DynamicLimitCurrentZoneForward="0.000000" DynamicLimitNextZoneForward="0.000000"/>
      </Cam>
      <Cam Version="3" Group="0" Type="Animateable" StartCut="0.300000" TargetName="" duration="4.000000" DisableCSM="1" DisableCubemap="1" DisableCarRendering="0" CameraManShakeOn="0" CameraManShakeAngVelModOn="0" AutoZoomOn="0" TargetSmoothingOn="0" OverrideShakyCamParams="0" OverrideTargetSmoothingParams="0" AutoZoomScale="1.000000" AllowSeemlessTransition="0" ApplyMotionBlur="0" MirrorForRightHandDrive="0">
        <Anim PosAnimType="PartSpace" RotAnimType="CarSpace" TimeAnimType="AffectsPath" IsInCockpit="0" ConstVelCamSpeed="0.000000" EaseIn="0.000000" EaseOut="0.000000" NumKeys="17">
          <Key Time="0.000000" CarPart="headlightR" PosX="0.436848" PosY="0.224263" PosZ="0.801258" Yaw="-142.782166" Pitch="-0.466236" Roll="-9.592842" FOV="46.232998" TimeC0="0"/>
          <Key Time="0.334000" CarPart="headlightR" PosX="0.571502" PosY="0.237845" PosZ="1.039960" Yaw="-144.105103" Pitch="3.075392" Roll="-7.549433" FOV="46.232994" TimeC0="0"/>
          <Key Time="0.501000" CarPart="headlightR" PosX="0.641380" PosY="0.244871" PosZ="1.163686" Yaw="-144.778915" Pitch="4.581735" Roll="-5.192914" FOV="46.232986" TimeC0="0"/>
          <Key Time="0.701000" CarPart="headlightR" PosX="0.724973" PosY="0.253301" PosZ="1.311971" Yaw="-145.576096" Pitch="6.381719" Roll="-3.816478" FOV="46.232990" TimeC0="0"/>
          <Key Time="0.835000" CarPart="headlightR" PosX="0.780075" PosY="0.258843" PosZ="1.409590" Yaw="-146.129272" Pitch="8.085981" Roll="-3.146309" FOV="46.232986" TimeC0="0"/>
          <Key Time="0.902000" CarPart="headlightR" PosX="0.805351" PosY="0.264650" PosZ="1.454768" Yaw="-146.344055" Pitch="8.703077" Roll="-2.079768" FOV="46.232983" TimeC0="0"/>
          <Key Time="1.336000" CarPart="headlightR" PosX="0.937809" PosY="0.282232" PosZ="1.694386" Yaw="-146.797485" Pitch="9.610703" Roll="-2.293316" FOV="46.232975" TimeC0="0"/>
          <Key Time="1.436000" CarPart="headlightR" PosX="0.962280" PosY="0.289471" PosZ="1.740054" Yaw="-146.723633" Pitch="9.731405" Roll="-2.929795" FOV="46.232967" TimeC0="0"/>
          <Key Time="1.802000" CarPart="headlightR" PosX="1.036155" PosY="0.301929" PosZ="1.879161" Yaw="-145.887543" Pitch="9.491996" Roll="-1.768655" FOV="46.232971" TimeC0="0"/>
          <Key Time="2.202000" CarPart="headlightR" PosX="1.095910" PosY="0.330402" PosZ="1.997959" Yaw="-144.140076" Pitch="10.289328" Roll="-0.229220" FOV="46.232956" TimeC0="0"/>
          <Key Time="2.470999" CarPart="headlightR" PosX="1.124770" PosY="0.352066" PosZ="2.058984" Yaw="-142.935410" Pitch="10.151885" Roll="1.049345" FOV="46.232952" TimeC0="0"/>
          <Key Time="2.769999" CarPart="headlightR" PosX="1.149800" PosY="0.365970" PosZ="2.114204" Yaw="-141.858047" Pitch="10.197515" Roll="2.107311" FOV="46.232952" TimeC0="0"/>
          <Key Time="3.069999" CarPart="headlightR" PosX="1.170871" PosY="0.376687" PosZ="2.162478" Yaw="-141.096512" Pitch="10.108671" Roll="2.022545" FOV="46.232956" TimeC0="0"/>
          <Key Time="3.437998" CarPart="headlightR" PosX="1.191339" PosY="0.395606" PosZ="2.213357" Yaw="-141.009491" Pitch="10.914254" Roll="1.811892" FOV="46.232960" TimeC0="0"/>
          <Key Time="3.537998" CarPart="headlightR" PosX="1.196826" PosY="0.396160" PosZ="2.226456" Yaw="-141.065521" Pitch="11.080351" Roll="2.753949" FOV="46.232967" TimeC0="0"/>
          <Key Time="3.800998" CarPart="headlightR" PosX="1.209250" PosY="0.415283" PosZ="2.259674" Yaw="-141.305435" Pitch="10.741491" Roll="2.137442" FOV="46.232964" TimeC0="0"/>
          <Key Time="4.000000" CarPart="headlightR" PosX="1.209759" PosY="0.405599" PosZ="2.259887" Yaw="-141.350327" Pitch="11.282891" Roll="2.893422" FOV="46.232971" TimeC0="0"/>
        </Anim>
        <PostEffectsAnim DOFMode="Manual" MotionBlurAmount="0.000000" NumKeys="7">
          <Key Time="0.000000" FocalDistance="5.000000" FocalLength="5.000000" FocalMaxBlur="7.000000" Saturation="0.000000" Exposure="0.500000" Brightness="0.000000" Contrast="0.000000" Sepia="0.000000" Blur="0.000000" VignetteTopName="" VignetteBottomName=""/>
          <Key Time="0.150000" FocalDistance="5.000000" FocalLength="5.000000" FocalMaxBlur="7.000000" Saturation="0.000000" Exposure="0.000000" Brightness="0.000000" Contrast="0.000000" Sepia="0.000000" Blur="0.000000" VignetteTopName="" VignetteBottomName=""/>
          <Key Time="0.834000" FocalDistance="5.000000" FocalLength="5.000000" FocalMaxBlur="7.000000" Saturation="0.000000" Exposure="0.000000" Brightness="0.000000" Contrast="0.000000" Sepia="0.000000" Blur="0.000000" VignetteTopName="" VignetteBottomName=""/>
          <Key Time="0.967000" FocalDistance="5.000000" FocalLength="5.000000" FocalMaxBlur="7.000000" Saturation="0.000000" Exposure="0.000000" Brightness="0.000000" Contrast="0.000000" Sepia="0.000000" Blur="0.000000" VignetteTopName="" VignetteBottomName=""/>
          <Key Time="1.601000" FocalDistance="1.450000" FocalLength="5.000000" FocalMaxBlur="2.000000" Saturation="0.000000" Exposure="0.000000" Brightness="0.000000" Contrast="0.000000" Sepia="0.000000" Blur="0.000000" VignetteTopName="" VignetteBottomName=""/>
          <Key Time="2.636999" FocalDistance="1.450000" FocalLength="5.000000" FocalMaxBlur="2.000000" Saturation="0.000000" Exposure="0.000000" Brightness="0.000000" Contrast="0.000000" Sepia="0.000000" Blur="0.000000" VignetteTopName="" VignetteBottomName=""/>
          <Key Time="3.536998" FocalDistance="1.450000" FocalLength="5.000000" FocalMaxBlur="2.000000" Saturation="0.000000" Exposure="0.000000" Brightness="0.000000" Contrast="0.000000" Sepia="0.000000" Blur="0.000000" VignetteTopName="" VignetteBottomName=""/>
        </PostEffectsAnim>
        <FadeInOptions Duration="0.000000"/>
        <FadeOutOptions Duration="0.000000"/>
        <CameraPhysics NumLayers="0"/>
        <CarPositioning CarPosition.x="0.000000" CarPosition.y="0.000000" CarPosition.z="0.000000" CarPosition.w="0.000000" CarYaw="0.000000" CarSteerAngle="0.000000"/>
        <DynamicLimiting JumpPredictionTime="0.000000" DynamicLimitCurrentZoneForward="0.000000" DynamicLimitNextZoneForward="0.000000"/>
      </Cam>
      <Cam Version="3" Group="0" Type="Animateable" StartCut="4.300000" TargetName="" duration="10.000000" DisableCSM="1" DisableCubemap="1" DisableCarRendering="0" CameraManShakeOn="0" CameraManShakeAngVelModOn="0" AutoZoomOn="0" TargetSmoothingOn="0" OverrideShakyCamParams="0" OverrideTargetSmoothingParams="0" AutoZoomScale="1.000000" AllowSeemlessTransition="0" ApplyMotionBlur="0" MirrorForRightHandDrive="0">
        <Anim PosAnimType="PartSpace" RotAnimType="CarSpace" TimeAnimType="AffectsPath" IsInCockpit="0" ConstVelCamSpeed="0.000000" EaseIn="0.000000" EaseOut="0.000000" NumKeys="19">
          <Key Time="0.000000" CarPart="headlightR" PosX="1.209759" PosY="0.405599" PosZ="2.259887" Yaw="-141.350327" Pitch="11.282891" Roll="2.893422" FOV="46.232971" TimeC0="0"/>
          <Key Time="0.400997" CarPart="headlightR" PosX="1.208516" PosY="0.422079" PosZ="2.259759" Yaw="-141.328781" Pitch="12.565106" Roll="2.070612" FOV="46.232952" TimeC0="0"/>
          <Key Time="0.899996" CarPart="headlightR" PosX="1.207089" PosY="0.442519" PosZ="2.259613" Yaw="-141.332291" Pitch="12.680476" Roll="1.948963" FOV="46.232937" TimeC0="0"/>
          <Key Time="1.099996" CarPart="headlightR" PosX="1.206962" PosY="0.444662" PosZ="2.259608" Yaw="-141.334900" Pitch="12.525794" Roll="0.929828" FOV="46.232929" TimeC0="0"/>
          <Key Time="1.566996" CarPart="headlightR" PosX="1.206350" PosY="0.454273" PosZ="2.259572" Yaw="-141.344833" Pitch="11.764353" Roll="0.161510" FOV="46.232918" TimeC0="0"/>
          <Key Time="1.871996" CarPart="headlightR" PosX="1.206370" PosY="0.455847" PosZ="2.259382" Yaw="-141.352753" Pitch="11.824148" Roll="0.107517" FOV="46.232918" TimeC0="0"/>
          <Key Time="2.634995" CarPart="headlightR" PosX="1.205926" PosY="0.470272" PosZ="2.258850" Yaw="-141.349289" Pitch="11.598516" Roll="-0.302089" FOV="46.232906" TimeC0="0"/>
          <Key Time="3.539994" CarPart="headlightR" PosX="1.204948" PosY="0.476365" PosZ="2.259180" Yaw="-141.344360" Pitch="12.732470" Roll="-0.675169" FOV="46.232899" TimeC0="0"/>
          <Key Time="4.237996" CarPart="headlightR" PosX="1.204637" PosY="0.482097" PosZ="2.258974" Yaw="-141.322998" Pitch="12.624626" Roll="-1.312368" FOV="46.232891" TimeC0="0"/>
          <Key Time="4.703998" CarPart="headlightR" PosX="1.204663" PosY="0.482920" PosZ="2.259033" Yaw="-141.309753" Pitch="12.581611" Roll="-1.703795" FOV="46.232891" TimeC0="0"/>
          <Key Time="5.075000" CarPart="headlightR" PosX="1.204968" PosY="0.477373" PosZ="2.259112" Yaw="-141.294739" Pitch="12.277880" Roll="-0.336192" FOV="46.232895" TimeC0="0"/>
          <Key Time="5.539001" CarPart="headlightR" PosX="1.204500" PosY="0.477680" PosZ="2.259472" Yaw="-141.273529" Pitch="11.336944" Roll="0.482936" FOV="46.232895" TimeC0="0"/>
          <Key Time="6.310005" CarPart="headlightR" PosX="1.204440" PosY="0.467948" PosZ="2.260040" Yaw="-141.293259" Pitch="11.951059" Roll="-0.287112" FOV="46.232903" TimeC0="0"/>
          <Key Time="6.839006" CarPart="headlightR" PosX="1.204618" PosY="0.465694" PosZ="2.260237" Yaw="-141.318375" Pitch="12.079519" Roll="-0.723733" FOV="46.232906" TimeC0="0"/>
          <Key Time="6.973007" CarPart="headlightR" PosX="1.204828" PosY="0.460615" PosZ="2.260253" Yaw="-141.321442" Pitch="12.045236" Roll="0.140081" FOV="46.232910" TimeC0="0"/>
          <Key Time="7.912012" CarPart="headlightR" PosX="1.206519" PosY="0.442014" PosZ="2.260089" Yaw="-141.324005" Pitch="11.420616" Roll="1.303745" FOV="46.232929" TimeC0="0"/>
          <Key Time="8.575014" CarPart="headlightR" PosX="1.207354" PosY="0.433462" PosZ="2.259887" Yaw="-141.266174" Pitch="9.734156" Roll="1.479517" FOV="46.232941" TimeC0="0"/>
          <Key Time="9.599998" CarPart="headlightR" PosX="1.209352" PosY="0.412046" PosZ="2.259740" Yaw="-141.266220" Pitch="10.139849" Roll="2.097779" FOV="46.232964" TimeC0="0"/>
          <Key Time="10.000000" CarPart="headlightR" PosX="1.209759" PosY="0.405599" PosZ="2.259887" Yaw="-141.350327" Pitch="11.282891" Roll="2.893422" FOV="46.232971" TimeC0="0"/>
        </Anim>
        <PostEffectsAnim DOFMode="Manual" MotionBlurAmount="0.000000" NumKeys="1">
          <Key Time="0.000000" FocalDistance="2.000000" FocalLength="5.000000" FocalMaxBlur="3.000000" Saturation="0.000000" Exposure="0.000000" Brightness="0.000000" Contrast="0.000000" Sepia="0.000000" Blur="0.000000" VignetteTopName="" VignetteBottomName=""/>
        </PostEffectsAnim>
        <FadeInOptions Duration="0.000000"/>
        <FadeOutOptions Duration="0.000000"/>
        <CameraPhysics NumLayers="0"/>
        <CarPositioning CarPosition.x="0.000000" CarPosition.y="0.000000" CarPosition.z="0.000000" CarPosition.w="0.000000" CarYaw="0.000000" CarSteerAngle="0.000000"/>
        <DynamicLimiting JumpPredictionTime="0.000000" DynamicLimitCurrentZoneForward="0.000000" DynamicLimitNextZoneForward="0.000000"/>
      </Cam>
    </Cams>
    <Events>
      <Event time="0.000000">
        <EventTrigger name="PlacePlayerCar_0" id="CCutscenePlaceCarTrigger" x="1631.053711" y="121.771751" z="-1785.623047" rotation="33.363754" parent="" snapToGround="0" timeTillRelease="0.000000" initialSpeed="0.000000"/>
      </Event>
      <Event time="0.000000">
        <EventTrigger name="HideAllCars" id="CCutsceneShowDriverTrigger" Hide="1" AllDrivers="1" CarID="-1"/>
      </Event>
      <Event time="0.000000">
        <EventTrigger name="Nemesis_Ramona_idle_01A_0" id="CCutsceneAnimationTrigger" filename="AnimatedObjects\Nemesis_Ramona_idle_01A.pgeo" animname="Nemesis_Ramona_idle_01A" idle_animname="" loop="1" duration="0.000000" IdleAnimStart="0.000000" draw_distance="0.000000" x="-25.934082" y="1.420319" z="-72.183960" rotation="31.703472" parent="PlayerCarNode" snapToGround="0"/>
      </Event>
    </Events>
  </Cutscene>  
  -->
</CutsceneManager>

</CutsceneManager>

</CutsceneManager>

</CutsceneManager>
