<CutsceneManager>
	<Cutscene name="intro" looping="false">
        <Cams CutQueueType="Time" NumCams="2">
            <Cam Group="0" Type="Animateable" StartCut="0.000000" CameraManShakeOn="0" AutoZoomOn="0" AutoZoomScale="1.000000">
				<Anim PosAnimType="CarSpace" RotAnimType="CarSpace" TimeAnimType="AffectsPath" IsInCockpit="0" ConstVelCamSpeed="0.000000" EaseIn="0.000000" EaseOut="0.000000" NumKeys="3">
					<Key Time="0.000000" PosX="-19.838821" PosY="-1.253271" PosZ="30.020985" Yaw="-204.664597" Pitch="-3.040855" Roll="0.665902" FOV="4.833995" TimeC0="0"/>
					<Key Time="2.000000" PosX="-14.971261" PosY="-1.208007" PosZ="32.959473" Yaw="-204.664597" Pitch="-3.040855" Roll="0.665902" FOV="4.833995" TimeC0="0"/>
					<Key Time="4.500000" PosX="-9.000631" PosY="-1.156480" PosZ="36.381695" Yaw="-195.965103" Pitch="-3.039321" Roll="0.665902" FOV="4.833995" TimeC0="0"/>					
				</Anim>
				<PostEffectsAnim DOFMode="Off" MotionBlurAmount="0.00000" NumKeys="0" />
				<FadeInOptions Duration="2.0" HoldDuration="0.000000" CurveType="S" Color.x="0.000000" Color.y="0.000000" Color.z="0.000000" Color.w="1.000000"/>
				<FadeOutOptions Duration="0.0" HoldDuration="0.000000" CurveType="S" Color.x="0.000000" Color.y="0.000000" Color.z="0.000000" Color.w="1.000000"/>
				<CameraPhysics NumLayers="2">
					<Layer Enabled="1" InputType="ConstantOne" NoiseType="HeightGrid" OutputType="CarSpaceYPROffset" InputTakeDerivative="0" InputMagAttackDecay="0" InputToNoiseFreqMapping="Linear" NoiseFreq="1.200001" NoiseSeed="0.650000" NoiseOutputRangeMin="-0.100001" NoiseOutputRangeMax="0.150000" InputToParamMapping="Linear" Param.x="-0.000000" Param.y="3.299997" Param.z="0.000000" Param.w="0.000000" Sprung="0"/>
					<Layer Enabled="1" InputType="ConstantOne" NoiseType="HeightGrid" OutputType="CarSpaceYPROffset" InputTakeDerivative="0" InputMagAttackDecay="0" InputToNoiseFreqMapping="Linear" NoiseFreq="0.700000" NoiseSeed="2.250000" NoiseOutputRangeMin="-0.400000" NoiseOutputRangeMax="1.100000" InputToParamMapping="Linear" Param.x="1.200000" Param.y="0.010000" Param.z="0.010000" Param.w="0.000000" Sprung="1" SpringK="10.000000" SpringDPercent="1.581139"/>
				</CameraPhysics>
				<CarPositioning CarPosition.x="0.000000" CarPosition.y="0.000000" CarPosition.z="0.000000" CarPosition.w="0.000000" CarYaw="0.000000" CarSteerAngle="0.000000"/>
			</Cam>
            <Cam Group="0" Type="Animateable" StartCut="4.500000" CameraManShakeOn="0" AutoZoomOn="0" AutoZoomScale="1.000000">
				<Anim PosAnimType="CarSpace" RotAnimType="CarSpace" TimeAnimType="AffectsPath" IsInCockpit="0" ConstVelCamSpeed="0.000000" EaseIn="0.000000" EaseOut="1.00000" NumKeys="2">
					<Key Time="0.000000" PosX="4.398272" PosY="-0.135682" PosZ="-4.548040" Yaw="-37.181622" Pitch="-9.955605" Roll="0.813376" FOV="35.000000" TimeC0="0"/>
					<Key Time="3.500000" PosX="1.691157" PosY="-0.113508" PosZ="-5.747344" Yaw="-26.663445" Pitch="-10.424966" Roll="0.813376" FOV="35.000000" TimeC0="0"/>
				</Anim>
				<PostEffectsAnim DOFMode="Off" MotionBlurAmount="0.00000" NumKeys="0" />
				<FadeInOptions Duration="2.0" HoldDuration="0.000000" CurveType="S" Color.x="0.000000" Color.y="0.000000" Color.z="0.000000" Color.w="1.000000"/>
				<FadeOutOptions Duration="0.0" HoldDuration="0.000000" CurveType="S" Color.x="0.000000" Color.y="0.000000" Color.z="0.000000" Color.w="1.000000"/>
				<CameraPhysics NumLayers="2">
					<Layer Enabled="1" InputType="ConstantOne" NoiseType="HeightGrid" OutputType="CarSpaceYPROffset" InputTakeDerivative="0" InputMagAttackDecay="0" InputToNoiseFreqMapping="Linear" NoiseFreq="1.200001" NoiseSeed="0.650000" NoiseOutputRangeMin="-0.100001" NoiseOutputRangeMax="0.150000" InputToParamMapping="Linear" Param.x="-0.000000" Param.y="3.299997" Param.z="0.000000" Param.w="0.000000" Sprung="0"/>
					<Layer Enabled="1" InputType="ConstantOne" NoiseType="HeightGrid" OutputType="CarSpaceYPROffset" InputTakeDerivative="0" InputMagAttackDecay="0" InputToNoiseFreqMapping="Linear" NoiseFreq="0.700000" NoiseSeed="2.250000" NoiseOutputRangeMin="-0.400000" NoiseOutputRangeMax="1.100000" InputToParamMapping="Linear" Param.x="1.200000" Param.y="0.010000" Param.z="0.010000" Param.w="0.000000" Sprung="1" SpringK="10.000000" SpringDPercent="1.581139"/>
				</CameraPhysics>
				<CarPositioning CarPosition.x="0.000000" CarPosition.y="0.000000" CarPosition.z="0.000000" CarPosition.w="0.000000" CarYaw="0.000000" CarSteerAngle="0.000000"/>
			</Cam>
				
		</Cams>
	</Cutscene>
	
	<Cutscene name="photo_mission">
        <Cams CutQueueType="Time" NumCams="3">
            <Cam Group="0" Type="Animateable" StartCut="0.000000" CameraManShakeOn="0" AutoZoomOn="0" AutoZoomScale="1.000000">
				<Anim PosAnimType="WorldSpace" RotAnimType="WorldSpace" TimeAnimType="AffectsPath" IsInCockpit="0" ConstVelCamSpeed="0.000000" EaseIn="0.100000" EaseOut="0.000000" NumKeys="2">
					<Key Time="0.000000" PosX="-532.161316" PosY="-42.408588" PosZ="-383.131042" Yaw="-39.260994" Pitch="-21.645407" Roll="0.0" FOV="45.000000" TimeC0="0"/>
					<Key Time="4.000000" PosX="-532.161316" PosY="-42.408588" PosZ="-383.131042" Yaw="-4.961235" Pitch="-20.6438090" Roll="0.0" FOV="45.000000" TimeC0="0"/>
				</Anim>
				<PostEffectsAnim DOFMode="Off" MotionBlurAmount="0.00000" NumKeys="0" />
				<FadeInOptions Duration="1.0" HoldDuration="0.000000" CurveType="S" Color.x="0.000000" Color.y="0.000000" Color.z="0.000000" Color.w="1.000000"/>
				<FadeOutOptions Duration="1.0" HoldDuration="0.000000" CurveType="S" Color.x="0.000000" Color.y="0.000000" Color.z="0.000000" Color.w="1.000000"/>
				<CameraPhysics NumLayers="2">
					<Layer Enabled="1" InputType="ConstantOne" NoiseType="HeightGrid" OutputType="CarSpaceYPROffset" InputTakeDerivative="0" InputMagAttackDecay="0" InputToNoiseFreqMapping="Linear" NoiseFreq="1.200001" NoiseSeed="0.650000" NoiseOutputRangeMin="-0.100001" NoiseOutputRangeMax="0.150000" InputToParamMapping="Linear" Param.x="-0.000000" Param.y="3.299997" Param.z="0.000000" Param.w="0.000000" Sprung="0"/>
					<Layer Enabled="1" InputType="ConstantOne" NoiseType="HeightGrid" OutputType="CarSpaceYPROffset" InputTakeDerivative="0" InputMagAttackDecay="0" InputToNoiseFreqMapping="Linear" NoiseFreq="0.700000" NoiseSeed="2.250000" NoiseOutputRangeMin="-0.400000" NoiseOutputRangeMax="1.100000" InputToParamMapping="Linear" Param.x="1.200000" Param.y="0.010000" Param.z="0.010000" Param.w="0.000000" Sprung="1" SpringK="10.000000" SpringDPercent="1.581139"/>
				</CameraPhysics>
				<CarPositioning CarPosition.x="0.000000" CarPosition.y="0.000000" CarPosition.z="0.000000" CarPosition.w="0.000000" CarYaw="0.000000" CarSteerAngle="0.000000"/>
			</Cam>
			<Cam Group="0" Type="Animateable" StartCut="4.000000" CameraManShakeOn="0" AutoZoomOn="0" AutoZoomScale="1.000000">
				<Anim PosAnimType="WorldSpace" RotAnimType="WorldSpace" TimeAnimType="AffectsPath" IsInCockpit="0" ConstVelCamSpeed="0.000000" EaseIn="0.000000" EaseOut="0.000000" NumKeys="2">
					<Key Time="0.000000" PosX="-530.065301" PosY="-41.861183" PosZ="-378.171692" Yaw="248.226563" Pitch="-9.475834" Roll="3.007134" FOV="43.004364" TimeC0="0"/>
					<Key Time="7.000000" PosX="-531.083435" PosY="-41.847885" PosZ="-377.308472" Yaw="247.554581" Pitch="-9.480115" Roll="3.007134" FOV="43.004364" TimeC0="0"/>
				</Anim>
				<PostEffectsAnim DOFMode="Off" MotionBlurAmount="0.00000" NumKeys="0" />
				<FadeInOptions Duration="1.0" HoldDuration="0.000000" CurveType="S" Color.x="0.000000" Color.y="0.000000" Color.z="0.000000" Color.w="1.000000"/>
				<FadeOutOptions Duration="1.0" HoldDuration="0.000000" CurveType="S" Color.x="0.000000" Color.y="0.000000" Color.z="0.000000" Color.w="1.000000"/>
				<CameraPhysics NumLayers="2">
					<Layer Enabled="1" InputType="ConstantOne" NoiseType="HeightGrid" OutputType="CarSpaceYPROffset" InputTakeDerivative="0" InputMagAttackDecay="0" InputToNoiseFreqMapping="Linear" NoiseFreq="1.200001" NoiseSeed="0.650000" NoiseOutputRangeMin="-0.100001" NoiseOutputRangeMax="0.150000" InputToParamMapping="Linear" Param.x="-0.000000" Param.y="3.299997" Param.z="0.000000" Param.w="0.000000" Sprung="0"/>
					<Layer Enabled="1" InputType="ConstantOne" NoiseType="HeightGrid" OutputType="CarSpaceYPROffset" InputTakeDerivative="0" InputMagAttackDecay="0" InputToNoiseFreqMapping="Linear" NoiseFreq="0.700000" NoiseSeed="2.250000" NoiseOutputRangeMin="-0.400000" NoiseOutputRangeMax="1.100000" InputToParamMapping="Linear" Param.x="1.200000" Param.y="0.010000" Param.z="0.010000" Param.w="0.000000" Sprung="1" SpringK="10.000000" SpringDPercent="1.581139"/>
				</CameraPhysics>
				<CarPositioning CarPosition.x="0.000000" CarPosition.y="0.000000" CarPosition.z="0.000000" CarPosition.w="0.000000" CarYaw="0.000000" CarSteerAngle="0.000000"/>
			</Cam>
		<Cam Group="0" Type="Animateable" StartCut="7.500000" CameraManShakeOn="0" AutoZoomOn="0" AutoZoomScale="1.000000">
				<Anim PosAnimType="WorldSpace" RotAnimType="WorldSpace" TimeAnimType="AffectsPath" IsInCockpit="0" ConstVelCamSpeed="0.000000" EaseIn="0.000000" EaseOut="0.500000" NumKeys="2">
					<Key Time="0.000000" PosX="-535.129700" PosY="-41.896881" PosZ="-371.701447" Yaw="172.099762" Pitch="-3.990201" Roll="3.632311" FOV="25.024269" TimeC0="0"/>
					<Key Time="5.000000" PosX="-536.753296" PosY="-41.890705" PosZ="-372.132446" Yaw="162.094040" Pitch="-4.013875" Roll="3.632311" FOV="25.024269" TimeC0="0"/>
				</Anim>
				<PostEffectsAnim DOFMode="Off" MotionBlurAmount="0.00000" NumKeys="0" />
				<FadeInOptions Duration="1.0" HoldDuration="0.000000" CurveType="S" Color.x="0.000000" Color.y="0.000000" Color.z="0.000000" Color.w="1.000000"/>
				<FadeOutOptions Duration="1.0" HoldDuration="0.000000" CurveType="S" Color.x="0.000000" Color.y="0.000000" Color.z="0.000000" Color.w="1.000000"/>
				<CameraPhysics NumLayers="2">
					<Layer Enabled="1" InputType="ConstantOne" NoiseType="HeightGrid" OutputType="CarSpaceYPROffset" InputTakeDerivative="0" InputMagAttackDecay="0" InputToNoiseFreqMapping="Linear" NoiseFreq="1.200001" NoiseSeed="0.650000" NoiseOutputRangeMin="-0.100001" NoiseOutputRangeMax="0.150000" InputToParamMapping="Linear" Param.x="-0.000000" Param.y="3.299997" Param.z="0.000000" Param.w="0.000000" Sprung="0"/>
					<Layer Enabled="1" InputType="ConstantOne" NoiseType="HeightGrid" OutputType="CarSpaceYPROffset" InputTakeDerivative="0" InputMagAttackDecay="0" InputToNoiseFreqMapping="Linear" NoiseFreq="0.700000" NoiseSeed="2.250000" NoiseOutputRangeMin="-0.400000" NoiseOutputRangeMax="1.100000" InputToParamMapping="Linear" Param.x="1.200000" Param.y="0.010000" Param.z="0.010000" Param.w="0.000000" Sprung="1" SpringK="10.000000" SpringDPercent="1.581139"/>
				</CameraPhysics>
				<CarPositioning CarPosition.x="0.000000" CarPosition.y="0.000000" CarPosition.z="0.000000" CarPosition.w="0.000000" CarYaw="0.000000" CarSteerAngle="0.000000"/>
			</Cam>
		</Cams>
	</Cutscene>

    <Cutscene name="workshop_01" looping="true" >
        <Cams CutQueueType="Time" NumCams="3">
            <Cam Group="0" Type="Animateable" StartCut="0.000000" CameraManShakeOn="0" AutoZoomOn="0" AutoZoomScale="1.000000">
                <Anim PosAnimType="WorldSpace" RotAnimType="WorldSpace" TimeAnimType="AffectsPath" IsInCockpit="0" ConstVelCamSpeed="0.000000" EaseIn="0.100000" EaseOut="0.000000" NumKeys="2">
                    <Key Time="0.000000" PosX="-532.161316" PosY="-42.408588" PosZ="-383.131042" Yaw="-39.260994" Pitch="-21.645407" Roll="0.0" FOV="45.000000" TimeC0="0"/>
                    <Key Time="4.000000" PosX="-532.161316" PosY="-42.408588" PosZ="-383.131042" Yaw="-4.961235" Pitch="-20.6438090" Roll="0.0" FOV="45.000000" TimeC0="0"/>
                </Anim>
                <PostEffectsAnim DOFMode="Off" MotionBlurAmount="0.00000" NumKeys="0" />
                <FadeInOptions Duration="1.0" HoldDuration="0.000000" CurveType="S" Color.x="0.000000" Color.y="0.000000" Color.z="0.000000" Color.w="1.000000"/>
                <FadeOutOptions Duration="1.0" HoldDuration="0.000000" CurveType="S" Color.x="0.000000" Color.y="0.000000" Color.z="0.000000" Color.w="1.000000"/>
                <CameraPhysics NumLayers="2">
                    <Layer Enabled="1" InputType="ConstantOne" NoiseType="HeightGrid" OutputType="CarSpaceYPROffset" InputTakeDerivative="0" InputMagAttackDecay="0" InputToNoiseFreqMapping="Linear" NoiseFreq="1.200001" NoiseSeed="0.650000" NoiseOutputRangeMin="-0.100001" NoiseOutputRangeMax="0.150000" InputToParamMapping="Linear" Param.x="-0.000000" Param.y="3.299997" Param.z="0.000000" Param.w="0.000000" Sprung="0"/>
                    <Layer Enabled="1" InputType="ConstantOne" NoiseType="HeightGrid" OutputType="CarSpaceYPROffset" InputTakeDerivative="0" InputMagAttackDecay="0" InputToNoiseFreqMapping="Linear" NoiseFreq="0.700000" NoiseSeed="2.250000" NoiseOutputRangeMin="-0.400000" NoiseOutputRangeMax="1.100000" InputToParamMapping="Linear" Param.x="1.200000" Param.y="0.010000" Param.z="0.010000" Param.w="0.000000" Sprung="1" SpringK="10.000000" SpringDPercent="1.581139"/>
                </CameraPhysics>
                <CarPositioning CarPosition.x="0.000000" CarPosition.y="0.000000" CarPosition.z="0.000000" CarPosition.w="0.000000" CarYaw="0.000000" CarSteerAngle="0.000000"/>
            </Cam>
            <Cam Group="0" Type="Animateable" StartCut="4.000000" CameraManShakeOn="0" AutoZoomOn="0" AutoZoomScale="1.000000">
                <Anim PosAnimType="WorldSpace" RotAnimType="WorldSpace" TimeAnimType="AffectsPath" IsInCockpit="0" ConstVelCamSpeed="0.000000" EaseIn="0.000000" EaseOut="0.000000" NumKeys="2">
                    <Key Time="0.000000" PosX="-530.065301" PosY="-41.861183" PosZ="-378.171692" Yaw="248.226563" Pitch="-9.475834" Roll="3.007134" FOV="43.004364" TimeC0="0"/>
                    <Key Time="7.000000" PosX="-531.083435" PosY="-41.847885" PosZ="-377.308472" Yaw="247.554581" Pitch="-9.480115" Roll="3.007134" FOV="43.004364" TimeC0="0"/>
                </Anim>
                <PostEffectsAnim DOFMode="Off" MotionBlurAmount="0.00000" NumKeys="0" />
                <FadeInOptions Duration="1.0" HoldDuration="0.000000" CurveType="S" Color.x="0.000000" Color.y="0.000000" Color.z="0.000000" Color.w="1.000000"/>
                <FadeOutOptions Duration="1.0" HoldDuration="0.000000" CurveType="S" Color.x="0.000000" Color.y="0.000000" Color.z="0.000000" Color.w="1.000000"/>
                <CameraPhysics NumLayers="2">
                    <Layer Enabled="1" InputType="ConstantOne" NoiseType="HeightGrid" OutputType="CarSpaceYPROffset" InputTakeDerivative="0" InputMagAttackDecay="0" InputToNoiseFreqMapping="Linear" NoiseFreq="1.200001" NoiseSeed="0.650000" NoiseOutputRangeMin="-0.100001" NoiseOutputRangeMax="0.150000" InputToParamMapping="Linear" Param.x="-0.000000" Param.y="3.299997" Param.z="0.000000" Param.w="0.000000" Sprung="0"/>
                    <Layer Enabled="1" InputType="ConstantOne" NoiseType="HeightGrid" OutputType="CarSpaceYPROffset" InputTakeDerivative="0" InputMagAttackDecay="0" InputToNoiseFreqMapping="Linear" NoiseFreq="0.700000" NoiseSeed="2.250000" NoiseOutputRangeMin="-0.400000" NoiseOutputRangeMax="1.100000" InputToParamMapping="Linear" Param.x="1.200000" Param.y="0.010000" Param.z="0.010000" Param.w="0.000000" Sprung="1" SpringK="10.000000" SpringDPercent="1.581139"/>
                </CameraPhysics>
                <CarPositioning CarPosition.x="0.000000" CarPosition.y="0.000000" CarPosition.z="0.000000" CarPosition.w="0.000000" CarYaw="0.000000" CarSteerAngle="0.000000"/>
            </Cam>
            <Cam Group="0" Type="Animateable" StartCut="7.500000" CameraManShakeOn="0" AutoZoomOn="0" AutoZoomScale="1.000000">
                <Anim PosAnimType="WorldSpace" RotAnimType="WorldSpace" TimeAnimType="AffectsPath" IsInCockpit="0" ConstVelCamSpeed="0.000000" EaseIn="0.000000" EaseOut="0.500000" NumKeys="2">
                    <Key Time="0.000000" PosX="-535.129700" PosY="-41.896881" PosZ="-371.701447" Yaw="172.099762" Pitch="-3.990201" Roll="3.632311" FOV="25.024269" TimeC0="0"/>
                    <Key Time="5.000000" PosX="-536.753296" PosY="-41.890705" PosZ="-372.132446" Yaw="162.094040" Pitch="-4.013875" Roll="3.632311" FOV="25.024269" TimeC0="0"/>
                </Anim>
                <PostEffectsAnim DOFMode="Off" MotionBlurAmount="0.00000" NumKeys="0" />
                <FadeInOptions Duration="1.0" HoldDuration="0.000000" CurveType="S" Color.x="0.000000" Color.y="0.000000" Color.z="0.000000" Color.w="1.000000"/>
                <FadeOutOptions Duration="1.0" HoldDuration="0.000000" CurveType="S" Color.x="0.000000" Color.y="0.000000" Color.z="0.000000" Color.w="1.000000"/>
                <CameraPhysics NumLayers="2">
                    <Layer Enabled="1" InputType="ConstantOne" NoiseType="HeightGrid" OutputType="CarSpaceYPROffset" InputTakeDerivative="0" InputMagAttackDecay="0" InputToNoiseFreqMapping="Linear" NoiseFreq="1.200001" NoiseSeed="0.650000" NoiseOutputRangeMin="-0.100001" NoiseOutputRangeMax="0.150000" InputToParamMapping="Linear" Param.x="-0.000000" Param.y="3.299997" Param.z="0.000000" Param.w="0.000000" Sprung="0"/>
                    <Layer Enabled="1" InputType="ConstantOne" NoiseType="HeightGrid" OutputType="CarSpaceYPROffset" InputTakeDerivative="0" InputMagAttackDecay="0" InputToNoiseFreqMapping="Linear" NoiseFreq="0.700000" NoiseSeed="2.250000" NoiseOutputRangeMin="-0.400000" NoiseOutputRangeMax="1.100000" InputToParamMapping="Linear" Param.x="1.200000" Param.y="0.010000" Param.z="0.010000" Param.w="0.000000" Sprung="1" SpringK="10.000000" SpringDPercent="1.581139"/>
                </CameraPhysics>
                <CarPositioning CarPosition.x="0.000000" CarPosition.y="0.000000" CarPosition.z="0.000000" CarPosition.w="0.000000" CarYaw="0.000000" CarSteerAngle="0.000000"/>
            </Cam>
        </Cams>
    </Cutscene>

    <Cutscene name="info_point">
        <Cams CutQueueType="Time" NumCams="3">
            <Cam Group="0" Type="Animateable" StartCut="0.000000" CameraManShakeOn="0" AutoZoomOn="0" AutoZoomScale="1.000000">
                <Anim PosAnimType="WorldSpace" RotAnimType="WorldSpace" TimeAnimType="AffectsPath" IsInCockpit="0" ConstVelCamSpeed="0.000000" EaseIn="0.100000" EaseOut="0.000000" NumKeys="2">
                    <Key Time="0.000000" PosX="180.860241" PosY="29.499830" PosZ="705.654114" Yaw="26.217983" Pitch="-4.212220" Roll="-0.000000" FOV="41.161407" TimeC0="0"/>
                    <Key Time="5.000000" PosX="180.860241" PosY="35.638737" PosZ="705.654114" Yaw="26.217983" Pitch="-4.212220" Roll="-0.000000" FOV="41.161407" TimeC0="0"/>
                </Anim>
				<PostEffectsAnim DOFMode="Off" MotionBlurAmount="0.00000" NumKeys="0" />
				<FadeInOptions Duration="1.0" HoldDuration="0.000000" CurveType="S" Color.x="0.000000" Color.y="0.000000" Color.z="0.000000" Color.w="1.000000"/>
				<FadeOutOptions Duration="1.0" HoldDuration="0.000000" CurveType="S" Color.x="0.000000" Color.y="0.000000" Color.z="0.000000" Color.w="1.000000"/>
                <CameraPhysics NumLayers="2">
                    <Layer Enabled="1" InputType="ConstantOne" NoiseType="HeightGrid" OutputType="CarSpaceYPROffset" InputTakeDerivative="0" InputMagAttackDecay="0" InputToNoiseFreqMapping="Linear" NoiseFreq="1.200001" NoiseSeed="0.650000" NoiseOutputRangeMin="-0.100001" NoiseOutputRangeMax="0.150000" InputToParamMapping="Linear" Param.x="-0.000000" Param.y="3.299997" Param.z="0.000000" Param.w="0.000000" Sprung="0"/>
                    <Layer Enabled="1" InputType="ConstantOne" NoiseType="HeightGrid" OutputType="CarSpaceYPROffset" InputTakeDerivative="0" InputMagAttackDecay="0" InputToNoiseFreqMapping="Linear" NoiseFreq="0.700000" NoiseSeed="2.250000" NoiseOutputRangeMin="-0.400000" NoiseOutputRangeMax="1.100000" InputToParamMapping="Linear" Param.x="1.200000" Param.y="0.010000" Param.z="0.010000" Param.w="0.000000" Sprung="1" SpringK="10.000000" SpringDPercent="1.581139"/>
                </CameraPhysics>
                <CarPositioning CarPosition.x="0.000000" CarPosition.y="0.000000" CarPosition.z="0.000000" CarPosition.w="0.000000" CarYaw="0.000000" CarSteerAngle="0.000000"/>
            </Cam>
            <Cam Group="0" Type="Animateable" StartCut="4.000000" CameraManShakeOn="0" AutoZoomOn="0" AutoZoomScale="1.000000">
                <Anim PosAnimType="WorldSpace" RotAnimType="WorldSpace" TimeAnimType="AffectsPath" IsInCockpit="0" ConstVelCamSpeed="0.000000" EaseIn="0.000000" EaseOut="0.000000" NumKeys="2">
                    <Key Time="0.000000" PosX="344.968384" PosY="28.770760" PosZ="851.821777" Yaw="215.882706" Pitch="-17.978048" Roll="-0.000000" FOV="49.206940" TimeC0="0"/>
                    <Key Time="4.000000" PosX="341.524017" PosY="28.910328" PosZ="843.129150" Yaw="239.054047" Pitch="-26.617290" Roll="-0.000001" FOV="49.206940" TimeC0="0"/>
                </Anim>
				<PostEffectsAnim DOFMode="Off" MotionBlurAmount="0.00000" NumKeys="0" />
				<FadeInOptions Duration="1.0" HoldDuration="0.000000" CurveType="S" Color.x="0.000000" Color.y="0.000000" Color.z="0.000000" Color.w="1.000000"/>
				<FadeOutOptions Duration="1.0" HoldDuration="0.000000" CurveType="S" Color.x="0.000000" Color.y="0.000000" Color.z="0.000000" Color.w="1.000000"/>
                <CameraPhysics NumLayers="2">
                    <Layer Enabled="1" InputType="ConstantOne" NoiseType="HeightGrid" OutputType="CarSpaceYPROffset" InputTakeDerivative="0" InputMagAttackDecay="0" InputToNoiseFreqMapping="Linear" NoiseFreq="1.200001" NoiseSeed="0.650000" NoiseOutputRangeMin="-0.100001" NoiseOutputRangeMax="0.150000" InputToParamMapping="Linear" Param.x="-0.000000" Param.y="3.299997" Param.z="0.000000" Param.w="0.000000" Sprung="0"/>
                    <Layer Enabled="1" InputType="ConstantOne" NoiseType="HeightGrid" OutputType="CarSpaceYPROffset" InputTakeDerivative="0" InputMagAttackDecay="0" InputToNoiseFreqMapping="Linear" NoiseFreq="0.700000" NoiseSeed="2.250000" NoiseOutputRangeMin="-0.400000" NoiseOutputRangeMax="1.100000" InputToParamMapping="Linear" Param.x="1.200000" Param.y="0.010000" Param.z="0.010000" Param.w="0.000000" Sprung="1" SpringK="10.000000" SpringDPercent="1.581139"/>
                </CameraPhysics>
                <CarPositioning CarPosition.x="0.000000" CarPosition.y="0.000000" CarPosition.z="0.000000" CarPosition.w="0.000000" CarYaw="0.000000" CarSteerAngle="0.000000"/>
            </Cam>
            <Cam Group="0" Type="Animateable" StartCut="8.000000" CameraManShakeOn="0" AutoZoomOn="0" AutoZoomScale="1.000000">
                <Anim PosAnimType="WorldSpace" RotAnimType="WorldSpace" TimeAnimType="AffectsPath" IsInCockpit="0" ConstVelCamSpeed="0.000000" EaseIn="0.000000" EaseOut="1.000000" NumKeys="2">
                    <Key Time="0.000000" PosX="180.602966" PosY="30.225258" PosZ="821.370789" Yaw="126.357780" Pitch="-21.142824" Roll="-0.000001" FOV="41.161407" TimeC0="0"/>
                    <Key Time="3.500000" PosX="180.602966" PosY="27.066950" PosZ="821.370789" Yaw="99.382256" Pitch="-11.084800" Roll="-0.000000" FOV="41.161407" TimeC0="0"/>
                </Anim>
				<PostEffectsAnim DOFMode="Off" MotionBlurAmount="0.00000" NumKeys="0" />
				<FadeInOptions Duration="1.0" HoldDuration="0.000000" CurveType="S" Color.x="0.000000" Color.y="0.000000" Color.z="0.000000" Color.w="1.000000"/>
				<FadeOutOptions Duration="1.0" HoldDuration="0.000000" CurveType="S" Color.x="0.000000" Color.y="0.000000" Color.z="0.000000" Color.w="1.000000"/>
                <CameraPhysics NumLayers="2">
                    <Layer Enabled="1" InputType="ConstantOne" NoiseType="HeightGrid" OutputType="CarSpaceYPROffset" InputTakeDerivative="0" InputMagAttackDecay="0" InputToNoiseFreqMapping="Linear" NoiseFreq="1.200001" NoiseSeed="0.650000" NoiseOutputRangeMin="-0.100001" NoiseOutputRangeMax="0.150000" InputToParamMapping="Linear" Param.x="-0.000000" Param.y="3.299997" Param.z="0.000000" Param.w="0.000000" Sprung="0"/>
                    <Layer Enabled="1" InputType="ConstantOne" NoiseType="HeightGrid" OutputType="CarSpaceYPROffset" InputTakeDerivative="0" InputMagAttackDecay="0" InputToNoiseFreqMapping="Linear" NoiseFreq="0.700000" NoiseSeed="2.250000" NoiseOutputRangeMin="-0.400000" NoiseOutputRangeMax="1.100000" InputToParamMapping="Linear" Param.x="1.200000" Param.y="0.010000" Param.z="0.010000" Param.w="0.000000" Sprung="1" SpringK="10.000000" SpringDPercent="1.581139"/>
                </CameraPhysics>
                <CarPositioning CarPosition.x="0.000000" CarPosition.y="0.000000" CarPosition.z="0.000000" CarPosition.w="0.000000" CarYaw="0.000000" CarSteerAngle="0.000000"/>
            </Cam>
		</Cams>
	</Cutscene>
	
	<Cutscene name="damage_repair_01">
		<Cams CutQueueType="Time" NumCams="3">
			<Cam Group="0" Type="Animateable" StartCut="0.000000" CameraManShakeOn="0" AutoZoomOn="0" AutoZoomScale="1.000000">
				<Anim PosAnimType="WorldSpace" RotAnimType="WorldSpace" TimeAnimType="AffectsPath" IsInCockpit="0" ConstVelCamSpeed="0.000000" EaseIn="0.000000" EaseOut="0.500000" NumKeys="2">
					<Key Time="0.000000" PosX="600.552734" PosY="-22.525238" PosZ="-854.921692" Yaw="130.988144" Pitch="-7.558375" Roll="-0.625190" FOV="45.000000" TimeC0="0"/>
					<Key Time="6.000000" PosX="602.650757" PosY="-22.485874" PosZ="-856.734070" Yaw="130.988144" Pitch="-7.558375" Roll="-0.625190" FOV="45.000000" TimeC0="0"/>
				</Anim>
				<PostEffectsAnim DOFMode="Off" MotionBlurAmount="0.00000" NumKeys="0" />
				<FadeInOptions Duration="0.0" HoldDuration="0.000000" CurveType="S" Color.x="0.000000" Color.y="0.000000" Color.z="0.000000" Color.w="1.000000"/>
				<FadeOutOptions Duration="0.0" HoldDuration="0.000000" CurveType="S" Color.x="0.000000" Color.y="0.000000" Color.z="0.000000" Color.w="1.000000"/>
				<CameraPhysics NumLayers="0"/>
			</Cam>
			<Cam Group="0" Type="Animateable" StartCut="4.000000" CameraManShakeOn="0" AutoZoomOn="0" AutoZoomScale="1.000000">
				<Anim PosAnimType="WorldSpace" RotAnimType="WorldSpace" TimeAnimType="AffectsPath" IsInCockpit="0" ConstVelCamSpeed="0.000000" EaseIn="0.000000" EaseOut="0.500000" NumKeys="1">
					<Key Time="0.000000" PosX="608.101074" PosY="-22.961588" PosZ="-859.308655" Yaw="162.824051" Pitch="-2.267814" Roll="0.000000" FOV="10.336495" TimeC0="0"/>
				</Anim>
				<PostEffectsAnim DOFMode="Off" MotionBlurAmount="0.00000" NumKeys="0" />
				<FadeInOptions Duration="0.0" HoldDuration="0.000000" CurveType="S" Color.x="0.000000" Color.y="0.000000" Color.z="0.000000" Color.w="1.000000"/>
				<FadeOutOptions Duration="0.0" HoldDuration="0.000000" CurveType="S" Color.x="0.000000" Color.y="0.000000" Color.z="0.000000" Color.w="1.000000"/>
				<CameraPhysics NumLayers="0"/>
			</Cam>

			<Cam Group="0" Type="Animateable" StartCut="6.500000" CameraManShakeOn="0" AutoZoomOn="0" AutoZoomScale="1.000000">
				<Anim PosAnimType="WorldSpace" RotAnimType="WorldSpace" TimeAnimType="AffectsPath" IsInCockpit="0" ConstVelCamSpeed="0.000000" EaseIn="0.000000" EaseOut="0.500000" NumKeys="2">
					<Key Time="0.000000" PosX="613.906982" PosY="-22.870913" PosZ="-870.819824" Yaw="-47.139633" Pitch="-9.079360" Roll="0.335415" FOV="33.916389" TimeC0="0"/>
					<Key Time="3.000000" PosX="613.906982" PosY="-22.870913" PosZ="-870.819824" Yaw="-47.139633" Pitch="-9.079360" Roll="0.335415" FOV="33.916389" TimeC0="0"/>
				</Anim>
				<PostEffectsAnim DOFMode="Off" MotionBlurAmount="0.00000" NumKeys="0" />
				<FadeInOptions Duration="0.0" HoldDuration="0.000000" CurveType="S" Color.x="0.000000" Color.y="0.000000" Color.z="0.000000" Color.w="1.000000"/>
				<FadeOutOptions Duration="0.0" HoldDuration="0.000000" CurveType="S" Color.x="0.000000" Color.y="0.000000" Color.z="0.000000" Color.w="1.000000"/>
				<CameraPhysics NumLayers="0"/>
			</Cam>
		</Cams>	
	</Cutscene>
	
	<Cutscene name="damage_repair_02">
		<Cams CutQueueType="Time" NumCams="3">
			<Cam Group="0" Type="Animateable" StartCut="0.000000" CameraManShakeOn="0" AutoZoomOn="0" AutoZoomScale="1.000000">
				<Anim PosAnimType="WorldSpace" RotAnimType="WorldSpace" TimeAnimType="AffectsPath" IsInCockpit="0" ConstVelCamSpeed="0.000000" EaseIn="0.000000" EaseOut="0.500000" NumKeys="2">
					<Key Time="0.000000" PosX="-515.281982" PosY="-7.949820" PosZ="1207.134033" Yaw="250.561691" Pitch="-12.958881" Roll="-4.278867" FOV="54.538063" TimeC0="0"/>
					<Key Time="6.000000" PosX="-516.912598" PosY="-7.708841" PosZ="1206.505615" Yaw="250.561691" Pitch="-12.958881" Roll="-4.278867" FOV="54.538063" TimeC0="0"/>
				</Anim>
				<PostEffectsAnim DOFMode="Off" MotionBlurAmount="0.00000" NumKeys="0" />
				<FadeInOptions Duration="0.0" HoldDuration="0.000000" CurveType="S" Color.x="0.000000" Color.y="0.000000" Color.z="0.000000" Color.w="1.000000"/>
				<FadeOutOptions Duration="0.0" HoldDuration="0.000000" CurveType="S" Color.x="0.000000" Color.y="0.000000" Color.z="0.000000" Color.w="1.000000"/>
				<CameraPhysics NumLayers="0"/>
			</Cam>
			<Cam Group="0" Type="Animateable" StartCut="4.500000" CameraManShakeOn="0" AutoZoomOn="0" AutoZoomScale="1.000000">
				<Anim PosAnimType="WorldSpace" RotAnimType="WorldSpace" TimeAnimType="AffectsPath" IsInCockpit="0" ConstVelCamSpeed="0.000000" EaseIn="0.000000" EaseOut="0.500000" NumKeys="1">
					<Key Time="0.000000" PosX="-524.628967" PosY="-8.163311" PosZ="1205.378662" Yaw="-77.481789" Pitch="-1.689322" Roll="0.000000" FOV="15.554925" TimeC0="0"/>
				</Anim>
				<PostEffectsAnim DOFMode="Off" MotionBlurAmount="0.00000" NumKeys="0" />
				<FadeInOptions Duration="0.0" HoldDuration="0.000000" CurveType="S" Color.x="0.000000" Color.y="0.000000" Color.z="0.000000" Color.w="1.000000"/>
				<FadeOutOptions Duration="0.0" HoldDuration="0.000000" CurveType="S" Color.x="0.000000" Color.y="0.000000" Color.z="0.000000" Color.w="1.000000"/>
				<CameraPhysics NumLayers="0"/>
			</Cam>
			<Cam Group="0" Type="Animateable" StartCut="7.150000" CameraManShakeOn="0" AutoZoomOn="0" AutoZoomScale="1.000000">
				<Anim PosAnimType="WorldSpace" RotAnimType="WorldSpace" TimeAnimType="AffectsPath" IsInCockpit="0" ConstVelCamSpeed="0.000000" EaseIn="0.000000" EaseOut="0.500000" NumKeys="2">
					<Key Time="0.000000" PosX="-535.194824" PosY="-8.330101" PosZ="1206.18641" Yaw="74.933624" Pitch="-10.821169" Roll="0.614407" FOV="39.785992" TimeC0="0"/>
					<Key Time="3.000000" PosX="-535.194824" PosY="-8.330101" PosZ="1206.18641" Yaw="74.933624" Pitch="-10.821169" Roll="0.614407" FOV="39.785992" TimeC0="0"/>
				</Anim>
				<PostEffectsAnim DOFMode="Off" MotionBlurAmount="0.00000" NumKeys="0" />
				<FadeInOptions Duration="0.0" HoldDuration="0.000000" CurveType="S" Color.x="0.000000" Color.y="0.000000" Color.z="0.000000" Color.w="1.000000"/>
				<FadeOutOptions Duration="0.0" HoldDuration="0.000000" CurveType="S" Color.x="0.000000" Color.y="0.000000" Color.z="0.000000" Color.w="1.000000"/>
				<CameraPhysics NumLayers="0"/>
			</Cam>
		</Cams>	
	</Cutscene>
	
	<Cutscene name="barn_find_01">
		<Cams CutQueueType="Time" NumCams="2">
			<Cam Group="0" Type="Animateable" StartCut="0.000000" CameraManShakeOn="0" AutoZoomOn="0" AutoZoomScale="1.000000">
				<Anim PosAnimType="WorldSpace" RotAnimType="WorldSpace" TimeAnimType="AffectsPath" IsInCockpit="0" ConstVelCamSpeed="0.000000" EaseIn="0.000000" EaseOut="1.000000" NumKeys="2">
					<Key Time="0.000000" PosX="-56.625278" PosY="28.102791" PosZ="1535.116821" Yaw="146.967270" Pitch="0.530740" Roll="-0.207015" FOV="29.675125" TimeC0="0"/>
					<Key Time="8.000000" PosX="-52.729992" PosY="28.036575" PosZ="1529.125610" Yaw="146.967272" Pitch="0.530740" Roll="-0.207015" FOV="29.675125" TimeC0="0"/>
				</Anim>
				<PostEffectsAnim DOFMode="Off" MotionBlurAmount="0.00000" NumKeys="0" />
				<FadeInOptions Duration="0.0" HoldDuration="0.000000" CurveType="S" Color.x="0.000000" Color.y="0.000000" Color.z="0.000000" Color.w="1.000000"/>
				<FadeOutOptions Duration="0.0" HoldDuration="0.000000" CurveType="S" Color.x="0.000000" Color.y="0.000000" Color.z="0.000000" Color.w="1.000000"/>
				<CameraPhysics NumLayers="2">
					<Layer Enabled="1" InputType="ConstantOne" NoiseType="HeightGrid" OutputType="CarSpaceYPROffset" InputTakeDerivative="0" InputMagAttackDecay="0" InputToNoiseFreqMapping="Linear" NoiseFreq="1.200001" NoiseSeed="0.650000" NoiseOutputRangeMin="-0.100001" NoiseOutputRangeMax="0.150000" InputToParamMapping="Linear" Param.x="-0.000000" Param.y="3.299997" Param.z="0.000000" Param.w="0.000000" Sprung="0"/>
					<Layer Enabled="1" InputType="ConstantOne" NoiseType="HeightGrid" OutputType="CarSpaceYPROffset" InputTakeDerivative="0" InputMagAttackDecay="0" InputToNoiseFreqMapping="Linear" NoiseFreq="0.700000" NoiseSeed="2.250000" NoiseOutputRangeMin="-0.400000" NoiseOutputRangeMax="1.100000" InputToParamMapping="Linear" Param.x="1.200000" Param.y="0.010000" Param.z="0.010000" Param.w="0.000000" Sprung="1" SpringK="10.000000" SpringDPercent="1.581139"/>
				</CameraPhysics>
				<CarPositioning CarPosition.x="0.000000" CarPosition.y="0.000000" CarPosition.z="0.000000" CarPosition.w="0.000000" CarYaw="0.000000" CarSteerAngle="0.000000"/>
			</Cam>

			<Cam Group="0" Type="Animateable" StartCut="3.000000" CameraManShakeOn="0" AutoZoomOn="0" AutoZoomScale="1.000000">
				<Anim PosAnimType="WorldSpace" RotAnimType="WorldSpace" TimeAnimType="AffectsPath" IsInCockpit="0" ConstVelCamSpeed="0.000000" EaseIn="0.300000" EaseOut="0.500000" NumKeys="3">
					<Key Time="0.000000" PosX="-50.462620" PosY="27.552317" PosZ="1524.628784" Yaw="-46.255695" Pitch="1.142726" Roll="0.000000" FOV="53.812595" TimeC0="0"/>
					<Key Time="4.000000" PosX="-50.104580" PosY="27.552317" PosZ="1525.081665" Yaw="216.074173" Pitch="7.264969" Roll="0.000000" FOV="53.812595" TimeC0="0"/> 
					<Key Time="7.000000" PosX="-51.620461" PosY="27.523344" PosZ="1525.514404" Yaw="191.967117" Pitch="13.928001" Roll="0.000000" FOV="53.812595" TimeC0="0"/>   
				</Anim>
				<PostEffectsAnim DOFMode="Off" MotionBlurAmount="0.00000" NumKeys="0" />
				<FadeInOptions Duration="0.0" HoldDuration="0.000000" CurveType="S" Color.x="0.000000" Color.y="0.000000" Color.z="0.000000" Color.w="1.000000"/>
				<FadeOutOptions Duration="0.0" HoldDuration="0.000000" CurveType="S" Color.x="0.000000" Color.y="0.000000" Color.z="0.000000" Color.w="1.000000"/>
				<CameraPhysics NumLayers="0"/>
				<CarPositioning CarPosition.x="0.000000" CarPosition.y="0.000000" CarPosition.z="0.000000" CarPosition.w="0.000000" CarYaw="0.000000" CarSteerAngle="0.000000"/>
			</Cam>
		</Cams>	
	</Cutscene>
    
    <Cutscene name="rivals_festival_average_speed" looping="false">
        <Cams CutQueueType="Time" NumCams="1">
            <Cam Group="0" Type="Animateable" StartCut="0.000000" CameraManShakeOn="0" AutoZoomOn="0" AutoZoomScale="1.000000">
				<Anim PosAnimType="CarSpace" RotAnimType="CarSpace" TimeAnimType="AffectsPath" IsInCockpit="0" ConstVelCamSpeed="0.000000" EaseIn="0.500000" EaseOut="0.500000" NumKeys="2">
					<Key Time="0.000000" PosX="2.836426" PosY="0.512543" PosZ="-2.275452" Yaw="-51.109612" Pitch="4.025205" Roll="0.000000" FOV="45.000000" TimeC0="0"/>
					<Key Time="4.500000" PosX="0.123268" PosY="0.841003" PosZ="4.581360" Yaw="193.317169" Pitch="14.593307" Roll="0.000001" FOV="45.000000" TimeC0="0"/>
				</Anim>
				<PostEffectsAnim DOFMode="Off" MotionBlurAmount="0.00000" NumKeys="0" />
				<FadeInOptions Duration="0.0" HoldDuration="0.000000" CurveType="S" Color.x="0.000000" Color.y="0.000000" Color.z="0.000000" Color.w="1.000000"/>
				<FadeOutOptions Duration="0.0" HoldDuration="0.000000" CurveType="S" Color.x="0.000000" Color.y="0.000000" Color.z="0.000000" Color.w="1.000000"/>
				<CameraPhysics NumLayers="2">
					<Layer Enabled="1" InputType="ConstantOne" NoiseType="HeightGrid" OutputType="CarSpaceYPROffset" InputTakeDerivative="0" InputMagAttackDecay="0" InputToNoiseFreqMapping="Linear" NoiseFreq="1.200001" NoiseSeed="0.650000" NoiseOutputRangeMin="-0.100001" NoiseOutputRangeMax="0.150000" InputToParamMapping="Linear" Param.x="-0.000000" Param.y="3.299997" Param.z="0.000000" Param.w="0.000000" Sprung="0"/>
					<Layer Enabled="1" InputType="ConstantOne" NoiseType="HeightGrid" OutputType="CarSpaceYPROffset" InputTakeDerivative="0" InputMagAttackDecay="0" InputToNoiseFreqMapping="Linear" NoiseFreq="0.700000" NoiseSeed="2.250000" NoiseOutputRangeMin="-0.400000" NoiseOutputRangeMax="1.100000" InputToParamMapping="Linear" Param.x="1.200000" Param.y="0.010000" Param.z="0.010000" Param.w="0.000000" Sprung="1" SpringK="10.000000" SpringDPercent="1.581139"/>
				</CameraPhysics>
				<CarPositioning CarPosition.x="0.000000" CarPosition.y="0.000000" CarPosition.z="0.000000" CarPosition.w="0.000000" CarYaw="0.000000" CarSteerAngle="0.000000"/>
			</Cam>
		</Cams>
	</Cutscene>

    
    <Cutscene name="rivals_festival_intro" looping="false">
        <Cams CutQueueType="Time" NumCams="1">
            <Cam Group="0" Type="Animateable" StartCut="0.000000" CameraManShakeOn="0" AutoZoomOn="0" AutoZoomScale="1.000000">
				<Anim PosAnimType="WorldSpace" RotAnimType="WorldSpace" TimeAnimType="AffectsPath" IsInCockpit="0" ConstVelCamSpeed="0.000000" EaseIn="0.000000" EaseOut="0.000000" NumKeys="1">
					<Key Time="0.000000" PosX="-1206.892212" PosY="-6.203109" PosZ="1314.842773" Yaw="86.650833" Pitch="-26.336294" Roll="-0.645271" FOV="43.088497" TimeC0="0"/>
				</Anim>
				<PostEffectsAnim DOFMode="Off" MotionBlurAmount="0.00000" NumKeys="0" />
				<FadeInOptions Duration="0.0" HoldDuration="0.000000" CurveType="S" Color.x="0.000000" Color.y="0.000000" Color.z="0.000000" Color.w="1.000000"/>
				<FadeOutOptions Duration="0.0" HoldDuration="0.000000" CurveType="S" Color.x="0.000000" Color.y="0.000000" Color.z="0.000000" Color.w="1.000000"/>
				<CameraPhysics NumLayers="0" />
			</Cam>
		</Cams>
	</Cutscene>
    
    
    <Cutscene name="rivals_festival_outro" looping="false">
        <Cams CutQueueType="Time" NumCams="1">
            <Cam Group="0" Type="Animateable" StartCut="0.000000" CameraManShakeOn="0" AutoZoomOn="0" AutoZoomScale="1.000000">
				<Anim PosAnimType="WorldSpace" RotAnimType="WorldSpace" TimeAnimType="AffectsPath" IsInCockpit="0" ConstVelCamSpeed="0.000000" EaseIn="0.500000" EaseOut="0.500000" NumKeys="3">
					<Key Time="0.000000" PosX="-1206.892212" PosY="-6.203109" PosZ="1314.842773" Yaw="86.650833" Pitch="-26.336294" Roll="-0.645271" FOV="43.088497" TimeC0="0"/>
					<Key Time="3.000000" PosX="-1198.428345" PosY="-4.519739" PosZ="1330.171021" Yaw="220.978241" Pitch="-6.501793" Roll="0" FOV="57.999996" TimeC0="0"/>
					<Key Time="4.500000" PosX="-1201.247925" PosY="-4.254562" PosZ="1332.087524" Yaw="251.617538" Pitch="7.299410" Roll="0" FOV="57.999996" TimeC0="0"/>
				</Anim>
				<PostEffectsAnim DOFMode="Off" MotionBlurAmount="0.00000" NumKeys="0" />
				<FadeInOptions Duration="0.0" HoldDuration="0.000000" CurveType="S" Color.x="0.000000" Color.y="0.000000" Color.z="0.000000" Color.w="1.000000"/>
				<FadeOutOptions Duration="0.0" HoldDuration="0.000000" CurveType="S" Color.x="0.000000" Color.y="0.000000" Color.z="0.000000" Color.w="1.000000"/>
				<CameraPhysics NumLayers="2">
					<Layer Enabled="1" InputType="ConstantOne" NoiseType="HeightGrid" OutputType="CarSpaceYPROffset" InputTakeDerivative="0" InputMagAttackDecay="0" InputToNoiseFreqMapping="Linear" NoiseFreq="1.200001" NoiseSeed="0.650000" NoiseOutputRangeMin="-0.100001" NoiseOutputRangeMax="0.150000" InputToParamMapping="Linear" Param.x="-0.000000" Param.y="3.299997" Param.z="0.000000" Param.w="0.000000" Sprung="0"/>
					<Layer Enabled="1" InputType="ConstantOne" NoiseType="HeightGrid" OutputType="CarSpaceYPROffset" InputTakeDerivative="0" InputMagAttackDecay="0" InputToNoiseFreqMapping="Linear" NoiseFreq="0.700000" NoiseSeed="2.250000" NoiseOutputRangeMin="-0.400000" NoiseOutputRangeMax="1.100000" InputToParamMapping="Linear" Param.x="1.200000" Param.y="0.010000" Param.z="0.010000" Param.w="0.000000" Sprung="1" SpringK="10.000000" SpringDPercent="1.581139"/>
				</CameraPhysics>
				<CarPositioning CarPosition.x="0.000000" CarPosition.y="0.000000" CarPosition.z="0.000000" CarPosition.w="0.000000" CarYaw="0.000000" CarSteerAngle="0.000000"/>
			</Cam>
		</Cams>
	</Cutscene>
    
</CutsceneManager>

</CutsceneManager>

</CutsceneManager>

</CutsceneManager>
