<LeaderboardManager>
	<Leaderboard name="speed_camera_01">
		<Entry player="Planar Knight" value="11396" friend="true"/>
		<Entry player="MisterYashe" value="11019" friend="true" />
		<Entry player="TheMonsterMash" value="7597" friend="true" />
	</Leaderboard>
	<Leaderboard name="speed_camera_02">
		<Entry player="Super Final" value="12027" friend="true" />
		<Entry player="Ludo does judo" value="11586" friend="true" />
		<Entry player="Uncle Chewy 9" value="8018" friend="true" />
	</Leaderboard>
	<Leaderboard name="speed_camera_03">
		<Entry player="Teenyce" value="14328" friend="true" />
		<Entry player="M88SE" value="13839" friend="true" />
		<Entry player="spinglass" value="9552" friend="true" />
	</Leaderboard>
	<Leaderboard name="speed_camera_05">
		<Entry player="folderiser" value="16989" friend="true" />
		<Entry player="cravo" value="16545" friend="true" />
		<Entry player="Planar Knight" value="11326" friend="true" />
	</Leaderboard>
	<Leaderboard name="speed_camera_07">
		<Entry player="Uncle Chewy 9" value="12702" friend="true" />
		<Entry player="Super Final" value="11893" friend="true" />
		<Entry player="M88SE" value="8468" friend="true" />
	</Leaderboard>
	<Leaderboard name="speed_camera_08">
		<Entry player="RobPattenden" value="11544" friend="true" />
		<Entry player="mosbond" value="11287" friend="true" />
		<Entry player="Tolomandy" value="7696" friend="true" />
	</Leaderboard>
	<Leaderboard name="speed_camera_12">
		<Entry player="Tolomandy" value="7963" friend="true" />
		<Entry player="TheMonsterMash" value="7612" friend="true" />
		<Entry player="Ludo does judo" value="5308" friend="true" />
	</Leaderboard>
	<Leaderboard name="speed_camera_13">
		<Entry player="MisterYashe" value="12036" friend="true" />
		<Entry player="Planar Knight" value="11687" friend="true" />
		<Entry player="Furious Gimp" value="8024" friend="true" />
	</Leaderboard>
	<Leaderboard name="speed_camera_14">
		<Entry player="SF Deathbringer" value="14042" friend="true" />
		<Entry player="Uncle Chewy 9" value="13608" friend="true" />
		<Entry player="Super Final" value="9361" friend="true" />
	</Leaderboard>
	<Leaderboard name="speed_camera_16">
		<Entry player="Ludo does judo" value="11595" friend="true" />
		<Entry player="pula" value="11399" friend="true" />
		<Entry player="RobPattenden" value="7730" friend="true" />
	</Leaderboard>
	<Leaderboard name="speed_camera_20">
		<Entry player="mosbond" value="13657" friend="true" />
		<Entry player="RobPattenden" value="13203" friend="true" />
		<Entry player="MisterYashe" value="9104" friend="true" />
	</Leaderboard>
	<Leaderboard name="speed_camera_21">
		<Entry player="JONK1969" value="16264" friend="true" />
		<Entry player="Zeta1800" value="15599" friend="true" />
		<Entry player="cravo" value="10842" friend="true" />
	</Leaderboard>
	<Leaderboard name="speed_camera_22">
		<Entry player="Nordberg311" value="10392" friend="true" />
		<Entry player="Furious Gimp" value="10201" friend="true" />
		<Entry player="pula" value="6928" friend="true" />
	</Leaderboard>
	<Leaderboard name="speed_camera_23">
		<Entry player="FELLzilla" value="13454" friend="true" />
		<Entry player="Nordberg311" value="11284" friend="true" />
		<Entry player="SF Deathbringer" value="8969" friend="true" />
	</Leaderboard>
    <Leaderboard name="average_speed_01">
        <Entry player="FELLzilla" value="9710" attempts="58" friend="true" />
		<Entry player="PlayDiego" value="9705" attempts="32" friend="true" />
		<Entry player="SF Deathbringer" value="9703" attempts="198" friend="true" />
		<Entry player="spinglass" value="9528" attempts="14" friend="true" />
		<Entry player="Nordberg311" value="9453" attempts="18" friend="true" />
		<Entry player="Zeta1800" value="8999" attempts="22" friend="true" />
		<Entry player="JONK1969" value="6247" attempts="12" friend="true" />
		<Entry player="RobPattenden" value="6100" attempts="9" friend="true" />
        <Entry player="Uncle Chewy 9" value="5524" attempts="31" friend="true" />
        <Entry player="pula" value="7423" attempts="3" friend="true" />
    </Leaderboard>
    <Leaderboard name="average_speed_02">
        <Entry player="spinglass" value="9385" friend="true" />
        <Entry player="JONK1969" value="9192" friend="true" />
        <Entry player="Teenyce" value="6256" friend="true" />
    </Leaderboard>
    <Leaderboard name="average_speed_03">
        <Entry player="FatTeen" value="11632" friend="true" />
        <Entry player="SF Deathbringer" value="11207" friend="true" />
        <Entry player="Nordberg311" value="7754" friend="true" />
    </Leaderboard>
    <Leaderboard name="average_speed_05">
        <Entry player="Zeta1800" value="8419" friend="true" />
        <Entry player="folderiser" value="8138" friend="true" />
        <Entry player="FatTeen" value="5612" friend="true" />
    </Leaderboard>
    <Leaderboard name="average_speed_06">
        <Entry player="M88SE" value="7585" friend="true" />
        <Entry player="FatTeen" value="7285" friend="true" />
        <Entry player="folderiser" value="5056" friend="true" />
    </Leaderboard>
    <Leaderboard name="average_speed_08">
        <Entry player="Furious Gimp" value="7436" friend="true" />
        <Entry player="spinglass" value="7192" friend="true" />
        <Entry player="Zeta1800" value="4957" friend="true" />
    </Leaderboard>

	
	<Leaderboard name="flyers">
		<Entry player="Nordberg311" value="12" friend="true"/>
		<Entry player="RobPattenden" value="9" friend="true"/>
		<Entry player="MisterYashe" value="8" friend="true"/>
		<Entry player="Ludo does judo" value="4" friend="true"/>
	</Leaderboard>
	
</LeaderboardManager>
/LeaderboardManager>
/LeaderboardManager>
/LeaderboardManager>
