<ActivityManager>

    <Activity type="ActivityWorkshop" name="workshop_02" single_player_free_roam="true" multiplayer_free_roam="true">
        <StateGroup id="workshop02" >

            <State id="Root">
                <Entry id="enter" target="workshop.enter" />
                <Exit id="exit" />

                <Node id="workshop" state="workshops.root">
                    <Entry id="enter" />
                    <Exit id="exit" target=".exit" />
                </Node>
            </State>
        </StateGroup>

        <TriggerZone object="festival_garage" name="festival_garage" radius="24" promptTitle="IDS_Location_Amelfi" prompt="IDS_Description_Workshop" maxMPH="60" mapTag="workshop" mapDescription="IDS_Description_Workshop" is_activation="false"/>
    </Activity>

</ActivityManager>

</ActivityManager>

</ActivityManager>

</ActivityManager>
