<ActivityManager>
	<Activity type="ActivityDestinationArea" name="festival_destination_hub" single_player_free_roam="true" multiplayer_free_roam="true">
		<StateGroup id="festival_destination_hub">
			<State id="Root">
				<Entry id="enter" target="destinationarea.enter" />
				<Exit id="exit" />
				<Node id="destinationarea" state="destinationareas.root">
					<Entry id="enter" />
					<Exit id="exit" target=".exit" />
				</Node>
			</State>
			<State id="SpawnRoot">
				<Entry id="enter" target="destinationarea.enter" />
				<Exit id="exit" />
				<Node id="destinationarea" state="destinationareas.destinationareaspawn_root">
					<Entry id="enter" />
					<Exit id="exit" target=".exit" />
				</Node>
			</State>
			<State id="OnInitialDiscovery">
				<Entry id="enter" target="destinationarea.enter" />
				<Exit id="exit" />
				<Node id="destinationarea" state="destinationareas.do_nothing">
					<Entry id="enter" />
					<Exit id="exit" target=".exit" />
				</Node>
			</State>
			<State id="StartDisplayHUB">
				<Entry id="enter" target="start_hub.enter" />
				<Exit id="exit" />
				<Node id="start_hub" state="destinationareas.on_start_hub">
					<Entry id="enter" />
					<Exit id="exit" target=".exit" />
				</Node>
			</State>
		</StateGroup>

		<HintRegion x_offset="0" y_offset="0" angle="0" x_radius="350" y_radius="350" />
		<AreaTriggerZone object="festival_destination_hub" name="festival_destination_hub" radius="350" maxMPH="500" requires_input="false" />
		<HubTriggerZone object="festival_destination_hub" name="festival_destination_hub" radius="25" maxMPH="50" mapTag="destinationarea" requires_input="true" mapDescription="IDS_DestinationArea_Festival" prompt="IDS_Description_Outpost" promptTitle="IDS_DestinationArea_Festival" />
		<RoadTrip LocationId="0" />
	</Activity>
	<Activity type="ActivityDestinationArea" name="sisteron_destination_hub" single_player_free_roam="true" multiplayer_free_roam="true">
		<StateGroup id="sisteron_destination_hub">
			<State id="Root">
				<Entry id="enter" target="destinationarea.enter" />
				<Exit id="exit" />
				<Node id="destinationarea" state="destinationareas.root">
					<Entry id="enter" />
					<Exit id="exit" target=".exit" />
				</Node>
			</State>
			<State id="SpawnRoot">
				<Entry id="enter" target="destinationarea.enter" />
				<Exit id="exit" />
				<Node id="destinationarea" state="destinationareas.destinationareaspawn_root">
					<Entry id="enter" />
					<Exit id="exit" target=".exit" />
				</Node>
			</State>
			<State id="OnInitialDiscovery">
				<Entry id="enter" target="destinationarea.enter" />
				<Exit id="exit" />
				<Node id="destinationarea" state="destinationareas.on_discovery_destinationarea">
					<Entry id="enter" />
					<Exit id="exit" target=".exit" />
				</Node>
			</State>
			<State id="StartDisplayHUB">
				<Entry id="enter" target="start_hub.enter" />
				<Exit id="exit" />
				<Node id="start_hub" state="destinationareas.on_start_hub">
					<Entry id="enter" />
					<Exit id="exit" target=".exit" />
				</Node>
			</State>
		</StateGroup>

		<HintRegion x_offset="0" y_offset="0" angle="0" x_radius="350" y_radius="350" />
		<AreaTriggerZone object="sisteron_destination_hub" name="sisteron_destination_hub" radius="350" maxMPH="500" requires_input="false" />
		<HubTriggerZone object="sisteron_destination_hub" name="sisteron_destination_hub" radius="25" maxMPH="50" mapTag="destinationarea" requires_input="true" mapDescription="IDS_DestinationArea_Sisteron" prompt="IDS_Description_Outpost" promptTitle="IDS_DestinationArea_Sisteron" />
		<RoadTrip LocationId="3" />
		<Achievement name="ACHIEVEMENT_H2_WELCOME_TO_SISTERON" />
	</Activity>
	<Activity type="ActivityDestinationArea" name="westnice_destination_hub" single_player_free_roam="true" multiplayer_free_roam="true">
		<StateGroup id="westnice_destination_hub">
			<State id="Root">
				<Entry id="enter" target="destinationarea.enter" />
				<Exit id="exit" />
				<Node id="destinationarea" state="destinationareas.altraniroot">
					<Entry id="enter" />
					<Exit id="exit" target=".exit" />
				</Node>
			</State>
			<State id="SpawnRoot">
				<Entry id="enter" target="destinationarea.enter" />
				<Exit id="exit" />
				<Node id="destinationarea" state="destinationareas.destinationareaspawn_root">
					<Entry id="enter" />
					<Exit id="exit" target=".exit" />
				</Node>
			</State>
			<State id="OnInitialDiscovery">
				<Entry id="enter" target="destinationarea.enter" />
				<Exit id="exit" />
				<Node id="destinationarea" state="destinationareas.on_discovery_destinationarea">
					<Entry id="enter" />
					<Exit id="exit" target=".exit" />
				</Node>
			</State>
			<State id="StartDisplayHUB">
				<Entry id="enter" target="start_hub.enter" />
				<Exit id="exit" />
				<Node id="start_hub" state="destinationareas.on_start_hub">
					<Entry id="enter" />
					<Exit id="exit" target=".exit" />
				</Node>
			</State>
		</StateGroup>

		<HintRegion x_offset="0" y_offset="0" angle="0" x_radius="450" y_radius="450" />
		<AreaTriggerZone object="westnice_destination_hub" name="westnice_destination_hub" radius="450" maxMPH="500" requires_input="false" />
		<HubTriggerZone object="westnice_destination_hub" name="westnice_destination_hub" radius="25" maxMPH="50" mapTag="destinationarea" requires_input="true" mapDescription="IDS_DestinationArea_WestNice" prompt="IDS_Description_Outpost" promptTitle="IDS_DestinationArea_WestNice" />
		<RoadTrip LocationId="4" />
		<Achievement name="ACHIEVEMENT_H2_WELCOME_TO_NICE" />
	</Activity>
	<Activity type="ActivityDestinationArea" name="eastnice_destination_hub" single_player_free_roam="true" multiplayer_free_roam="true">
		<StateGroup id="eastnice_destination_hub">
			<State id="Root">
				<Entry id="enter" target="destinationarea.enter" />
				<Exit id="exit" />
				<Node id="destinationarea" state="destinationareas.altraniroot">
					<Entry id="enter" />
					<Exit id="exit" target=".exit" />
				</Node>
			</State>
			<State id="SpawnRoot">
				<Entry id="enter" target="destinationarea.enter" />
				<Exit id="exit" />
				<Node id="destinationarea" state="destinationareas.destinationareaspawn_root">
					<Entry id="enter" />
					<Exit id="exit" target=".exit" />
				</Node>
			</State>
			<State id="OnInitialDiscovery">
				<Entry id="enter" target="destinationarea.enter" />
				<Exit id="exit" />
				<Node id="destinationarea" state="destinationareas.on_discovery_destinationarea">
					<Entry id="enter" />
					<Exit id="exit" target=".exit" />
				</Node>
			</State>
			<State id="StartDisplayHUB">
				<Entry id="enter" target="start_hub.enter" />
				<Exit id="exit" />
				<Node id="start_hub" state="destinationareas.on_start_hub">
					<Entry id="enter" />
					<Exit id="exit" target=".exit" />
				</Node>
			</State>
		</StateGroup>

		<HintRegion x_offset="0" y_offset="0" angle="0" x_radius="350" y_radius="350" />
		<AreaTriggerZone object="eastnice_destination_hub" name="eastnice_destination_hub" radius="350" maxMPH="500" requires_input="false" />
		<HubTriggerZone object="eastnice_destination_hub" name="eastnice_destination_hub" radius="25" maxMPH="50" mapTag="destinationarea" requires_input="true" mapDescription="IDS_DestinationArea_EastNice" prompt="IDS_Description_Outpost" promptTitle="IDS_DestinationArea_EastNice" />
		<RoadTrip LocationId="5" />
		<Achievement name="ACHIEVEMENT_H2_WELCOME_TO_SAINT_MARTIN" />
	</Activity>
	<Activity type="ActivityDestinationArea" name="antrani_destination_hub" single_player_free_roam="true" multiplayer_free_roam="true">
		<StateGroup id="antrani_destination_hub">
			<State id="Root">
				<Entry id="enter" target="destinationarea.enter" />
				<Exit id="exit" />
				<Node id="destinationarea" state="destinationareas.root">
					<Entry id="enter" />
					<Exit id="exit" target=".exit" />
				</Node>
			</State>
			<State id="SpawnRoot">
				<Entry id="enter" target="destinationarea.enter" />
				<Exit id="exit" />
				<Node id="destinationarea" state="destinationareas.destinationareaspawn_root">
					<Entry id="enter" />
					<Exit id="exit" target=".exit" />
				</Node>
			</State>
			<State id="OnInitialDiscovery">
				<Entry id="enter" target="lock_map.enter" />
				<Exit id="exit" />
				<!-- skSumo: forcing the map to lock, so the player can't exit without selecting a destination -->
				<Node id="lock_map" state="global.lock_map_for_first_time_career">
					<Entry id="enter" />
					<Exit id="exit" target="destinationarea.enter" />
				</Node>

				<Node id="destinationarea" state="destinationareas.on_discovery_destinationarea">
					<Entry id="enter" />
					<Exit id="exit" target="unlock_map.enter" />
				</Node>

				<Node id="unlock_map" state="global.unlock_map_for_first_time_career">
					<Entry id="enter" />
					<Exit id="exit" target=".exit" />
				</Node>
			</State>
			<State id="StartDisplayHUB">
				<Entry id="enter" target="start_hub.enter" />
				<Exit id="exit" />
				<Node id="start_hub" state="destinationareas.on_start_hub">
					<Entry id="enter" />
					<Exit id="exit" target=".exit" />
				</Node>
			</State>
		</StateGroup>

		<HintRegion x_offset="0" y_offset="0" angle="0" x_radius="350" y_radius="350" />
		<AreaTriggerZone object="antrani_destination_hub" name="antrani_destination_hub" radius="350" maxMPH="500" requires_input="false" />
		<HubTriggerZone object="antrani_destination_hub" name="antrani_destination_hub" radius="25" maxMPH="50" mapTag="destinationarea" requires_input="true" mapDescription="IDS_DestinationArea_Amalfi" prompt="IDS_Description_Outpost" promptTitle="IDS_DestinationArea_Amalfi" />
		<RoadTrip LocationId="6" />
		<Achievement name="ACHIEVEMENT_H2_WELCOME_TO_AMALFI" />
	</Activity>
	<Activity type="ActivityDestinationArea" name="montichello_destination_hub" single_player_free_roam="true" multiplayer_free_roam="true">
		<StateGroup id="montichello_destination_hub">
			<State id="Root">
				<Entry id="enter" target="destinationarea.enter" />
				<Exit id="exit" />
				<Node id="destinationarea" state="destinationareas.root">
					<Entry id="enter" />
					<Exit id="exit" target=".exit" />
				</Node>
			</State>
			<State id="SpawnRoot">
				<Entry id="enter" target="destinationarea.enter" />
				<Exit id="exit" />
				<Node id="destinationarea" state="destinationareas.destinationareaspawn_root">
					<Entry id="enter" />
					<Exit id="exit" target=".exit" />
				</Node>
			</State>
			<State id="OnInitialDiscovery">
				<Entry id="enter" target="destinationarea.enter" />
				<Exit id="exit" />
				<Node id="destinationarea" state="destinationareas.on_discovery_destinationarea">
					<Entry id="enter" />
					<Exit id="exit" target=".exit" />
				</Node>
			</State>
			<State id="StartDisplayHUB">
				<Entry id="enter" target="start_hub.enter" />
				<Exit id="exit" />
				<Node id="start_hub" state="destinationareas.on_start_hub">
					<Entry id="enter" />
					<Exit id="exit" target=".exit" />
				</Node>
			</State>
		</StateGroup>

		<HintRegion x_offset="0" y_offset="0" angle="0" x_radius="350" y_radius="350" />
		<AreaTriggerZone object="montichello_destination_hub" name="montichello_destination_hub" radius="350" maxMPH="500" requires_input="false" />
		<HubTriggerZone object="montichello_destination_hub" name="montichello_destination_hub" radius="25" maxMPH="50" mapTag="destinationarea" requires_input="true" mapDescription="IDS_DestinationArea_Montichello" prompt="IDS_Description_Outpost" promptTitle="IDS_DestinationArea_Montichello" />
		<RoadTrip LocationId="7" />
		<Achievement name="ACHIEVEMENT_H2_WELCOME_TO_MONTICHELLO" />
	</Activity>
	<Activity type="ActivityDestinationArea" name="sangimignano_destination_hub" single_player_free_roam="true" multiplayer_free_roam="true">
		<StateGroup id="sangimignano_destination_hub">
			<State id="Root">
				<Entry id="enter" target="destinationarea.enter" />
				<Exit id="exit" />
				<Node id="destinationarea" state="destinationareas.root">
					<Entry id="enter" />
					<Exit id="exit" target=".exit" />
				</Node>
			</State>
			<State id="SpawnRoot">
				<Entry id="enter" target="destinationarea.enter" />
				<Exit id="exit" />
				<Node id="destinationarea" state="destinationareas.destinationareaspawn_root">
					<Entry id="enter" />
					<Exit id="exit" target=".exit" />
				</Node>
			</State>
			<State id="OnInitialDiscovery">
				<Entry id="enter" target="destinationarea.enter" />
				<Exit id="exit" />
				<Node id="destinationarea" state="destinationareas.on_discovery_destinationarea">
					<Entry id="enter" />
					<Exit id="exit" target=".exit" />
				</Node>
			</State>
			<State id="StartDisplayHUB">
				<Entry id="enter" target="start_hub.enter" />
				<Exit id="exit" />
				<Node id="start_hub" state="destinationareas.on_start_hub">
					<Entry id="enter" />
					<Exit id="exit" target=".exit" />
				</Node>
			</State>
		</StateGroup>

		<HintRegion x_offset="0" y_offset="0" angle="0" x_radius="350" y_radius="350" />
		<AreaTriggerZone object="sangimignano_destination_hub" name="sangimignano_destination_hub" radius="350" maxMPH="500" requires_input="false" />
		<HubTriggerZone object="sangimignano_destination_hub" name="sangimignano_destination_hub" radius="25" maxMPH="50" mapTag="destinationarea" requires_input="true" mapDescription="IDS_DestinationArea_SanGimignano" prompt="IDS_Description_Outpost" promptTitle="IDS_DestinationArea_SanGimignano" />
		<RoadTrip LocationId="8" />
		<Achievement name="ACHIEVEMENT_H2_WELCOME_TO_SAN_GIMIGNANO" />
	</Activity>
</ActivityManager>

</ActivityManager>

</ActivityManager>

</ActivityManager>
