<ActivityManager>
	<Activity type="ActivityWorkshop" name="workshop_02" single_player_free_roam="true" multiplayer_free_roam="false">
		<StateGroup id="workshop02" >
			<State id="Root">
				<Entry id="enter" target="workshop.enter" />
				<Exit id="exit" />

				<Node id="workshop" state="workshops.root">
					<Entry id="enter" />
					<Exit id="exit" target="post_workshop.enter" />
				</Node>
				<Node id="post_workshop" state="global.micro_save">
					<Entry id="enter" />
					<Exit id="exit" target=".exit" />
				</Node>
				
			</State>
		</StateGroup>
		<TriggerZone object="festival_garage" name="festival_garage" radius="24" promptTitle="IDS_Location_Amelfi" prompt="IDS_Description_Workshop" maxMPH="60" mapTag="workshop" mapDescription="IDS_Description_Workshop" is_activation="true"/>
	</Activity>
</ActivityManager>

</ActivityManager>

</ActivityManager>

</ActivityManager>
