<ActivityManager>
	<Activity type="ActivityAutoshow" name="autoshow_01"  single_player_free_roam="true" multiplayer_free_roam="false">
		<StateGroup id="autoshow01" >
			<State id="Root">
				<Entry id="enter" target="autoshow.enter" />
				<Exit id="exit" />

				<Node id="autoshow" state="autoshows.root">
					<Entry id="enter" />
					<Exit id="exit" target="post_autoshow.enter" />
				</Node>
				<Node id="post_autoshow" state="global.micro_save">
					<Entry id="enter" />
					<Exit id="exit" target=".exit" />
				</Node>
			</State>
		</StateGroup>
		<TriggerZone object="festival_autoshow" name="festival_autoshow" radius="21" promptTitle="IDS_Location_Amelfi" prompt="IDS_Description_Autoshow" maxMPH="60" mapTag="autoshow" mapDescription="IDS_Description_Autoshow" is_activation="true"/>
	</Activity>
</ActivityManager>

</ActivityManager>

</ActivityManager>

</ActivityManager>
