<ActivityManager>
  <Activity type="ActivityAverageSpeed" name="SPEEDCAMERAZONE_001" scoreboard_id="10036">
    <StateGroup id="SPEEDCAMERAZONE_001">
      <State id="Root">
        <Entry id="enter" target="speed_camera.enter" />
        <Exit id="exit" />
        <Node id="speed_camera" state="ambient_challenge_activations.speed_camera_root">
          <Entry id="enter" />
          <Exit id="exit" target=".exit" />
        </Node>
      </State>
    </StateGroup>
    <SpeedThreshold minimumSpeed="30.0" />
  </Activity>
  <Activity type="ActivityAverageSpeed" name="SPEEDCAMERAZONE_002" scoreboard_id="10037">
    <StateGroup id="SPEEDCAMERAZONE_002">
      <State id="Root">
        <Entry id="enter" target="speed_camera.enter" />
        <Exit id="exit" />
        <Node id="speed_camera" state="ambient_challenge_activations.speed_camera_root">
          <Entry id="enter" />
          <Exit id="exit" target=".exit" />
        </Node>
      </State>
    </StateGroup>
    <SpeedThreshold minimumSpeed="30.0" />
  </Activity>
  <Activity type="ActivityAverageSpeed" name="SPEEDCAMERAZONE_003" scoreboard_id="10038">
    <StateGroup id="SPEEDCAMERAZONE_003">
      <State id="Root">
        <Entry id="enter" target="speed_camera.enter" />
        <Exit id="exit" />
        <Node id="speed_camera" state="ambient_challenge_activations.speed_camera_root">
          <Entry id="enter" />
          <Exit id="exit" target=".exit" />
        </Node>
      </State>
    </StateGroup>
    <SpeedThreshold minimumSpeed="30.0" />
  </Activity>
  <Activity type="ActivityAverageSpeed" name="SPEEDCAMERAZONE_004" scoreboard_id="10039">
    <StateGroup id="SPEEDCAMERAZONE_004">
      <State id="Root">
        <Entry id="enter" target="speed_camera.enter" />
        <Exit id="exit" />
        <Node id="speed_camera" state="ambient_challenge_activations.speed_camera_root">
          <Entry id="enter" />
          <Exit id="exit" target=".exit" />
        </Node>
      </State>
    </StateGroup>
    <SpeedThreshold minimumSpeed="30.0" />
  </Activity>
  <Activity type="ActivityAverageSpeed" name="SPEEDCAMERAZONE_005" scoreboard_id="10040">
    <StateGroup id="SPEEDCAMERAZONE_005">
      <State id="Root">
        <Entry id="enter" target="speed_camera.enter" />
        <Exit id="exit" />
        <Node id="speed_camera" state="ambient_challenge_activations.speed_camera_root">
          <Entry id="enter" />
          <Exit id="exit" target=".exit" />
        </Node>
      </State>
    </StateGroup>
    <SpeedThreshold minimumSpeed="30.0" />
  </Activity>
   <Activity type="ActivityAverageSpeed" name="SPEEDCAMERAZONE_007" scoreboard_id="10042">
    <StateGroup id="SPEEDCAMERAZONE_007">
      <State id="Root">
        <Entry id="enter" target="speed_camera.enter" />
        <Exit id="exit" />
        <Node id="speed_camera" state="ambient_challenge_activations.speed_camera_root">
          <Entry id="enter" />
          <Exit id="exit" target=".exit" />
        </Node>
      </State>
    </StateGroup>
    <SpeedThreshold minimumSpeed="30.0" />
  </Activity>
  <Activity type="ActivityAverageSpeed" name="SPEEDCAMERAZONE_008" scoreboard_id="10043">
    <StateGroup id="SPEEDCAMERAZONE_008">
      <State id="Root">
        <Entry id="enter" target="speed_camera.enter" />
        <Exit id="exit" />
        <Node id="speed_camera" state="ambient_challenge_activations.speed_camera_root">
          <Entry id="enter" />
          <Exit id="exit" target=".exit" />
        </Node>
      </State>
    </StateGroup>
    <SpeedThreshold minimumSpeed="30.0" />
  </Activity>
  <Activity type="ActivityAverageSpeed" name="SPEEDCAMERAZONE_010" scoreboard_id="10045">
    <StateGroup id="SPEEDCAMERAZONE_010">
      <State id="Root">
        <Entry id="enter" target="speed_camera.enter" />
        <Exit id="exit" />
        <Node id="speed_camera" state="ambient_challenge_activations.speed_camera_root">
          <Entry id="enter" />
          <Exit id="exit" target=".exit" />
        </Node>
      </State>
    </StateGroup>
    <SpeedThreshold minimumSpeed="30.0" />
  </Activity>
  <Activity type="ActivityAverageSpeed" name="SPEEDCAMERAZONE_011" scoreboard_id="10046">
    <StateGroup id="SPEEDCAMERAZONE_011">
      <State id="Root">
        <Entry id="enter" target="speed_camera.enter" />
        <Exit id="exit" />
        <Node id="speed_camera" state="ambient_challenge_activations.speed_camera_root">
          <Entry id="enter" />
          <Exit id="exit" target=".exit" />
        </Node>
      </State>
    </StateGroup>
    <SpeedThreshold minimumSpeed="30.0" />
  </Activity>
  <Activity type="ActivityAverageSpeed" name="SPEEDCAMERAZONE_012" scoreboard_id="10047">
    <StateGroup id="SPEEDCAMERAZONE_012">
      <State id="Root">
        <Entry id="enter" target="speed_camera.enter" />
        <Exit id="exit" />
        <Node id="speed_camera" state="ambient_challenge_activations.speed_camera_root">
          <Entry id="enter" />
          <Exit id="exit" target=".exit" />
        </Node>
      </State>
    </StateGroup>
    <SpeedThreshold minimumSpeed="30.0" />
  </Activity>
  <Activity type="ActivityAverageSpeed" name="SPEEDCAMERAZONE_013" scoreboard_id="10048">
    <StateGroup id="SPEEDCAMERAZONE_013">
      <State id="Root">
        <Entry id="enter" target="speed_camera.enter" />
        <Exit id="exit" />
        <Node id="speed_camera" state="ambient_challenge_activations.speed_camera_root">
          <Entry id="enter" />
          <Exit id="exit" target=".exit" />
        </Node>
      </State>
    </StateGroup>
    <SpeedThreshold minimumSpeed="30.0" />
  </Activity>
  <Activity type="ActivityAverageSpeed" name="SPEEDCAMERAZONE_014" scoreboard_id="10049">
    <StateGroup id="SPEEDCAMERAZONE_014">
      <State id="Root">
        <Entry id="enter" target="speed_camera.enter" />
        <Exit id="exit" />
        <Node id="speed_camera" state="ambient_challenge_activations.speed_camera_root">
          <Entry id="enter" />
          <Exit id="exit" target=".exit" />
        </Node>
      </State>
    </StateGroup>
    <SpeedThreshold minimumSpeed="30.0" />
  </Activity>
</ActivityManager>y>
</ActivityManager>y>
</ActivityManager>y>
</ActivityManager>