<ActivityManager>
	<Activity type="ActivityBarnFindController" name="barnfind_controller" single_player_free_roam="true" multiplayer_free_roam="true">
		<StateGroup id="barnfindcontroller" >
			<State id="Root">
				<Entry id="enter" target="root.enter" />
				<Exit id="exit" />

				<Node id="root" state="barnfinds.barnfindcontroller_root">
					<Entry id="enter" />
					<Exit id="exit" target=".exit" />
				</Node>
			</State>

		</StateGroup>
	</Activity>
	<Activity type="ActivityBarnFind" name="BARN_FIND_01" single_player_free_roam="true" multiplayer_free_roam="true">
		<StateGroup id="BARN_FIND_01" >
			<!-- Substitute states -->
			<State id="CutScene" >
				<Entry id="enter" target=".exit" />
				<Exit id="exit"/>
				<Behaviour id="CPrepareCutscene" cutscene="Barn_Find_Pre_Looping" race_specific="false" />
			</State>

			<!-- States for FMV -->
			<State id="OutroStartFMV" >
				<Entry id="enter"/>
				<Exit id="exit"/>
				<Behaviour id="CShowMovieScreen" filename="GAME:\Media\UI\Videos\Anthem\Barn_Find_01.wmv" confirmskip="true">
					<Transition id="onDone" target=".exit" />
				</Behaviour>
			</State>

			<State id="PrepOutroCutScene" >
				<Entry id="enter" target=".exit" />
				<Exit id="exit"/>
			</State>

			<State id="PlayOutroCutScene" >
				<Entry id="enter" target="remove_hud.enter" />
				<Exit id="exit"/>
				<Node id="remove_hud" state="global.show_empty_screen" >
					<Entry id="enter" />
					<Exit id="exit" target="disable_car_control.enter" />
				</Node>
				<Node id="disable_car_control" state="global.disable_car_control" >
					<Entry id="enter" />
					<Exit id="exit" target="apply_mixer_snapshot_fadeout.enter" />
				</Node>
				<Node id="apply_mixer_snapshot_fadeout" state="Audio.apply_mixer_snapshot_fadeout">
					<Entry id="enter" />
					<Exit id="exit" target="prepare_movie.enter" />
				</Node>
				<Node id="prepare_movie" state="playmovie.pre_movie_prepare">
					<Entry id="enter" />
					<Exit id="exit" target="play_movie.enter"/>
				</Node>
				<Node id="play_movie" state="OutroStartFMV">
					<Entry id="enter" />
					<Exit id="exit" target="post_movie.enter"/>
				</Node>
				<Node id="post_movie" state="playmovie.post_movie_restore_freeroam">
					<Entry id="enter" />
					<Exit id="exit" target=".exit"/>
				</Node>
			</State>

			<State id="MapAnimation">
				<Entry id="enter" target=".exit" />
				<Exit id="exit"/>
				<Behaviour id="CPlayMapAnimation">
					<Attribute id="animation" value="BARN_FIND_01_UNLOCK" />
				</Behaviour>
			</State>
			<State id="MapVO">
				<Entry id="enter" target=".exit"/>
				<Exit id="exit"/>
				<Behaviour id="CTriggerVO" trigger="BarnFindRumour1" wait="false"/>
			</State>
			<!-- End of Substitute states -->

			<State id="Root">
				<Entry id="enter" target="barnfind.enter" />
				<Exit id="exit" />

				<StateSubstitute state="barnfinds.prepare_cutscene" substitute="CutScene" />
				<StateSubstitute state="barnfinds.prepare_outro_cutscene" substitute="PrepOutroCutScene" />
				<!-- Substitute required for FMV version, not needed for Engine version -->
				<StateSubstitute state="global.fade_in_play_cutscene_and_wait" substitute="PlayOutroCutScene" />

				<Node id="barnfind" state="barnfinds.root">
					<Entry id="enter" />
					<Exit id="exit" target=".exit" />
				</Node>
			</State>
			<State id="SpawnRoot">
				<Entry id="enter" target="barnfind.enter" />
				<Exit id="exit" />

				<StateSubstitute state="barnfinds.play_map_animation" substitute="MapAnimation" />
				<StateSubstitute state="barnfinds.play_VO" substitute="MapVO" />

				<Node id="barnfind" state="barnfinds.barnfindspawn_root">
					<Entry id="enter" />
					<Exit id="exit" target=".exit" />
				</Node>
			</State>
		</StateGroup>

		<SpawnInfo weighting="100" min_probability="10" min_distance="0" max_probability="1" max_distance="200" />
		<HintRegion x_offset="-123" y_offset="89" angle="0" x_radius="445" y_radius="445" />
		<DoorInfo open_id="BARN_FIND_56_N66_OPEN" closed_id="BARN_FIND_56_N66_CLOSED" open_coll_id="BARN_FIND_56_N66_OPEN" closed_coll_id="BARN_FIND_56_N66_CLOSED" />
		<TriggerZone object="BARN_FIND_56_N66_OPEN" name="BARN_FIND_56_N66_CLOSED" radius="10" maxMPH="50" mapTag="barnfind" requires_input="false" mapDescription="IDS_Description_BarnFind"/>
		<DistanceDriven distanceMin="5" distanceMax="10" threshold="10"/>
		<UnlockCar id="637" stringTableNameId="IDS_BarnFind_Car_LamboMiuraP400"/>
		<RadioDJRequests>
			<Special gameplayEvent="BarnFind1Available" timeDelayMin="0.0" timeDelayMax="0.0" misc="-1" enabled="true" topPriority="true"/>
			<Special gameplayEvent="BarnFind1Seen" timeDelayMin="0.0" timeDelayMax="0.0" misc="637" enabled="false" topPriority="true"/>
			<Special gameplayEvent="BarnFind1Remind" timeDelayMin="3000.0" timeDelayMax="3600.0" misc="-1" enabled="true" topPriority="true"/>
		</RadioDJRequests>
		<DialogueRequests>
			<Item gameplayTrigger="BarnFind2Ready" id="0" />
		</DialogueRequests>
		<DjRemindEvent gameplayEvent="BarnFind1Remind"/>
	</Activity>
	<Activity type="ActivityBarnFind" name="BARN_FIND_02" single_player_free_roam="true" multiplayer_free_roam="true">
		<StateGroup id="BARN_FIND_02" >
			<!-- Substitute states -->
			<State id="CutScene" >
				<Entry id="enter" target=".exit" />
				<Exit id="exit"/>
				<Behaviour id="CPrepareCutscene" cutscene="Barn_Find_Pre_Looping" race_specific="false" />
			</State>

			<!-- States for FMV -->
			<State id="OutroStartFMV" >
				<Entry id="enter"/>
				<Exit id="exit"/>
				<Behaviour id="CShowMovieScreen" filename="GAME:\Media\UI\Videos\Anthem\Barn_Find_02.wmv" confirmskip="true">
					<Transition id="onDone" target=".exit" />
				</Behaviour>
			</State>

			<State id="PrepOutroCutScene" >
				<Entry id="enter" target=".exit" />
				<Exit id="exit"/>
			</State>

			<State id="PlayOutroCutScene" >
				<Entry id="enter" target="remove_hud.enter" />
				<Exit id="exit"/>
				<Node id="remove_hud" state="global.show_empty_screen" >
					<Entry id="enter" />
					<Exit id="exit" target="disable_car_control.enter" />
				</Node>
				<Node id="disable_car_control" state="global.disable_car_control" >
					<Entry id="enter" />
					<Exit id="exit" target="apply_mixer_snapshot_fadeout.enter" />
				</Node>
				<Node id="apply_mixer_snapshot_fadeout" state="Audio.apply_mixer_snapshot_fadeout">
					<Entry id="enter" />
					<Exit id="exit" target="prepare_movie.enter" />
				</Node>
				<Node id="prepare_movie" state="playmovie.pre_movie_prepare">
					<Entry id="enter" />
					<Exit id="exit" target="play_movie.enter"/>
				</Node>
				<Node id="play_movie" state="OutroStartFMV">
					<Entry id="enter" />
					<Exit id="exit" target="post_movie.enter"/>
				</Node>
				<Node id="post_movie" state="playmovie.post_movie_restore_freeroam">
					<Entry id="enter" />
					<Exit id="exit" target=".exit"/>
				</Node>
			</State>

			<State id="MapAnimation">
				<Entry id="enter" target=".exit" />
				<Exit id="exit"/>
				<Behaviour id="CPlayMapAnimation">
					<Attribute id="animation" value="BARN_FIND_02_UNLOCK" />
				</Behaviour>
			</State>
			<State id="MapVO">
				<Entry id="enter" target=".exit"/>
				<Exit id="exit"/>
				<Behaviour id="CTriggerVO" trigger="BarnFindRumour2" wait="false"/>
			</State>
			<!-- End of Substitute states -->

			<State id="Root">
				<Entry id="enter" target="barnfind.enter" />
				<Exit id="exit" />

				<StateSubstitute state="barnfinds.prepare_cutscene" substitute="CutScene" />
				<StateSubstitute state="barnfinds.prepare_outro_cutscene" substitute="PrepOutroCutScene" />
				<!-- Substitute required for FMV version, not needed for Engine version -->
				<StateSubstitute state="global.fade_in_play_cutscene_and_wait" substitute="PlayOutroCutScene" />

				<Node id="barnfind" state="barnfinds.root">
					<Entry id="enter" />
					<Exit id="exit" target=".exit" />
				</Node>
			</State>
			<State id="SpawnRoot">
				<Entry id="enter" target="barnfind.enter" />
				<Exit id="exit" />

				<StateSubstitute state="barnfinds.play_map_animation" substitute="MapAnimation" />
				<StateSubstitute state="barnfinds.play_VO" substitute="MapVO" />

				<Node id="barnfind" state="barnfinds.barnfindspawn_root">
					<Entry id="enter" />
					<Exit id="exit" target=".exit" />
				</Node>
			</State>
		</StateGroup>

		<SpawnInfo weighting="100" min_probability="10" min_distance="0" max_probability="1" max_distance="200" />
		<HintRegion x_offset="-123" y_offset="89" angle="0" x_radius="445" y_radius="445" />
		<DoorInfo open_id="BARN_FIND_89_N59_OPEN" closed_id="BARN_FIND_89_N59_CLOSED" open_coll_id="BARN_FIND_89_N59_OPEN" closed_coll_id="BARN_FIND_89_N59_CLOSED" />
		<TriggerZone object="BARN_FIND_89_N59_OPEN" name="BARN_FIND_89_N59_CLOSED" radius="10" maxMPH="50" mapTag="barnfind" requires_input="false" mapDescription="IDS_Description_BarnFind"/>
		<DistanceDriven distanceMin="5" distanceMax="10" threshold="10"/>
		<UnlockCar id="1578" stringTableNameId="IDS_BarnFind_Car_Ferrari250GTLusso"/>
		<RadioDJRequests>
			<Special gameplayEvent="BarnFind2Available" timeDelayMin="0.0" timeDelayMax="0.0" misc="-1" enabled="true" topPriority="true"/>
			<Special gameplayEvent="BarnFind2Seen" timeDelayMin="0.0" timeDelayMax="0.0" misc="1578" enabled="false" topPriority="true"/>
			<Special gameplayEvent="BarnFind2Remind" timeDelayMin="3000.0" timeDelayMax="3600.0" misc="-1" enabled="true" topPriority="true"/>
		</RadioDJRequests>
		<DialogueRequests>
			<Item gameplayTrigger="BarnFind3Ready" id="0" />
		</DialogueRequests>
		<DjRemindEvent gameplayEvent="BarnFind2Remind"/>
	</Activity>
	<Activity type="ActivityBarnFind" name="BARN_FIND_03" single_player_free_roam="true" multiplayer_free_roam="true">
		<StateGroup id="BARN_FIND_03" >
			<!-- Substitute states -->
			<State id="CutScene" >
				<Entry id="enter" target=".exit" />
				<Exit id="exit"/>
				<Behaviour id="CPrepareCutscene" cutscene="Barn_Find_Pre_Looping" race_specific="false" />
			</State>

			<!-- States for FMV -->
			<State id="OutroStartFMV" >
				<Entry id="enter"/>
				<Exit id="exit"/>
				<Behaviour id="CShowMovieScreen" filename="GAME:\Media\UI\Videos\Anthem\Barn_Find_03.wmv" confirmskip="true">
					<Transition id="onDone" target=".exit" />
				</Behaviour>
			</State>

			<State id="PrepOutroCutScene" >
				<Entry id="enter" target=".exit" />
				<Exit id="exit"/>
			</State>

			<State id="PlayOutroCutScene" >
				<Entry id="enter" target="remove_hud.enter" />
				<Exit id="exit"/>
				<Node id="remove_hud" state="global.show_empty_screen" >
					<Entry id="enter" />
					<Exit id="exit" target="disable_car_control.enter" />
				</Node>
				<Node id="disable_car_control" state="global.disable_car_control" >
					<Entry id="enter" />
					<Exit id="exit" target="apply_mixer_snapshot_fadeout.enter" />
				</Node>
				<Node id="apply_mixer_snapshot_fadeout" state="Audio.apply_mixer_snapshot_fadeout">
					<Entry id="enter" />
					<Exit id="exit" target="prepare_movie.enter" />
				</Node>
				<Node id="prepare_movie" state="playmovie.pre_movie_prepare">
					<Entry id="enter" />
					<Exit id="exit" target="play_movie.enter"/>
				</Node>
				<Node id="play_movie" state="OutroStartFMV">
					<Entry id="enter" />
					<Exit id="exit" target="post_movie.enter"/>
				</Node>
				<Node id="post_movie" state="playmovie.post_movie_restore_freeroam">
					<Entry id="enter" />
					<Exit id="exit" target=".exit"/>
				</Node>
			</State>

			<State id="MapAnimation">
				<Entry id="enter" target=".exit" />
				<Exit id="exit"/>
				<Behaviour id="CPlayMapAnimation">
					<Attribute id="animation" value="BARN_FIND_03_UNLOCK" />
				</Behaviour>
			</State>
			<State id="MapVO">
				<Entry id="enter" target=".exit"/>
				<Exit id="exit"/>
				<Behaviour id="CTriggerVO" trigger="BarnFindRumour3" wait="false"/>
			</State>
			<!-- End of Substitute states -->

			<State id="Root">
				<Entry id="enter" target="barnfind.enter" />
				<Exit id="exit" />

				<StateSubstitute state="barnfinds.prepare_cutscene" substitute="CutScene" />
				<StateSubstitute state="barnfinds.prepare_outro_cutscene" substitute="PrepOutroCutScene" />
				<!-- Substitute required for FMV version, not needed for Engine version -->
				<StateSubstitute state="global.fade_in_play_cutscene_and_wait" substitute="PlayOutroCutScene" />

				<Node id="barnfind" state="barnfinds.root">
					<Entry id="enter" />
					<Exit id="exit" target=".exit" />
				</Node>
			</State>
			<State id="SpawnRoot">
				<Entry id="enter" target="barnfind.enter" />
				<Exit id="exit" />

				<StateSubstitute state="barnfinds.play_map_animation" substitute="MapAnimation" />
				<StateSubstitute state="barnfinds.play_VO" substitute="MapVO" />

				<Node id="barnfind" state="barnfinds.barnfindspawn_root">
					<Entry id="enter" />
					<Exit id="exit" target=".exit" />
				</Node>
			</State>
		</StateGroup>

		<SpawnInfo weighting="100" min_probability="10" min_distance="0" max_probability="1" max_distance="200" />
		<HintRegion x_offset="-123" y_offset="89" angle="0" x_radius="445" y_radius="445" />
		<DoorInfo open_id="BARN_FIND_91_N22_OPEN" closed_id="BARN_FIND_91_N22_CLOSED" open_coll_id="BARN_FIND_91_N22_OPEN" closed_coll_id="BARN_FIND_91_N22_CLOSED" />
		<TriggerZone object="BARN_FIND_91_N22_OPEN" name="BARN_FIND_91_N22_CLOSED" radius="10" maxMPH="50" mapTag="barnfind" requires_input="false" mapDescription="IDS_Description_BarnFind"/>
		<DistanceDriven distanceMin="5" distanceMax="10" threshold="10"/>
		<UnlockCar id="2151" stringTableNameId="IDS_BarnFind_Car_VWType2"/>
		<RadioDJRequests>
			<Special gameplayEvent="BarnFind3Available" timeDelayMin="0.0" timeDelayMax="0.0" misc="-1" enabled="true" topPriority="true"/>
			<Special gameplayEvent="BarnFind3Seen" timeDelayMin="0.0" timeDelayMax="0.0" misc="2151" enabled="false" topPriority="true"/>
			<Special gameplayEvent="BarnFind3Remind" timeDelayMin="3000.0" timeDelayMax="3600.0" misc="-1" enabled="true" topPriority="true"/>
		</RadioDJRequests>
		<DialogueRequests>
			<Item gameplayTrigger="BarnFind8Ready" id="0" />
		</DialogueRequests>
		<DjRemindEvent gameplayEvent="BarnFind3Remind"/>
	</Activity>
	<Activity type="ActivityBarnFind" name="BARN_FIND_04" single_player_free_roam="true" multiplayer_free_roam="true">
		<StateGroup id="BARN_FIND_04" >
			<!-- Substitute states -->
			<State id="CutScene" >
				<Entry id="enter" target=".exit" />
				<Exit id="exit"/>
				<Behaviour id="CPrepareCutscene" cutscene="Barn_Find_Pre_Looping" race_specific="false" />
			</State>

			<!-- States for FMV -->
			<State id="OutroStartFMV" >
				<Entry id="enter"/>
				<Exit id="exit"/>
				<Behaviour id="CShowMovieScreen" filename="GAME:\Media\UI\Videos\Anthem\Barn_Find_04.wmv" confirmskip="true">
					<Transition id="onDone" target=".exit" />
				</Behaviour>
			</State>

			<State id="PrepOutroCutScene" >
				<Entry id="enter" target=".exit" />
				<Exit id="exit"/>
			</State>

			<State id="PlayOutroCutScene" >
				<Entry id="enter" target="remove_hud.enter" />
				<Exit id="exit"/>
				<Node id="remove_hud" state="global.show_empty_screen" >
					<Entry id="enter" />
					<Exit id="exit" target="disable_car_control.enter" />
				</Node>
				<Node id="disable_car_control" state="global.disable_car_control" >
					<Entry id="enter" />
					<Exit id="exit" target="apply_mixer_snapshot_fadeout.enter" />
				</Node>
				<Node id="apply_mixer_snapshot_fadeout" state="Audio.apply_mixer_snapshot_fadeout">
					<Entry id="enter" />
					<Exit id="exit" target="prepare_movie.enter" />
				</Node>
				<Node id="prepare_movie" state="playmovie.pre_movie_prepare">
					<Entry id="enter" />
					<Exit id="exit" target="play_movie.enter"/>
				</Node>
				<Node id="play_movie" state="OutroStartFMV">
					<Entry id="enter" />
					<Exit id="exit" target="post_movie.enter"/>
				</Node>
				<Node id="post_movie" state="playmovie.post_movie_restore_freeroam">
					<Entry id="enter" />
					<Exit id="exit" target=".exit"/>
				</Node>
			</State>

			<State id="MapAnimation">
				<Entry id="enter" target=".exit" />
				<Exit id="exit"/>
				<Behaviour id="CPlayMapAnimation">
					<Attribute id="animation" value="BARN_FIND_04_UNLOCK" />
				</Behaviour>
			</State>
			<State id="MapVO">
				<Entry id="enter" target=".exit"/>
				<Exit id="exit"/>
				<Behaviour id="CTriggerVO" trigger="BarnFindRumour4" wait="false"/>
			</State>
			<!-- End of Substitute states -->

			<State id="Root">
				<Entry id="enter" target="barnfind.enter" />
				<Exit id="exit" />

				<StateSubstitute state="barnfinds.prepare_cutscene" substitute="CutScene" />
				<StateSubstitute state="barnfinds.prepare_outro_cutscene" substitute="PrepOutroCutScene" />
				<!-- Substitute required for FMV version, not needed for Engine version -->
				<StateSubstitute state="global.fade_in_play_cutscene_and_wait" substitute="PlayOutroCutScene" />

				<Node id="barnfind" state="barnfinds.root">
					<Entry id="enter" />
					<Exit id="exit" target=".exit" />
				</Node>
			</State>
			<State id="SpawnRoot">
				<Entry id="enter" target="barnfind.enter" />
				<Exit id="exit" />

				<StateSubstitute state="barnfinds.play_map_animation" substitute="MapAnimation" />
				<StateSubstitute state="barnfinds.play_VO" substitute="MapVO" />

				<Node id="barnfind" state="barnfinds.barnfindspawn_root">
					<Entry id="enter" />
					<Exit id="exit" target=".exit" />
				</Node>
			</State>
		</StateGroup>

		<SpawnInfo weighting="100" min_probability="10" min_distance="0" max_probability="1" max_distance="200" />
		<HintRegion x_offset="-123" y_offset="89" angle="0" x_radius="445" y_radius="445" />
		<DoorInfo open_id="BARN_FIND_63_N41_OPEN" closed_id="BARN_FIND_63_N41_CLOSED" open_coll_id="BARN_FIND_63_N41_OPEN" closed_coll_id="BARN_FIND_63_N41_CLOSED" />
		<TriggerZone object="BARN_FIND_63_N41_OPEN" name="BARN_FIND_63_N41_CLOSED" radius="10" maxMPH="50" mapTag="barnfind" requires_input="false" mapDescription="IDS_Description_BarnFind"/>
		<DistanceDriven distanceMin="5" distanceMax="10" threshold="10"/>
		<UnlockCar id="358" stringTableNameId="IDS_BarnFind_Car_FerrariGTO"/>
		<RadioDJRequests>
			<Special gameplayEvent="AltBarnFindRumour4" timeDelayMin="0.0" timeDelayMax="0.0" misc="-1" enabled="true" topPriority="true"/>
			<Special gameplayEvent="BarnFind4Seen" timeDelayMin="0.0" timeDelayMax="0.0" misc="358" enabled="false" topPriority="true"/>
			<Special gameplayEvent="BarnFindRemind" timeDelayMin="3000.0" timeDelayMax="3600.0" misc="-1" enabled="true" topPriority="true"/>
		</RadioDJRequests>
		<DialogueRequests>
			<Item gameplayTrigger="BarnFind4Ready" id="0" />
		</DialogueRequests>
		<DjRemindEvent gameplayEvent="BarnFindRemind"/>
	</Activity>
	<Activity type="ActivityBarnFind" name="BARN_FIND_05" single_player_free_roam="true" multiplayer_free_roam="true">
		<StateGroup id="BARN_FIND_05" >
			<!-- Substitute states -->
			<State id="CutScene" >
				<Entry id="enter" target=".exit" />
				<Exit id="exit"/>
				<Behaviour id="CPrepareCutscene" cutscene="Barn_Find_Pre_Looping" race_specific="false" />
			</State>

			<!-- States for FMV -->
			<State id="OutroStartFMV" >
				<Entry id="enter"/>
				<Exit id="exit"/>
				<Behaviour id="CShowMovieScreen" filename="GAME:\Media\UI\Videos\Anthem\Barn_Find_05.wmv" confirmskip="true">
					<Transition id="onDone" target=".exit" />
				</Behaviour>
			</State>

			<State id="PrepOutroCutScene" >
				<Entry id="enter" target=".exit" />
				<Exit id="exit"/>
			</State>

			<State id="PlayOutroCutScene" >
				<Entry id="enter" target="remove_hud.enter" />
				<Exit id="exit"/>
				<Node id="remove_hud" state="global.show_empty_screen" >
					<Entry id="enter" />
					<Exit id="exit" target="disable_car_control.enter" />
				</Node>
				<Node id="disable_car_control" state="global.disable_car_control" >
					<Entry id="enter" />
					<Exit id="exit" target="apply_mixer_snapshot_fadeout.enter" />
				</Node>
				<Node id="apply_mixer_snapshot_fadeout" state="Audio.apply_mixer_snapshot_fadeout">
					<Entry id="enter" />
					<Exit id="exit" target="prepare_movie.enter" />
				</Node>
				<Node id="prepare_movie" state="playmovie.pre_movie_prepare">
					<Entry id="enter" />
					<Exit id="exit" target="play_movie.enter"/>
				</Node>
				<Node id="play_movie" state="OutroStartFMV">
					<Entry id="enter" />
					<Exit id="exit" target="post_movie.enter"/>
				</Node>
				<Node id="post_movie" state="playmovie.post_movie_restore_freeroam">
					<Entry id="enter" />
					<Exit id="exit" target=".exit"/>
				</Node>
			</State>

			<State id="MapAnimation">
				<Entry id="enter" target=".exit" />
				<Exit id="exit"/>
				<Behaviour id="CPlayMapAnimation">
					<Attribute id="animation" value="BARN_FIND_05_UNLOCK" />
				</Behaviour>
			</State>
			<State id="MapVO">
				<Entry id="enter" target=".exit"/>
				<Exit id="exit"/>
				<Behaviour id="CTriggerVO" trigger="BarnFindRumour5" wait="false"/>
			</State>
			<!-- End of Substitute states -->

			<State id="Root">
				<Entry id="enter" target="barnfind.enter" />
				<Exit id="exit" />

				<StateSubstitute state="barnfinds.prepare_cutscene" substitute="CutScene" />
				<StateSubstitute state="barnfinds.prepare_outro_cutscene" substitute="PrepOutroCutScene" />
				<!-- Substitute required for FMV version, not needed for Engine version -->
				<StateSubstitute state="global.fade_in_play_cutscene_and_wait" substitute="PlayOutroCutScene" />

				<Node id="barnfind" state="barnfinds.root">
					<Entry id="enter" />
					<Exit id="exit" target=".exit" />
				</Node>
			</State>
			<State id="SpawnRoot">
				<Entry id="enter" target="barnfind.enter" />
				<Exit id="exit" />

				<StateSubstitute state="barnfinds.play_map_animation" substitute="MapAnimation" />
				<StateSubstitute state="barnfinds.play_VO" substitute="MapVO" />

				<Node id="barnfind" state="barnfinds.barnfindspawn_root">
					<Entry id="enter" />
					<Exit id="exit" target=".exit" />
				</Node>
			</State>
		</StateGroup>

		<SpawnInfo weighting="100" min_probability="10" min_distance="0" max_probability="1" max_distance="200" />
		<HintRegion x_offset="-123" y_offset="89" angle="0" x_radius="445" y_radius="445" />
		<DoorInfo open_id="BARN_FIND_56_N22_OPEN" closed_id="BARN_FIND_56_N22_CLOSED" open_coll_id="BARN_FIND_56_N22_OPEN" closed_coll_id="BARN_FIND_56_N22_CLOSED" />
		<TriggerZone object="BARN_FIND_56_N22_OPEN" name="BARN_FIND_56_N22_CLOSED" radius="10" maxMPH="50" mapTag="barnfind" requires_input="false" mapDescription="IDS_Description_BarnFind"/>
		<DistanceDriven distanceMin="5" distanceMax="10" threshold="10"/>
		<UnlockCar id="1485" stringTableNameId="IDS_BarnFind_Car_JagXK120"/>
		<RadioDJRequests>
			<Special gameplayEvent="AltBarnFindRumour5" timeDelayMin="0.0" timeDelayMax="0.0" misc="-1" enabled="true" topPriority="true"/>
			<Special gameplayEvent="BarnFind5Seen" timeDelayMin="0.0" timeDelayMax="0.0" misc="1485" enabled="false" topPriority="true"/>
			<Special gameplayEvent="BarnFindRemind" timeDelayMin="3000.0" timeDelayMax="3600.0" misc="-1" enabled="true" topPriority="true"/>
		</RadioDJRequests>
		<DialogueRequests>
			<Item gameplayTrigger="BarnFind5Ready" id="0" />
		</DialogueRequests>
		<DjRemindEvent gameplayEvent="BarnFindRemind"/>
	</Activity>
	<Activity type="ActivityBarnFind" name="BARN_FIND_06" single_player_free_roam="true" multiplayer_free_roam="true">
		<StateGroup id="BARN_FIND_06" >
			<!-- Substitute states -->
			<State id="CutScene" >
				<Entry id="enter" target=".exit" />
				<Exit id="exit"/>
				<Behaviour id="CPrepareCutscene" cutscene="Barn_Find_Pre_Looping" race_specific="false" />
			</State>

			<!-- States for FMV -->
			<State id="OutroStartFMV" >
				<Entry id="enter"/>
				<Exit id="exit"/>
				<Behaviour id="CShowMovieScreen" filename="GAME:\Media\UI\Videos\Anthem\Barn_Find_06.wmv" confirmskip="true">
					<Transition id="onDone" target=".exit" />
				</Behaviour>
			</State>

			<State id="PrepOutroCutScene" >
				<Entry id="enter" target=".exit" />
				<Exit id="exit"/>
			</State>

			<State id="PlayOutroCutScene" >
				<Entry id="enter" target="remove_hud.enter" />
				<Exit id="exit"/>
				<Node id="remove_hud" state="global.show_empty_screen" >
					<Entry id="enter" />
					<Exit id="exit" target="disable_car_control.enter" />
				</Node>
				<Node id="disable_car_control" state="global.disable_car_control" >
					<Entry id="enter" />
					<Exit id="exit" target="apply_mixer_snapshot_fadeout.enter" />
				</Node>
				<Node id="apply_mixer_snapshot_fadeout" state="Audio.apply_mixer_snapshot_fadeout">
					<Entry id="enter" />
					<Exit id="exit" target="prepare_movie.enter" />
				</Node>
				<Node id="prepare_movie" state="playmovie.pre_movie_prepare">
					<Entry id="enter" />
					<Exit id="exit" target="play_movie.enter"/>
				</Node>
				<Node id="play_movie" state="OutroStartFMV">
					<Entry id="enter" />
					<Exit id="exit" target="post_movie.enter"/>
				</Node>
				<Node id="post_movie" state="playmovie.post_movie_restore_freeroam">
					<Entry id="enter" />
					<Exit id="exit" target=".exit"/>
				</Node>
			</State>

			<State id="MapAnimation">
				<Entry id="enter" target=".exit" />
				<Exit id="exit"/>
				<Behaviour id="CPlayMapAnimation">
					<Attribute id="animation" value="BARN_FIND_06_UNLOCK" />
				</Behaviour>
			</State>
			<State id="MapVO">
				<Entry id="enter" target=".exit"/>
				<Exit id="exit"/>
				<Behaviour id="CTriggerVO" trigger="BarnFindRumour6" wait="false"/>
			</State>
			<!-- End of Substitute states -->

			<State id="Root">
				<Entry id="enter" target="barnfind.enter" />
				<Exit id="exit" />

				<StateSubstitute state="barnfinds.prepare_cutscene" substitute="CutScene" />
				<StateSubstitute state="barnfinds.prepare_outro_cutscene" substitute="PrepOutroCutScene" />
				<!-- Substitute required for FMV version, not needed for Engine version -->
				<StateSubstitute state="global.fade_in_play_cutscene_and_wait" substitute="PlayOutroCutScene" />

				<Node id="barnfind" state="barnfinds.root">
					<Entry id="enter" />
					<Exit id="exit" target=".exit" />
				</Node>
			</State>
			<State id="SpawnRoot">
				<Entry id="enter" target="barnfind.enter" />
				<Exit id="exit" />

				<StateSubstitute state="barnfinds.play_map_animation" substitute="MapAnimation" />
				<StateSubstitute state="barnfinds.play_VO" substitute="MapVO" />

				<Node id="barnfind" state="barnfinds.barnfindspawn_root">
					<Entry id="enter" />
					<Exit id="exit" target=".exit" />
				</Node>
			</State>
		</StateGroup>

		<SpawnInfo weighting="100" min_probability="10" min_distance="0" max_probability="1" max_distance="200" />
		<HintRegion x_offset="-123" y_offset="89" angle="0" x_radius="445" y_radius="445" />
		<DoorInfo open_id="BARN_FIND_N2_N26_OPEN" closed_id="BARN_FIND_N2_N26_CLOSED" open_coll_id="BARN_FIND_N2_N26_OPEN" closed_coll_id="BARN_FIND_N2_N26_CLOSED" />
		<TriggerZone object="BARN_FIND_N2_N26_OPEN" name="BARN_FIND_N2_N26_CLOSED" radius="10" maxMPH="50" mapTag="barnfind" requires_input="false" mapDescription="IDS_Description_BarnFind"/>
		<DistanceDriven distanceMin="5" distanceMax="10" threshold="10"/>
		<UnlockCar id="2049" stringTableNameId="IDS_BarnFind_Car_JeepWillys"/>
		<RadioDJRequests>
			<Special gameplayEvent="BarnFind6Available" timeDelayMin="0.0" timeDelayMax="0.0" misc="-1" enabled="true" topPriority="true"/>
			<Special gameplayEvent="BarnFind6Seen" timeDelayMin="0.0" timeDelayMax="0.0" misc="2049" enabled="false" topPriority="true"/>
			<Special gameplayEvent="BarnFind6Remind" timeDelayMin="3000.0" timeDelayMax="3600.0" misc="-1" enabled="true" topPriority="true"/>
		</RadioDJRequests>
		<DialogueRequests>
			<Item gameplayTrigger="BarnFind10Ready" id="0" />
		</DialogueRequests>
		<DjRemindEvent gameplayEvent="BarnFind6Remind"/>
	</Activity>
	<Activity type="ActivityBarnFind" name="BARN_FIND_07" single_player_free_roam="true" multiplayer_free_roam="true">
		<StateGroup id="BARN_FIND_07" >
			<!-- Substitute states -->
			<State id="CutScene" >
				<Entry id="enter" target=".exit" />
				<Exit id="exit"/>
				<Behaviour id="CPrepareCutscene" cutscene="Barn_Find_Pre_Looping" race_specific="false" />
			</State>

			<!-- States for FMV -->
			<State id="OutroStartFMV" >
				<Entry id="enter"/>
				<Exit id="exit"/>
				<Behaviour id="CShowMovieScreen" filename="GAME:\Media\UI\Videos\Anthem\Barn_Find_07.wmv" confirmskip="true">
					<Transition id="onDone" target=".exit" />
				</Behaviour>
			</State>

			<State id="PrepOutroCutScene" >
				<Entry id="enter" target=".exit" />
				<Exit id="exit"/>
			</State>

			<State id="PlayOutroCutScene" >
				<Entry id="enter" target="remove_hud.enter" />
				<Exit id="exit"/>
				<Node id="remove_hud" state="global.show_empty_screen" >
					<Entry id="enter" />
					<Exit id="exit" target="disable_car_control.enter" />
				</Node>
				<Node id="disable_car_control" state="global.disable_car_control" >
					<Entry id="enter" />
					<Exit id="exit" target="apply_mixer_snapshot_fadeout.enter" />
				</Node>
				<Node id="apply_mixer_snapshot_fadeout" state="Audio.apply_mixer_snapshot_fadeout">
					<Entry id="enter" />
					<Exit id="exit" target="prepare_movie.enter" />
				</Node>
				<Node id="prepare_movie" state="playmovie.pre_movie_prepare">
					<Entry id="enter" />
					<Exit id="exit" target="play_movie.enter"/>
				</Node>
				<Node id="play_movie" state="OutroStartFMV">
					<Entry id="enter" />
					<Exit id="exit" target="post_movie.enter"/>
				</Node>
				<Node id="post_movie" state="playmovie.post_movie_restore_freeroam">
					<Entry id="enter" />
					<Exit id="exit" target=".exit"/>
				</Node>
			</State>

			<State id="MapAnimation">
				<Entry id="enter" target=".exit" />
				<Exit id="exit"/>
				<Behaviour id="CPlayMapAnimation">
					<Attribute id="animation" value="BARN_FIND_07_UNLOCK" />
				</Behaviour>
			</State>
			<State id="MapVO">
				<Entry id="enter" target=".exit"/>
				<Exit id="exit"/>
				<Behaviour id="CTriggerVO" trigger="BarnFindRumour7" wait="false"/>
			</State>
			<!-- End of Substitute states -->

			<State id="Root">
				<Entry id="enter" target="barnfind.enter" />
				<Exit id="exit" />

				<StateSubstitute state="barnfinds.prepare_cutscene" substitute="CutScene" />
				<StateSubstitute state="barnfinds.prepare_outro_cutscene" substitute="PrepOutroCutScene" />
				<!-- Substitute required for FMV version, not needed for Engine version -->
				<StateSubstitute state="global.fade_in_play_cutscene_and_wait" substitute="PlayOutroCutScene" />

				<Node id="barnfind" state="barnfinds.root">
					<Entry id="enter" />
					<Exit id="exit" target=".exit" />
				</Node>
			</State>
			<State id="SpawnRoot">
				<Entry id="enter" target="barnfind.enter" />
				<Exit id="exit" />

				<StateSubstitute state="barnfinds.play_map_animation" substitute="MapAnimation" />
				<StateSubstitute state="barnfinds.play_VO" substitute="MapVO" />

				<Node id="barnfind" state="barnfinds.barnfindspawn_root">
					<Entry id="enter" />
					<Exit id="exit" target=".exit" />
				</Node>
			</State>
		</StateGroup>

		<SpawnInfo weighting="100" min_probability="10" min_distance="0" max_probability="1" max_distance="200" />
		<HintRegion x_offset="-123" y_offset="89" angle="0" x_radius="445" y_radius="445" />
		<DoorInfo open_id="BARN_FIND_31_N35_OPEN" closed_id="BARN_FIND_31_N35_CLOSED" open_coll_id="BARN_FIND_31_N35_OPEN" closed_coll_id="BARN_FIND_31_N35_CLOSED" />
		<TriggerZone object="BARN_FIND_31_N35_OPEN" name="BARN_FIND_31_N35_CLOSED" radius="10" maxMPH="50" mapTag="barnfind" requires_input="false" mapDescription="IDS_Description_BarnFind"/>
		<DistanceDriven distanceMin="5" distanceMax="10" threshold="10"/>
		<UnlockCar id="2161" stringTableNameId="IDS_BarnFind_Car_AlfaGuiliaTZ2"/>
		<RadioDJRequests>
			<Special gameplayEvent="BarnFind7Available" timeDelayMin="0.0" timeDelayMax="0.0" misc="-1" enabled="true" topPriority="true"/>
			<Special gameplayEvent="BarnFind7Seen" timeDelayMin="0.0" timeDelayMax="0.0" misc="2161" enabled="false" topPriority="true"/>
			<Special gameplayEvent="BarnFind7Remind" timeDelayMin="3000.0" timeDelayMax="3600.0" misc="-1" enabled="true" topPriority="true"/>
		</RadioDJRequests>
		<DialogueRequests>
			<Item gameplayTrigger="BarnFind9Ready" id="0" />
		</DialogueRequests>
		<DjRemindEvent gameplayEvent="BarnFind7Remind"/>
	</Activity>
	<Activity type="ActivityBarnFind" name="BARN_FIND_08" single_player_free_roam="true" multiplayer_free_roam="true">
		<StateGroup id="BARN_FIND_08" >
			<!-- Substitute states -->
			<State id="CutScene" >
				<Entry id="enter" target=".exit" />
				<Exit id="exit"/>
				<Behaviour id="CPrepareCutscene" cutscene="Barn_Find_Pre_Looping" race_specific="false" />
			</State>

			<!-- States for FMV -->
			<State id="OutroStartFMV" >
				<Entry id="enter"/>
				<Exit id="exit"/>
				<Behaviour id="CShowMovieScreen" filename="GAME:\Media\UI\Videos\Anthem\Barn_Find_08.wmv" confirmskip="true">
					<Transition id="onDone" target=".exit" />
				</Behaviour>
			</State>

			<State id="PrepOutroCutScene" >
				<Entry id="enter" target=".exit" />
				<Exit id="exit"/>
			</State>

			<State id="PlayOutroCutScene" >
				<Entry id="enter" target="remove_hud.enter" />
				<Exit id="exit"/>
				<Node id="remove_hud" state="global.show_empty_screen" >
					<Entry id="enter" />
					<Exit id="exit" target="disable_car_control.enter" />
				</Node>
				<Node id="disable_car_control" state="global.disable_car_control" >
					<Entry id="enter" />
					<Exit id="exit" target="apply_mixer_snapshot_fadeout.enter" />
				</Node>
				<Node id="apply_mixer_snapshot_fadeout" state="Audio.apply_mixer_snapshot_fadeout">
					<Entry id="enter" />
					<Exit id="exit" target="prepare_movie.enter" />
				</Node>
				<Node id="prepare_movie" state="playmovie.pre_movie_prepare">
					<Entry id="enter" />
					<Exit id="exit" target="play_movie.enter"/>
				</Node>
				<Node id="play_movie" state="OutroStartFMV">
					<Entry id="enter" />
					<Exit id="exit" target="post_movie.enter"/>
				</Node>
				<Node id="post_movie" state="playmovie.post_movie_restore_freeroam">
					<Entry id="enter" />
					<Exit id="exit" target=".exit"/>
				</Node>
			</State>

			<State id="MapAnimation">
				<Entry id="enter" target=".exit" />
				<Exit id="exit"/>
				<Behaviour id="CPlayMapAnimation">
					<Attribute id="animation" value="BARN_FIND_08_UNLOCK" />
				</Behaviour>
			</State>
			<State id="MapVO">
				<Entry id="enter" target=".exit"/>
				<Exit id="exit"/>
				<Behaviour id="CTriggerVO" trigger="BarnFindRumour8" wait="false"/>
			</State>
			<!-- End of Substitute states -->

			<State id="Root">
				<Entry id="enter" target="barnfind.enter" />
				<Exit id="exit" />

				<StateSubstitute state="barnfinds.prepare_cutscene" substitute="CutScene" />
				<StateSubstitute state="barnfinds.prepare_outro_cutscene" substitute="PrepOutroCutScene" />
				<!-- Substitute required for FMV version, not needed for Engine version -->
				<StateSubstitute state="global.fade_in_play_cutscene_and_wait" substitute="PlayOutroCutScene" />

				<Node id="barnfind" state="barnfinds.root">
					<Entry id="enter" />
					<Exit id="exit" target=".exit" />
				</Node>
			</State>
			<State id="SpawnRoot">
				<Entry id="enter" target="barnfind.enter" />
				<Exit id="exit" />

				<StateSubstitute state="barnfinds.play_map_animation" substitute="MapAnimation" />
				<StateSubstitute state="barnfinds.play_VO" substitute="MapVO" />

				<Node id="barnfind" state="barnfinds.barnfindspawn_root">
					<Entry id="enter" />
					<Exit id="exit" target=".exit" />
				</Node>
			</State>
		</StateGroup>

		<SpawnInfo weighting="100" min_probability="10" min_distance="0" max_probability="1" max_distance="200" />
		<HintRegion x_offset="-123" y_offset="89" angle="0" x_radius="445" y_radius="445" />
		<DoorInfo open_id="BARN_FIND_N26_N55_OPEN" closed_id="BARN_FIND_N26_N55_CLOSED" open_coll_id="BARN_FIND_N26_N55_OPEN" closed_coll_id="BARN_FIND_N26_N55_CLOSED" />
		<TriggerZone object="BARN_FIND_N26_N55_OPEN" name="BARN_FIND_N26_N55_CLOSED" radius="10" maxMPH="50" mapTag="barnfind" requires_input="false" mapDescription="IDS_Description_BarnFind"/>
		<DistanceDriven distanceMin="5" distanceMax="10" threshold="10"/>
		<UnlockCar id="1524" stringTableNameId="IDS_BarnFind_Car_MaseratiTipo"/>
		<RadioDJRequests>
			<Special gameplayEvent="BarnFind8Available" timeDelayMin="0.0" timeDelayMax="0.0" misc="-1" enabled="true" topPriority="true"/>
			<Special gameplayEvent="BarnFind8Seen" timeDelayMin="0.0" timeDelayMax="0.0" misc="1524" enabled="false" topPriority="true"/>
			<Special gameplayEvent="BarnFind8Remind" timeDelayMin="3000.0" timeDelayMax="3600.0" misc="-1" enabled="true" topPriority="true"/>
		</RadioDJRequests>
		<DialogueRequests>
			<Item gameplayTrigger="BarnFind1Ready" id="0" />
		</DialogueRequests>
		<DjRemindEvent gameplayEvent="BarnFind8Remind"/>
	</Activity>
	<Activity type="ActivityBarnFind" name="BARN_FIND_09" single_player_free_roam="true" multiplayer_free_roam="true">
		<StateGroup id="BARN_FIND_09" >
			<!-- Substitute states -->
			<State id="CutScene" >
				<Entry id="enter" target=".exit" />
				<Exit id="exit"/>
				<Behaviour id="CPrepareCutscene" cutscene="Barn_Find_Pre_Looping" race_specific="false" />
			</State>

			<!-- States for FMV -->
			<State id="OutroStartFMV" >
				<Entry id="enter"/>
				<Exit id="exit"/>
				<Behaviour id="CShowMovieScreen" filename="GAME:\Media\UI\Videos\Anthem\Barn_Find_09.wmv" confirmskip="true">
					<Transition id="onDone" target=".exit" />
				</Behaviour>
			</State>

			<State id="PrepOutroCutScene" >
				<Entry id="enter" target=".exit" />
				<Exit id="exit"/>
			</State>

			<State id="PlayOutroCutScene" >
				<Entry id="enter" target="remove_hud.enter" />
				<Exit id="exit"/>
				<Node id="remove_hud" state="global.show_empty_screen" >
					<Entry id="enter" />
					<Exit id="exit" target="disable_car_control.enter" />
				</Node>
				<Node id="disable_car_control" state="global.disable_car_control" >
					<Entry id="enter" />
					<Exit id="exit" target="apply_mixer_snapshot_fadeout.enter" />
				</Node>
				<Node id="apply_mixer_snapshot_fadeout" state="Audio.apply_mixer_snapshot_fadeout">
					<Entry id="enter" />
					<Exit id="exit" target="prepare_movie.enter" />
				</Node>
				<Node id="prepare_movie" state="playmovie.pre_movie_prepare">
					<Entry id="enter" />
					<Exit id="exit" target="play_movie.enter"/>
				</Node>
				<Node id="play_movie" state="OutroStartFMV">
					<Entry id="enter" />
					<Exit id="exit" target="post_movie.enter"/>
				</Node>
				<Node id="post_movie" state="playmovie.post_movie_restore_freeroam">
					<Entry id="enter" />
					<Exit id="exit" target=".exit"/>
				</Node>
			</State>

			<State id="MapAnimation">
				<Entry id="enter" target=".exit" />
				<Exit id="exit"/>
				<Behaviour id="CPlayMapAnimation">
					<Attribute id="animation" value="BARN_FIND_09_UNLOCK" />
				</Behaviour>
			</State>
			<State id="MapVO">
				<Entry id="enter" target=".exit"/>
				<Exit id="exit"/>
				<Behaviour id="CTriggerVO" trigger="BarnFindRumour9" wait="false"/>
			</State>
			<!-- End of Substitute states -->

			<State id="Root">
				<Entry id="enter" target="barnfind.enter" />
				<Exit id="exit" />

				<StateSubstitute state="barnfinds.prepare_cutscene" substitute="CutScene" />
				<StateSubstitute state="barnfinds.prepare_outro_cutscene" substitute="PrepOutroCutScene" />
				<!-- Substitute required for FMV version, not needed for Engine version -->
				<StateSubstitute state="global.fade_in_play_cutscene_and_wait" substitute="PlayOutroCutScene" />

				<Node id="barnfind" state="barnfinds.root">
					<Entry id="enter" />
					<Exit id="exit" target=".exit" />
				</Node>
			</State>
			<State id="SpawnRoot">
				<Entry id="enter" target="barnfind.enter" />
				<Exit id="exit" />

				<StateSubstitute state="barnfinds.play_map_animation" substitute="MapAnimation" />
				<StateSubstitute state="barnfinds.play_VO" substitute="MapVO" />

				<Node id="barnfind" state="barnfinds.barnfindspawn_root">
					<Entry id="enter" />
					<Exit id="exit" target=".exit" />
				</Node>
			</State>
		</StateGroup>

		<SpawnInfo weighting="100" min_probability="10" min_distance="0" max_probability="1" max_distance="200" />
		<HintRegion x_offset="-123" y_offset="89" angle="0" x_radius="445" y_radius="445" />
		<DoorInfo open_id="BARN_FIND_N19_N22_OPEN" closed_id="BARN_FIND_N19_N22_CLOSED" open_coll_id="BARN_FIND_N19_N22_OPEN" closed_coll_id="BARN_FIND_N19_N22_CLOSED" />
		<TriggerZone object="BARN_FIND_N19_N22_OPEN" name="BARN_FIND_N19_N22_CLOSED" radius="10" maxMPH="50" mapTag="barnfind" requires_input="false" mapDescription="IDS_Description_BarnFind"/>
		<DistanceDriven distanceMin="5" distanceMax="10" threshold="10"/>
		<UnlockCar id="51536" stringTableNameId="IDS_BarnFind_Car_RenaultAlpineA110"/>
		<RadioDJRequests>
			<Special gameplayEvent="BarnFind9Available" timeDelayMin="0.0" timeDelayMax="0.0" misc="-1" enabled="true" topPriority="true"/>
			<Special gameplayEvent="BarnFind9Seen" timeDelayMin="0.0" timeDelayMax="0.0" misc="51536" enabled="false" topPriority="true"/>
			<Special gameplayEvent="BarnFind9Remind" timeDelayMin="3000.0" timeDelayMax="3600.0" misc="-1" enabled="true" topPriority="true"/>
		</RadioDJRequests>
		<DialogueRequests>
			<Item gameplayTrigger="BarnFind6Ready" id="0" />
		</DialogueRequests>
		<DjRemindEvent gameplayEvent="BarnFind9Remind"/>
	</Activity>
	<Activity type="ActivityBarnFind" name="BARN_FIND_10" single_player_free_roam="true" multiplayer_free_roam="true">
		<StateGroup id="BARN_FIND_10" >
			<!-- Substitute states -->
			<State id="CutScene" >
				<Entry id="enter" target=".exit" />
				<Exit id="exit"/>
				<Behaviour id="CPrepareCutscene" cutscene="Barn_Find_Pre_Looping" race_specific="false" />
			</State>

			<!-- States for FMV -->
			<State id="OutroStartFMV" >
				<Entry id="enter"/>
				<Exit id="exit"/>
				<Behaviour id="CShowMovieScreen" filename="GAME:\Media\UI\Videos\Anthem\Barn_Find_10.wmv" confirmskip="true">
					<Transition id="onDone" target=".exit" />
				</Behaviour>
			</State>

			<State id="PrepOutroCutScene" >
				<Entry id="enter" target=".exit" />
				<Exit id="exit"/>
			</State>

			<State id="PlayOutroCutScene" >
				<Entry id="enter" target="remove_hud.enter" />
				<Exit id="exit"/>
				<Node id="remove_hud" state="global.show_empty_screen" >
					<Entry id="enter" />
					<Exit id="exit" target="disable_car_control.enter" />
				</Node>
				<Node id="disable_car_control" state="global.disable_car_control" >
					<Entry id="enter" />
					<Exit id="exit" target="apply_mixer_snapshot_fadeout.enter" />
				</Node>
				<Node id="apply_mixer_snapshot_fadeout" state="Audio.apply_mixer_snapshot_fadeout">
					<Entry id="enter" />
					<Exit id="exit" target="prepare_movie.enter" />
				</Node>
				<Node id="prepare_movie" state="playmovie.pre_movie_prepare">
					<Entry id="enter" />
					<Exit id="exit" target="play_movie.enter"/>
				</Node>
				<Node id="play_movie" state="OutroStartFMV">
					<Entry id="enter" />
					<Exit id="exit" target="post_movie.enter"/>
				</Node>
				<Node id="post_movie" state="playmovie.post_movie_restore_freeroam">
					<Entry id="enter" />
					<Exit id="exit" target=".exit"/>
				</Node>
			</State>

			<State id="MapAnimation">
				<Entry id="enter" target=".exit" />
				<Exit id="exit"/>
				<Behaviour id="CPlayMapAnimation">
					<Attribute id="animation" value="BARN_FIND_10_UNLOCK" />
				</Behaviour>
			</State>
			<State id="MapVO">
				<Entry id="enter" target=".exit"/>
				<Exit id="exit"/>
				<Behaviour id="CTriggerVO" trigger="BarnFindRumour10" wait="false"/>
			</State>
			<!-- End of Substitute states -->

			<State id="Root">
				<Entry id="enter" target="barnfind.enter" />
				<Exit id="exit" />

				<StateSubstitute state="barnfinds.prepare_cutscene" substitute="CutScene" />
				<StateSubstitute state="barnfinds.prepare_outro_cutscene" substitute="PrepOutroCutScene" />
				<!-- Substitute required for FMV version, not needed for Engine version -->
				<StateSubstitute state="global.fade_in_play_cutscene_and_wait" substitute="PlayOutroCutScene" />

				<Node id="barnfind" state="barnfinds.root">
					<Entry id="enter" />
					<Exit id="exit" target=".exit" />
				</Node>
			</State>
			<State id="SpawnRoot">
				<Entry id="enter" target="barnfind.enter" />
				<Exit id="exit" />

				<StateSubstitute state="barnfinds.play_map_animation" substitute="MapAnimation" />
				<StateSubstitute state="barnfinds.play_VO" substitute="MapVO" />

				<Node id="barnfind" state="barnfinds.barnfindspawn_root">
					<Entry id="enter" />
					<Exit id="exit" target=".exit" />
				</Node>
			</State>
		</StateGroup>

		<SpawnInfo weighting="100" min_probability="10" min_distance="0" max_probability="1" max_distance="200" />
		<HintRegion x_offset="-123" y_offset="89" angle="0" x_radius="445" y_radius="445" />
		<DoorInfo open_id="BARN_FIND_106_N37_OPEN" closed_id="BARN_FIND_106_N37_CLOSED" open_coll_id="BARN_FIND_106_N37_OPEN" closed_coll_id="BARN_FIND_106_N37_CLOSED" />
		<TriggerZone object="BARN_FIND_106_N37_OPEN" name="BARN_FIND_106_N37_CLOSED" radius="10" maxMPH="50" mapTag="barnfind" requires_input="false" mapDescription="IDS_Description_BarnFind"/>
		<DistanceDriven distanceMin="5" distanceMax="10" threshold="10"/>
		<UnlockCar id="51529" stringTableNameId="IDS_BarnFind_Car_FordCapriRS3100"/>
		<RadioDJRequests>
			<Special gameplayEvent="BarnFind10Available" timeDelayMin="0.0" timeDelayMax="0.0" misc="-1" enabled="true" topPriority="true"/>
			<Special gameplayEvent="BarnFind10Seen" timeDelayMin="0.0" timeDelayMax="0.0" misc="51529" enabled="false" topPriority="true"/>
			<Special gameplayEvent="BarnFind10Remind" timeDelayMin="3000.0" timeDelayMax="3600.0" misc="-1" enabled="true" topPriority="true"/>
		</RadioDJRequests>
		<DialogueRequests>
			<Item gameplayTrigger="BarnFind7Ready" id="0" />
		</DialogueRequests>
		<DjRemindEvent gameplayEvent="BarnFind10Remind"/>
	</Activity>
</ActivityManager>

</ActivityManager>

</ActivityManager>

</ActivityManager>
