<ActivityManager>
  <Activity type="ActivityBucketlistActivation" name="bl03" multiplayer_free_roam="false">
    <StateGroup id="bl03">
      <!--<State id="place_car_for_cutscene_enter_activity">
			<Entry id="enter" target=".exit" />
			<Exit id="exit" />
			<Behaviour id="CPlaceCarAtObject" object_name="bl03" />
		</State>-->
      <State id="Root">
        <Entry id="enter" target="bucket_list_activate.enter" />
        <Exit id="exit" />
        <!--<StateSubstitute state="InGameUI.place_car_for_cutscene_enter_activity" substitute="place_car_for_cutscene_enter_activity" />-->
        <Node id="bucket_list_activate" state="bucketlist_activations.root">
          <Entry id="enter" />
          <Exit id="exit" target=".exit" />
        </Node>
      </State>
    </StateGroup>
    <TriggerZone object="bl03" name="bl03" radius="15" maxMPH="150" />
    <BucketList activity="skillmastery16" mapDesc="IDS_SkillMastery_01" />
    <DiscoveryZone radius="50" />
    <DialogueRequests>
      <Item gameplayTrigger="NemesisPreRace2" id="0" />
    </DialogueRequests>
  </Activity>
  <Activity type="ActivityBucketlistActivation" name="bl06">
    <StateGroup id="bl06">
      <!--<State id="place_car_for_cutscene_enter_activity">
			<Entry id="enter" target=".exit" />
			<Exit id="exit" />
			<Behaviour id="CPlaceCarAtObject" object_name="bl06" />
		</State>-->
      <State id="Root">
        <Entry id="enter" target="bucket_list_activate.enter" />
        <Exit id="exit" />
        <!--<StateSubstitute state="InGameUI.place_car_for_cutscene_enter_activity" substitute="place_car_for_cutscene_enter_activity" />-->
        <Node id="bucket_list_activate" state="bucketlist_activations.root">
          <Entry id="enter" />
          <Exit id="exit" target=".exit" />
        </Node>
      </State>
    </StateGroup>
    <TriggerZone object="bl06" name="bl06" radius="15" maxMPH="150" />
    <BucketList activity="speedzone01" mapDesc="IDS_SpeedZone_01" />
    <DiscoveryZone radius="50" />
    <DialogueRequests>
      <Item gameplayTrigger="NemesisPreRace2" id="0" />
    </DialogueRequests>
  </Activity>
  <Activity type="ActivityBucketlistActivation" name="bl09">
    <StateGroup id="bl09">
      <!--<State id="place_car_for_cutscene_enter_activity">
			<Entry id="enter" target=".exit" />
			<Exit id="exit" />
			<Behaviour id="CPlaceCarAtObject" object_name="bl09" />
		</State>-->
      <State id="Root">
        <Entry id="enter" target="bucket_list_activate.enter" />
        <Exit id="exit" />
        <!--<StateSubstitute state="InGameUI.place_car_for_cutscene_enter_activity" substitute="place_car_for_cutscene_enter_activity" />-->
        <Node id="bucket_list_activate" state="bucketlist_activations.root">
          <Entry id="enter" />
          <Exit id="exit" target=".exit" />
        </Node>
      </State>
    </StateGroup>
    <TriggerZone object="bl09" name="bl09" radius="15" maxMPH="150" />
    <BucketList activity="speedstunt03" mapDesc="IDS_SpeedStunt_01" />
    <DiscoveryZone radius="50" />
    <DialogueRequests>
      <Item gameplayTrigger="NemesisPreRace2" id="0" />
    </DialogueRequests>
  </Activity>
  <Activity type="ActivityBucketlistActivation" name="bl12">
    <StateGroup id="bl12">
      <!--<State id="place_car_for_cutscene_enter_activity">
			<Entry id="enter" target=".exit" />
			<Exit id="exit" />
			<Behaviour id="CPlaceCarAtObject" object_name="bl12" />
		</State>-->
      <State id="Root">
        <Entry id="enter" target="bucket_list_activate.enter" />
        <Exit id="exit" />
        <!--<StateSubstitute state="InGameUI.place_car_for_cutscene_enter_activity" substitute="place_car_for_cutscene_enter_activity" />-->
        <Node id="bucket_list_activate" state="bucketlist_activations.root">
          <Entry id="enter" />
          <Exit id="exit" target=".exit" />
        </Node>
      </State>
    </StateGroup>
    <TriggerZone object="bl12" name="bl12" radius="15" maxMPH="150" />
    <BucketList activity="prstunt25" mapDesc="IDS_PRStunt_01" />
    <DiscoveryZone radius="50" />
    <DialogueRequests>
      <Item gameplayTrigger="NemesisPreRace2" id="0" />
    </DialogueRequests>
  </Activity>
  <Activity type="ActivityBucketlistActivation" name="bl15" multiplayer_free_roam="false">
    <StateGroup id="bl15">
      <!--<State id="place_car_for_cutscene_enter_activity">
			<Entry id="enter" target=".exit" />
			<Exit id="exit" />
			<Behaviour id="CPlaceCarAtObject" object_name="bl15" />
		</State>-->
      <State id="Root">
        <Entry id="enter" target="bucket_list_activate.enter" />
        <Exit id="exit" />
        <!--<StateSubstitute state="InGameUI.place_car_for_cutscene_enter_activity" substitute="place_car_for_cutscene_enter_activity" />-->
        <Node id="bucket_list_activate" state="bucketlist_activations.root">
          <Entry id="enter" />
          <Exit id="exit" target=".exit" />
        </Node>
      </State>
    </StateGroup>
    <TriggerZone object="bl15" name="bl15" radius="15" maxMPH="150" />
    <BucketList activity="skillmastery18" mapDesc="IDS_SkillMastery_01" />
    <DiscoveryZone radius="50" />
    <DialogueRequests>
      <Item gameplayTrigger="NemesisPreRace2" id="0" />
    </DialogueRequests>
  </Activity>
  <Activity type="ActivityBucketlistActivation" name="bl18">
    <StateGroup id="bl18">
      <!--<State id="place_car_for_cutscene_enter_activity">
			<Entry id="enter" target=".exit" />
			<Exit id="exit" />
			<Behaviour id="CPlaceCarAtObject" object_name="bl18" />
		</State>-->
      <State id="Root">
        <Entry id="enter" target="bucket_list_activate.enter" />
        <Exit id="exit" />
        <!--<StateSubstitute state="InGameUI.place_car_for_cutscene_enter_activity" substitute="place_car_for_cutscene_enter_activity" />-->
        <Node id="bucket_list_activate" state="bucketlist_activations.root">
          <Entry id="enter" />
          <Exit id="exit" target=".exit" />
        </Node>
      </State>
    </StateGroup>
    <TriggerZone object="bl18" name="bl18" radius="15" maxMPH="150" />
    <BucketList activity="speedstunt06" mapDesc="IDS_SpeedStunt_01" />
    <DiscoveryZone radius="50" />
    <DialogueRequests>
      <Item gameplayTrigger="NemesisPreRace2" id="0" />
    </DialogueRequests>
  </Activity>
  <Activity type="ActivityBucketlistActivation" name="bl21">
    <StateGroup id="bl21">
      <!--<State id="place_car_for_cutscene_enter_activity">
			<Entry id="enter" target=".exit" />
			<Exit id="exit" />
			<Behaviour id="CPlaceCarAtObject" object_name="bl21" />
		</State>-->
      <State id="Root">
        <Entry id="enter" target="bucket_list_activate.enter" />
        <Exit id="exit" />
        <!--<StateSubstitute state="InGameUI.place_car_for_cutscene_enter_activity" substitute="place_car_for_cutscene_enter_activity" />-->
        <Node id="bucket_list_activate" state="bucketlist_activations.root">
          <Entry id="enter" />
          <Exit id="exit" target=".exit" />
        </Node>
      </State>
    </StateGroup>
    <TriggerZone object="bl21" name="bl21" radius="15" maxMPH="150" />
    <BucketList activity="destination11" mapDesc="IDS_Destination_01" />
    <DiscoveryZone radius="50" />
    <DialogueRequests>
      <Item gameplayTrigger="NemesisPreRace2" id="0" />
    </DialogueRequests>
  </Activity>
  <Activity type="ActivityBucketlistActivation" name="bl24">
    <StateGroup id="bl24">
      <!--<State id="place_car_for_cutscene_enter_activity">
			<Entry id="enter" target=".exit" />
			<Exit id="exit" />
			<Behaviour id="CPlaceCarAtObject" object_name="bl24" />
		</State>-->
      <State id="Root">
        <Entry id="enter" target="bucket_list_activate.enter" />
        <Exit id="exit" />
        <!--<StateSubstitute state="InGameUI.place_car_for_cutscene_enter_activity" substitute="place_car_for_cutscene_enter_activity" />-->
        <Node id="bucket_list_activate" state="bucketlist_activations.root">
          <Entry id="enter" />
          <Exit id="exit" target=".exit" />
        </Node>
      </State>
    </StateGroup>
    <TriggerZone object="bl24" name="bl24" radius="15" maxMPH="150" />
    <BucketList activity="skillmastery07" mapDesc="IDS_SkillMastery_01" />
    <DiscoveryZone radius="50" />
    <DialogueRequests>
      <Item gameplayTrigger="NemesisPreRace2" id="0" />
    </DialogueRequests>
  </Activity>
  <Activity type="ActivityBucketlistActivation" name="bl27">
    <StateGroup id="bl27">
      <!--<State id="place_car_for_cutscene_enter_activity">
			<Entry id="enter" target=".exit" />
			<Exit id="exit" />
			<Behaviour id="CPlaceCarAtObject" object_name="bl27" />
		</State>-->
      <State id="Root">
        <Entry id="enter" target="bucket_list_activate.enter" />
        <Exit id="exit" />
        <!--<StateSubstitute state="InGameUI.place_car_for_cutscene_enter_activity" substitute="place_car_for_cutscene_enter_activity" />-->
        <Node id="bucket_list_activate" state="bucketlist_activations.root">
          <Entry id="enter" />
          <Exit id="exit" target=".exit" />
        </Node>
      </State>
    </StateGroup>
    <TriggerZone object="bl27" name="bl27" radius="15" maxMPH="150" />
    <BucketList activity="destination02" mapDesc="IDS_Destination_01" />
    <DiscoveryZone radius="50" />
    <DialogueRequests>
      <Item gameplayTrigger="NemesisPreRace2" id="0" />
    </DialogueRequests>
  </Activity>
  <Activity type="ActivityBucketlistActivation" name="bl30">
    <StateGroup id="bl30">
      <!--<State id="place_car_for_cutscene_enter_activity">
			<Entry id="enter" target=".exit" />
			<Exit id="exit" />
			<Behaviour id="CPlaceCarAtObject" object_name="bl30" />
		</State>-->
      <State id="Root">
        <Entry id="enter" target="bucket_list_activate.enter" />
        <Exit id="exit" />
        <!--<StateSubstitute state="InGameUI.place_car_for_cutscene_enter_activity" substitute="place_car_for_cutscene_enter_activity" />-->
        <Node id="bucket_list_activate" state="bucketlist_activations.root">
          <Entry id="enter" />
          <Exit id="exit" target=".exit" />
        </Node>
      </State>
    </StateGroup>
    <TriggerZone object="bl30" name="bl30" radius="15" maxMPH="150" />
    <BucketList activity="skillmastery04" mapDesc="IDS_SkillMastery_01" />
    <DiscoveryZone radius="50" />
    <DialogueRequests>
      <Item gameplayTrigger="NemesisPreRace2" id="0" />
    </DialogueRequests>
  </Activity>
  <Activity type="ActivityBucketlistActivation" name="bl33">
    <StateGroup id="bl33">
      <!--<State id="place_car_for_cutscene_enter_activity">
			<Entry id="enter" target=".exit" />
			<Exit id="exit" />
			<Behaviour id="CPlaceCarAtObject" object_name="bl33" />
		</State>-->
      <State id="Root">
        <Entry id="enter" target="bucket_list_activate.enter" />
        <Exit id="exit" />
        <!--<StateSubstitute state="InGameUI.place_car_for_cutscene_enter_activity" substitute="place_car_for_cutscene_enter_activity" />-->
        <Node id="bucket_list_activate" state="bucketlist_activations.root">
          <Entry id="enter" />
          <Exit id="exit" target=".exit" />
        </Node>
      </State>
    </StateGroup>
    <TriggerZone object="bl33" name="bl33" radius="15" maxMPH="150" />
    <BucketList activity="speedstunt12" mapDesc="IDS_SpeedStunt_01" />
    <DiscoveryZone radius="50" />
    <DialogueRequests>
      <Item gameplayTrigger="NemesisPreRace2" id="0" />
    </DialogueRequests>
  </Activity>
  <Activity type="ActivityBucketlistActivation" name="bl45">
    <StateGroup id="bl45">
      <!--<State id="place_car_for_cutscene_enter_activity">
			<Entry id="enter" target=".exit" />
			<Exit id="exit" />
			<Behaviour id="CPlaceCarAtObject" object_name="bl45" />
		</State>-->
      <State id="Root">
        <Entry id="enter" target="bucket_list_activate.enter" />
        <Exit id="exit" />
        <!--<StateSubstitute state="InGameUI.place_car_for_cutscene_enter_activity" substitute="place_car_for_cutscene_enter_activity" />-->
        <Node id="bucket_list_activate" state="bucketlist_activations.root">
          <Entry id="enter" />
          <Exit id="exit" target=".exit" />
        </Node>
      </State>
    </StateGroup>
    <TriggerZone object="bl45" name="bl45" radius="15" maxMPH="150" />
    <BucketList activity="prstunt27" mapDesc="IDS_PRStunt_01" />
    <DiscoveryZone radius="50" />
    <DialogueRequests>
      <Item gameplayTrigger="NemesisPreRace2" id="0" />
    </DialogueRequests>
  </Activity>
  <Activity type="ActivityBucketlistActivation" name="bl48">
    <StateGroup id="bl48">
      <!--<State id="place_car_for_cutscene_enter_activity">
			<Entry id="enter" target=".exit" />
			<Exit id="exit" />
			<Behaviour id="CPlaceCarAtObject" object_name="bl48" />
		</State>-->
      <State id="Root">
        <Entry id="enter" target="bucket_list_activate.enter" />
        <Exit id="exit" />
        <!--<StateSubstitute state="InGameUI.place_car_for_cutscene_enter_activity" substitute="place_car_for_cutscene_enter_activity" />-->
        <Node id="bucket_list_activate" state="bucketlist_activations.root">
          <Entry id="enter" />
          <Exit id="exit" target=".exit" />
        </Node>
      </State>
    </StateGroup>
    <TriggerZone object="bl48" name="bl48" radius="15" maxMPH="150" />
    <BucketList activity="speedstunt13" mapDesc="IDS_SpeedStunt_01" />
    <DiscoveryZone radius="50" />
    <DialogueRequests>
      <Item gameplayTrigger="NemesisPreRace2" id="0" />
    </DialogueRequests>
  </Activity>
  <Activity type="ActivityBucketlistActivation" name="bl54">
    <StateGroup id="bl54">
      <!--<State id="place_car_for_cutscene_enter_activity">
			<Entry id="enter" target=".exit" />
			<Exit id="exit" />
			<Behaviour id="CPlaceCarAtObject" object_name="bl54" />
		</State>-->
      <State id="Root">
        <Entry id="enter" target="bucket_list_activate.enter" />
        <Exit id="exit" />
        <!--<StateSubstitute state="InGameUI.place_car_for_cutscene_enter_activity" substitute="place_car_for_cutscene_enter_activity" />-->
        <Node id="bucket_list_activate" state="bucketlist_activations.root">
          <Entry id="enter" />
          <Exit id="exit" target=".exit" />
        </Node>
      </State>
    </StateGroup>
    <TriggerZone object="bl54" name="bl54" radius="15" maxMPH="150" />
    <BucketList activity="prstunt14" mapDesc="IDS_PRStunt_01" />
    <DiscoveryZone radius="50" />
    <DialogueRequests>
      <Item gameplayTrigger="NemesisPreRace2" id="0" />
    </DialogueRequests>
  </Activity>
  <Activity type="ActivityBucketlistActivation" name="bl62">
    <StateGroup id="bl62">
      <!--<State id="place_car_for_cutscene_enter_activity">
			<Entry id="enter" target=".exit" />
			<Exit id="exit" />
			<Behaviour id="CPlaceCarAtObject" object_name="bl62" />
		</State>-->
      <State id="Root">
        <Entry id="enter" target="bucket_list_activate.enter" />
        <Exit id="exit" />
        <!--<StateSubstitute state="InGameUI.place_car_for_cutscene_enter_activity" substitute="place_car_for_cutscene_enter_activity" />-->
        <Node id="bucket_list_activate" state="bucketlist_activations.root">
          <Entry id="enter" />
          <Exit id="exit" target=".exit" />
        </Node>
      </State>
    </StateGroup>
    <TriggerZone object="bl62" name="bl62" radius="15" maxMPH="150" />
    <BucketList activity="destination10" mapDesc="IDS_Destination_01" />
    <DiscoveryZone radius="50" />
    <DialogueRequests>
      <Item gameplayTrigger="NemesisPreRace2" id="0" />
    </DialogueRequests>
  </Activity>
  <Activity type="ActivityBucketlistActivation" name="bl08">
    <StateGroup id="bl08">
      <!--<State id="place_car_for_cutscene_enter_activity">
			<Entry id="enter" target=".exit" />
			<Exit id="exit" />
			<Behaviour id="CPlaceCarAtObject" object_name="bl08" />
		</State>-->
      <State id="Root">
        <Entry id="enter" target="bucket_list_activate.enter" />
        <Exit id="exit" />
        <!--<StateSubstitute state="InGameUI.place_car_for_cutscene_enter_activity" substitute="place_car_for_cutscene_enter_activity" />-->
        <Node id="bucket_list_activate" state="bucketlist_activations.root">
          <Entry id="enter" />
          <Exit id="exit" target=".exit" />
        </Node>
      </State>
    </StateGroup>
    <TriggerZone object="bl08" name="bl08" radius="15" maxMPH="150" />
    <BucketList activity="speedzone24" mapDesc="IDS_SpeedZone_01" />
    <DiscoveryZone radius="50" />
    <DialogueRequests>
      <Item gameplayTrigger="NemesisPreRace2" id="0" />
    </DialogueRequests>
  </Activity>
  <Activity type="ActivityBucketlistActivation" name="bl02">
    <StateGroup id="bl02">
      <!--<State id="place_car_for_cutscene_enter_activity">
			<Entry id="enter" target=".exit" />
			<Exit id="exit" />
			<Behaviour id="CPlaceCarAtObject" object_name="bl02" />
		</State>-->
      <State id="Root">
        <Entry id="enter" target="bucket_list_activate.enter" />
        <Exit id="exit" />
        <!--<StateSubstitute state="InGameUI.place_car_for_cutscene_enter_activity" substitute="place_car_for_cutscene_enter_activity" />-->
        <Node id="bucket_list_activate" state="bucketlist_activations.root">
          <Entry id="enter" />
          <Exit id="exit" target=".exit" />
        </Node>
      </State>
    </StateGroup>
    <TriggerZone object="bl02" name="bl02" radius="15" maxMPH="150" />
    <BucketList activity="speedzone15" mapDesc="IDS_SpeedZone_01" />
    <DiscoveryZone radius="50" />
    <DialogueRequests>
      <Item gameplayTrigger="NemesisPreRace2" id="0" />
    </DialogueRequests>
  </Activity>
  <Activity type="ActivityBucketlistActivation" name="bl11">
    <StateGroup id="bl11">
      <!--<State id="place_car_for_cutscene_enter_activity">
			<Entry id="enter" target=".exit" />
			<Exit id="exit" />
			<Behaviour id="CPlaceCarAtObject" object_name="bl11" />
		</State>-->
      <State id="Root">
        <Entry id="enter" target="bucket_list_activate.enter" />
        <Exit id="exit" />
        <!--<StateSubstitute state="InGameUI.place_car_for_cutscene_enter_activity" substitute="place_car_for_cutscene_enter_activity" />-->
        <Node id="bucket_list_activate" state="bucketlist_activations.root">
          <Entry id="enter" />
          <Exit id="exit" target=".exit" />
        </Node>
      </State>
    </StateGroup>
    <TriggerZone object="bl11" name="bl11" radius="15" maxMPH="150" />
    <BucketList activity="destination17" mapDesc="IDS_Destination_01" />
    <DiscoveryZone radius="50" />
    <DialogueRequests>
      <Item gameplayTrigger="NemesisPreRace2" id="0" />
    </DialogueRequests>
  </Activity>
  <Activity type="ActivityBucketlistActivation" name="bl13">
    <StateGroup id="bl13">
      <!--<State id="place_car_for_cutscene_enter_activity">
			<Entry id="enter" target=".exit" />
			<Exit id="exit" />
			<Behaviour id="CPlaceCarAtObject" object_name="bl13" />
		</State>-->
      <State id="Root">
        <Entry id="enter" target="bucket_list_activate.enter" />
        <Exit id="exit" />
        <!--<StateSubstitute state="InGameUI.place_car_for_cutscene_enter_activity" substitute="place_car_for_cutscene_enter_activity" />-->
        <Node id="bucket_list_activate" state="bucketlist_activations.root">
          <Entry id="enter" />
          <Exit id="exit" target=".exit" />
        </Node>
      </State>
    </StateGroup>
    <TriggerZone object="bl13" name="bl13" radius="15" maxMPH="150" />
    <BucketList activity="destination08" mapDesc="IDS_Destination_01" />
    <DiscoveryZone radius="50" />
    <DialogueRequests>
      <Item gameplayTrigger="NemesisPreRace2" id="0" />
    </DialogueRequests>
  </Activity>
  <Activity type="ActivityBucketlistActivation" name="bl17">
    <StateGroup id="bl17">
      <!--<State id="place_car_for_cutscene_enter_activity">
			<Entry id="enter" target=".exit" />
			<Exit id="exit" />
			<Behaviour id="CPlaceCarAtObject" object_name="bl17" />
		</State>-->
      <State id="Root">
        <Entry id="enter" target="bucket_list_activate.enter" />
        <Exit id="exit" />
        <!--<StateSubstitute state="InGameUI.place_car_for_cutscene_enter_activity" substitute="place_car_for_cutscene_enter_activity" />-->
        <Node id="bucket_list_activate" state="bucketlist_activations.root">
          <Entry id="enter" />
          <Exit id="exit" target=".exit" />
        </Node>
      </State>
    </StateGroup>
    <TriggerZone object="bl17" name="bl17" radius="15" maxMPH="150" />
    <BucketList activity="speedstunt05" mapDesc="IDS_SpeedStunt_01" />
    <DiscoveryZone radius="50" />
    <DialogueRequests>
      <Item gameplayTrigger="NemesisPreRace2" id="0" />
    </DialogueRequests>
  </Activity>
  <Activity type="ActivityBucketlistActivation" name="bl19">
    <StateGroup id="bl19">
      <!--<State id="place_car_for_cutscene_enter_activity">
			<Entry id="enter" target=".exit" />
			<Exit id="exit" />
			<Behaviour id="CPlaceCarAtObject" object_name="bl19" />
		</State>-->
      <State id="Root">
        <Entry id="enter" target="bucket_list_activate.enter" />
        <Exit id="exit" />
        <!--<StateSubstitute state="InGameUI.place_car_for_cutscene_enter_activity" substitute="place_car_for_cutscene_enter_activity" />-->
        <Node id="bucket_list_activate" state="bucketlist_activations.root">
          <Entry id="enter" />
          <Exit id="exit" target=".exit" />
        </Node>
      </State>
    </StateGroup>
    <TriggerZone object="bl19" name="bl19" radius="15" maxMPH="150" />
    <BucketList activity="skillmastery26" mapDesc="IDS_SkillMastery_01" />
    <DiscoveryZone radius="50" />
    <DialogueRequests>
      <Item gameplayTrigger="NemesisPreRace2" id="0" />
    </DialogueRequests>
  </Activity>
  <Activity type="ActivityBucketlistActivation" name="bl23">
    <StateGroup id="bl23">
      <!--<State id="place_car_for_cutscene_enter_activity">
			<Entry id="enter" target=".exit" />
			<Exit id="exit" />
			<Behaviour id="CPlaceCarAtObject" object_name="bl23" />
		</State>-->
      <State id="Root">
        <Entry id="enter" target="bucket_list_activate.enter" />
        <Exit id="exit" />
        <!--<StateSubstitute state="InGameUI.place_car_for_cutscene_enter_activity" substitute="place_car_for_cutscene_enter_activity" />-->
        <Node id="bucket_list_activate" state="bucketlist_activations.root">
          <Entry id="enter" />
          <Exit id="exit" target=".exit" />
        </Node>
      </State>
    </StateGroup>
    <TriggerZone object="bl23" name="bl23" radius="15" maxMPH="150" />
    <BucketList activity="speedstunt19" mapDesc="IDS_SpeedStunt_01" />
    <DiscoveryZone radius="50" />
    <DialogueRequests>
      <Item gameplayTrigger="NemesisPreRace2" id="0" />
    </DialogueRequests>
  </Activity>
  <Activity type="ActivityBucketlistActivation" name="bl26">
    <StateGroup id="bl26">
      <!--<State id="place_car_for_cutscene_enter_activity">
			<Entry id="enter" target=".exit" />
			<Exit id="exit" />
			<Behaviour id="CPlaceCarAtObject" object_name="bl26" />
		</State>-->
      <State id="Root">
        <Entry id="enter" target="bucket_list_activate.enter" />
        <Exit id="exit" />
        <!--<StateSubstitute state="InGameUI.place_car_for_cutscene_enter_activity" substitute="place_car_for_cutscene_enter_activity" />-->
        <Node id="bucket_list_activate" state="bucketlist_activations.root">
          <Entry id="enter" />
          <Exit id="exit" target=".exit" />
        </Node>
      </State>
    </StateGroup>
    <TriggerZone object="bl26" name="bl26" radius="15" maxMPH="150" />
    <BucketList activity="speedzone30" mapDesc="IDS_SpeedZone_01" />
    <DiscoveryZone radius="50" />
    <DialogueRequests>
      <Item gameplayTrigger="NemesisPreRace2" id="0" />
    </DialogueRequests>
  </Activity>
  <Activity type="ActivityBucketlistActivation" name="bl28">
    <StateGroup id="bl28">
      <!--<State id="place_car_for_cutscene_enter_activity">
			<Entry id="enter" target=".exit" />
			<Exit id="exit" />
			<Behaviour id="CPlaceCarAtObject" object_name="bl28" />
		</State>-->
      <State id="Root">
        <Entry id="enter" target="bucket_list_activate.enter" />
        <Exit id="exit" />
        <!--<StateSubstitute state="InGameUI.place_car_for_cutscene_enter_activity" substitute="place_car_for_cutscene_enter_activity" />-->
        <Node id="bucket_list_activate" state="bucketlist_activations.root">
          <Entry id="enter" />
          <Exit id="exit" target=".exit" />
        </Node>
      </State>
    </StateGroup>
    <TriggerZone object="bl28" name="bl28" radius="15" maxMPH="150" />
    <BucketList activity="skillmastery20" mapDesc="IDS_SkillMastery_01" />
    <DiscoveryZone radius="50" />
    <DialogueRequests>
      <Item gameplayTrigger="NemesisPreRace2" id="0" />
    </DialogueRequests>
  </Activity>
  <Activity type="ActivityBucketlistActivation" name="bl31">
    <StateGroup id="bl31">
      <!--<State id="place_car_for_cutscene_enter_activity">
			<Entry id="enter" target=".exit" />
			<Exit id="exit" />
			<Behaviour id="CPlaceCarAtObject" object_name="bl31" />
		</State>-->
      <State id="Root">
        <Entry id="enter" target="bucket_list_activate.enter" />
        <Exit id="exit" />
        <!--<StateSubstitute state="InGameUI.place_car_for_cutscene_enter_activity" substitute="place_car_for_cutscene_enter_activity" />-->
        <Node id="bucket_list_activate" state="bucketlist_activations.root">
          <Entry id="enter" />
          <Exit id="exit" target=".exit" />
        </Node>
      </State>
    </StateGroup>
    <TriggerZone object="bl31" name="bl31" radius="15" maxMPH="150" />
    <BucketList activity="prstunt28" mapDesc="IDS_PRStunt_01" />
    <DiscoveryZone radius="50" />
    <DialogueRequests>
      <Item gameplayTrigger="NemesisPreRace2" id="0" />
    </DialogueRequests>
  </Activity>
  <Activity type="ActivityBucketlistActivation" name="bl35">
    <StateGroup id="bl35">
      <!--<State id="place_car_for_cutscene_enter_activity">
			<Entry id="enter" target=".exit" />
			<Exit id="exit" />
			<Behaviour id="CPlaceCarAtObject" object_name="bl35" />
		</State>-->
      <State id="Root">
        <Entry id="enter" target="bucket_list_activate.enter" />
        <Exit id="exit" />
        <!--<StateSubstitute state="InGameUI.place_car_for_cutscene_enter_activity" substitute="place_car_for_cutscene_enter_activity" />-->
        <Node id="bucket_list_activate" state="bucketlist_activations.root">
          <Entry id="enter" />
          <Exit id="exit" target=".exit" />
        </Node>
      </State>
    </StateGroup>
    <TriggerZone object="bl35" name="bl35" radius="15" maxMPH="150" />
    <BucketList activity="skillmastery21" mapDesc="IDS_SkillMastery_01" />
    <DiscoveryZone radius="50" />
    <DialogueRequests>
      <Item gameplayTrigger="NemesisPreRace2" id="0" />
    </DialogueRequests>
  </Activity>
  <Activity type="ActivityBucketlistActivation" name="bl47">
    <StateGroup id="bl47">
      <!--<State id="place_car_for_cutscene_enter_activity">
			<Entry id="enter" target=".exit" />
			<Exit id="exit" />
			<Behaviour id="CPlaceCarAtObject" object_name="bl47" />
		</State>-->
      <State id="Root">
        <Entry id="enter" target="bucket_list_activate.enter" />
        <Exit id="exit" />
        <!--<StateSubstitute state="InGameUI.place_car_for_cutscene_enter_activity" substitute="place_car_for_cutscene_enter_activity" />-->
        <Node id="bucket_list_activate" state="bucketlist_activations.root">
          <Entry id="enter" />
          <Exit id="exit" target=".exit" />
        </Node>
      </State>
    </StateGroup>
    <TriggerZone object="bl47" name="bl47" radius="15" maxMPH="150" />
    <BucketList activity="speedzone09" mapDesc="IDS_SpeedZone_01" />
    <DiscoveryZone radius="50" />
    <DialogueRequests>
      <Item gameplayTrigger="NemesisPreRace2" id="0" />
    </DialogueRequests>
  </Activity>
  <Activity type="ActivityBucketlistActivation" name="bl50">
    <StateGroup id="bl50">
      <!--<State id="place_car_for_cutscene_enter_activity">
			<Entry id="enter" target=".exit" />
			<Exit id="exit" />
			<Behaviour id="CPlaceCarAtObject" object_name="bl50" />
		</State>-->
      <State id="Root">
        <Entry id="enter" target="bucket_list_activate.enter" />
        <Exit id="exit" />
        <!--<StateSubstitute state="InGameUI.place_car_for_cutscene_enter_activity" substitute="place_car_for_cutscene_enter_activity" />-->
        <Node id="bucket_list_activate" state="bucketlist_activations.root">
          <Entry id="enter" />
          <Exit id="exit" target=".exit" />
        </Node>
      </State>
    </StateGroup>
    <TriggerZone object="bl50" name="bl50" radius="15" maxMPH="150" />
    <BucketList activity="speedstunt22" mapDesc="IDS_SpeedStunt_01" />
    <DiscoveryZone radius="50" />
    <DialogueRequests>
      <Item gameplayTrigger="NemesisPreRace2" id="0" />
    </DialogueRequests>
  </Activity>
  <Activity type="ActivityBucketlistActivation" name="bl58">
    <StateGroup id="bl58">
      <!--<State id="place_car_for_cutscene_enter_activity">
			<Entry id="enter" target=".exit" />
			<Exit id="exit" />
			<Behaviour id="CPlaceCarAtObject" object_name="bl58" />
		</State>-->
      <State id="Root">
        <Entry id="enter" target="bucket_list_activate.enter" />
        <Exit id="exit" />
        <!--<StateSubstitute state="InGameUI.place_car_for_cutscene_enter_activity" substitute="place_car_for_cutscene_enter_activity" />-->
        <Node id="bucket_list_activate" state="bucketlist_activations.root">
          <Entry id="enter" />
          <Exit id="exit" target=".exit" />
        </Node>
      </State>
    </StateGroup>
    <TriggerZone object="bl58" name="bl58" radius="15" maxMPH="150" />
    <BucketList activity="destination23" mapDesc="IDS_Destination_01" />
    <DiscoveryZone radius="50" />
    <DialogueRequests>
      <Item gameplayTrigger="NemesisPreRace2" id="0" />
    </DialogueRequests>
  </Activity>
  <Activity type="ActivityBucketlistActivation" name="bl01">
    <StateGroup id="bl01">
      <!--<State id="place_car_for_cutscene_enter_activity">
			<Entry id="enter" target=".exit" />
			<Exit id="exit" />
			<Behaviour id="CPlaceCarAtObject" object_name="bl01" />
		</State>-->
      <State id="Root">
        <Entry id="enter" target="bucket_list_activate.enter" />
        <Exit id="exit" />
        <!--<StateSubstitute state="InGameUI.place_car_for_cutscene_enter_activity" substitute="place_car_for_cutscene_enter_activity" />-->
        <Node id="bucket_list_activate" state="bucketlist_activations.root">
          <Entry id="enter" />
          <Exit id="exit" target=".exit" />
        </Node>
      </State>
    </StateGroup>
    <TriggerZone object="bl01" name="bl01" radius="15" maxMPH="150" />
    <BucketList activity="destination29" mapDesc="IDS_Destination_01" />
    <DiscoveryZone radius="50" />
    <DialogueRequests>
      <Item gameplayTrigger="NemesisPreRace2" id="0" />
    </DialogueRequests>
  </Activity>
</ActivityManager>y>
</ActivityManager>y>
</ActivityManager>y>
</ActivityManager>