<ActivityManager>
	<Activity type="ActivityCareerEventActivation" name="e218">
		<StateGroup id="e218">
			<State id="load_into_event">
				<Entry id="enter" />
				<Behaviour id="CLoadIntoCareerRace" event_id="e218">
					<Attribute id="resource_package" value="CareerLoading" />
				</Behaviour>
			</State>
			<State id="place_car_for_cutscene_enter_activity">
				<Entry id="enter" target=".exit" />
				<Exit id="exit" />
				<Behaviour id="CPlaceCarAtObject" object_name="e218_NODE" />
			</State>
			<State id="Root">
				<Entry id="enter" target="career_event_description.enter" />
				<Exit id="exit" />
				<StateSubstitute state="event_activations.load_into_event" substitute="load_into_event" />
				<StateSubstitute state="InGameUI.place_car_for_cutscene_enter_activity" substitute="place_car_for_cutscene_enter_activity" />
				<Node id="career_event_description" state="career_event_activations.root">
					<Entry id="enter" />
					<Exit id="exit" target=".exit" />
				</Node>
			</State>
		</StateGroup>
		<TriggerZone object="e218" name="e218" radius="30" maxMPH="150" />
		<DialogueRequests>
			<Item gameplayTrigger="NemesisPreRace2" id="0" />
		</DialogueRequests>
	</Activity>
	<Activity type="ActivityCareerEventActivation" name="e797">
		<StateGroup id="e797">
			<State id="load_into_event">
				<Entry id="enter" />
				<Behaviour id="CLoadIntoCareerRace" event_id="e797">
					<Attribute id="resource_package" value="CareerLoading" />
				</Behaviour>
			</State>
			<State id="place_car_for_cutscene_enter_activity">
				<Entry id="enter" target=".exit" />
				<Exit id="exit" />
				<Behaviour id="CPlaceCarAtObject" object_name="e797_NODE" />
			</State>
			<State id="Root">
				<Entry id="enter" target="career_event_description.enter" />
				<Exit id="exit" />
				<StateSubstitute state="event_activations.load_into_event" substitute="load_into_event" />
				<StateSubstitute state="InGameUI.place_car_for_cutscene_enter_activity" substitute="place_car_for_cutscene_enter_activity" />
				<Node id="career_event_description" state="career_event_activations.root">
					<Entry id="enter" />
					<Exit id="exit" target=".exit" />
				</Node>
			</State>
		</StateGroup>
		<TriggerZone object="e797" name="e797" radius="30" maxMPH="150" />
		<DialogueRequests>
			<Item gameplayTrigger="NemesisPreRace2" id="0" />
		</DialogueRequests>
	</Activity>
	<Activity type="ActivityCareerEventActivation" name="e277">
		<StateGroup id="e277">
			<State id="load_into_event">
				<Entry id="enter" />
				<Behaviour id="CLoadIntoCareerRace" event_id="e277">
					<Attribute id="resource_package" value="CareerLoading" />
				</Behaviour>
			</State>
			<State id="place_car_for_cutscene_enter_activity">
				<Entry id="enter" target=".exit" />
				<Exit id="exit" />
				<Behaviour id="CPlaceCarAtObject" object_name="e277_NODE" />
			</State>
			<State id="Root">
				<Entry id="enter" target="career_event_description.enter" />
				<Exit id="exit" />
				<StateSubstitute state="event_activations.load_into_event" substitute="load_into_event" />
				<StateSubstitute state="InGameUI.place_car_for_cutscene_enter_activity" substitute="place_car_for_cutscene_enter_activity" />
				<Node id="career_event_description" state="career_event_activations.root">
					<Entry id="enter" />
					<Exit id="exit" target=".exit" />
				</Node>
			</State>
		</StateGroup>
		<TriggerZone object="e277" name="e277" radius="30" maxMPH="150" />
		<DialogueRequests>
			<Item gameplayTrigger="NemesisPreRace2" id="0" />
		</DialogueRequests>
	</Activity>
	<Activity type="ActivityCareerEventActivation" name="e217">
		<StateGroup id="e217">
			<State id="load_into_event">
				<Entry id="enter" />
				<Behaviour id="CLoadIntoCareerRace" event_id="e217">
					<Attribute id="resource_package" value="CareerLoading" />
				</Behaviour>
			</State>
			<State id="place_car_for_cutscene_enter_activity">
				<Entry id="enter" target=".exit" />
				<Exit id="exit" />
				<Behaviour id="CPlaceCarAtObject" object_name="e217_NODE" />
			</State>
			<State id="Root">
				<Entry id="enter" target="career_event_description.enter" />
				<Exit id="exit" />
				<StateSubstitute state="event_activations.load_into_event" substitute="load_into_event" />
				<StateSubstitute state="InGameUI.place_car_for_cutscene_enter_activity" substitute="place_car_for_cutscene_enter_activity" />
				<Node id="career_event_description" state="career_event_activations.root">
					<Entry id="enter" />
					<Exit id="exit" target=".exit" />
				</Node>
			</State>
		</StateGroup>
		<TriggerZone object="e217" name="e217" radius="30" maxMPH="150" />
		<DialogueRequests>
			<Item gameplayTrigger="NemesisPreRace2" id="0" />
		</DialogueRequests>
	</Activity>
	<Activity type="ActivityCareerEventActivation" name="e92">
		<StateGroup id="e92">
			<State id="load_into_event">
				<Entry id="enter" />
				<Behaviour id="CLoadIntoCareerRace" event_id="e92">
					<Attribute id="resource_package" value="CareerLoading" />
				</Behaviour>
			</State>
			<State id="place_car_for_cutscene_enter_activity">
				<Entry id="enter" target=".exit" />
				<Exit id="exit" />
				<Behaviour id="CPlaceCarAtObject" object_name="e92_NODE" />
			</State>
			<State id="Root">
				<Entry id="enter" target="career_event_description.enter" />
				<Exit id="exit" />
				<StateSubstitute state="event_activations.load_into_event" substitute="load_into_event" />
				<StateSubstitute state="InGameUI.place_car_for_cutscene_enter_activity" substitute="place_car_for_cutscene_enter_activity" />
				<Node id="career_event_description" state="career_event_activations.root">
					<Entry id="enter" />
					<Exit id="exit" target=".exit" />
				</Node>
			</State>
		</StateGroup>
		<TriggerZone object="e92" name="e92" radius="30" maxMPH="150" />
		<DialogueRequests>
			<Item gameplayTrigger="NemesisPreRace2" id="0" />
		</DialogueRequests>
		<MapRevealVO name="ShowcaseMarker1" />
	</Activity>
	<Activity type="ActivityCareerEventActivation" name="e635">
		<StateGroup id="e635">
			<State id="load_into_event">
				<Entry id="enter" />
				<Behaviour id="CLoadIntoCareerRace" event_id="e635">
					<Attribute id="resource_package" value="CareerLoading" />
				</Behaviour>
			</State>
			<State id="place_car_for_cutscene_enter_activity">
				<Entry id="enter" target=".exit" />
				<Exit id="exit" />
				<Behaviour id="CPlaceCarAtObject" object_name="e635_NODE" />
			</State>
			<State id="Root">
				<Entry id="enter" target="career_event_description.enter" />
				<Exit id="exit" />
				<StateSubstitute state="event_activations.load_into_event" substitute="load_into_event" />
				<StateSubstitute state="InGameUI.place_car_for_cutscene_enter_activity" substitute="place_car_for_cutscene_enter_activity" />
				<Node id="career_event_description" state="career_event_activations.root">
					<Entry id="enter" />
					<Exit id="exit" target=".exit" />
				</Node>
			</State>
		</StateGroup>
		<TriggerZone object="e635" name="e635" radius="30" maxMPH="150" />
		<DialogueRequests>
			<Item gameplayTrigger="NemesisPreRace2" id="0" />
		</DialogueRequests>
	</Activity>
	<Activity type="ActivityCareerEventActivation" name="e575">
		<StateGroup id="e575">
			<State id="load_into_event">
				<Entry id="enter" />
				<Behaviour id="CLoadIntoCareerRace" event_id="e575">
					<Attribute id="resource_package" value="CareerLoading" />
				</Behaviour>
			</State>
			<State id="place_car_for_cutscene_enter_activity">
				<Entry id="enter" target=".exit" />
				<Exit id="exit" />
				<Behaviour id="CPlaceCarAtObject" object_name="e575_NODE" />
			</State>
			<State id="Root">
				<Entry id="enter" target="career_event_description.enter" />
				<Exit id="exit" />
				<StateSubstitute state="event_activations.load_into_event" substitute="load_into_event" />
				<StateSubstitute state="InGameUI.place_car_for_cutscene_enter_activity" substitute="place_car_for_cutscene_enter_activity" />
				<Node id="career_event_description" state="career_event_activations.root">
					<Entry id="enter" />
					<Exit id="exit" target=".exit" />
				</Node>
			</State>
		</StateGroup>
		<TriggerZone object="e575" name="e575" radius="30" maxMPH="150" />
		<DialogueRequests>
			<Item gameplayTrigger="NemesisPreRace2" id="0" />
		</DialogueRequests>
	</Activity>
	<Activity type="ActivityCareerEventActivation" name="e829">
		<StateGroup id="e829">
			<State id="load_into_event">
				<Entry id="enter" />
				<Behaviour id="CLoadIntoCareerRace" event_id="e829">
					<Attribute id="resource_package" value="CareerLoading" />
				</Behaviour>
			</State>
			<State id="place_car_for_cutscene_enter_activity">
				<Entry id="enter" target=".exit" />
				<Exit id="exit" />
				<Behaviour id="CPlaceCarAtObject" object_name="e829_NODE" />
			</State>
			<State id="Root">
				<Entry id="enter" target="career_event_description.enter" />
				<Exit id="exit" />
				<StateSubstitute state="event_activations.load_into_event" substitute="load_into_event" />
				<StateSubstitute state="InGameUI.place_car_for_cutscene_enter_activity" substitute="place_car_for_cutscene_enter_activity" />
				<Node id="career_event_description" state="career_event_activations.root">
					<Entry id="enter" />
					<Exit id="exit" target=".exit" />
				</Node>
			</State>
		</StateGroup>
		<TriggerZone object="e829" name="e829" radius="30" maxMPH="150" />
		<DialogueRequests>
			<Item gameplayTrigger="NemesisPreRace2" id="0" />
		</DialogueRequests>
	</Activity>
	<Activity type="ActivityCareerEventActivation" name="e812">
		<StateGroup id="e812">
			<State id="load_into_event">
				<Entry id="enter" />
				<Behaviour id="CLoadIntoCareerRace" event_id="e812">
					<Attribute id="resource_package" value="CareerLoading" />
				</Behaviour>
			</State>
			<State id="place_car_for_cutscene_enter_activity">
				<Entry id="enter" target=".exit" />
				<Exit id="exit" />
				<Behaviour id="CPlaceCarAtObject" object_name="e812_NODE" />
			</State>
			<State id="Root">
				<Entry id="enter" target="career_event_description.enter" />
				<Exit id="exit" />
				<StateSubstitute state="event_activations.load_into_event" substitute="load_into_event" />
				<StateSubstitute state="InGameUI.place_car_for_cutscene_enter_activity" substitute="place_car_for_cutscene_enter_activity" />
				<Node id="career_event_description" state="career_event_activations.root">
					<Entry id="enter" />
					<Exit id="exit" target=".exit" />
				</Node>
			</State>
		</StateGroup>
		<TriggerZone object="e812" name="e812" radius="30" maxMPH="150" />
		<DialogueRequests>
			<Item gameplayTrigger="NemesisPreRace2" id="0" />
		</DialogueRequests>
	</Activity>
	<Activity type="ActivityCareerEventActivation" name="e716">
		<StateGroup id="e716">
			<State id="load_into_event">
				<Entry id="enter" />
				<Behaviour id="CLoadIntoCareerRace" event_id="e716">
					<Attribute id="resource_package" value="CareerLoading" />
				</Behaviour>
			</State>
			<State id="place_car_for_cutscene_enter_activity">
				<Entry id="enter" target=".exit" />
				<Exit id="exit" />
				<Behaviour id="CPlaceCarAtObject" object_name="e716_NODE" />
			</State>
			<State id="Root">
				<Entry id="enter" target="career_event_description.enter" />
				<Exit id="exit" />
				<StateSubstitute state="event_activations.load_into_event" substitute="load_into_event" />
				<StateSubstitute state="InGameUI.place_car_for_cutscene_enter_activity" substitute="place_car_for_cutscene_enter_activity" />
				<Node id="career_event_description" state="career_event_activations.root">
					<Entry id="enter" />
					<Exit id="exit" target=".exit" />
				</Node>
			</State>
		</StateGroup>
		<TriggerZone object="e716" name="e716" radius="30" maxMPH="150" />
		<DialogueRequests>
			<Item gameplayTrigger="NemesisPreRace2" id="0" />
		</DialogueRequests>
	</Activity>
	<Activity type="ActivityCareerEventActivation" name="e685">
		<StateGroup id="e685">
			<State id="load_into_event">
				<Entry id="enter" />
				<Behaviour id="CLoadIntoCareerRace" event_id="e685">
					<Attribute id="resource_package" value="CareerLoading" />
				</Behaviour>
			</State>
			<State id="place_car_for_cutscene_enter_activity">
				<Entry id="enter" target=".exit" />
				<Exit id="exit" />
				<Behaviour id="CPlaceCarAtObject" object_name="e685_NODE" />
			</State>
			<State id="Root">
				<Entry id="enter" target="career_event_description.enter" />
				<Exit id="exit" />
				<StateSubstitute state="event_activations.load_into_event" substitute="load_into_event" />
				<StateSubstitute state="InGameUI.place_car_for_cutscene_enter_activity" substitute="place_car_for_cutscene_enter_activity" />
				<Node id="career_event_description" state="career_event_activations.root">
					<Entry id="enter" />
					<Exit id="exit" target=".exit" />
				</Node>
			</State>
		</StateGroup>
		<TriggerZone object="e685" name="e685" radius="30" maxMPH="150" />
		<DialogueRequests>
			<Item gameplayTrigger="NemesisPreRace2" id="0" />
		</DialogueRequests>
	</Activity>
	<Activity type="ActivityCareerEventActivation" name="e443">
		<StateGroup id="e443">
			<State id="load_into_event">
				<Entry id="enter" />
				<Behaviour id="CLoadIntoCareerRace" event_id="e443">
					<Attribute id="resource_package" value="CareerLoading" />
				</Behaviour>
			</State>
			<State id="place_car_for_cutscene_enter_activity">
				<Entry id="enter" target=".exit" />
				<Exit id="exit" />
				<Behaviour id="CPlaceCarAtObject" object_name="e443_NODE" />
			</State>
			<State id="Root">
				<Entry id="enter" target="career_event_description.enter" />
				<Exit id="exit" />
				<StateSubstitute state="event_activations.load_into_event" substitute="load_into_event" />
				<StateSubstitute state="InGameUI.place_car_for_cutscene_enter_activity" substitute="place_car_for_cutscene_enter_activity" />
				<Node id="career_event_description" state="career_event_activations.root">
					<Entry id="enter" />
					<Exit id="exit" target=".exit" />
				</Node>
			</State>
		</StateGroup>
		<TriggerZone object="e443" name="e443" radius="30" maxMPH="150" />
		<DialogueRequests>
			<Item gameplayTrigger="NemesisPreRace2" id="0" />
		</DialogueRequests>
	</Activity>
	<Activity type="ActivityCareerEventActivation" name="e447">
		<StateGroup id="e447">
			<State id="load_into_event">
				<Entry id="enter" />
				<Behaviour id="CLoadIntoCareerRace" event_id="e447">
					<Attribute id="resource_package" value="CareerLoading" />
				</Behaviour>
			</State>
			<State id="place_car_for_cutscene_enter_activity">
				<Entry id="enter" target=".exit" />
				<Exit id="exit" />
				<Behaviour id="CPlaceCarAtObject" object_name="e447_NODE" />
			</State>
			<State id="Root">
				<Entry id="enter" target="career_event_description.enter" />
				<Exit id="exit" />
				<StateSubstitute state="event_activations.load_into_event" substitute="load_into_event" />
				<StateSubstitute state="InGameUI.place_car_for_cutscene_enter_activity" substitute="place_car_for_cutscene_enter_activity" />
				<Node id="career_event_description" state="career_event_activations.root">
					<Entry id="enter" />
					<Exit id="exit" target=".exit" />
				</Node>
			</State>
		</StateGroup>
		<TriggerZone object="e447" name="e447" radius="30" maxMPH="150" />
		<DialogueRequests>
			<Item gameplayTrigger="NemesisPreRace2" id="0" />
		</DialogueRequests>
	</Activity>
	<Activity type="ActivityCareerEventActivation" name="e444">
		<StateGroup id="e444">
			<State id="load_into_event">
				<Entry id="enter" />
				<Behaviour id="CLoadIntoCareerRace" event_id="e444">
					<Attribute id="resource_package" value="CareerLoading" />
				</Behaviour>
			</State>
			<State id="place_car_for_cutscene_enter_activity">
				<Entry id="enter" target=".exit" />
				<Exit id="exit" />
				<Behaviour id="CPlaceCarAtObject" object_name="e444_NODE" />
			</State>
			<State id="Root">
				<Entry id="enter" target="career_event_description.enter" />
				<Exit id="exit" />
				<StateSubstitute state="event_activations.load_into_event" substitute="load_into_event" />
				<StateSubstitute state="InGameUI.place_car_for_cutscene_enter_activity" substitute="place_car_for_cutscene_enter_activity" />
				<Node id="career_event_description" state="career_event_activations.root">
					<Entry id="enter" />
					<Exit id="exit" target=".exit" />
				</Node>
			</State>
		</StateGroup>
		<TriggerZone object="e444" name="e444" radius="30" maxMPH="150" />
		<DialogueRequests>
			<Item gameplayTrigger="NemesisPreRace2" id="0" />
		</DialogueRequests>
	</Activity>
	<Activity type="ActivityCareerEventActivation" name="e330">
		<StateGroup id="e330">
			<State id="load_into_event">
				<Entry id="enter" />
				<Behaviour id="CLoadIntoCareerRace" event_id="e330">
					<Attribute id="resource_package" value="CareerLoading" />
				</Behaviour>
			</State>
			<State id="place_car_for_cutscene_enter_activity">
				<Entry id="enter" target=".exit" />
				<Exit id="exit" />
				<Behaviour id="CPlaceCarAtObject" object_name="e330_NODE" />
			</State>
			<State id="Root">
				<Entry id="enter" target="career_event_description.enter" />
				<Exit id="exit" />
				<StateSubstitute state="event_activations.load_into_event" substitute="load_into_event" />
				<StateSubstitute state="InGameUI.place_car_for_cutscene_enter_activity" substitute="place_car_for_cutscene_enter_activity" />
				<Node id="career_event_description" state="career_event_activations.root">
					<Entry id="enter" />
					<Exit id="exit" target=".exit" />
				</Node>
			</State>
		</StateGroup>
		<TriggerZone object="e330" name="e330" radius="30" maxMPH="150" />
		<DialogueRequests>
			<Item gameplayTrigger="NemesisPreRace2" id="0" />
		</DialogueRequests>
	</Activity>
	<Activity type="ActivityCareerEventActivation" name="e342">
		<StateGroup id="e342">
			<State id="load_into_event">
				<Entry id="enter" />
				<Behaviour id="CLoadIntoCareerRace" event_id="e342">
					<Attribute id="resource_package" value="CareerLoading" />
				</Behaviour>
			</State>
			<State id="place_car_for_cutscene_enter_activity">
				<Entry id="enter" target=".exit" />
				<Exit id="exit" />
				<Behaviour id="CPlaceCarAtObject" object_name="e342_NODE" />
			</State>
			<State id="Root">
				<Entry id="enter" target="career_event_description.enter" />
				<Exit id="exit" />
				<StateSubstitute state="event_activations.load_into_event" substitute="load_into_event" />
				<StateSubstitute state="InGameUI.place_car_for_cutscene_enter_activity" substitute="place_car_for_cutscene_enter_activity" />
				<Node id="career_event_description" state="career_event_activations.root">
					<Entry id="enter" />
					<Exit id="exit" target=".exit" />
				</Node>
			</State>
		</StateGroup>
		<TriggerZone object="e342" name="e342" radius="30" maxMPH="150" />
		<DialogueRequests>
			<Item gameplayTrigger="NemesisPreRace2" id="0" />
		</DialogueRequests>
	</Activity>
	<Activity type="ActivityCareerEventActivation" name="e366">
		<StateGroup id="e366">
			<State id="load_into_event">
				<Entry id="enter" />
				<Behaviour id="CLoadIntoCareerRace" event_id="e366">
					<Attribute id="resource_package" value="CareerLoading" />
				</Behaviour>
			</State>
			<State id="place_car_for_cutscene_enter_activity">
				<Entry id="enter" target=".exit" />
				<Exit id="exit" />
				<Behaviour id="CPlaceCarAtObject" object_name="e366_NODE" />
			</State>
			<State id="Root">
				<Entry id="enter" target="career_event_description.enter" />
				<Exit id="exit" />
				<StateSubstitute state="event_activations.load_into_event" substitute="load_into_event" />
				<StateSubstitute state="InGameUI.place_car_for_cutscene_enter_activity" substitute="place_car_for_cutscene_enter_activity" />
				<Node id="career_event_description" state="career_event_activations.root">
					<Entry id="enter" />
					<Exit id="exit" target=".exit" />
				</Node>
			</State>
		</StateGroup>
		<TriggerZone object="e366" name="e366" radius="30" maxMPH="150" />
		<DialogueRequests>
			<Item gameplayTrigger="NemesisPreRace2" id="0" />
		</DialogueRequests>
	</Activity>
	<Activity type="ActivityCareerEventActivation" name="e583">
		<StateGroup id="e583">
			<State id="load_into_event">
				<Entry id="enter" />
				<Behaviour id="CLoadIntoCareerRace" event_id="e583">
					<Attribute id="resource_package" value="CareerLoading" />
				</Behaviour>
			</State>
			<State id="place_car_for_cutscene_enter_activity">
				<Entry id="enter" target=".exit" />
				<Exit id="exit" />
				<Behaviour id="CPlaceCarAtObject" object_name="e583_NODE" />
			</State>
			<State id="Root">
				<Entry id="enter" target="career_event_description.enter" />
				<Exit id="exit" />
				<StateSubstitute state="event_activations.load_into_event" substitute="load_into_event" />
				<StateSubstitute state="InGameUI.place_car_for_cutscene_enter_activity" substitute="place_car_for_cutscene_enter_activity" />
				<Node id="career_event_description" state="career_event_activations.root">
					<Entry id="enter" />
					<Exit id="exit" target=".exit" />
				</Node>
			</State>
		</StateGroup>
		<TriggerZone object="e583" name="e583" radius="30" maxMPH="150" />
		<DialogueRequests>
			<Item gameplayTrigger="NemesisPreRace2" id="0" />
		</DialogueRequests>
	</Activity>
	<Activity type="ActivityCareerEventActivation" name="e793">
		<StateGroup id="e793">
			<State id="load_into_event">
				<Entry id="enter" />
				<Behaviour id="CLoadIntoCareerRace" event_id="e793">
					<Attribute id="resource_package" value="CareerLoading" />
				</Behaviour>
			</State>
			<State id="place_car_for_cutscene_enter_activity">
				<Entry id="enter" target=".exit" />
				<Exit id="exit" />
				<Behaviour id="CPlaceCarAtObject" object_name="e793_NODE" />
			</State>
			<State id="Root">
				<Entry id="enter" target="career_event_description.enter" />
				<Exit id="exit" />
				<StateSubstitute state="event_activations.load_into_event" substitute="load_into_event" />
				<StateSubstitute state="InGameUI.place_car_for_cutscene_enter_activity" substitute="place_car_for_cutscene_enter_activity" />
				<Node id="career_event_description" state="career_event_activations.root">
					<Entry id="enter" />
					<Exit id="exit" target=".exit" />
				</Node>
			</State>
		</StateGroup>
		<TriggerZone object="e793" name="e793" radius="30" maxMPH="150" />
		<DialogueRequests>
			<Item gameplayTrigger="NemesisPreRace2" id="0" />
		</DialogueRequests>
	</Activity>
	<Activity type="ActivityCareerEventActivation" name="e811">
		<StateGroup id="e811">
			<State id="load_into_event">
				<Entry id="enter" />
				<Behaviour id="CLoadIntoCareerRace" event_id="e811">
					<Attribute id="resource_package" value="CareerLoading" />
				</Behaviour>
			</State>
			<State id="place_car_for_cutscene_enter_activity">
				<Entry id="enter" target=".exit" />
				<Exit id="exit" />
				<Behaviour id="CPlaceCarAtObject" object_name="e811_NODE" />
			</State>
			<State id="Root">
				<Entry id="enter" target="career_event_description.enter" />
				<Exit id="exit" />
				<StateSubstitute state="event_activations.load_into_event" substitute="load_into_event" />
				<StateSubstitute state="InGameUI.place_car_for_cutscene_enter_activity" substitute="place_car_for_cutscene_enter_activity" />
				<Node id="career_event_description" state="career_event_activations.root">
					<Entry id="enter" />
					<Exit id="exit" target=".exit" />
				</Node>
			</State>
		</StateGroup>
		<TriggerZone object="e811" name="e811" radius="30" maxMPH="150" />
		<DialogueRequests>
			<Item gameplayTrigger="NemesisPreRace2" id="0" />
		</DialogueRequests>
	</Activity>
	<Activity type="ActivityCareerEventActivation" name="e839">
		<StateGroup id="e839">
			<State id="load_into_event">
				<Entry id="enter" />
				<Behaviour id="CLoadIntoCareerRace" event_id="e839">
					<Attribute id="resource_package" value="CareerLoading" />
				</Behaviour>
			</State>
			<State id="place_car_for_cutscene_enter_activity">
				<Entry id="enter" target=".exit" />
				<Exit id="exit" />
				<Behaviour id="CPlaceCarAtObject" object_name="e839_NODE" />
			</State>
			<State id="Root">
				<Entry id="enter" target="career_event_description.enter" />
				<Exit id="exit" />
				<StateSubstitute state="event_activations.load_into_event" substitute="load_into_event" />
				<StateSubstitute state="InGameUI.place_car_for_cutscene_enter_activity" substitute="place_car_for_cutscene_enter_activity" />
				<Node id="career_event_description" state="career_event_activations.root">
					<Entry id="enter" />
					<Exit id="exit" target=".exit" />
				</Node>
			</State>
		</StateGroup>
		<TriggerZone object="e839" name="e839" radius="30" maxMPH="150" />
		<DialogueRequests>
			<Item gameplayTrigger="NemesisPreRace2" id="0" />
		</DialogueRequests>
	</Activity>
	<Activity type="ActivityCareerEventActivation" name="e606">
		<StateGroup id="e606">
			<State id="load_into_event">
				<Entry id="enter" />
				<Behaviour id="CLoadIntoCareerRace" event_id="e606">
					<Attribute id="resource_package" value="CareerLoading" />
				</Behaviour>
			</State>
			<State id="place_car_for_cutscene_enter_activity">
				<Entry id="enter" target=".exit" />
				<Exit id="exit" />
				<Behaviour id="CPlaceCarAtObject" object_name="e606_NODE" />
			</State>
			<State id="Root">
				<Entry id="enter" target="career_event_description.enter" />
				<Exit id="exit" />
				<StateSubstitute state="event_activations.load_into_event" substitute="load_into_event" />
				<StateSubstitute state="InGameUI.place_car_for_cutscene_enter_activity" substitute="place_car_for_cutscene_enter_activity" />
				<Node id="career_event_description" state="career_event_activations.root">
					<Entry id="enter" />
					<Exit id="exit" target=".exit" />
				</Node>
			</State>
		</StateGroup>
		<TriggerZone object="e606" name="e606" radius="30" maxMPH="150" />
		<DialogueRequests>
			<Item gameplayTrigger="NemesisPreRace2" id="0" />
		</DialogueRequests>
	</Activity>
	<Activity type="ActivityCareerEventActivation" name="e212">
		<StateGroup id="e212">
			<State id="load_into_event">
				<Entry id="enter" />
				<Behaviour id="CLoadIntoCareerRace" event_id="e212">
					<Attribute id="resource_package" value="CareerLoading" />
				</Behaviour>
			</State>
			<State id="place_car_for_cutscene_enter_activity">
				<Entry id="enter" target=".exit" />
				<Exit id="exit" />
				<Behaviour id="CPlaceCarAtObject" object_name="e212_NODE" />
			</State>
			<State id="Root">
				<Entry id="enter" target="career_event_description.enter" />
				<Exit id="exit" />
				<StateSubstitute state="event_activations.load_into_event" substitute="load_into_event" />
				<StateSubstitute state="InGameUI.place_car_for_cutscene_enter_activity" substitute="place_car_for_cutscene_enter_activity" />
				<Node id="career_event_description" state="career_event_activations.root">
					<Entry id="enter" />
					<Exit id="exit" target=".exit" />
				</Node>
			</State>
		</StateGroup>
		<TriggerZone object="e212" name="e212" radius="30" maxMPH="150" />
		<DialogueRequests>
			<Item gameplayTrigger="NemesisPreRace2" id="0" />
		</DialogueRequests>
	</Activity>
	<Activity type="ActivityCareerEventActivation" name="e260">
		<StateGroup id="e260">
			<State id="load_into_event">
				<Entry id="enter" />
				<Behaviour id="CLoadIntoCareerRace" event_id="e260">
					<Attribute id="resource_package" value="CareerLoading" />
				</Behaviour>
			</State>
			<State id="place_car_for_cutscene_enter_activity">
				<Entry id="enter" target=".exit" />
				<Exit id="exit" />
				<Behaviour id="CPlaceCarAtObject" object_name="e260_NODE" />
			</State>
			<State id="Root">
				<Entry id="enter" target="career_event_description.enter" />
				<Exit id="exit" />
				<StateSubstitute state="event_activations.load_into_event" substitute="load_into_event" />
				<StateSubstitute state="InGameUI.place_car_for_cutscene_enter_activity" substitute="place_car_for_cutscene_enter_activity" />
				<Node id="career_event_description" state="career_event_activations.root">
					<Entry id="enter" />
					<Exit id="exit" target=".exit" />
				</Node>
			</State>
		</StateGroup>
		<TriggerZone object="e260" name="e260" radius="30" maxMPH="150" />
		<DialogueRequests>
			<Item gameplayTrigger="NemesisPreRace2" id="0" />
		</DialogueRequests>
	</Activity>
	<Activity type="ActivityCareerEventActivation" name="e240">
		<StateGroup id="e240">
			<State id="load_into_event">
				<Entry id="enter" />
				<Behaviour id="CLoadIntoCareerRace" event_id="e240">
					<Attribute id="resource_package" value="CareerLoading" />
				</Behaviour>
			</State>
			<State id="place_car_for_cutscene_enter_activity">
				<Entry id="enter" target=".exit" />
				<Exit id="exit" />
				<Behaviour id="CPlaceCarAtObject" object_name="e240_NODE" />
			</State>
			<State id="Root">
				<Entry id="enter" target="career_event_description.enter" />
				<Exit id="exit" />
				<StateSubstitute state="event_activations.load_into_event" substitute="load_into_event" />
				<StateSubstitute state="InGameUI.place_car_for_cutscene_enter_activity" substitute="place_car_for_cutscene_enter_activity" />
				<Node id="career_event_description" state="career_event_activations.root">
					<Entry id="enter" />
					<Exit id="exit" target=".exit" />
				</Node>
			</State>
		</StateGroup>
		<TriggerZone object="e240" name="e240" radius="30" maxMPH="150" />
		<DialogueRequests>
			<Item gameplayTrigger="NemesisPreRace2" id="0" />
		</DialogueRequests>
	</Activity>
	<Activity type="ActivityCareerEventActivation" name="e696">
		<StateGroup id="e696">
			<State id="load_into_event">
				<Entry id="enter" />
				<Behaviour id="CLoadIntoCareerRace" event_id="e696">
					<Attribute id="resource_package" value="CareerLoading" />
				</Behaviour>
			</State>
			<State id="place_car_for_cutscene_enter_activity">
				<Entry id="enter" target=".exit" />
				<Exit id="exit" />
				<Behaviour id="CPlaceCarAtObject" object_name="e696_NODE" />
			</State>
			<State id="Root">
				<Entry id="enter" target="career_event_description.enter" />
				<Exit id="exit" />
				<StateSubstitute state="event_activations.load_into_event" substitute="load_into_event" />
				<StateSubstitute state="InGameUI.place_car_for_cutscene_enter_activity" substitute="place_car_for_cutscene_enter_activity" />
				<Node id="career_event_description" state="career_event_activations.root">
					<Entry id="enter" />
					<Exit id="exit" target=".exit" />
				</Node>
			</State>
		</StateGroup>
		<TriggerZone object="e696" name="e696" radius="30" maxMPH="150" />
		<DialogueRequests>
			<Item gameplayTrigger="NemesisPreRace2" id="0" />
		</DialogueRequests>
	</Activity>
	<Activity type="ActivityCareerEventActivation" name="e681">
		<StateGroup id="e681">
			<State id="load_into_event">
				<Entry id="enter" />
				<Behaviour id="CLoadIntoCareerRace" event_id="e681">
					<Attribute id="resource_package" value="CareerLoading" />
				</Behaviour>
			</State>
			<State id="place_car_for_cutscene_enter_activity">
				<Entry id="enter" target=".exit" />
				<Exit id="exit" />
				<Behaviour id="CPlaceCarAtObject" object_name="e681_NODE" />
			</State>
			<State id="Root">
				<Entry id="enter" target="career_event_description.enter" />
				<Exit id="exit" />
				<StateSubstitute state="event_activations.load_into_event" substitute="load_into_event" />
				<StateSubstitute state="InGameUI.place_car_for_cutscene_enter_activity" substitute="place_car_for_cutscene_enter_activity" />
				<Node id="career_event_description" state="career_event_activations.root">
					<Entry id="enter" />
					<Exit id="exit" target=".exit" />
				</Node>
			</State>
		</StateGroup>
		<TriggerZone object="e681" name="e681" radius="30" maxMPH="150" />
		<DialogueRequests>
			<Item gameplayTrigger="NemesisPreRace2" id="0" />
		</DialogueRequests>
	</Activity>
	<Activity type="ActivityCareerEventActivation" name="e705">
		<StateGroup id="e705">
			<State id="load_into_event">
				<Entry id="enter" />
				<Behaviour id="CLoadIntoCareerRace" event_id="e705">
					<Attribute id="resource_package" value="CareerLoading" />
				</Behaviour>
			</State>
			<State id="place_car_for_cutscene_enter_activity">
				<Entry id="enter" target=".exit" />
				<Exit id="exit" />
				<Behaviour id="CPlaceCarAtObject" object_name="e705_NODE" />
			</State>
			<State id="Root">
				<Entry id="enter" target="career_event_description.enter" />
				<Exit id="exit" />
				<StateSubstitute state="event_activations.load_into_event" substitute="load_into_event" />
				<StateSubstitute state="InGameUI.place_car_for_cutscene_enter_activity" substitute="place_car_for_cutscene_enter_activity" />
				<Node id="career_event_description" state="career_event_activations.root">
					<Entry id="enter" />
					<Exit id="exit" target=".exit" />
				</Node>
			</State>
		</StateGroup>
		<TriggerZone object="e705" name="e705" radius="30" maxMPH="150" />
		<DialogueRequests>
			<Item gameplayTrigger="NemesisPreRace2" id="0" />
		</DialogueRequests>
	</Activity>
	<Activity type="ActivityCareerEventActivation" name="e436">
		<StateGroup id="e436">
			<State id="load_into_event">
				<Entry id="enter" />
				<Behaviour id="CLoadIntoCareerRace" event_id="e436">
					<Attribute id="resource_package" value="CareerLoading" />
				</Behaviour>
			</State>
			<State id="place_car_for_cutscene_enter_activity">
				<Entry id="enter" target=".exit" />
				<Exit id="exit" />
				<Behaviour id="CPlaceCarAtObject" object_name="e436_NODE" />
			</State>
			<State id="Root">
				<Entry id="enter" target="career_event_description.enter" />
				<Exit id="exit" />
				<StateSubstitute state="event_activations.load_into_event" substitute="load_into_event" />
				<StateSubstitute state="InGameUI.place_car_for_cutscene_enter_activity" substitute="place_car_for_cutscene_enter_activity" />
				<Node id="career_event_description" state="career_event_activations.root">
					<Entry id="enter" />
					<Exit id="exit" target=".exit" />
				</Node>
			</State>
		</StateGroup>
		<TriggerZone object="e436" name="e436" radius="30" maxMPH="150" />
		<DialogueRequests>
			<Item gameplayTrigger="NemesisPreRace2" id="0" />
		</DialogueRequests>
	</Activity>
	<Activity type="ActivityCareerEventActivation" name="e451">
		<StateGroup id="e451">
			<State id="load_into_event">
				<Entry id="enter" />
				<Behaviour id="CLoadIntoCareerRace" event_id="e451">
					<Attribute id="resource_package" value="CareerLoading" />
				</Behaviour>
			</State>
			<State id="place_car_for_cutscene_enter_activity">
				<Entry id="enter" target=".exit" />
				<Exit id="exit" />
				<Behaviour id="CPlaceCarAtObject" object_name="e451_NODE" />
			</State>
			<State id="Root">
				<Entry id="enter" target="career_event_description.enter" />
				<Exit id="exit" />
				<StateSubstitute state="event_activations.load_into_event" substitute="load_into_event" />
				<StateSubstitute state="InGameUI.place_car_for_cutscene_enter_activity" substitute="place_car_for_cutscene_enter_activity" />
				<Node id="career_event_description" state="career_event_activations.root">
					<Entry id="enter" />
					<Exit id="exit" target=".exit" />
				</Node>
			</State>
		</StateGroup>
		<TriggerZone object="e451" name="e451" radius="30" maxMPH="150" />
		<DialogueRequests>
			<Item gameplayTrigger="NemesisPreRace2" id="0" />
		</DialogueRequests>
	</Activity>
	<Activity type="ActivityCareerEventActivation" name="e543">
		<StateGroup id="e543">
			<State id="load_into_event">
				<Entry id="enter" />
				<Behaviour id="CLoadIntoCareerRace" event_id="e543">
					<Attribute id="resource_package" value="CareerLoading" />
				</Behaviour>
			</State>
			<State id="place_car_for_cutscene_enter_activity">
				<Entry id="enter" target=".exit" />
				<Exit id="exit" />
				<Behaviour id="CPlaceCarAtObject" object_name="e543_NODE" />
			</State>
			<State id="Root">
				<Entry id="enter" target="career_event_description.enter" />
				<Exit id="exit" />
				<StateSubstitute state="event_activations.load_into_event" substitute="load_into_event" />
				<StateSubstitute state="InGameUI.place_car_for_cutscene_enter_activity" substitute="place_car_for_cutscene_enter_activity" />
				<Node id="career_event_description" state="career_event_activations.root">
					<Entry id="enter" />
					<Exit id="exit" target=".exit" />
				</Node>
			</State>
		</StateGroup>
		<TriggerZone object="e543" name="e543" radius="30" maxMPH="150" />
		<DialogueRequests>
			<Item gameplayTrigger="NemesisPreRace2" id="0" />
		</DialogueRequests>
	</Activity>
	<Activity type="ActivityCareerEventActivation" name="e388">
		<StateGroup id="e388">
			<State id="load_into_event">
				<Entry id="enter" />
				<Behaviour id="CLoadIntoCareerRace" event_id="e388">
					<Attribute id="resource_package" value="CareerLoading" />
				</Behaviour>
			</State>
			<State id="place_car_for_cutscene_enter_activity">
				<Entry id="enter" target=".exit" />
				<Exit id="exit" />
				<Behaviour id="CPlaceCarAtObject" object_name="e388_NODE" />
			</State>
			<State id="Root">
				<Entry id="enter" target="career_event_description.enter" />
				<Exit id="exit" />
				<StateSubstitute state="event_activations.load_into_event" substitute="load_into_event" />
				<StateSubstitute state="InGameUI.place_car_for_cutscene_enter_activity" substitute="place_car_for_cutscene_enter_activity" />
				<Node id="career_event_description" state="career_event_activations.root">
					<Entry id="enter" />
					<Exit id="exit" target=".exit" />
				</Node>
			</State>
		</StateGroup>
		<TriggerZone object="e388" name="e388" radius="30" maxMPH="150" />
		<DialogueRequests>
			<Item gameplayTrigger="NemesisPreRace2" id="0" />
		</DialogueRequests>
	</Activity>
	<Activity type="ActivityCareerEventActivation" name="e338">
		<StateGroup id="e338">
			<State id="load_into_event">
				<Entry id="enter" />
				<Behaviour id="CLoadIntoCareerRace" event_id="e338">
					<Attribute id="resource_package" value="CareerLoading" />
				</Behaviour>
			</State>
			<State id="place_car_for_cutscene_enter_activity">
				<Entry id="enter" target=".exit" />
				<Exit id="exit" />
				<Behaviour id="CPlaceCarAtObject" object_name="e338_NODE" />
			</State>
			<State id="Root">
				<Entry id="enter" target="career_event_description.enter" />
				<Exit id="exit" />
				<StateSubstitute state="event_activations.load_into_event" substitute="load_into_event" />
				<StateSubstitute state="InGameUI.place_car_for_cutscene_enter_activity" substitute="place_car_for_cutscene_enter_activity" />
				<Node id="career_event_description" state="career_event_activations.root">
					<Entry id="enter" />
					<Exit id="exit" target=".exit" />
				</Node>
			</State>
		</StateGroup>
		<TriggerZone object="e338" name="e338" radius="30" maxMPH="150" />
		<DialogueRequests>
			<Item gameplayTrigger="NemesisPreRace2" id="0" />
		</DialogueRequests>
	</Activity>
	<Activity type="ActivityCareerEventActivation" name="e332">
		<StateGroup id="e332">
			<State id="load_into_event">
				<Entry id="enter" />
				<Behaviour id="CLoadIntoCareerRace" event_id="e332">
					<Attribute id="resource_package" value="CareerLoading" />
				</Behaviour>
			</State>
			<State id="place_car_for_cutscene_enter_activity">
				<Entry id="enter" target=".exit" />
				<Exit id="exit" />
				<Behaviour id="CPlaceCarAtObject" object_name="e332_NODE" />
			</State>
			<State id="Root">
				<Entry id="enter" target="career_event_description.enter" />
				<Exit id="exit" />
				<StateSubstitute state="event_activations.load_into_event" substitute="load_into_event" />
				<StateSubstitute state="InGameUI.place_car_for_cutscene_enter_activity" substitute="place_car_for_cutscene_enter_activity" />
				<Node id="career_event_description" state="career_event_activations.root">
					<Entry id="enter" />
					<Exit id="exit" target=".exit" />
				</Node>
			</State>
		</StateGroup>
		<TriggerZone object="e332" name="e332" radius="30" maxMPH="150" />
		<DialogueRequests>
			<Item gameplayTrigger="NemesisPreRace2" id="0" />
		</DialogueRequests>
	</Activity>
	<Activity type="ActivityCareerEventActivation" name="e210">
		<StateGroup id="e210">
			<State id="load_into_event">
				<Entry id="enter" />
				<Behaviour id="CLoadIntoCareerRace" event_id="e210">
					<Attribute id="resource_package" value="CareerLoading" />
				</Behaviour>
			</State>
			<State id="place_car_for_cutscene_enter_activity">
				<Entry id="enter" target=".exit" />
				<Exit id="exit" />
				<Behaviour id="CPlaceCarAtObject" object_name="e210_NODE" />
			</State>
			<State id="Root">
				<Entry id="enter" target="career_event_description.enter" />
				<Exit id="exit" />
				<StateSubstitute state="event_activations.load_into_event" substitute="load_into_event" />
				<StateSubstitute state="InGameUI.place_car_for_cutscene_enter_activity" substitute="place_car_for_cutscene_enter_activity" />
				<Node id="career_event_description" state="career_event_activations.root">
					<Entry id="enter" />
					<Exit id="exit" target=".exit" />
				</Node>
			</State>
		</StateGroup>
		<TriggerZone object="e210" name="e210" radius="30" maxMPH="150" />
		<DialogueRequests>
			<Item gameplayTrigger="NemesisPreRace2" id="0" />
		</DialogueRequests>
		<MapRevealVO name="ShowcaseMarker4" />
	</Activity>
	<Activity type="ActivityCareerEventActivation" name="e544">
		<StateGroup id="e544">
			<State id="load_into_event">
				<Entry id="enter" />
				<Behaviour id="CLoadIntoCareerRace" event_id="e544">
					<Attribute id="resource_package" value="CareerLoading" />
				</Behaviour>
			</State>
			<State id="place_car_for_cutscene_enter_activity">
				<Entry id="enter" target=".exit" />
				<Exit id="exit" />
				<Behaviour id="CPlaceCarAtObject" object_name="e544_NODE" />
			</State>
			<State id="Root">
				<Entry id="enter" target="career_event_description.enter" />
				<Exit id="exit" />
				<StateSubstitute state="event_activations.load_into_event" substitute="load_into_event" />
				<StateSubstitute state="InGameUI.place_car_for_cutscene_enter_activity" substitute="place_car_for_cutscene_enter_activity" />
				<Node id="career_event_description" state="career_event_activations.root">
					<Entry id="enter" />
					<Exit id="exit" target=".exit" />
				</Node>
			</State>
		</StateGroup>
		<TriggerZone object="e544" name="e544" radius="30" maxMPH="150" />
		<DialogueRequests>
			<Item gameplayTrigger="NemesisPreRace2" id="0" />
		</DialogueRequests>
		<MapRevealVO name="ShowcaseMarker2" />
	</Activity>
	<Activity type="ActivityCareerEventActivation" name="e561">
		<StateGroup id="e561">
			<State id="load_into_event">
				<Entry id="enter" />
				<Behaviour id="CLoadIntoCareerRace" event_id="e561">
					<Attribute id="resource_package" value="CareerLoading" />
				</Behaviour>
			</State>
			<State id="place_car_for_cutscene_enter_activity">
				<Entry id="enter" target=".exit" />
				<Exit id="exit" />
				<Behaviour id="CPlaceCarAtObject" object_name="e561_NODE" />
			</State>
			<State id="Root">
				<Entry id="enter" target="career_event_description.enter" />
				<Exit id="exit" />
				<StateSubstitute state="event_activations.load_into_event" substitute="load_into_event" />
				<StateSubstitute state="InGameUI.place_car_for_cutscene_enter_activity" substitute="place_car_for_cutscene_enter_activity" />
				<Node id="career_event_description" state="career_event_activations.root">
					<Entry id="enter" />
					<Exit id="exit" target=".exit" />
				</Node>
			</State>
		</StateGroup>
		<TriggerZone object="e561" name="e561" radius="30" maxMPH="150" />
		<DialogueRequests>
			<Item gameplayTrigger="NemesisPreRace2" id="0" />
		</DialogueRequests>
		<MapRevealVO name="ShowcaseMarker3" />
	</Activity>
	<Activity type="ActivityCareerEventActivation" name="e577">
		<StateGroup id="e577">
			<State id="load_into_event">
				<Entry id="enter" />
				<Behaviour id="CLoadIntoCareerRace" event_id="e577">
					<Attribute id="resource_package" value="CareerLoading" />
				</Behaviour>
			</State>
			<State id="place_car_for_cutscene_enter_activity">
				<Entry id="enter" target=".exit" />
				<Exit id="exit" />
				<Behaviour id="CPlaceCarAtObject" object_name="e577_NODE" />
			</State>
			<State id="Root">
				<Entry id="enter" target="career_event_description.enter" />
				<Exit id="exit" />
				<StateSubstitute state="event_activations.load_into_event" substitute="load_into_event" />
				<StateSubstitute state="InGameUI.place_car_for_cutscene_enter_activity" substitute="place_car_for_cutscene_enter_activity" />
				<Node id="career_event_description" state="career_event_activations.root">
					<Entry id="enter" />
					<Exit id="exit" target=".exit" />
				</Node>
			</State>
		</StateGroup>
		<TriggerZone object="e577" name="e577" radius="30" maxMPH="150" />
		<DialogueRequests>
			<Item gameplayTrigger="NemesisPreRace2" id="0" />
		</DialogueRequests>
	</Activity>
	<Activity type="ActivityCareerEventActivation" name="e572">
		<StateGroup id="e572">
			<State id="load_into_event">
				<Entry id="enter" />
				<Behaviour id="CLoadIntoCareerRace" event_id="e572">
					<Attribute id="resource_package" value="CareerLoading" />
				</Behaviour>
			</State>
			<State id="place_car_for_cutscene_enter_activity">
				<Entry id="enter" target=".exit" />
				<Exit id="exit" />
				<Behaviour id="CPlaceCarAtObject" object_name="e572_NODE" />
			</State>
			<State id="Root">
				<Entry id="enter" target="career_event_description.enter" />
				<Exit id="exit" />
				<StateSubstitute state="event_activations.load_into_event" substitute="load_into_event" />
				<StateSubstitute state="InGameUI.place_car_for_cutscene_enter_activity" substitute="place_car_for_cutscene_enter_activity" />
				<Node id="career_event_description" state="career_event_activations.root">
					<Entry id="enter" />
					<Exit id="exit" target=".exit" />
				</Node>
			</State>
		</StateGroup>
		<TriggerZone object="e572" name="e572" radius="30" maxMPH="150" />
		<DialogueRequests>
			<Item gameplayTrigger="NemesisPreRace2" id="0" />
		</DialogueRequests>
	</Activity>
	<Activity type="ActivityCareerEventActivation" name="e803">
		<StateGroup id="e803">
			<State id="load_into_event">
				<Entry id="enter" />
				<Behaviour id="CLoadIntoCareerRace" event_id="e803">
					<Attribute id="resource_package" value="CareerLoading" />
				</Behaviour>
			</State>
			<State id="place_car_for_cutscene_enter_activity">
				<Entry id="enter" target=".exit" />
				<Exit id="exit" />
				<Behaviour id="CPlaceCarAtObject" object_name="e803_NODE" />
			</State>
			<State id="Root">
				<Entry id="enter" target="career_event_description.enter" />
				<Exit id="exit" />
				<StateSubstitute state="event_activations.load_into_event" substitute="load_into_event" />
				<StateSubstitute state="InGameUI.place_car_for_cutscene_enter_activity" substitute="place_car_for_cutscene_enter_activity" />
				<Node id="career_event_description" state="career_event_activations.root">
					<Entry id="enter" />
					<Exit id="exit" target=".exit" />
				</Node>
			</State>
		</StateGroup>
		<TriggerZone object="e803" name="e803" radius="30" maxMPH="150" />
		<DialogueRequests>
			<Item gameplayTrigger="NemesisPreRace2" id="0" />
		</DialogueRequests>
	</Activity>
	<Activity type="ActivityCareerEventActivation" name="e5">
		<StateGroup id="e5">
			<State id="load_into_event">
				<Entry id="enter" />
				<Behaviour id="CLoadIntoCareerRace" event_id="e5">
					<Attribute id="resource_package" value="CareerLoading" />
				</Behaviour>
			</State>
			<State id="place_car_for_cutscene_enter_activity">
				<Entry id="enter" target=".exit" />
				<Exit id="exit" />
				<Behaviour id="CPlaceCarAtObject" object_name="e5_NODE" />
			</State>
			<State id="Root">
				<Entry id="enter" target="career_event_description.enter" />
				<Exit id="exit" />
				<StateSubstitute state="event_activations.load_into_event" substitute="load_into_event" />
				<StateSubstitute state="InGameUI.place_car_for_cutscene_enter_activity" substitute="place_car_for_cutscene_enter_activity" />
				<Node id="career_event_description" state="career_event_activations.root">
					<Entry id="enter" />
					<Exit id="exit" target=".exit" />
				</Node>
			</State>
		</StateGroup>
		<TriggerZone object="e5" name="e5" radius="30" maxMPH="150" />
		<DialogueRequests>
			<Item gameplayTrigger="NemesisPreRace2" id="0" />
		</DialogueRequests>
	</Activity>
	<Activity type="ActivityCareerEventActivation" name="e465">
		<StateGroup id="e465">
			<State id="load_into_event">
				<Entry id="enter" />
				<Behaviour id="CLoadIntoCareerRace" event_id="e465">
					<Attribute id="resource_package" value="CareerLoading" />
				</Behaviour>
			</State>
			<State id="place_car_for_cutscene_enter_activity">
				<Entry id="enter" target=".exit" />
				<Exit id="exit" />
				<Behaviour id="CPlaceCarAtObject" object_name="e465_NODE" />
			</State>
			<State id="Root">
				<Entry id="enter" target="career_event_description.enter" />
				<Exit id="exit" />
				<StateSubstitute state="event_activations.load_into_event" substitute="load_into_event" />
				<StateSubstitute state="InGameUI.place_car_for_cutscene_enter_activity" substitute="place_car_for_cutscene_enter_activity" />
				<Node id="career_event_description" state="career_event_activations.root">
					<Entry id="enter" />
					<Exit id="exit" target=".exit" />
				</Node>
			</State>
		</StateGroup>
		<TriggerZone object="e465" name="e465" radius="30" maxMPH="150" />
		<DialogueRequests>
			<Item gameplayTrigger="NemesisPreRace2" id="0" />
		</DialogueRequests>
	</Activity>
	<Activity type="ActivityCareerEventActivation" name="e377">
		<StateGroup id="e377">
			<State id="load_into_event">
				<Entry id="enter" />
				<Behaviour id="CLoadIntoCareerRace" event_id="e377">
					<Attribute id="resource_package" value="CareerLoading" />
				</Behaviour>
			</State>
			<State id="place_car_for_cutscene_enter_activity">
				<Entry id="enter" target=".exit" />
				<Exit id="exit" />
				<Behaviour id="CPlaceCarAtObject" object_name="e377_NODE" />
			</State>
			<State id="Root">
				<Entry id="enter" target="career_event_description.enter" />
				<Exit id="exit" />
				<StateSubstitute state="event_activations.load_into_event" substitute="load_into_event" />
				<StateSubstitute state="InGameUI.place_car_for_cutscene_enter_activity" substitute="place_car_for_cutscene_enter_activity" />
				<Node id="career_event_description" state="career_event_activations.root">
					<Entry id="enter" />
					<Exit id="exit" target=".exit" />
				</Node>
			</State>
		</StateGroup>
		<TriggerZone object="e377" name="e377" radius="30" maxMPH="150" />
		<DialogueRequests>
			<Item gameplayTrigger="NemesisPreRace2" id="0" />
		</DialogueRequests>
	</Activity>
	<Activity type="ActivityCareerEventActivation" name="e361">
		<StateGroup id="e361">
			<State id="load_into_event">
				<Entry id="enter" />
				<Behaviour id="CLoadIntoCareerRace" event_id="e361">
					<Attribute id="resource_package" value="CareerLoading" />
				</Behaviour>
			</State>
			<State id="place_car_for_cutscene_enter_activity">
				<Entry id="enter" target=".exit" />
				<Exit id="exit" />
				<Behaviour id="CPlaceCarAtObject" object_name="e361_NODE" />
			</State>
			<State id="Root">
				<Entry id="enter" target="career_event_description.enter" />
				<Exit id="exit" />
				<StateSubstitute state="event_activations.load_into_event" substitute="load_into_event" />
				<StateSubstitute state="InGameUI.place_car_for_cutscene_enter_activity" substitute="place_car_for_cutscene_enter_activity" />
				<Node id="career_event_description" state="career_event_activations.root">
					<Entry id="enter" />
					<Exit id="exit" target=".exit" />
				</Node>
			</State>
		</StateGroup>
		<TriggerZone object="e361" name="e361" radius="30" maxMPH="150" />
		<DialogueRequests>
			<Item gameplayTrigger="NemesisPreRace2" id="0" />
		</DialogueRequests>
	</Activity>
	<Activity type="ActivityCareerEventActivation" name="e223">
		<StateGroup id="e223">
			<State id="load_into_event">
				<Entry id="enter" />
				<Behaviour id="CLoadIntoCareerRace" event_id="e223">
					<Attribute id="resource_package" value="CareerLoading" />
				</Behaviour>
			</State>
			<State id="place_car_for_cutscene_enter_activity">
				<Entry id="enter" target=".exit" />
				<Exit id="exit" />
				<Behaviour id="CPlaceCarAtObject" object_name="e223_NODE" />
			</State>
			<State id="Root">
				<Entry id="enter" target="career_event_description.enter" />
				<Exit id="exit" />
				<StateSubstitute state="event_activations.load_into_event" substitute="load_into_event" />
				<StateSubstitute state="InGameUI.place_car_for_cutscene_enter_activity" substitute="place_car_for_cutscene_enter_activity" />
				<Node id="career_event_description" state="career_event_activations.root">
					<Entry id="enter" />
					<Exit id="exit" target=".exit" />
				</Node>
			</State>
		</StateGroup>
		<TriggerZone object="e223" name="e223" radius="30" maxMPH="150" />
		<DialogueRequests>
			<Item gameplayTrigger="NemesisPreRace2" id="0" />
		</DialogueRequests>
	</Activity>
	<Activity type="ActivityCareerEventActivation" name="e838">
		<StateGroup id="e838">
			<State id="load_into_event">
				<Entry id="enter" />
				<Behaviour id="CLoadIntoCareerRace" event_id="e838">
					<Attribute id="resource_package" value="CareerLoading" />
				</Behaviour>
			</State>
			<State id="place_car_for_cutscene_enter_activity">
				<Entry id="enter" target=".exit" />
				<Exit id="exit" />
				<Behaviour id="CPlaceCarAtObject" object_name="e838_NODE" />
			</State>
			<State id="Root">
				<Entry id="enter" target="career_event_description.enter" />
				<Exit id="exit" />
				<StateSubstitute state="event_activations.load_into_event" substitute="load_into_event" />
				<StateSubstitute state="InGameUI.place_car_for_cutscene_enter_activity" substitute="place_car_for_cutscene_enter_activity" />
				<Node id="career_event_description" state="career_event_activations.root">
					<Entry id="enter" />
					<Exit id="exit" target=".exit" />
				</Node>
			</State>
		</StateGroup>
		<TriggerZone object="e838" name="e838" radius="30" maxMPH="150" />
		<DialogueRequests>
			<Item gameplayTrigger="NemesisPreRace2" id="0" />
		</DialogueRequests>
	</Activity>
	<Activity type="ActivityCareerEventActivation" name="e707">
		<StateGroup id="e707">
			<State id="load_into_event">
				<Entry id="enter" />
				<Behaviour id="CLoadIntoCareerRace" event_id="e707">
					<Attribute id="resource_package" value="CareerLoading" />
				</Behaviour>
			</State>
			<State id="place_car_for_cutscene_enter_activity">
				<Entry id="enter" target=".exit" />
				<Exit id="exit" />
				<Behaviour id="CPlaceCarAtObject" object_name="e707_NODE" />
			</State>
			<State id="Root">
				<Entry id="enter" target="career_event_description.enter" />
				<Exit id="exit" />
				<StateSubstitute state="event_activations.load_into_event" substitute="load_into_event" />
				<StateSubstitute state="InGameUI.place_car_for_cutscene_enter_activity" substitute="place_car_for_cutscene_enter_activity" />
				<Node id="career_event_description" state="career_event_activations.root">
					<Entry id="enter" />
					<Exit id="exit" target=".exit" />
				</Node>
			</State>
		</StateGroup>
		<TriggerZone object="e707" name="e707" radius="30" maxMPH="150" />
		<DialogueRequests>
			<Item gameplayTrigger="NemesisPreRace2" id="0" />
		</DialogueRequests>
	</Activity>
	<Activity type="ActivityCareerEventActivation" name="e686">
		<StateGroup id="e686">
			<State id="load_into_event">
				<Entry id="enter" />
				<Behaviour id="CLoadIntoCareerRace" event_id="e686">
					<Attribute id="resource_package" value="CareerLoading" />
				</Behaviour>
			</State>
			<State id="place_car_for_cutscene_enter_activity">
				<Entry id="enter" target=".exit" />
				<Exit id="exit" />
				<Behaviour id="CPlaceCarAtObject" object_name="e686_NODE" />
			</State>
			<State id="Root">
				<Entry id="enter" target="career_event_description.enter" />
				<Exit id="exit" />
				<StateSubstitute state="event_activations.load_into_event" substitute="load_into_event" />
				<StateSubstitute state="InGameUI.place_car_for_cutscene_enter_activity" substitute="place_car_for_cutscene_enter_activity" />
				<Node id="career_event_description" state="career_event_activations.root">
					<Entry id="enter" />
					<Exit id="exit" target=".exit" />
				</Node>
			</State>
		</StateGroup>
		<TriggerZone object="e686" name="e686" radius="30" maxMPH="150" />
		<DialogueRequests>
			<Item gameplayTrigger="NemesisPreRace2" id="0" />
		</DialogueRequests>
	</Activity>
	<Activity type="ActivityCareerEventActivation" name="e449">
		<StateGroup id="e449">
			<State id="load_into_event">
				<Entry id="enter" />
				<Behaviour id="CLoadIntoCareerRace" event_id="e449">
					<Attribute id="resource_package" value="CareerLoading" />
				</Behaviour>
			</State>
			<State id="place_car_for_cutscene_enter_activity">
				<Entry id="enter" target=".exit" />
				<Exit id="exit" />
				<Behaviour id="CPlaceCarAtObject" object_name="e449_NODE" />
			</State>
			<State id="Root">
				<Entry id="enter" target="career_event_description.enter" />
				<Exit id="exit" />
				<StateSubstitute state="event_activations.load_into_event" substitute="load_into_event" />
				<StateSubstitute state="InGameUI.place_car_for_cutscene_enter_activity" substitute="place_car_for_cutscene_enter_activity" />
				<Node id="career_event_description" state="career_event_activations.root">
					<Entry id="enter" />
					<Exit id="exit" target=".exit" />
				</Node>
			</State>
		</StateGroup>
		<TriggerZone object="e449" name="e449" radius="30" maxMPH="150" />
		<DialogueRequests>
			<Item gameplayTrigger="NemesisPreRace2" id="0" />
		</DialogueRequests>
	</Activity>
	<Activity type="ActivityCareerEventActivation" name="e201">
		<StateGroup id="e201">
			<State id="load_into_event">
				<Entry id="enter" />
				<Behaviour id="CLoadIntoCareerRace" event_id="e201">
					<Attribute id="resource_package" value="CareerLoading" />
				</Behaviour>
			</State>
			<State id="place_car_for_cutscene_enter_activity">
				<Entry id="enter" target=".exit" />
				<Exit id="exit" />
				<Behaviour id="CPlaceCarAtObject" object_name="e201_NODE" />
			</State>
			<State id="Root">
				<Entry id="enter" target="career_event_description.enter" />
				<Exit id="exit" />
				<StateSubstitute state="event_activations.load_into_event" substitute="load_into_event" />
				<StateSubstitute state="InGameUI.place_car_for_cutscene_enter_activity" substitute="place_car_for_cutscene_enter_activity" />
				<Node id="career_event_description" state="career_event_activations.root">
					<Entry id="enter" />
					<Exit id="exit" target=".exit" />
				</Node>
			</State>
		</StateGroup>
		<TriggerZone object="e201" name="e201" radius="30" maxMPH="150" />
		<DialogueRequests>
			<Item gameplayTrigger="NemesisPreRace2" id="0" />
		</DialogueRequests>
	</Activity>
	<Activity type="ActivityCareerEventActivation" name="e566">
		<StateGroup id="e566">
			<State id="load_into_event">
				<Entry id="enter" />
				<Behaviour id="CLoadIntoCareerRace" event_id="e566">
					<Attribute id="resource_package" value="CareerLoading" />
				</Behaviour>
			</State>
			<State id="place_car_for_cutscene_enter_activity">
				<Entry id="enter" target=".exit" />
				<Exit id="exit" />
				<Behaviour id="CPlaceCarAtObject" object_name="e566_NODE" />
			</State>
			<State id="Root">
				<Entry id="enter" target="career_event_description.enter" />
				<Exit id="exit" />
				<StateSubstitute state="event_activations.load_into_event" substitute="load_into_event" />
				<StateSubstitute state="InGameUI.place_car_for_cutscene_enter_activity" substitute="place_car_for_cutscene_enter_activity" />
				<Node id="career_event_description" state="career_event_activations.root">
					<Entry id="enter" />
					<Exit id="exit" target=".exit" />
				</Node>
			</State>
		</StateGroup>
		<TriggerZone object="e566" name="e566" radius="30" maxMPH="150" />
		<DialogueRequests>
			<Item gameplayTrigger="NemesisPreRace2" id="0" />
		</DialogueRequests>
	</Activity>
	<Activity type="ActivityCareerEventActivation" name="e737">
		<StateGroup id="e737">
			<State id="load_into_event">
				<Entry id="enter" />
				<Behaviour id="CLoadIntoCareerRace" event_id="e737">
					<Attribute id="resource_package" value="CareerLoading" />
				</Behaviour>
			</State>
			<State id="place_car_for_cutscene_enter_activity">
				<Entry id="enter" target=".exit" />
				<Exit id="exit" />
				<Behaviour id="CPlaceCarAtObject" object_name="e737_NODE" />
			</State>
			<State id="Root">
				<Entry id="enter" target="career_event_description.enter" />
				<Exit id="exit" />
				<StateSubstitute state="event_activations.load_into_event" substitute="load_into_event" />
				<StateSubstitute state="InGameUI.place_car_for_cutscene_enter_activity" substitute="place_car_for_cutscene_enter_activity" />
				<Node id="career_event_description" state="career_event_activations.root">
					<Entry id="enter" />
					<Exit id="exit" target=".exit" />
				</Node>
			</State>
		</StateGroup>
		<TriggerZone object="e737" name="e737" radius="30" maxMPH="150" />
		<DialogueRequests>
			<Item gameplayTrigger="NemesisPreRace2" id="0" />
		</DialogueRequests>
	</Activity>
	<Activity type="ActivityCareerEventActivation" name="e568">
		<StateGroup id="e568">
			<State id="load_into_event">
				<Entry id="enter" />
				<Behaviour id="CLoadIntoCareerRace" event_id="e568">
					<Attribute id="resource_package" value="CareerLoading" />
				</Behaviour>
			</State>
			<State id="place_car_for_cutscene_enter_activity">
				<Entry id="enter" target=".exit" />
				<Exit id="exit" />
				<Behaviour id="CPlaceCarAtObject" object_name="e568_NODE" />
			</State>
			<State id="Root">
				<Entry id="enter" target="career_event_description.enter" />
				<Exit id="exit" />
				<StateSubstitute state="event_activations.load_into_event" substitute="load_into_event" />
				<StateSubstitute state="InGameUI.place_car_for_cutscene_enter_activity" substitute="place_car_for_cutscene_enter_activity" />
				<Node id="career_event_description" state="career_event_activations.root">
					<Entry id="enter" />
					<Exit id="exit" target=".exit" />
				</Node>
			</State>
		</StateGroup>
		<TriggerZone object="e568" name="e568" radius="30" maxMPH="150" />
		<DialogueRequests>
			<Item gameplayTrigger="NemesisPreRace2" id="0" />
		</DialogueRequests>
	</Activity>
</ActivityManager>y>
</ActivityManager>y>
</ActivityManager>y>
</ActivityManager>