<?xml version="1.0"?>
<ActivityManager>
	<Activity type="ActivityFlyers" name="DISCOUNT_BOARD_CREDITS_A_001">
		<Properties FlyerType="credits" />
		<Credits Amount="1000" Tier="A" />
	</Activity>
	<Activity type="ActivityFlyers" name="DISCOUNT_BOARD_CREDITS_A_002">
		<Properties FlyerType="credits" />
		<Credits Amount="1000" Tier="A" />
	</Activity>
	<Activity type="ActivityFlyers" name="DISCOUNT_BOARD_CREDITS_A_003">
		<Properties FlyerType="credits" />
		<Credits Amount="1000" Tier="A" />
	</Activity>
	<Activity type="ActivityFlyers" name="DISCOUNT_BOARD_CREDITS_A_004">
		<Properties FlyerType="credits" />
		<Credits Amount="1000" Tier="A" />
	</Activity>
	<Activity type="ActivityFlyers" name="DISCOUNT_BOARD_CREDITS_A_005">
		<Properties FlyerType="credits" />
		<Credits Amount="1000" Tier="A" />
	</Activity>
	<Activity type="ActivityFlyers" name="DISCOUNT_BOARD_CREDITS_A_006">
		<Properties FlyerType="credits" />
		<Credits Amount="1000" Tier="A" />
	</Activity>
	<Activity type="ActivityFlyers" name="DISCOUNT_BOARD_CREDITS_A_007">
		<Properties FlyerType="credits" />
		<Credits Amount="1000" Tier="A" />
	</Activity>
	<Activity type="ActivityFlyers" name="DISCOUNT_BOARD_CREDITS_A_008">
		<Properties FlyerType="credits" />
		<Credits Amount="1000" Tier="A" />
	</Activity>
	<Activity type="ActivityFlyers" name="DISCOUNT_BOARD_CREDITS_A_009">
		<Properties FlyerType="credits" />
		<Credits Amount="1000" Tier="A" />
	</Activity>
	<Activity type="ActivityFlyers" name="DISCOUNT_BOARD_CREDITS_A_010">
		<Properties FlyerType="credits" />
		<Credits Amount="1000" Tier="A" />
	</Activity>
	<Activity type="ActivityFlyers" name="DISCOUNT_BOARD_CREDITS_A_011">
		<Properties FlyerType="credits" />
		<Credits Amount="1000" Tier="A" />
	</Activity>
	<Activity type="ActivityFlyers" name="DISCOUNT_BOARD_CREDITS_A_012">
		<Properties FlyerType="credits" />
		<Credits Amount="1000" Tier="A" />
	</Activity>
	<Activity type="ActivityFlyers" name="DISCOUNT_BOARD_CREDITS_A_013">
		<Properties FlyerType="credits" />
		<Credits Amount="1000" Tier="A" />
	</Activity>
	<Activity type="ActivityFlyers" name="DISCOUNT_BOARD_CREDITS_A_014">
		<Properties FlyerType="credits" />
		<Credits Amount="1000" Tier="A" />
	</Activity>
	<Activity type="ActivityFlyers" name="DISCOUNT_BOARD_CREDITS_A_015">
		<Properties FlyerType="credits" />
		<Credits Amount="1000" Tier="A" />
	</Activity>
	<Activity type="ActivityFlyers" name="DISCOUNT_BOARD_CREDITS_A_016">
		<Properties FlyerType="credits" />
		<Credits Amount="1000" Tier="A" />
	</Activity>
	<Activity type="ActivityFlyers" name="DISCOUNT_BOARD_CREDITS_A_017">
		<Properties FlyerType="credits" />
		<Credits Amount="1000" Tier="A" />
	</Activity>
	<Activity type="ActivityFlyers" name="DISCOUNT_BOARD_CREDITS_A_018">
		<Properties FlyerType="credits" />
		<Credits Amount="1000" Tier="A" />
	</Activity>
	<Activity type="ActivityFlyers" name="DISCOUNT_BOARD_CREDITS_A_019">
		<Properties FlyerType="credits" />
		<Credits Amount="1000" Tier="A" />
	</Activity>
	<Activity type="ActivityFlyers" name="DISCOUNT_BOARD_CREDITS_A_020">
		<Properties FlyerType="credits" />
		<Credits Amount="1000" Tier="A" />
	</Activity>
	<Activity type="ActivityFlyers" name="DISCOUNT_BOARD_CREDITS_A_021">
		<Properties FlyerType="credits" />
		<Credits Amount="1000" Tier="A" />
	</Activity>
	<Activity type="ActivityFlyers" name="DISCOUNT_BOARD_CREDITS_A_022">
		<Properties FlyerType="credits" />
		<Credits Amount="1000" Tier="A" />
	</Activity>
	<Activity type="ActivityFlyers" name="DISCOUNT_BOARD_CREDITS_A_023">
		<Properties FlyerType="credits" />
		<Credits Amount="1000" Tier="A" />
	</Activity>
	<Activity type="ActivityFlyers" name="DISCOUNT_BOARD_CREDITS_A_024">
		<Properties FlyerType="credits" />
		<Credits Amount="1000" Tier="A" />
	</Activity>
	<Activity type="ActivityFlyers" name="DISCOUNT_BOARD_CREDITS_A_025">
		<Properties FlyerType="credits" />
		<Credits Amount="1000" Tier="A" />
	</Activity>
	<Activity type="ActivityFlyers" name="DISCOUNT_BOARD_CREDITS_A_026">
		<Properties FlyerType="credits" />
		<Credits Amount="1000" Tier="A" />
	</Activity>
	<Activity type="ActivityFlyers" name="DISCOUNT_BOARD_CREDITS_A_027">
		<Properties FlyerType="credits" />
		<Credits Amount="1000" Tier="A" />
	</Activity>
	<Activity type="ActivityFlyers" name="DISCOUNT_BOARD_CREDITS_A_028">
		<Properties FlyerType="credits" />
		<Credits Amount="1000" Tier="A" />
	</Activity>
	<Activity type="ActivityFlyers" name="DISCOUNT_BOARD_CREDITS_A_029">
		<Properties FlyerType="credits" />
		<Credits Amount="1000" Tier="A" />
	</Activity>
	<Activity type="ActivityFlyers" name="DISCOUNT_BOARD_CREDITS_A_030">
		<Properties FlyerType="credits" />
		<Credits Amount="1000" Tier="A" />
	</Activity>
	<Activity type="ActivityFlyers" name="DISCOUNT_BOARD_CREDITS_A_031">
		<Properties FlyerType="credits" />
		<Credits Amount="1000" Tier="A" />
	</Activity>
	<Activity type="ActivityFlyers" name="DISCOUNT_BOARD_CREDITS_A_032">
		<Properties FlyerType="credits" />
		<Credits Amount="1000" Tier="A" />
	</Activity>
	<Activity type="ActivityFlyers" name="DISCOUNT_BOARD_CREDITS_A_033">
		<Properties FlyerType="credits" />
		<Credits Amount="1000" Tier="A" />
	</Activity>
	<Activity type="ActivityFlyers" name="DISCOUNT_BOARD_CREDITS_A_034">
		<Properties FlyerType="credits" />
		<Credits Amount="1000" Tier="A" />
	</Activity>
	<Activity type="ActivityFlyers" name="DISCOUNT_BOARD_CREDITS_A_035">
		<Properties FlyerType="credits" />
		<Credits Amount="1000" Tier="A" />
	</Activity>
	<Activity type="ActivityFlyers" name="DISCOUNT_BOARD_CREDITS_A_036">
		<Properties FlyerType="credits" />
		<Credits Amount="1000" Tier="A" />
	</Activity>
	<Activity type="ActivityFlyers" name="DISCOUNT_BOARD_CREDITS_A_037">
		<Properties FlyerType="credits" />
		<Credits Amount="1000" Tier="A" />
	</Activity>
	<Activity type="ActivityFlyers" name="DISCOUNT_BOARD_CREDITS_A_038">
		<Properties FlyerType="credits" />
		<Credits Amount="1000" Tier="A" />
	</Activity>
	<Activity type="ActivityFlyers" name="DISCOUNT_BOARD_CREDITS_A_039">
		<Properties FlyerType="credits" />
		<Credits Amount="1000" Tier="A" />
	</Activity>
	<Activity type="ActivityFlyers" name="DISCOUNT_BOARD_CREDITS_A_040">
		<Properties FlyerType="credits" />
		<Credits Amount="1000" Tier="A" />
	</Activity>
	<Activity type="ActivityFlyers" name="DISCOUNT_BOARD_CREDITS_A_041">
		<Properties FlyerType="credits" />
		<Credits Amount="1000" Tier="A" />
	</Activity>
	<Activity type="ActivityFlyers" name="DISCOUNT_BOARD_CREDITS_A_042">
		<Properties FlyerType="credits" />
		<Credits Amount="1000" Tier="A" />
	</Activity>
	<Activity type="ActivityFlyers" name="DISCOUNT_BOARD_CREDITS_A_043">
		<Properties FlyerType="credits" />
		<Credits Amount="1000" Tier="A" />
	</Activity>
	<Activity type="ActivityFlyers" name="DISCOUNT_BOARD_CREDITS_A_044">
		<Properties FlyerType="credits" />
		<Credits Amount="1000" Tier="A" />
	</Activity>
	<Activity type="ActivityFlyers" name="DISCOUNT_BOARD_CREDITS_A_045">
		<Properties FlyerType="credits" />
		<Credits Amount="1000" Tier="A" />
	</Activity>
	<Activity type="ActivityFlyers" name="DISCOUNT_BOARD_CREDITS_A_046">
		<Properties FlyerType="credits" />
		<Credits Amount="1000" Tier="A" />
	</Activity>
	<Activity type="ActivityFlyers" name="DISCOUNT_BOARD_CREDITS_A_047">
		<Properties FlyerType="credits" />
		<Credits Amount="1000" Tier="A" />
	</Activity>
	<Activity type="ActivityFlyers" name="DISCOUNT_BOARD_CREDITS_A_048">
		<Properties FlyerType="credits" />
		<Credits Amount="1000" Tier="A" />
	</Activity>
	<Activity type="ActivityFlyers" name="DISCOUNT_BOARD_CREDITS_A_049">
		<Properties FlyerType="credits" />
		<Credits Amount="1000" Tier="A" />
	</Activity>
	<Activity type="ActivityFlyers" name="DISCOUNT_BOARD_CREDITS_A_050">
		<Properties FlyerType="credits" />
		<Credits Amount="1000" Tier="A" />
	</Activity>
	<Activity type="ActivityFlyers" name="DISCOUNT_BOARD_CREDITS_B_001">
		<Properties FlyerType="credits" />
		<Credits Amount="5000" Tier="B" />
	</Activity>
	<Activity type="ActivityFlyers" name="DISCOUNT_BOARD_CREDITS_B_002">
		<Properties FlyerType="credits" />
		<Credits Amount="5000" Tier="B" />
	</Activity>
	<Activity type="ActivityFlyers" name="DISCOUNT_BOARD_CREDITS_B_003">
		<Properties FlyerType="credits" />
		<Credits Amount="5000" Tier="B" />
	</Activity>
	<Activity type="ActivityFlyers" name="DISCOUNT_BOARD_CREDITS_B_004">
		<Properties FlyerType="credits" />
		<Credits Amount="5000" Tier="B" />
	</Activity>
	<Activity type="ActivityFlyers" name="DISCOUNT_BOARD_CREDITS_B_005">
		<Properties FlyerType="credits" />
		<Credits Amount="5000" Tier="B" />
	</Activity>
	<Activity type="ActivityFlyers" name="DISCOUNT_BOARD_CREDITS_B_006">
		<Properties FlyerType="credits" />
		<Credits Amount="5000" Tier="B" />
	</Activity>
	<Activity type="ActivityFlyers" name="DISCOUNT_BOARD_CREDITS_B_007">
		<Properties FlyerType="credits" />
		<Credits Amount="5000" Tier="B" />
	</Activity>
	<Activity type="ActivityFlyers" name="DISCOUNT_BOARD_CREDITS_B_008">
		<Properties FlyerType="credits" />
		<Credits Amount="5000" Tier="B" />
	</Activity>
	<Activity type="ActivityFlyers" name="DISCOUNT_BOARD_CREDITS_B_009">
		<Properties FlyerType="credits" />
		<Credits Amount="5000" Tier="B" />
	</Activity>
	<Activity type="ActivityFlyers" name="DISCOUNT_BOARD_CREDITS_B_010">
		<Properties FlyerType="credits" />
		<Credits Amount="5000" Tier="B" />
	</Activity>
	<Activity type="ActivityFlyers" name="DISCOUNT_BOARD_CREDITS_B_011">
		<Properties FlyerType="credits" />
		<Credits Amount="5000" Tier="B" />
	</Activity>
	<Activity type="ActivityFlyers" name="DISCOUNT_BOARD_CREDITS_B_012">
		<Properties FlyerType="credits" />
		<Credits Amount="5000" Tier="B" />
	</Activity>
	<Activity type="ActivityFlyers" name="DISCOUNT_BOARD_CREDITS_B_013">
		<Properties FlyerType="credits" />
		<Credits Amount="5000" Tier="B" />
	</Activity>
	<Activity type="ActivityFlyers" name="DISCOUNT_BOARD_CREDITS_B_014">
		<Properties FlyerType="credits" />
		<Credits Amount="5000" Tier="B" />
	</Activity>
	<Activity type="ActivityFlyers" name="DISCOUNT_BOARD_CREDITS_B_015">
		<Properties FlyerType="credits" />
		<Credits Amount="5000" Tier="B" />
	</Activity>
	<Activity type="ActivityFlyers" name="DISCOUNT_BOARD_CREDITS_B_016">
		<Properties FlyerType="credits" />
		<Credits Amount="5000" Tier="B" />
	</Activity>
	<Activity type="ActivityFlyers" name="DISCOUNT_BOARD_CREDITS_B_017">
		<Properties FlyerType="credits" />
		<Credits Amount="5000" Tier="B" />
	</Activity>
	<Activity type="ActivityFlyers" name="DISCOUNT_BOARD_CREDITS_B_018">
		<Properties FlyerType="credits" />
		<Credits Amount="5000" Tier="B" />
	</Activity>
	<Activity type="ActivityFlyers" name="DISCOUNT_BOARD_CREDITS_B_019">
		<Properties FlyerType="credits" />
		<Credits Amount="5000" Tier="B" />
	</Activity>
	<Activity type="ActivityFlyers" name="DISCOUNT_BOARD_CREDITS_B_020">
		<Properties FlyerType="credits" />
		<Credits Amount="5000" Tier="B" />
	</Activity>
	<Activity type="ActivityFlyers" name="DISCOUNT_BOARD_CREDITS_B_021">
		<Properties FlyerType="credits" />
		<Credits Amount="5000" Tier="B" />
	</Activity>
	<Activity type="ActivityFlyers" name="DISCOUNT_BOARD_CREDITS_B_022">
		<Properties FlyerType="credits" />
		<Credits Amount="5000" Tier="B" />
	</Activity>
	<Activity type="ActivityFlyers" name="DISCOUNT_BOARD_CREDITS_B_023">
		<Properties FlyerType="credits" />
		<Credits Amount="5000" Tier="B" />
	</Activity>
	<Activity type="ActivityFlyers" name="DISCOUNT_BOARD_CREDITS_B_024">
		<Properties FlyerType="credits" />
		<Credits Amount="5000" Tier="B" />
	</Activity>
	<Activity type="ActivityFlyers" name="DISCOUNT_BOARD_CREDITS_B_025">
		<Properties FlyerType="credits" />
		<Credits Amount="5000" Tier="B" />
	</Activity>
	<Activity type="ActivityFlyers" name="DISCOUNT_BOARD_CREDITS_B_026">
		<Properties FlyerType="credits" />
		<Credits Amount="5000" Tier="B" />
	</Activity>
	<Activity type="ActivityFlyers" name="DISCOUNT_BOARD_CREDITS_B_027">
		<Properties FlyerType="credits" />
		<Credits Amount="5000" Tier="B" />
	</Activity>
	<Activity type="ActivityFlyers" name="DISCOUNT_BOARD_CREDITS_B_028">
		<Properties FlyerType="credits" />
		<Credits Amount="5000" Tier="B" />
	</Activity>
	<Activity type="ActivityFlyers" name="DISCOUNT_BOARD_CREDITS_B_029">
		<Properties FlyerType="credits" />
		<Credits Amount="5000" Tier="B" />
	</Activity>
	<Activity type="ActivityFlyers" name="DISCOUNT_BOARD_CREDITS_B_030">
		<Properties FlyerType="credits" />
		<Credits Amount="5000" Tier="B" />
	</Activity>
	<Activity type="ActivityFlyers" name="DISCOUNT_BOARD_CREDITS_B_031">
		<Properties FlyerType="credits" />
		<Credits Amount="5000" Tier="B" />
	</Activity>
	<Activity type="ActivityFlyers" name="DISCOUNT_BOARD_CREDITS_B_032">
		<Properties FlyerType="credits" />
		<Credits Amount="5000" Tier="B" />
	</Activity>
	<Activity type="ActivityFlyers" name="DISCOUNT_BOARD_CREDITS_B_033">
		<Properties FlyerType="credits" />
		<Credits Amount="5000" Tier="B" />
	</Activity>
	<Activity type="ActivityFlyers" name="DISCOUNT_BOARD_CREDITS_B_034">
		<Properties FlyerType="credits" />
		<Credits Amount="5000" Tier="B" />
	</Activity>
	<Activity type="ActivityFlyers" name="DISCOUNT_BOARD_CREDITS_B_035">
		<Properties FlyerType="credits" />
		<Credits Amount="5000" Tier="B" />
	</Activity>
	<Activity type="ActivityFlyers" name="DISCOUNT_BOARD_CREDITS_C_001">
		<Properties FlyerType="credits" />
		<Credits Amount="10000" Tier="C" />
	</Activity>
	<Activity type="ActivityFlyers" name="DISCOUNT_BOARD_CREDITS_C_002">
		<Properties FlyerType="credits" />
		<Credits Amount="10000" Tier="C" />
	</Activity>
	<Activity type="ActivityFlyers" name="DISCOUNT_BOARD_CREDITS_C_003">
		<Properties FlyerType="credits" />
		<Credits Amount="10000" Tier="C" />
	</Activity>
	<Activity type="ActivityFlyers" name="DISCOUNT_BOARD_CREDITS_C_004">
		<Properties FlyerType="credits" />
		<Credits Amount="10000" Tier="C" />
	</Activity>
	<Activity type="ActivityFlyers" name="DISCOUNT_BOARD_CREDITS_C_005">
		<Properties FlyerType="credits" />
		<Credits Amount="10000" Tier="C" />
	</Activity>
	<Activity type="ActivityFlyers" name="DISCOUNT_BOARD_CREDITS_C_006">
		<Properties FlyerType="credits" />
		<Credits Amount="10000" Tier="C" />
	</Activity>
	<Activity type="ActivityFlyers" name="DISCOUNT_BOARD_CREDITS_C_007">
		<Properties FlyerType="credits" />
		<Credits Amount="10000" Tier="C" />
	</Activity>
	<Activity type="ActivityFlyers" name="DISCOUNT_BOARD_CREDITS_C_008">
		<Properties FlyerType="credits" />
		<Credits Amount="10000" Tier="C" />
	</Activity>
	<Activity type="ActivityFlyers" name="DISCOUNT_BOARD_CREDITS_C_009">
		<Properties FlyerType="credits" />
		<Credits Amount="10000" Tier="C" />
	</Activity>
	<Activity type="ActivityFlyers" name="DISCOUNT_BOARD_CREDITS_C_010">
		<Properties FlyerType="credits" />
		<Credits Amount="10000" Tier="C" />
	</Activity>
	<Activity type="ActivityFlyers" name="DISCOUNT_BOARD_CREDITS_C_011">
		<Properties FlyerType="credits" />
		<Credits Amount="10000" Tier="C" />
	</Activity>
	<Activity type="ActivityFlyers" name="DISCOUNT_BOARD_CREDITS_C_012">
		<Properties FlyerType="credits" />
		<Credits Amount="10000" Tier="C" />
	</Activity>
	<Activity type="ActivityFlyers" name="DISCOUNT_BOARD_CREDITS_C_013">
		<Properties FlyerType="credits" />
		<Credits Amount="10000" Tier="C" />
	</Activity>
	<Activity type="ActivityFlyers" name="DISCOUNT_BOARD_CREDITS_C_014">
		<Properties FlyerType="credits" />
		<Credits Amount="10000" Tier="C" />
	</Activity>
	<Activity type="ActivityFlyers" name="DISCOUNT_BOARD_CREDITS_C_015">
		<Properties FlyerType="credits" />
		<Credits Amount="10000" Tier="C" />
	</Activity>
	<Activity type="ActivityFlyers" name="DISCOUNT_BOARD_FAST_TRAVEL_001">
		<Properties FlyerType="fasttravel" />
	</Activity>
	<Activity type="ActivityFlyers" name="DISCOUNT_BOARD_FAST_TRAVEL_002">
		<Properties FlyerType="fasttravel" />
	</Activity>
	<Activity type="ActivityFlyers" name="DISCOUNT_BOARD_FAST_TRAVEL_003">
		<Properties FlyerType="fasttravel" />
	</Activity>
	<Activity type="ActivityFlyers" name="DISCOUNT_BOARD_FAST_TRAVEL_004">
		<Properties FlyerType="fasttravel" />
	</Activity>
	<Activity type="ActivityFlyers" name="DISCOUNT_BOARD_FAST_TRAVEL_005">
		<Properties FlyerType="fasttravel" />
	</Activity>
	<Activity type="ActivityFlyers" name="DISCOUNT_BOARD_FAST_TRAVEL_006">
		<Properties FlyerType="fasttravel" />
	</Activity>
	<Activity type="ActivityFlyers" name="DISCOUNT_BOARD_FAST_TRAVEL_007">
		<Properties FlyerType="fasttravel" />
	</Activity>
	<Activity type="ActivityFlyers" name="DISCOUNT_BOARD_FAST_TRAVEL_008">
		<Properties FlyerType="fasttravel" />
	</Activity>
	<Activity type="ActivityFlyers" name="DISCOUNT_BOARD_FAST_TRAVEL_009">
		<Properties FlyerType="fasttravel" />
	</Activity>
	<Activity type="ActivityFlyers" name="DISCOUNT_BOARD_FAST_TRAVEL_010">
		<Properties FlyerType="fasttravel" />
	</Activity>
	<Activity type="ActivityFlyers" name="DISCOUNT_BOARD_FAST_TRAVEL_011">
		<Properties FlyerType="fasttravel" />
	</Activity>
	<Activity type="ActivityFlyers" name="DISCOUNT_BOARD_FAST_TRAVEL_012">
		<Properties FlyerType="fasttravel" />
	</Activity>
	<Activity type="ActivityFlyers" name="DISCOUNT_BOARD_FAST_TRAVEL_013">
		<Properties FlyerType="fasttravel" />
	</Activity>
	<Activity type="ActivityFlyers" name="DISCOUNT_BOARD_FAST_TRAVEL_014">
		<Properties FlyerType="fasttravel" />
	</Activity>
	<Activity type="ActivityFlyers" name="DISCOUNT_BOARD_FAST_TRAVEL_015">
		<Properties FlyerType="fasttravel" />
	</Activity>
	<Activity type="ActivityFlyers" name="DISCOUNT_BOARD_FAST_TRAVEL_016">
		<Properties FlyerType="fasttravel" />
	</Activity>
	<Activity type="ActivityFlyers" name="DISCOUNT_BOARD_FAST_TRAVEL_017">
		<Properties FlyerType="fasttravel" />
	</Activity>
	<Activity type="ActivityFlyers" name="DISCOUNT_BOARD_FAST_TRAVEL_018">
		<Properties FlyerType="fasttravel" />
	</Activity>
	<Activity type="ActivityFlyers" name="DISCOUNT_BOARD_FAST_TRAVEL_019">
		<Properties FlyerType="fasttravel" />
	</Activity>
	<Activity type="ActivityFlyers" name="DISCOUNT_BOARD_FAST_TRAVEL_020">
		<Properties FlyerType="fasttravel" />
	</Activity>
	<Activity type="ActivityFlyers" name="DISCOUNT_BOARD_FAST_TRAVEL_021">
		<Properties FlyerType="fasttravel" />
	</Activity>
	<Activity type="ActivityFlyers" name="DISCOUNT_BOARD_FAST_TRAVEL_022">
		<Properties FlyerType="fasttravel" />
	</Activity>
	<Activity type="ActivityFlyers" name="DISCOUNT_BOARD_FAST_TRAVEL_023">
		<Properties FlyerType="fasttravel" />
	</Activity>
	<Activity type="ActivityFlyers" name="DISCOUNT_BOARD_FAST_TRAVEL_024">
		<Properties FlyerType="fasttravel" />
	</Activity>
	<Activity type="ActivityFlyers" name="DISCOUNT_BOARD_FAST_TRAVEL_025">
		<Properties FlyerType="fasttravel" />
	</Activity>
	<Activity type="ActivityFlyers" name="DISCOUNT_BOARD_FAST_TRAVEL_026">
		<Properties FlyerType="fasttravel" />
	</Activity>
	<Activity type="ActivityFlyers" name="DISCOUNT_BOARD_FAST_TRAVEL_027">
		<Properties FlyerType="fasttravel" />
	</Activity>
	<Activity type="ActivityFlyers" name="DISCOUNT_BOARD_FAST_TRAVEL_028">
		<Properties FlyerType="fasttravel" />
	</Activity>
	<Activity type="ActivityFlyers" name="DISCOUNT_BOARD_FAST_TRAVEL_029">
		<Properties FlyerType="fasttravel" />
	</Activity>
	<Activity type="ActivityFlyers" name="DISCOUNT_BOARD_FAST_TRAVEL_030">
		<Properties FlyerType="fasttravel" />
	</Activity>
	<Activity type="ActivityFlyers" name="DISCOUNT_BOARD_FAST_TRAVEL_031">
		<Properties FlyerType="fasttravel" />
	</Activity>
	<Activity type="ActivityFlyers" name="DISCOUNT_BOARD_FAST_TRAVEL_032">
		<Properties FlyerType="fasttravel" />
	</Activity>
	<Activity type="ActivityFlyers" name="DISCOUNT_BOARD_FAST_TRAVEL_033">
		<Properties FlyerType="fasttravel" />
	</Activity>
	<Activity type="ActivityFlyers" name="DISCOUNT_BOARD_FAST_TRAVEL_034">
		<Properties FlyerType="fasttravel" />
	</Activity>
	<Activity type="ActivityFlyers" name="DISCOUNT_BOARD_FAST_TRAVEL_035">
		<Properties FlyerType="fasttravel" />
	</Activity>
	<Activity type="ActivityFlyers" name="DISCOUNT_BOARD_FAST_TRAVEL_036">
		<Properties FlyerType="fasttravel" />
	</Activity>
	<Activity type="ActivityFlyers" name="DISCOUNT_BOARD_FAST_TRAVEL_037">
		<Properties FlyerType="fasttravel" />
	</Activity>
	<Activity type="ActivityFlyers" name="DISCOUNT_BOARD_FAST_TRAVEL_038">
		<Properties FlyerType="fasttravel" />
	</Activity>
	<Activity type="ActivityFlyers" name="DISCOUNT_BOARD_FAST_TRAVEL_039">
		<Properties FlyerType="fasttravel" />
	</Activity>
	<Activity type="ActivityFlyers" name="DISCOUNT_BOARD_FAST_TRAVEL_040">
		<Properties FlyerType="fasttravel" />
	</Activity>
	<Activity type="ActivityFlyers" name="DISCOUNT_BOARD_FAST_TRAVEL_041">
		<Properties FlyerType="fasttravel" />
	</Activity>
	<Activity type="ActivityFlyers" name="DISCOUNT_BOARD_FAST_TRAVEL_042">
		<Properties FlyerType="fasttravel" />
	</Activity>
	<Activity type="ActivityFlyers" name="DISCOUNT_BOARD_FAST_TRAVEL_043">
		<Properties FlyerType="fasttravel" />
	</Activity>
	<Activity type="ActivityFlyers" name="DISCOUNT_BOARD_FAST_TRAVEL_044">
		<Properties FlyerType="fasttravel" />
	</Activity>
	<Activity type="ActivityFlyers" name="DISCOUNT_BOARD_FAST_TRAVEL_045">
		<Properties FlyerType="fasttravel" />
	</Activity>
	<Activity type="ActivityFlyers" name="DISCOUNT_BOARD_FAST_TRAVEL_046">
		<Properties FlyerType="fasttravel" />
	</Activity>
	<Activity type="ActivityFlyers" name="DISCOUNT_BOARD_FAST_TRAVEL_047">
		<Properties FlyerType="fasttravel" />
	</Activity>
	<Activity type="ActivityFlyers" name="DISCOUNT_BOARD_FAST_TRAVEL_048">
		<Properties FlyerType="fasttravel" />
	</Activity>
	<Activity type="ActivityFlyers" name="DISCOUNT_BOARD_FAST_TRAVEL_049">
		<Properties FlyerType="fasttravel" />
	</Activity>
	<Activity type="ActivityFlyers" name="DISCOUNT_BOARD_FAST_TRAVEL_050">
		<Properties FlyerType="fasttravel" />
	</Activity>
</ActivityManager>y>
</ActivityManager>y>
</ActivityManager>y>
</ActivityManager>