<ActivityManager>
  <Activity type="ActivityPRStunt" name="prstunt25" single_player_free_roam="true" multiplayer_free_roam="true">
    <Mission id="25" difficulty="1" description="IDS_BucketlistChallenge_25" slotID="12">
      <StateGroup id="prstunt25">
        <!-- Root state -->
        <State id="Root">
          <Entry id="enter" target="prstunt.enter" />
          <Exit id="exit" />
          <Node id="prstunt" state="missions.root">
            <Entry id="enter" />
            <Exit id="exit" target=".exit" />
          </Node>
        </State>
        <!-- End of root state -->
      </StateGroup>
      <Car carID="1202" carColour="1" />
    </Mission>
    <Descriptions instruction_to_skills="IDS_HUDInstruction_toSkillsArea_Skills01" instruction_in_skills="IDS_HUDInstruction_inSkillsArea_Skills01" />
    <Destination x="-697.4" y="76.85" z="-1951.23" name="" />
    <Popularity value="12500" />
    <TimeLimit value="180" />
  </Activity>
  <Activity type="ActivityPRStunt" name="prstunt27" single_player_free_roam="true" multiplayer_free_roam="true">
    <Mission id="27" difficulty="2" description="IDS_BucketlistChallenge_27" slotID="45">
      <StateGroup id="prstunt27">
        <!-- Root state -->
        <State id="Root">
          <Entry id="enter" target="prstunt.enter" />
          <Exit id="exit" />
          <Node id="prstunt" state="missions.root">
            <Entry id="enter" />
            <Exit id="exit" target=".exit" />
          </Node>
        </State>
        <!-- End of root state -->
      </StateGroup>
      <Car carID="1260" carColour="1" />
    </Mission>
    <Descriptions instruction_to_skills="IDS_HUDInstruction_toSkillsArea_Skills01" instruction_in_skills="IDS_HUDInstruction_inSkillsArea_Skills01" />
    <Destination x="6252.88" y="107.68" z="-21785.11" name="" />
    <Popularity value="30000" />
    <TimeLimit value="150" />
  </Activity>
  <Activity type="ActivityPRStunt" name="prstunt14" single_player_free_roam="true" multiplayer_free_roam="true">
    <Mission id="14" difficulty="2" description="IDS_BucketlistChallenge_14" slotID="54">
      <StateGroup id="prstunt14">
        <!-- Root state -->
        <State id="Root">
          <Entry id="enter" target="prstunt.enter" />
          <Exit id="exit" />
          <Node id="prstunt" state="missions.root">
            <Entry id="enter" />
            <Exit id="exit" target=".exit" />
          </Node>
        </State>
        <!-- End of root state -->
      </StateGroup>
      <Car carID="2010" carColour="1" />
    </Mission>
    <Descriptions instruction_to_skills="IDS_HUDInstruction_toSkillsArea_Skills01" instruction_in_skills="IDS_HUDInstruction_inSkillsArea_NoRoute" />
    <Popularity value="25000" />
    <TimeLimit value="180" />
  </Activity>
  <Activity type="ActivityPRStunt" name="prstunt28" single_player_free_roam="true" multiplayer_free_roam="true">
    <Mission id="28" difficulty="2" description="IDS_BucketlistChallenge_28" slotID="31">
      <StateGroup id="prstunt28">
        <!-- Root state -->
        <State id="Root">
          <Entry id="enter" target="prstunt.enter" />
          <Exit id="exit" />
          <Node id="prstunt" state="missions.root">
            <Entry id="enter" />
            <Exit id="exit" target=".exit" />
          </Node>
        </State>
        <!-- End of root state -->
      </StateGroup>
      <Car carID="378" carColour="1" />
    </Mission>
    <Descriptions instruction_to_skills="IDS_HUDInstruction_toSkillsArea_Skills01" instruction_in_skills="IDS_HUDInstruction_inSkillsArea_NoRoute" />
    <Popularity value="20000" />
    <TimeLimit value="120" />
  </Activity>
</ActivityManager>y>
</ActivityManager>y>
</ActivityManager>y>
</ActivityManager>