<ActivityManager>
  <Activity type="ActivitySpeedZone" name="speedzone01" single_player_free_roam="true" multiplayer_free_roam="true">
    <Mission id="1" difficulty="0" description="IDS_BucketlistChallenge_01" slotID="6">
      <StateGroup id="speedzone01">
        <!-- Root state -->
        <State id="Root">
          <Entry id="enter" target="speedzone.enter" />
          <Exit id="exit" />
          <Node id="speedzone" state="missions.root">
            <Entry id="enter" />
            <Exit id="exit" target=".exit" />
          </Node>
        </State>
        <!-- End of root state -->
      </StateGroup>
      <Car carID="1322" carColour="1" />
    </Mission>
    <Descriptions instruction="IDS_HUDInstruction_toSpeedZone01" />
    <SpeedZone name="SPEEDCAMERAZONE_012" nameDesc="IDS_SpeedCamera_36" />
    <Speed value="100" />
    <Time value="120" />
  </Activity>
  <Activity type="ActivitySpeedZone" name="speedzone24" single_player_free_roam="true" multiplayer_free_roam="true">
    <Mission id="24" difficulty="1" description="IDS_BucketlistChallenge_24" slotID="8">
      <StateGroup id="speedzone24">
        <!-- Root state -->
        <State id="Root">
          <Entry id="enter" target="speedzone.enter" />
          <Exit id="exit" />
          <Node id="speedzone" state="missions.root">
            <Entry id="enter" />
            <Exit id="exit" target=".exit" />
          </Node>
        </State>
        <!-- End of root state -->
      </StateGroup>
      <Car carID="1607" carColour="1" />
    </Mission>
    <Descriptions instruction="IDS_HUDInstruction_toSpeedZone01" />
    <SpeedZone name="SPEEDCAMERAZONE_011" nameDesc="IDS_SpeedCamera_36" />
    <Speed value="70" />
    <Time value="120" />
  </Activity>
  <Activity type="ActivitySpeedZone" name="speedzone15" single_player_free_roam="true" multiplayer_free_roam="true">
    <Mission id="15" difficulty="2" description="IDS_BucketlistChallenge_15" slotID="2">
      <StateGroup id="speedzone15">
        <!-- Root state -->
        <State id="Root">
          <Entry id="enter" target="speedzone.enter" />
          <Exit id="exit" />
          <Node id="speedzone" state="missions.root">
            <Entry id="enter" />
            <Exit id="exit" target=".exit" />
          </Node>
        </State>
        <!-- End of root state -->
      </StateGroup>
      <Car carID="1520" carColour="1" />
    </Mission>
    <Descriptions instruction="IDS_HUDInstruction_toSpeedZone01" />
    <SpeedZone name="SPEEDCAMERAZONE_001" nameDesc="IDS_SpeedCamera_36" />
    <Speed value="100" />
    <Time value="90" />
  </Activity>
  <Activity type="ActivitySpeedZone" name="speedzone30" single_player_free_roam="true" multiplayer_free_roam="true">
    <Mission id="30" difficulty="1" description="IDS_BucketlistChallenge_30" slotID="26">
      <StateGroup id="speedzone30">
        <!-- Root state -->
        <State id="Root">
          <Entry id="enter" target="speedzone.enter" />
          <Exit id="exit" />
          <Node id="speedzone" state="missions.root">
            <Entry id="enter" />
            <Exit id="exit" target=".exit" />
          </Node>
        </State>
        <!-- End of root state -->
      </StateGroup>
      <Car carID="1181" carColour="1" />
    </Mission>
    <Descriptions instruction="IDS_HUDInstruction_toSpeedZone01" />
    <SpeedZone name="SPEEDCAMERAZONE_004" nameDesc="IDS_SpeedCamera_36" />
    <Speed value="70" />
    <Time value="90" />
  </Activity>
  <Activity type="ActivitySpeedZone" name="speedzone09" single_player_free_roam="true" multiplayer_free_roam="true">
    <Mission id="9" difficulty="1" description="IDS_BucketlistChallenge_09" slotID="47">
      <StateGroup id="speedzone09">
        <!-- Root state -->
        <State id="Root">
          <Entry id="enter" target="speedzone.enter" />
          <Exit id="exit" />
          <Node id="speedzone" state="missions.root">
            <Entry id="enter" />
            <Exit id="exit" target=".exit" />
          </Node>
        </State>
        <!-- End of root state -->
      </StateGroup>
      <Car carID="1032" carColour="1" />
    </Mission>
    <Descriptions instruction="IDS_HUDInstruction_toSpeedZone01" />
    <SpeedZone name="SPEEDCAMERAZONE_005" nameDesc="IDS_SpeedCamera_36" />
    <Speed value="130" />
    <Time value="140" />
  </Activity>
</ActivityManager>y>
</ActivityManager>y>
</ActivityManager>y>
</ActivityManager>