<ActivityManager>
  <Activity type="ActivityDestination" name="destination11" single_player_free_roam="true" multiplayer_free_roam="true">
    <Mission id="11" difficulty="2" description="IDS_BucketlistChallenge_11" slotID="21">
      <StateGroup id="destination11">
        <!-- Root state -->
        <State id="Root">
          <Entry id="enter" target="destination.enter" />
          <Exit id="exit" />
          <Node id="destination" state="missions.root">
            <Entry id="enter" />
            <Exit id="exit" target=".exit" />
          </Node>
        </State>
        <!-- End of root state -->
      </StateGroup>
      <Car carID="1564" carColour="1" />
    </Mission>
    <Descriptions instruction="IDS_HUDInstruction_toDestination01" />
    <Destination x="-3571.22" y="66.94" z="-1679.21" />
    <TimeLimit value="60" />
  </Activity>
  <Activity type="ActivityDestination" name="destination02" single_player_free_roam="true" multiplayer_free_roam="true">
    <Mission id="2" difficulty="0" description="IDS_BucketlistChallenge_02" slotID="27">
      <StateGroup id="destination02">
        <!-- Root state -->
        <State id="Root">
          <Entry id="enter" target="destination.enter" />
          <Exit id="exit" />
          <Node id="destination" state="missions.root">
            <Entry id="enter" />
            <Exit id="exit" target=".exit" />
          </Node>
        </State>
        <!-- End of root state -->
      </StateGroup>
      <Car carID="249" carColour="1" />
    </Mission>
    <Descriptions instruction="IDS_HUDInstruction_toDestination01" />
    <Destination x="10098.64" y="128.33" z="-1543.94" />
    <TimeLimit value="480" />
  </Activity>
  <Activity type="ActivityDestination" name="destination10" single_player_free_roam="true" multiplayer_free_roam="true">
    <Mission id="10" difficulty="1" description="IDS_BucketlistChallenge_10" slotID="62">
      <StateGroup id="destination10">
        <!-- Root state -->
        <State id="Root">
          <Entry id="enter" target="destination.enter" />
          <Exit id="exit" />
          <Node id="destination" state="missions.root">
            <Entry id="enter" />
            <Exit id="exit" target=".exit" />
          </Node>
        </State>
        <!-- End of root state -->
      </StateGroup>
      <Car carID="1534" carColour="1" />
    </Mission>
    <Descriptions instruction="IDS_HUDInstruction_toDestination01" />
    <Destination x="3547.57" y="138.82" z="-6637.87" />
    <TimeLimit value="46" />
  </Activity>
  <Activity type="ActivityDestination" name="destination17" single_player_free_roam="true" multiplayer_free_roam="true">
    <Mission id="17" difficulty="0" description="IDS_BucketlistChallenge_17" slotID="11">
      <StateGroup id="destination17">
        <!-- Root state -->
        <State id="Root">
          <Entry id="enter" target="destination.enter" />
          <Exit id="exit" />
          <Node id="destination" state="missions.root">
            <Entry id="enter" />
            <Exit id="exit" target=".exit" />
          </Node>
        </State>
        <!-- End of root state -->
      </StateGroup>
      <Car carID="1323" carColour="1" />
    </Mission>
    <Descriptions instruction="IDS_HUDInstruction_toDestination01" />
    <Destination x="3408.61" y="108.91" z="-7445.58" />
    <TimeLimit value="155" />
  </Activity>
  <Activity type="ActivityDestination" name="destination08" single_player_free_roam="true" multiplayer_free_roam="true">
    <Mission id="8" difficulty="2" description="IDS_BucketlistChallenge_08" slotID="13">
      <StateGroup id="destination08">
        <!-- Root state -->
        <State id="Root">
          <Entry id="enter" target="destination.enter" />
          <Exit id="exit" />
          <Node id="destination" state="missions.root">
            <Entry id="enter" />
            <Exit id="exit" target=".exit" />
          </Node>
        </State>
        <!-- End of root state -->
      </StateGroup>
      <Car carID="340" carColour="1" />
    </Mission>
    <Descriptions instruction="IDS_HUDInstruction_toDestination01" />
    <Destination x="9264.76" y="4.12" z="-7882.29" />
    <TimeLimit value="150" />
  </Activity>
  <Activity type="ActivityDestination" name="destination23" single_player_free_roam="true" multiplayer_free_roam="true">
    <Mission id="23" difficulty="1" description="IDS_BucketlistChallenge_23" slotID="58">
      <StateGroup id="destination23">
        <!-- Root state -->
        <State id="Root">
          <Entry id="enter" target="destination.enter" />
          <Exit id="exit" />
          <Node id="destination" state="missions.root">
            <Entry id="enter" />
            <Exit id="exit" target=".exit" />
          </Node>
        </State>
        <!-- End of root state -->
      </StateGroup>
      <Car carID="458" carColour="1" />
    </Mission>
    <Descriptions instruction="IDS_HUDInstruction_toDestination01" />
    <Destination x="5973.6" y="118.48" z="-5941.1" />
    <TimeLimit value="170" />
  </Activity>
  <Activity type="ActivityDestination" name="destination29" single_player_free_roam="true" multiplayer_free_roam="true">
    <Mission id="29" difficulty="2" description="IDS_BucketlistChallenge_29" slotID="01">
      <StateGroup id="destination29">
        <!-- Root state -->
        <State id="Root">
          <Entry id="enter" target="destination.enter" />
          <Exit id="exit" />
          <Node id="destination" state="missions.root">
            <Entry id="enter" />
            <Exit id="exit" target=".exit" />
          </Node>
        </State>
        <!-- End of root state -->
      </StateGroup>
      <Car carID="633" carColour="1" />
    </Mission>
    <Descriptions instruction="IDS_HUDInstruction_toDestination01" />
    <Destination x="-2806.7" y="78.91" z="-2534.93" />
    <TimeLimit value="100" />
  </Activity>
</ActivityManager>y>
</ActivityManager>y>
</ActivityManager>y>
</ActivityManager>