<ActivityManager>
  <Activity type="ActivitySpeedStunt" name="speedstunt03" single_player_free_roam="true" multiplayer_free_roam="true">
    <Mission id="3" difficulty="0" description="IDS_BucketlistChallenge_03" slotID="9">
      <StateGroup id="speedstunt03">
        <!-- Root state -->
        <State id="Root">
          <Entry id="enter" target="speedstunt.enter" />
          <Exit id="exit" />
          <Node id="speedstunt" state="missions.root">
            <Entry id="enter" />
            <Exit id="exit" target=".exit" />
          </Node>
        </State>
        <!-- End of root state -->
      </StateGroup>
      <Car carID="1667" carColour="1" />
    </Mission>
    <Descriptions instruction="IDS_HUDInstruction_toSpeedTrap_Speed01" />
    <SpeedTrap name="SPEEDCAMERA_009" nameDesc="IDS_SpeedCamera_001" />
    <Speed value="110" />
    <Time value="90" />
  </Activity>
  <Activity type="ActivitySpeedStunt" name="speedstunt05" single_player_free_roam="true" multiplayer_free_roam="true">
    <Mission id="5" difficulty="1" description="IDS_BucketlistChallenge_05" slotID="17">
      <StateGroup id="speedstunt05">
        <!-- Root state -->
        <State id="Root">
          <Entry id="enter" target="speedstunt.enter" />
          <Exit id="exit" />
          <Node id="speedstunt" state="missions.root">
            <Entry id="enter" />
            <Exit id="exit" target=".exit" />
          </Node>
        </State>
        <!-- End of root state -->
      </StateGroup>
      <Car carID="1397" carColour="1" />
    </Mission>
    <Descriptions instruction="IDS_HUDInstruction_toSpeedTrap_Speed01" />
    <SpeedTrap name="SPEEDCAMERA_017" nameDesc="IDS_SpeedCamera_001" />
    <Speed value="135" />
    <Time value="30" />
  </Activity>
  <Activity type="ActivitySpeedStunt" name="speedstunt06" single_player_free_roam="true" multiplayer_free_roam="true">
    <Mission id="6" difficulty="1" description="IDS_BucketlistChallenge_06" slotID="18">
      <StateGroup id="speedstunt06">
        <!-- Root state -->
        <State id="Root">
          <Entry id="enter" target="speedstunt.enter" />
          <Exit id="exit" />
          <Node id="speedstunt" state="missions.root">
            <Entry id="enter" />
            <Exit id="exit" target=".exit" />
          </Node>
        </State>
        <!-- End of root state -->
      </StateGroup>
      <Car carID="1369" carColour="1" />
    </Mission>
    <Descriptions instruction="IDS_HUDInstruction_toSpeedTrap_Speed01" />
    <SpeedTrap name="SPEEDCAMERA_019" nameDesc="IDS_SpeedCamera_001" />
    <Speed value="140" />
    <Time value="120" />
  </Activity>
  <Activity type="ActivitySpeedStunt" name="speedstunt12" single_player_free_roam="true" multiplayer_free_roam="true">
    <Mission id="12" difficulty="2" description="IDS_BucketlistChallenge_12" slotID="33">
      <StateGroup id="speedstunt12">
        <!-- Root state -->
        <State id="Root">
          <Entry id="enter" target="speedstunt.enter" />
          <Exit id="exit" />
          <Node id="speedstunt" state="missions.root">
            <Entry id="enter" />
            <Exit id="exit" target=".exit" />
          </Node>
        </State>
        <!-- End of root state -->
      </StateGroup>
      <Car carID="433" carColour="1" />
    </Mission>
    <Descriptions instruction="IDS_HUDInstruction_toSpeedTrap_Speed01" />
    <SpeedTrap name="SPEEDCAMERA_022" nameDesc="IDS_SpeedCamera_001" />
    <Speed value="165" />
    <Time value="90" />
  </Activity>
  <Activity type="ActivitySpeedStunt" name="speedstunt13" single_player_free_roam="true" multiplayer_free_roam="true">
    <Mission id="13" difficulty="2" description="IDS_BucketlistChallenge_13" slotID="48">
      <StateGroup id="speedstunt13">
        <!-- Root state -->
        <State id="Root">
          <Entry id="enter" target="speedstunt.enter" />
          <Exit id="exit" />
          <Node id="speedstunt" state="missions.root">
            <Entry id="enter" />
            <Exit id="exit" target=".exit" />
          </Node>
        </State>
        <!-- End of root state -->
      </StateGroup>
      <Car carID="1101" carColour="1" />
    </Mission>
    <Descriptions instruction="IDS_HUDInstruction_toSpeedTrap_Speed01" />
    <SpeedTrap name="SPEEDCAMERA_028" nameDesc="IDS_SpeedCamera_001" />
    <Speed value="115" />
    <Time value="60" />
  </Activity>
  <Activity type="ActivitySpeedStunt" name="speedstunt19" single_player_free_roam="true" multiplayer_free_roam="true">
    <Mission id="19" difficulty="0" description="IDS_BucketlistChallenge_19" slotID="23">
      <StateGroup id="speedstunt19">
        <!-- Root state -->
        <State id="Root">
          <Entry id="enter" target="speedstunt.enter" />
          <Exit id="exit" />
          <Node id="speedstunt" state="missions.root">
            <Entry id="enter" />
            <Exit id="exit" target=".exit" />
          </Node>
        </State>
        <!-- End of root state -->
      </StateGroup>
      <Car carID="1398" carColour="1" />
    </Mission>
    <Descriptions instruction="IDS_HUDInstruction_toSpeedTrap_Speed01" />
    <SpeedTrap name="SPEEDCAMERA_022" nameDesc="IDS_SpeedCamera_001" />
    <Speed value="165" />
    <Time value="90" />
  </Activity>
  <Activity type="ActivitySpeedStunt" name="speedstunt22" single_player_free_roam="true" multiplayer_free_roam="true">
    <Mission id="22" difficulty="1" description="IDS_BucketlistChallenge_22" slotID="50">
      <StateGroup id="speedstunt22">
        <!-- Root state -->
        <State id="Root">
          <Entry id="enter" target="speedstunt.enter" />
          <Exit id="exit" />
          <Node id="speedstunt" state="missions.root">
            <Entry id="enter" />
            <Exit id="exit" target=".exit" />
          </Node>
        </State>
        <!-- End of root state -->
      </StateGroup>
      <Car carID="1108" carColour="1" />
    </Mission>
    <Descriptions instruction="IDS_HUDInstruction_toSpeedTrap_Speed01" />
    <SpeedTrap name="SPEEDCAMERA_014" nameDesc="IDS_SpeedCamera_001" />
    <Speed value="100" />
    <Time value="180" />
  </Activity>
</ActivityManager>y>
</ActivityManager>y>
</ActivityManager>y>
</ActivityManager>