<ActivityManager>

    <Activity type="ActivityPause" name="pause_hub">
        <StateGroup id="Anthem_Pause" >

            <State id="Root">
                <Entry id="enter" target="root.enter" />
                <Exit id="exit" />

                <Node id="root" state="pause_hub.Root" >
                    <Entry id="enter" />
                    <Exit id="exit" target=".exit" />
                </Node>

            </State>
            
        </StateGroup>       
       	
    </Activity>
	
</ActivityManager>

</ActivityManager>

</ActivityManager>

</ActivityManager>
