<ActivityManager>
	<Activity type="ActivityRaceEncounter" name="race_encounter">
		<StateGroup id="race_encounter" >
			<State id="TransitionActivityState" >
				<Entry id="enter" target=".exit" />
				<Exit id="exit"/>
				<Behaviour id="CTriggerRaceEncounterStateChange" success="true"/>
			</State>
			<State id="TransitionActivityToRaceStart" >
				<Entry id="enter" target=".exit" />
				<Exit id="exit"/>
				<Behaviour id="CTriggerRaceEncounterStateChange" start="true" success="true"/>
			</State>
			<State id="CancelTransitionActivityState" >
				<Entry id="enter" target=".exit" />
				<Exit id="exit"/>
				<Behaviour id="CTriggerRaceEncounterStateChange" success="false"/>
			</State>
			<State id="PrepareCutScene" >
				<Entry id="enter" target=".exit" />
				<Exit id="exit"/>
				<Behaviour id="CPrepareRaceEncounterCutscene" cutscene="RaceEncounter_Intro_01" />
			</State>
			<State id="TidyCutScene" >
				<Entry id="enter" target=".exit" />
				<Exit id="exit"/>
				<Behaviour id="CPrepareRaceEncounterCutscene" cleanup="true" />
			</State>
			<State id="LoadWinCutScene" >
				<Entry id="enter" target=".exit" />
				<Exit id="exit"/>
				<Behaviour id="CLoadCutscene" cutscene="PostRace_Onboard_Win" race_specific="false" wait="true"/>
			</State>
			<State id="PrepareWinCutScene" >
				<Entry id="enter" target=".exit" />
				<Exit id="exit"/>
				<Behaviour id="CPrepareCutscene" cutscene="PostRace_Onboard_Win" race_specific="false" />
			</State>
			<State id="LoadCreditCutScene" >
				<Entry id="enter" target=".exit" />
				<Exit id="exit"/>
				<Behaviour id="CLoadCutscene" cutscene="PostRace_Onboard_Credits" race_specific="false" wait="true"/>
			</State>
			<State id="PrepareCreditCutScene" >
				<Entry id="enter" target=".exit" />
				<Exit id="exit"/>
				<Behaviour id="CPrepareCutscene" cutscene="PostRace_Onboard_Credits" race_specific="false" />
			</State>
			<State id="LoadXPCutScene" >
				<Entry id="enter" target=".exit" />
				<Exit id="exit"/>
				<Behaviour id="CLoadCutscene" cutscene="PostRace_Onboard_XP" race_specific="false" wait="true"/>
			</State>
			<State id="PrepareXPCutScene" >
				<Entry id="enter" target=".exit" />
				<Exit id="exit"/>
				<Behaviour id="CPrepareCutscene" cutscene="PostRace_Onboard_XP" race_specific="false" />
			</State>
			<State id="LoadWristbandCutScene" >
				<Entry id="enter" target=".exit" />
				<Exit id="exit"/>
				<Behaviour id="CLoadCutscene" cutscene="PostRace_Onboard_Wristband" race_specific="false" wait="true"/>
			</State>
			<State id="PrepareWristbandCutScene" >
				<Entry id="enter" target=".exit" />
				<Exit id="exit"/>
				<Behaviour id="CPrepareCutscene" cutscene="PostRace_Onboard_Wristband" race_specific="false" />
			</State>
			<State id="PlayCutScene" >
				<Entry id="enter"/>
				<Exit id="exit"/>
				<Behaviour id="CPlayCameraSequence" wait="true">
					<Transition id="onReady" target=".exit" />
				</Behaviour>
			</State>
			<State id="PlayWinCutScene" >
				<Entry id="enter" target="delay_ui_elements.enter"/>
				<Exit id="exit"/>
				<Behaviour id="CPlayCameraSequence" wait="false" />
				<Node id="delay_ui_elements" state="global.wait_quarter_sec" >
					<Entry id="enter" />
					<Exit id="exit" target="show_win_screen.enter" />
				</Node>
				<Node id="show_win_screen" state="UIShowScreens.ShowPostRaceFinishPositionScreenEncounter">
					<Entry id="enter" />
					<Exit id="done" target="show_earnings_screen.enter"/>
				</Node>
				<Node id="show_earnings_screen" state="UIShowScreens.ShowEarningsBreakdownScreenEncounter">
					<Entry id="enter" />
					<Exit id="done" target="show_career_points_screen.enter"/>
				</Node>
				<Node id="show_career_points_screen" state="UIShowScreens.ShowPostRaceAnthemAwardXP">
					<Entry id="enter" />
					<Exit id="done" target=".exit"/>
				</Node>
				
			</State>
			<State id="PlayCreditCutScene" >
				<Entry id="enter" target="delay_ui_elements.enter"/>
				<Exit id="exit"/>
				<Node id="delay_ui_elements" state="global.play_current_camera_sequence_and_wait" >
					<Entry id="enter" />
					<Exit id="exit" target=".exit" />
				</Node>
			</State>
			<State id="PlayXPCutScene" >
				<Entry id="enter" target="delay_ui_elements.enter"/>
				<Exit id="exit"/>
				<Node id="delay_ui_elements" state="global.play_current_camera_sequence_and_wait" >
					<Entry id="enter" />
					<Exit id="exit" target=".exit" />
				</Node>
			</State>
			<State id="PlayWristbandCutScene" >
				<Entry id="enter" target="delay_ui_elements.enter"/>
				<Exit id="exit"/>
				<Node id="delay_ui_elements" state="global.play_current_camera_sequence_and_wait" >
					<Entry id="enter" />
					<Exit id="exit" target=".exit" />
				</Node>
			</State>
			<State id="PreCutScene">
				<Entry id="enter" target="disable_controls.enter" />
				<Exit id="exit" />
				<Node id="disable_controls" state="global.disable_car_control">
					<Entry id="enter" />
					<Exit id="exit" target="hide_racing_line.enter" />
				</Node>
				<Node id="hide_racing_line" state="global.disable_racing_line">
					<Entry id="enter" />
					<Exit id="exit" target="show_empty_screen.enter" />
				</Node>
				<Node id="show_empty_screen" state="global.show_empty_screen_with_hud_resource" >
					<Entry id="enter" />
					<Exit id="exit" target="disable_satnav_audio.enter" />
				</Node>
				<Node id="disable_satnav_audio" state="Audio.disable_satnav_audio" >
					<Entry id="enter" />
					<Exit id="exit" target="block_pause_entry.enter" />
				</Node>
				<Node id="block_pause_entry" state="global.block_pause_entry" >
					<Entry id="enter" />
					<Exit id="exit" target="disable_traffic_spawning.enter" />
				</Node>
				<Node id="disable_traffic_spawning" state="global.disable_traffic_spawning_with_despawn" >
					<Entry id="enter" />
					<Exit id="exit" target="enable_ai_player_car_control.enter" />
				</Node>
				<Node id="enable_ai_player_car_control" state="global.enable_ai_player_car_control" >
					<Entry id="enter" />
					<Exit id="exit" target=".exit" />
				</Node>
			</State>
			<State id="PostCutScene">
				<Entry id="enter" target="show_racing_line.enter" />
				<Exit id="exit" />
				<Node id="show_racing_line" state="global.enable_racing_line">
					<Entry id="enter" />
					<Exit id="exit" target="enable_traffic_spawning.enter" />
				</Node>
				<Node id="enable_traffic_spawning" state="global.enable_traffic_spawning" >
					<Entry id="enter" />
					<Exit id="exit" target="apply_mixer_snapshot_freeroam.enter" />
				</Node>
				<Node id="apply_mixer_snapshot_freeroam" state="Audio.apply_mixer_snapshot_freeroam" >
					<Entry id="enter" />
					<Exit id="exit" target="enable_satnav_audio.enter" />
				</Node>
				<Node id="enable_satnav_audio" state="Audio.enable_satnav_audio" >
					<Entry id="enter" />
					<Exit id="exit" target="unblock_pause_entry.enter" />
				</Node>
				<Node id="unblock_pause_entry" state="global.unblock_pause_entry" >
					<Entry id="enter" />
					<Exit id="exit" target="enable_controls.enter" />
				</Node>
				<Node id="enable_controls" state="global.enable_car_control">
					<Entry id="enter" />
					<Exit id="exit" target="disable_ai_player_car_control.enter" />
				</Node>
				<Node id="disable_ai_player_car_control" state="global.disable_ai_player_car_control" >
					<Entry id="enter" />
					<Exit id="exit" target=".exit" />
				</Node>
			</State>
			<State id="StartEncounter">
				<Entry id="enter" target="attempt_acquire_game_control.enter" />
				<Exit id="exit" />
				<Node id="attempt_acquire_game_control" state="global.attempt_acquire_game_control" >
					<Entry id="enter" />
					<Exit id="success" target="transition_activity_state.enter" />
					<Exit id="failure" target="cancel_transition_activity_state.enter" />
				</Node>
				<Node id="transition_activity_state" state="TransitionActivityToRaceStart" >
					<Entry id="enter" />
					<Exit id="exit" target="prepare_cutscene.enter" />
				</Node>
				<Node id="cancel_transition_activity_state" state="CancelTransitionActivityState" >
					<Entry id="enter" />
					<Exit id="exit" target=".exit" />
				</Node>
				<Node id="prepare_cutscene" state="PrepareCutScene" >
					<Entry id="enter" />
					<Exit id="exit" target="disable_fast_travel.enter" />
				</Node>
				<Node id="disable_fast_travel" state="global.disable_fast_travel" >
					<Entry id="enter" />
					<Exit id="exit" target="apply_mixer_snapshot_raceencounter.enter" />
				</Node>
				<Node id="apply_mixer_snapshot_raceencounter" state="Audio.apply_mixer_snapshot_raceencounter" >
					<Entry id="enter" />
					<Exit id="exit" target="pre_cutscene.enter" />
				</Node>
				<Node id="pre_cutscene" state="PreCutScene" >
					<Entry id="enter" />
					<Exit id="exit" target="show_race_encounter_intro_screen.enter" />
				</Node>
				<Node id="show_race_encounter_intro_screen" state="UIShowScreens.ShowRaceEncounterIntroScreen">
					<Entry id="enter" />
					<Exit id="exit" target="play_cutscene.enter" />
				</Node>
				<Node id="play_cutscene" state="PlayCutScene" >
					<Entry id="enter" />
					<Exit id="exit" target="show_empty_screen.enter" />
				</Node>
				<Node id="show_empty_screen" state="global.show_empty_screen_with_hud_resource" >
					<Entry id="enter" />
					<Exit id="exit" target="tidy_cutscene.enter" />
				</Node>
				<Node id="tidy_cutscene" state="TidyCutScene" >
					<Entry id="enter" />
					<Exit id="exit" target="stop_cutscene.enter" />
				</Node>
				<Node id="stop_cutscene" state="global.stop_cutscene" >
					<Entry id="enter" />
					<Exit id="exit" target="reset_camera.enter" />
				</Node>
				<Node id="reset_camera" state="global.reset_camera_to_player" >
					<Entry id="enter" />
					<Exit id="exit" target="reset_mulligan.enter" />
				</Node>
				<Node id="reset_mulligan" state="global.reset_mulligan" >
					<Entry id="enter" />
					<Exit id="exit" target="delay_control_return.enter" />
				</Node>
				<Node id="delay_control_return" state="global.wait_1_sec" >
					<Entry id="enter" />
					<Exit id="exit" target="post_cutscene.enter" />
				</Node>
				<Node id="post_cutscene" state="PostCutScene" >
					<Entry id="enter" />
					<Exit id="exit" target="show_hud_screen.enter" />
				</Node>
				<Node id="show_hud_screen" state="global.show_hud_screen" >
					<Entry id="enter" />
					<Exit id="exit" target="release_game_control.enter" />
				</Node>
				<Node id="release_game_control" state="global.release_game_control">
					<Entry id="enter" />
					<Exit id="exit" target=".exit" />
				</Node>
			</State>
			<State id="WinEncounter">
				<Entry id="enter" target="wait_and_acquire_game_control.enter" />
				<Exit id="exit" />
				<Node id="wait_and_acquire_game_control" state="global.wait_and_acquire_game_control" >
					<Entry id="enter" />
					<Exit id="exit" target="load_wincutscene.enter" />
				</Node>
				<Node id="load_wincutscene" state="LoadWinCutScene" >
					<Entry id="enter" />
					<Exit id="exit" target="apply_mixer_snapshot_winuiexterior.enter" />
				</Node>
				<Node id="apply_mixer_snapshot_winuiexterior" state="Audio.apply_mixer_snapshot_ui_exterior" >
					<Entry id="enter" />
					<Exit id="exit" target="pre_wincutscene.enter" />
				</Node>
				<Node id="pre_wincutscene" state="PreCutScene" >
					<Entry id="enter" />
					<Exit id="exit" target="prepare_wincutscene.enter" />
				</Node>
				<Node id="prepare_wincutscene" state="PrepareWinCutScene" >
					<Entry id="enter" />
					<Exit id="exit" target="transition_activity_winstate.enter" />
				</Node>
				<Node id="transition_activity_winstate" state="TransitionActivityState" >
					<Entry id="enter" />
					<Exit id="exit" target="play_wincutscene.enter" />
				</Node>
				<Node id="play_wincutscene" state="PlayWinCutScene" >
					<Entry id="enter" />
					<Exit id="exit" target="tidy_wincutscene.enter" />
				</Node>
				<Node id="tidy_wincutscene" state="TidyCutScene" >
					<Entry id="enter" />
					<Exit id="exit" target="stop_wincutscene.enter" />
				</Node>
				<Node id="stop_wincutscene" state="global.stop_cutscene" >
					<Entry id="enter" />
					<Exit id="exit" target="load_creditcutscene.enter" />
				</Node>
				<Node id="load_creditcutscene" state="LoadCreditCutScene" >
					<Entry id="enter" />
					<Exit id="exit" target="apply_mixer_snapshot_credituiexterior.enter" />
				</Node>
				<Node id="apply_mixer_snapshot_credituiexterior" state="Audio.apply_mixer_snapshot_ui_exterior" >
					<Entry id="enter" />
					<Exit id="exit" target="pre_creditcutscene.enter" />
				</Node>
				<Node id="pre_creditcutscene" state="PreCutScene" >
					<Entry id="enter" />
					<Exit id="exit" target="prepare_creditcutscene.enter" />
				</Node>
				<Node id="prepare_creditcutscene" state="PrepareCreditCutScene" >
					<Entry id="enter" />
					<Exit id="exit" target="transition_activity_creditstate.enter" />
				</Node>
				<Node id="transition_activity_creditstate" state="TransitionActivityState" >
					<Entry id="enter" />
					<Exit id="exit" target="play_creditcutscene.enter" />
				</Node>
				<Node id="play_creditcutscene" state="PlayCreditCutScene" >
					<Entry id="enter" />
					<Exit id="exit" target="tidy_creditcutscene.enter" />
				</Node>
				<Node id="tidy_creditcutscene" state="TidyCutScene" >
					<Entry id="enter" />
					<Exit id="exit" target="stop_creditcutscene.enter" />
				</Node>
				<Node id="stop_creditcutscene" state="global.stop_cutscene" >
					<Entry id="enter" />
					<Exit id="exit" target="load_xpcutscene.enter" />
				</Node>
				<Node id="load_xpcutscene" state="LoadXPCutScene" >
					<Entry id="enter" />
					<Exit id="exit" target="apply_mixer_snapshot_xpuiexterior.enter" />
				</Node>
				<Node id="apply_mixer_snapshot_xpuiexterior" state="Audio.apply_mixer_snapshot_ui_exterior" >
					<Entry id="enter" />
					<Exit id="exit" target="pre_xpcutscene.enter" />
				</Node>
				<Node id="pre_xpcutscene" state="PreCutScene" >
					<Entry id="enter" />
					<Exit id="exit" target="prepare_xpcutscene.enter" />
				</Node>
				<Node id="prepare_xpcutscene" state="PrepareXPCutScene" >
					<Entry id="enter" />
					<Exit id="exit" target="transition_activity_xpstate.enter" />
				</Node>
				<Node id="transition_activity_xpstate" state="TransitionActivityState" >
					<Entry id="enter" />
					<Exit id="exit" target="play_xpcutscene.enter" />
				</Node>
				<Node id="play_xpcutscene" state="PlayXPCutScene" >
					<Entry id="enter" />
					<Exit id="exit" target="tidy_xpcutscene.enter" />
				</Node>
				<Node id="tidy_xpcutscene" state="TidyCutScene" >
					<Entry id="enter" />
					<Exit id="exit" target="stop_xpcutscene.enter" />
				</Node>
				<Node id="stop_xpcutscene" state="global.stop_cutscene" >
					<Entry id="enter" />
					<Exit id="exit" target="is_new_wristband_available.enter" />
				</Node>
				<Node id="is_new_wristband_available" state="global.is_new_wristband_available">
					<Entry id="enter" />
					<Exit id="yes" target="load_wristbandcutscene.enter" />
					<Exit id="no" target="reset_camera.enter" />
				</Node>
				<Node id="load_wristbandcutscene" state="LoadWristbandCutScene" >
					<Entry id="enter" />
					<Exit id="exit" target="apply_mixer_snapshot_wristbanduiexterior.enter" />
				</Node>
				<Node id="apply_mixer_snapshot_wristbanduiexterior" state="Audio.apply_mixer_snapshot_ui_exterior" >
					<Entry id="enter" />
					<Exit id="exit" target="pre_wristbandcutscene.enter" />
				</Node>
				<Node id="pre_wristbandcutscene" state="PreCutScene" >
					<Entry id="enter" />
					<Exit id="exit" target="prepare_wristbandcutscene.enter" />
				</Node>
				<Node id="prepare_wristbandcutscene" state="PrepareWristbandCutScene" >
					<Entry id="enter" />
					<Exit id="exit" target="transition_activity_wristbandstate.enter" />
				</Node>
				<Node id="transition_activity_wristbandstate" state="TransitionActivityState" >
					<Entry id="enter" />
					<Exit id="exit" target="play_wristbandcutscene.enter" />
				</Node>
				<Node id="play_wristbandcutscene" state="PlayWristbandCutScene" >
					<Entry id="enter" />
					<Exit id="exit" target="tidy_wristbandcutscene.enter" />
				</Node>
				<Node id="tidy_wristbandcutscene" state="TidyCutScene" >
					<Entry id="enter" />
					<Exit id="exit" target="stop_wristbandcutscene.enter" />
				</Node>
				<Node id="stop_wristbandcutscene" state="global.stop_cutscene" >
					<Entry id="enter" />
					<Exit id="exit" target="reset_camera.enter" />
				</Node>
				<Node id="reset_camera" state="global.reset_camera_to_player" >
					<Entry id="enter" />
					<Exit id="exit" target="post_cutscene.enter" />
				</Node>
				<Node id="post_cutscene" state="PostCutScene" >
					<Entry id="enter" />
					<Exit id="exit" target="tidy_up.enter" />
				</Node>
				<Node id="tidy_up" state="TidyUp" >
					<Entry id="enter" />
					<Exit id="exit" target="show_hud_screen.enter" />
				</Node>
				<Node id="show_hud_screen" state="global.show_hud_screen" >
					<Entry id="enter" />
					<Exit id="exit" target="release_game_control.enter" />
				</Node>
				<Node id="release_game_control" state="global.release_game_control">
					<Entry id="enter" />
					<Exit id="exit" target=".exit" />
				</Node>
			</State>
			<State id="LoseEncounter">
				<Entry id="enter" target="wait_and_acquire_game_control.enter" />
				<Exit id="exit" />
				<Node id="wait_and_acquire_game_control" state="global.wait_and_acquire_game_control" >
					<Entry id="enter" />
					<Exit id="exit" target="transition_activity_state.enter" />
				</Node>
				<Node id="transition_activity_state" state="TransitionActivityState" >
					<Entry id="enter" />
					<Exit id="exit" target="tidy_up.enter" />
				</Node>
				<Node id="tidy_up" state="TidyUp" >
					<Entry id="enter" />
					<Exit id="exit" target="release_game_control.enter" />
				</Node>
				<Node id="release_game_control" state="global.release_game_control">
					<Entry id="enter" />
					<Exit id="exit" target=".exit" />
				</Node>
			</State>
			<State id="TidyUp">
				<Entry id="enter" target="reset_mulligan.enter" />
				<Exit id="exit" />
				<Node id="reset_mulligan" state="global.reset_mulligan" >
					<Entry id="enter" />
					<Exit id="exit" target="enable_fast_travel.enter" />
				</Node>
				<Node id="enable_fast_travel" state="global.enable_fast_travel">
					<Entry id="enter" />
					<Exit id="exit" target="save_profile.enter" />
				</Node>
				<Node id="save_profile" state="global.save_profile" >
					<Entry id="enter" />
					<Exit id="exit" target=".exit" />
				</Node>
			</State>
		</StateGroup>
		<Settings mapTag="race_encounter_finish" mapDescription="IDS_Description_RaceEncounter_Finish">
			<WristbandMultipliers count="8" Wristband0="1" Wristband1="1.05" Wristband2="1.1" Wristband3="1.2" Wristband4="1.3" Wristband5="1.4" Wristband6="1.5" Wristband7="1.5" />
			<HVTSettings CarClassMinRange="10" CarClassMaxRange="10" SpawnDelaySeconds="1800" />
		</Settings>
	</Activity>
</ActivityManager>

</ActivityManager>

</ActivityManager>

</ActivityManager>
