<ActivityManager>
  <Activity type="ActivitySpeedCamera" name="SPEEDCAMERA_001" scoreboard_id="10001">
    <StateGroup id="SPEEDCAMERA_001">
      <State id="Root">
        <Entry id="enter" target="speed_camera.enter" />
        <Exit id="exit" />
        <Node id="speed_camera" state="ambient_challenge_activations.speed_camera_root">
          <Entry id="enter" />
          <Exit id="exit" target=".exit" />
        </Node>
      </State>
    </StateGroup>
    <SpeedThreshold minimumSpeed="30.0" />
  </Activity>
  <Activity type="ActivitySpeedCamera" name="SPEEDCAMERA_002" scoreboard_id="10002">
    <StateGroup id="SPEEDCAMERA_002">
      <State id="Root">
        <Entry id="enter" target="speed_camera.enter" />
        <Exit id="exit" />
        <Node id="speed_camera" state="ambient_challenge_activations.speed_camera_root">
          <Entry id="enter" />
          <Exit id="exit" target=".exit" />
        </Node>
      </State>
    </StateGroup>
    <SpeedThreshold minimumSpeed="30.0" />
  </Activity>
  <Activity type="ActivitySpeedCamera" name="SPEEDCAMERA_003" scoreboard_id="10003">
    <StateGroup id="SPEEDCAMERA_003">
      <State id="Root">
        <Entry id="enter" target="speed_camera.enter" />
        <Exit id="exit" />
        <Node id="speed_camera" state="ambient_challenge_activations.speed_camera_root">
          <Entry id="enter" />
          <Exit id="exit" target=".exit" />
        </Node>
      </State>
    </StateGroup>
    <SpeedThreshold minimumSpeed="30.0" />
  </Activity>
  <Activity type="ActivitySpeedCamera" name="SPEEDCAMERA_004" scoreboard_id="10004">
    <StateGroup id="SPEEDCAMERA_004">
      <State id="Root">
        <Entry id="enter" target="speed_camera.enter" />
        <Exit id="exit" />
        <Node id="speed_camera" state="ambient_challenge_activations.speed_camera_root">
          <Entry id="enter" />
          <Exit id="exit" target=".exit" />
        </Node>
      </State>
    </StateGroup>
    <SpeedThreshold minimumSpeed="30.0" />
  </Activity>
  <Activity type="ActivitySpeedCamera" name="SPEEDCAMERA_005" scoreboard_id="10005">
    <StateGroup id="SPEEDCAMERA_005">
      <State id="Root">
        <Entry id="enter" target="speed_camera.enter" />
        <Exit id="exit" />
        <Node id="speed_camera" state="ambient_challenge_activations.speed_camera_root">
          <Entry id="enter" />
          <Exit id="exit" target=".exit" />
        </Node>
      </State>
    </StateGroup>
    <SpeedThreshold minimumSpeed="30.0" />
  </Activity>
  <Activity type="ActivitySpeedCamera" name="SPEEDCAMERA_006" scoreboard_id="10006">
    <StateGroup id="SPEEDCAMERA_006">
      <State id="Root">
        <Entry id="enter" target="speed_camera.enter" />
        <Exit id="exit" />
        <Node id="speed_camera" state="ambient_challenge_activations.speed_camera_root">
          <Entry id="enter" />
          <Exit id="exit" target=".exit" />
        </Node>
      </State>
    </StateGroup>
    <SpeedThreshold minimumSpeed="30.0" />
  </Activity>
  <Activity type="ActivitySpeedCamera" name="SPEEDCAMERA_007" scoreboard_id="10007">
    <StateGroup id="SPEEDCAMERA_007">
      <State id="Root">
        <Entry id="enter" target="speed_camera.enter" />
        <Exit id="exit" />
        <Node id="speed_camera" state="ambient_challenge_activations.speed_camera_root">
          <Entry id="enter" />
          <Exit id="exit" target=".exit" />
        </Node>
      </State>
    </StateGroup>
    <SpeedThreshold minimumSpeed="30.0" />
  </Activity>
  <Activity type="ActivitySpeedCamera" name="SPEEDCAMERA_008" scoreboard_id="10008">
    <StateGroup id="SPEEDCAMERA_008">
      <State id="Root">
        <Entry id="enter" target="speed_camera.enter" />
        <Exit id="exit" />
        <Node id="speed_camera" state="ambient_challenge_activations.speed_camera_root">
          <Entry id="enter" />
          <Exit id="exit" target=".exit" />
        </Node>
      </State>
    </StateGroup>
    <SpeedThreshold minimumSpeed="30.0" />
  </Activity>
  <Activity type="ActivitySpeedCamera" name="SPEEDCAMERA_009" scoreboard_id="10009">
    <StateGroup id="SPEEDCAMERA_009">
      <State id="Root">
        <Entry id="enter" target="speed_camera.enter" />
        <Exit id="exit" />
        <Node id="speed_camera" state="ambient_challenge_activations.speed_camera_root">
          <Entry id="enter" />
          <Exit id="exit" target=".exit" />
        </Node>
      </State>
    </StateGroup>
    <SpeedThreshold minimumSpeed="30.0" />
  </Activity>
  <Activity type="ActivitySpeedCamera" name="SPEEDCAMERA_010" scoreboard_id="10010">
    <StateGroup id="SPEEDCAMERA_010">
      <State id="Root">
        <Entry id="enter" target="speed_camera.enter" />
        <Exit id="exit" />
        <Node id="speed_camera" state="ambient_challenge_activations.speed_camera_root">
          <Entry id="enter" />
          <Exit id="exit" target=".exit" />
        </Node>
      </State>
    </StateGroup>
    <SpeedThreshold minimumSpeed="30.0" />
  </Activity>
  <Activity type="ActivitySpeedCamera" name="SPEEDCAMERA_011" scoreboard_id="10011">
    <StateGroup id="SPEEDCAMERA_011">
      <State id="Root">
        <Entry id="enter" target="speed_camera.enter" />
        <Exit id="exit" />
        <Node id="speed_camera" state="ambient_challenge_activations.speed_camera_root">
          <Entry id="enter" />
          <Exit id="exit" target=".exit" />
        </Node>
      </State>
    </StateGroup>
    <SpeedThreshold minimumSpeed="30.0" />
  </Activity>
  <Activity type="ActivitySpeedCamera" name="SPEEDCAMERA_012" scoreboard_id="10012">
    <StateGroup id="SPEEDCAMERA_012">
      <State id="Root">
        <Entry id="enter" target="speed_camera.enter" />
        <Exit id="exit" />
        <Node id="speed_camera" state="ambient_challenge_activations.speed_camera_root">
          <Entry id="enter" />
          <Exit id="exit" target=".exit" />
        </Node>
      </State>
    </StateGroup>
    <SpeedThreshold minimumSpeed="30.0" />
  </Activity>
  <Activity type="ActivitySpeedCamera" name="SPEEDCAMERA_013" scoreboard_id="10013">
    <StateGroup id="SPEEDCAMERA_013">
      <State id="Root">
        <Entry id="enter" target="speed_camera.enter" />
        <Exit id="exit" />
        <Node id="speed_camera" state="ambient_challenge_activations.speed_camera_root">
          <Entry id="enter" />
          <Exit id="exit" target=".exit" />
        </Node>
      </State>
    </StateGroup>
    <SpeedThreshold minimumSpeed="30.0" />
  </Activity>
  <Activity type="ActivitySpeedCamera" name="SPEEDCAMERA_014" scoreboard_id="10014">
    <StateGroup id="SPEEDCAMERA_014">
      <State id="Root">
        <Entry id="enter" target="speed_camera.enter" />
        <Exit id="exit" />
        <Node id="speed_camera" state="ambient_challenge_activations.speed_camera_root">
          <Entry id="enter" />
          <Exit id="exit" target=".exit" />
        </Node>
      </State>
    </StateGroup>
    <SpeedThreshold minimumSpeed="30.0" />
  </Activity>
  <Activity type="ActivitySpeedCamera" name="SPEEDCAMERA_015" scoreboard_id="10015">
    <StateGroup id="SPEEDCAMERA_015">
      <State id="Root">
        <Entry id="enter" target="speed_camera.enter" />
        <Exit id="exit" />
        <Node id="speed_camera" state="ambient_challenge_activations.speed_camera_root">
          <Entry id="enter" />
          <Exit id="exit" target=".exit" />
        </Node>
      </State>
    </StateGroup>
    <SpeedThreshold minimumSpeed="30.0" />
  </Activity>
  <Activity type="ActivitySpeedCamera" name="SPEEDCAMERA_016" scoreboard_id="10016">
    <StateGroup id="SPEEDCAMERA_016">
      <State id="Root">
        <Entry id="enter" target="speed_camera.enter" />
        <Exit id="exit" />
        <Node id="speed_camera" state="ambient_challenge_activations.speed_camera_root">
          <Entry id="enter" />
          <Exit id="exit" target=".exit" />
        </Node>
      </State>
    </StateGroup>
    <SpeedThreshold minimumSpeed="30.0" />
  </Activity>
  <Activity type="ActivitySpeedCamera" name="SPEEDCAMERA_017" scoreboard_id="10017">
    <StateGroup id="SPEEDCAMERA_017">
      <State id="Root">
        <Entry id="enter" target="speed_camera.enter" />
        <Exit id="exit" />
        <Node id="speed_camera" state="ambient_challenge_activations.speed_camera_root">
          <Entry id="enter" />
          <Exit id="exit" target=".exit" />
        </Node>
      </State>
    </StateGroup>
    <SpeedThreshold minimumSpeed="30.0" />
  </Activity>
  <Activity type="ActivitySpeedCamera" name="SPEEDCAMERA_018" scoreboard_id="10018">
    <StateGroup id="SPEEDCAMERA_018">
      <State id="Root">
        <Entry id="enter" target="speed_camera.enter" />
        <Exit id="exit" />
        <Node id="speed_camera" state="ambient_challenge_activations.speed_camera_root">
          <Entry id="enter" />
          <Exit id="exit" target=".exit" />
        </Node>
      </State>
    </StateGroup>
    <SpeedThreshold minimumSpeed="30.0" />
  </Activity>
  <Activity type="ActivitySpeedCamera" name="SPEEDCAMERA_019" scoreboard_id="10019">
    <StateGroup id="SPEEDCAMERA_019">
      <State id="Root">
        <Entry id="enter" target="speed_camera.enter" />
        <Exit id="exit" />
        <Node id="speed_camera" state="ambient_challenge_activations.speed_camera_root">
          <Entry id="enter" />
          <Exit id="exit" target=".exit" />
        </Node>
      </State>
    </StateGroup>
    <SpeedThreshold minimumSpeed="30.0" />
  </Activity>
  <Activity type="ActivitySpeedCamera" name="SPEEDCAMERA_020" scoreboard_id="10020">
    <StateGroup id="SPEEDCAMERA_020">
      <State id="Root">
        <Entry id="enter" target="speed_camera.enter" />
        <Exit id="exit" />
        <Node id="speed_camera" state="ambient_challenge_activations.speed_camera_root">
          <Entry id="enter" />
          <Exit id="exit" target=".exit" />
        </Node>
      </State>
    </StateGroup>
    <SpeedThreshold minimumSpeed="30.0" />
  </Activity>
  <Activity type="ActivitySpeedCamera" name="SPEEDCAMERA_022" scoreboard_id="10022">
    <StateGroup id="SPEEDCAMERA_022">
      <State id="Root">
        <Entry id="enter" target="speed_camera.enter" />
        <Exit id="exit" />
        <Node id="speed_camera" state="ambient_challenge_activations.speed_camera_root">
          <Entry id="enter" />
          <Exit id="exit" target=".exit" />
        </Node>
      </State>
    </StateGroup>
    <SpeedThreshold minimumSpeed="30.0" />
  </Activity>
  <Activity type="ActivitySpeedCamera" name="SPEEDCAMERA_023" scoreboard_id="10023">
    <StateGroup id="SPEEDCAMERA_023">
      <State id="Root">
        <Entry id="enter" target="speed_camera.enter" />
        <Exit id="exit" />
        <Node id="speed_camera" state="ambient_challenge_activations.speed_camera_root">
          <Entry id="enter" />
          <Exit id="exit" target=".exit" />
        </Node>
      </State>
    </StateGroup>
    <SpeedThreshold minimumSpeed="30.0" />
  </Activity>
  <Activity type="ActivitySpeedCamera" name="SPEEDCAMERA_024" scoreboard_id="10024">
    <StateGroup id="SPEEDCAMERA_024">
      <State id="Root">
        <Entry id="enter" target="speed_camera.enter" />
        <Exit id="exit" />
        <Node id="speed_camera" state="ambient_challenge_activations.speed_camera_root">
          <Entry id="enter" />
          <Exit id="exit" target=".exit" />
        </Node>
      </State>
    </StateGroup>
    <SpeedThreshold minimumSpeed="30.0" />
  </Activity>
  <Activity type="ActivitySpeedCamera" name="SPEEDCAMERA_025" scoreboard_id="10025">
    <StateGroup id="SPEEDCAMERA_025">
      <State id="Root">
        <Entry id="enter" target="speed_camera.enter" />
        <Exit id="exit" />
        <Node id="speed_camera" state="ambient_challenge_activations.speed_camera_root">
          <Entry id="enter" />
          <Exit id="exit" target=".exit" />
        </Node>
      </State>
    </StateGroup>
    <SpeedThreshold minimumSpeed="30.0" />
  </Activity>
  <Activity type="ActivitySpeedCamera" name="SPEEDCAMERA_026" scoreboard_id="10026">
    <StateGroup id="SPEEDCAMERA_026">
      <State id="Root">
        <Entry id="enter" target="speed_camera.enter" />
        <Exit id="exit" />
        <Node id="speed_camera" state="ambient_challenge_activations.speed_camera_root">
          <Entry id="enter" />
          <Exit id="exit" target=".exit" />
        </Node>
      </State>
    </StateGroup>
    <SpeedThreshold minimumSpeed="30.0" />
  </Activity>
  <Activity type="ActivitySpeedCamera" name="SPEEDCAMERA_028" scoreboard_id="10028">
    <StateGroup id="SPEEDCAMERA_028">
      <State id="Root">
        <Entry id="enter" target="speed_camera.enter" />
        <Exit id="exit" />
        <Node id="speed_camera" state="ambient_challenge_activations.speed_camera_root">
          <Entry id="enter" />
          <Exit id="exit" target=".exit" />
        </Node>
      </State>
    </StateGroup>
    <SpeedThreshold minimumSpeed="30.0" />
  </Activity>
  <Activity type="ActivitySpeedCamera" name="SPEEDCAMERA_029" scoreboard_id="10029">
    <StateGroup id="SPEEDCAMERA_029">
      <State id="Root">
        <Entry id="enter" target="speed_camera.enter" />
        <Exit id="exit" />
        <Node id="speed_camera" state="ambient_challenge_activations.speed_camera_root">
          <Entry id="enter" />
          <Exit id="exit" target=".exit" />
        </Node>
      </State>
    </StateGroup>
    <SpeedThreshold minimumSpeed="30.0" />
  </Activity>
</ActivityManager>y>
</ActivityManager>y>
</ActivityManager>y>
</ActivityManager>