<ActivityCoordinator>

<!-- 
     - While the following activity types are running, other activity types cannot be activated
     - In this file we can specify that information
     - This is very useful for certain free roam activities like missions and race encounters
     - The names for activity types need to match the names defined on ActivityCoordinator.cpp in
       the structure s_coordinatedActivityXMLStrings
-->

    <Blocking>
	
		<ActivitySkillMastery>
            <!-- The following activity types cannot be activated when ActivitySpeedZone type is running -->
			<ActivityBucketListActivation/>
			<ActivityDestination/>
			<ActivitySpeedZone/>
			<ActivityDestinationArea/>
			<ActivityPRStunt/>
            <ActivitySpeedStunt/>
            <ActivityPhotoShoot/>
            <ActivityCareerEventActivation/>
            <ActivityGasStation/>
            <ActivityRaceCentral/>
            <ActivityAutoshow/>
            <ActivityWorkshop/>
            <ActivityDLCCenter/>
            <ActivityCarClub/>
            <ActivityPaintshop/>
            <ActivityRaceEncounter/>
            <ActivityBarnFind/>
			<ActivityStreetRaceHub/>
			<ActivityFlyers/>
			<ActivityAverageSpeed/>
			<ActivitySpeedCamera/>
		</ActivitySkillMastery>
	
		<ActivityDestination>
            <!-- The following activity types cannot be activated when ActivitySpeedZone type is running -->
			<ActivityBucketListActivation/>
			<ActivitySpeedZone/>
			<ActivityDestinationArea/>
			<ActivityPRStunt/>
            <ActivitySpeedStunt/>
            <ActivityPhotoShoot/>
            <ActivityCareerEventActivation/>
            <ActivityGasStation/>
            <ActivityRaceCentral/>
            <ActivityAutoshow/>
            <ActivityWorkshop/>
            <ActivityDLCCenter/>
            <ActivityCarClub/>
            <ActivityPaintshop/>
            <ActivityRaceEncounter/>
            <ActivityBarnFind/>
			<ActivityStreetRaceHub/>
			<ActivityFlyers/>
			<ActivityAverageSpeed/>
			<ActivitySpeedCamera/>
		</ActivityDestination>
	
		 <ActivitySpeedZone>
            <!-- The following activity types cannot be activated when ActivitySpeedZone type is running -->
			<ActivityBucketListActivation/>
			<ActivityDestinationArea/>
			<ActivityPRStunt/>
            <ActivitySpeedStunt/>
            <ActivityPhotoShoot/>
            <ActivityCareerEventActivation/>
            <ActivityGasStation/>
            <ActivityRaceCentral/>
            <ActivityAutoshow/>
            <ActivityWorkshop/>
            <ActivityDLCCenter/>
            <ActivityCarClub/>
            <ActivityPaintshop/>
            <ActivityRaceEncounter/>
            <ActivityBarnFind/>
			<ActivityStreetRaceHub/>
			<ActivityFlyers/>
			<ActivityAverageSpeed/>
			<ActivitySpeedCamera/>
		</ActivitySpeedZone>
	
        <ActivityPRStunt>
            <!-- The following activity types cannot be activated when ActivityPRStunt type is running -->
			<ActivityBucketListActivation/>
			<ActivityDestinationArea/>
            <ActivitySpeedStunt/>
            <ActivityPhotoShoot/>
            <ActivityCareerEventActivation/>
            <ActivityGasStation/>
            <ActivityRaceCentral/>
            <ActivityAutoshow/>
            <ActivityWorkshop/>
            <ActivityDLCCenter/>
            <ActivityCarClub/>
            <ActivityPaintshop/>
            <ActivityRaceEncounter/>
            <ActivityBarnFind/>
			<ActivityStreetRaceHub/>
			<ActivityFlyers/>
			<ActivityAverageSpeed/>
			<ActivitySpeedCamera/>
		</ActivityPRStunt>

        <ActivitySpeedStunt>
			<ActivityBucketListActivation/>
			<ActivityDestinationArea/>
            <ActivityPRStunt/>
            <ActivityPhotoShoot/>
            <ActivityCareerEventActivation/>
            <ActivityGasStation/>
            <ActivityRaceCentral/>
            <ActivityAutoshow/>
            <ActivityWorkshop/>
            <ActivityDLCCenter/>
            <ActivityCarClub/>
            <ActivityPaintshop/>
            <ActivityRaceEncounter/>
            <ActivityBarnFind/>
			<ActivityStreetRaceHub/>
			<ActivityFlyers/>
			<ActivityAverageSpeed/>
			<ActivitySpeedCamera/>
		</ActivitySpeedStunt>

        <ActivityPhotoShoot>
			<ActivityBucketListActivation/>
			<ActivityDestinationArea/>
            <ActivityPRStunt/>
            <ActivitySpeedStunt/>
            <ActivityCareerEventActivation/>
            <ActivityGasStation/>
            <ActivityRaceCentral/>
            <ActivityAutoshow/>
            <ActivityWorkshop/>
            <ActivityDLCCenter/>
            <ActivityCarClub/>
            <ActivityPaintshop/>
            <ActivityRaceEncounter/>
            <ActivityBarnFind/>
			<ActivityStreetRaceHub/>
			<ActivityFlyers/>
			<ActivityAverageSpeed/>
			<ActivitySpeedCamera/>
		</ActivityPhotoShoot>

        <ActivityAverageSpeed>
            <ActivityRaceEncounter/>
            <ActivityBarnFind/>
        </ActivityAverageSpeed>

        <ActivitySpeedCamera>
            <ActivityRaceEncounter/>
            <ActivityBarnFind/>
        </ActivitySpeedCamera>
    </Blocking>

    <Cancelling> <!-- The list of things that should cancel an activity -->
        <ActivityRaceEncounter>
			<ActivityBucketListActivation/>
            <ActivityCareerEventActivation/>
            <ActivityGasStation/>
            <ActivityRaceCentral/>
            <ActivityAutoshow/>
            <ActivityWorkshop/>
            <ActivityDLCCenter/>
            <ActivityCarClub/>
            <ActivityPaintshop/>
			<ActivityStreetRaceHub/>
            <ActivityBarnFind/>
			<ActivityDestinationArea/>			
        </ActivityRaceEncounter>
        <ActivityAverageSpeed>
			<ActivityBucketListActivation/>
            <ActivityCareerEventActivation/>
            <ActivityGasStation/>
            <ActivityRaceCentral/>
            <ActivityAutoshow/>
            <ActivityWorkshop/>
            <ActivityDLCCenter/>
            <ActivityCarClub/>
            <ActivityPaintshop/>
			<ActivityStreetRaceHub/>
            <ActivityBarnFind/>
			<ActivityDestinationArea/>				
        </ActivityAverageSpeed>
    </Cancelling>

</ActivityCoordinator>
ActivityCoordinator>
ActivityCoordinator>
ActivityCoordinator>
