<StateGroup id="ambient_challenge_activations" >
    
    <State id="speed_camera_root">
        <Entry id="enter" target="attempt_acquire_game_control.enter" />
        <Exit id="exit" />
        
        <!-- InGameUI.enter should have a cutscene override -->
        <!-- InGameUI.exit should have a cutscene override -->
        <Node id="attempt_acquire_game_control" state="global.attempt_acquire_game_control" >
            <Entry id="enter" />
            <Exit id="success" target="can_access_feature.enter" />
            <Exit id="failure" target=".exit" />
        </Node>
        
        <!-- Do we have access to the server leaderboards -->
        <Node id="can_access_feature" state="global.can_access_leaderboards" >
            <Entry id="enter" />
            <Exit id="yes" target="passes_common_network_tests.enter" />
            <Exit id="no" target="passes_common_network_tests.enter" />
        </Node>
        
        <!-- Display why we do not have access to the server leaderboards -->
        <Node id="show_server_method_access_failure" state="UIShowScreens.show_server_method_access_failure" >
            <Entry id="enter" />
            <Exit id="exit" target="show_hud.enter" />
        </Node>
        
        <Node id="show_hud" state="global.show_hud_screen" >
            <Entry id="enter" />
            <Exit id="exit" target="release_game_control.enter" />
        </Node>
        
        <!-- Do we pass the common net work tests (xbox live, lsp) ? -->
        <Node id="passes_common_network_tests" state="UIShowScreens.can_access_online_feature_from_activation_prompt" >
            <Entry id="enter" />
            <Exit id="yes" target="pre_leaderboard.enter" />
            <Exit id="no" target="pre_leaderboard.enter" />
        </Node>
        
        <Node id="pre_leaderboard" state="InGameUI.enter_no_parking_brake" >
            <Entry id="enter" />
            <Exit id="exit" target="is_in_multiplayer.enter" />
        </Node>
		
		<!-- Check if we're in a Multiplayer game -->
		<Node id="is_in_multiplayer" state="global.is_in_multiplayer">
			<Entry id="enter" />
			<Exit id="yes" target="unpause_multiplayer_game.enter" />			
			<Exit id="no" target="show_scoreboard.enter" />
		</Node>
		
		<!-- Force the game to un-pause as we're in a Multiplayer game -->
		<Node id="unpause_multiplayer_game" state="global.unpause_game" >
            <Entry id="enter" />
            <Exit id="exit" target="show_scoreboard.enter" />
        </Node>
        
        <Node id="show_scoreboard" state="UIShowScreens.ShowAmbientChallengeScoreboardScreen">
            <Entry id="enter" />
            <Exit id="disconnected" target="post_leaderboard_exit.enter" />
            <Exit id="exit" target="post_leaderboard_exit.enter" />
        </Node>
        
        <Node id="post_leaderboard_exit" state="InGameUI.exit" >
            <Entry id="enter" />
            <Exit id="exit" target="release_game_control.enter" />
        </Node>
        
        <Node id="release_game_control" state="global.release_game_control">
            <Entry id="enter" />
            <Exit id="exit" target=".exit" />
        </Node>
    </State>
  
</StateGroup>te>
  
</StateGroup>te>
  
</StateGroup>te>
  
</StateGroup>