  <StateGroup id="workshops" >

    <!-- ================================================================ -->
    <!-- CUTSCENE PREPARE STATES -->
    <!-- ================================================================ -->
    <State id="prepare_pre_screen_cutscene_01">
      <Entry id="enter" target=".exit" />
      <Exit id="exit" />
      <Behaviour id="CPrepareCutscene" cutscene="workshop_festival_transition" />
    </State>

    <State id="prepare_post_screen_cutscene">
      <Entry id="enter" target=".exit" />
      <Exit id="exit" />
      <Behaviour id="CPrepareCutscene" cutscene="workshop_festival_outro" />
    </State>

    <State id="show_empty_screen_workshop" >
      <Entry id="enter" target=".exit" />
      <Exit id="exit" />
      <Behaviour id="CShowEmptyScreen" >
        <Attribute id="resource_package" value="Workshop" />
      </Behaviour>
    </State>

    <!-- ================================================================ -->
    <!-- CUTSCENE STATES -->
    <!-- ================================================================ -->
    <State id="pre_screen_camera_sequence">
        <Entry id="enter" target="show_empty_screen.enter" />
        <Exit id="exit" />

        <Node id="show_empty_screen" state="show_empty_screen_workshop" >
            <Entry id="enter" />
            <Exit id="exit" target="prepare_cutscene_01.enter" />
        </Node>

        <Node id="prepare_cutscene_01" state="prepare_pre_screen_cutscene_01">
            <Entry id="enter" />
            <Exit id="exit" target="play_cutscene_01.enter" />
        </Node>
        
        <Node id="play_cutscene_01" state="global.play_current_camera_sequence">
            <Entry id="enter" />
            <Exit id="exit" target="wait_for_cutscene.enter" />
        </Node>
        
        <Node id="wait_for_cutscene" state="global.wait_for_cutscene_countdown">
            <Entry id="enter" />
            <Exit id="exit" target=".exit" />
        </Node>
    </State>
  
    <State id="cutscene_post_reload_car">
      <Entry id="enter" target="prepare_cutscene_01.enter" />
      <Exit id="exit" />

      <Node id="prepare_cutscene_01" state="prepare_pre_screen_cutscene_01">
        <Entry id="enter" />
        <Exit id="exit" target="show_empty_screen.enter" />
      </Node>

      <node id="show_empty_screen" state="global.show_empty_screen">
          <Entry id="enter" />
          <Exit id="exit" target="play_cutscene_01.enter" />
      </node>

      <Node id="play_cutscene_01" state="global.play_current_camera_sequence">
          <Entry id="enter" />
          <Exit id="exit" target="wait_for_cutscene.enter" />
      </Node>

      <Node id="wait_for_cutscene" state="global.wait_for_cutscene_countdown">
          <Entry id="enter" />
          <Exit id="exit" target=".exit" />
      </Node>

    </State>

    <State id="post_screen_camera_sequence">
      <Entry id="enter" target="prepare_cutscene.enter" />
      <Exit id="exit" />

      <Node id="prepare_cutscene" state="prepare_post_screen_cutscene">
        <Entry id="enter" />
        <Exit id="exit" target="prepare_cutscene_black_out.enter" />
      </Node>

      <Node id="prepare_cutscene_black_out" state="global.black_out">
        <Entry id="enter" />
        <Exit id="exit" target="set_audio_exterior_freeroam.enter" />
      </Node>
	  
	  <Node id="set_audio_exterior_freeroam" state="Audio.exterior_freeroam">
        <Entry id="enter" />
        <Exit id="exit" target="show_empty_screen.enter" />
      </Node>	  

      <Node id="show_empty_screen" state="global.show_empty_screen" >
        <Entry id="enter" />
        <Exit id="exit" target="play_cutscene.enter" />
      </Node>

      <Node id="play_cutscene" state="global.play_current_camera_sequence_and_wait">
        <Entry id="enter" />
        <Exit id="exit" target="reset_camera.enter" />
      </Node>

      <Node id="reset_camera" state="global.reset_camera_to_player" >
        <Entry id="enter" />
        <Exit id="exit" target=".exit" />
      </Node>
    </State>


    <!-- ================================================================ -->
    <!-- SCREEN STATES -->
    <!-- ================================================================ -->
    <State id="workshop_screen" >
      <Entry id="enter" />
      <Entry id="back" />
      <Exit id="exit" />
      <Exit id="changeCar" />
      <Exit id="autoUpgrade" />
      <Exit id="chooseUpgrade" />
      <Exit id="loadUpgrade" />
      <Exit id="barnFindCars" />
      <Behaviour id="CShowWorkshopScreen" >
        <Attribute id="resource_package" value="Workshop" />
        <EntryFlag id="ifEnterBack" entry="back" />
        <Transition id="onDone" target=".exit" />
        <Transition id="onChangeCar" target=".changeCar" />
        <Transition id="onAutoUpgrade" target=".autoUpgrade" />
        <Transition id="onChooseUpgrade" target=".chooseUpgrade" />
        <Transition id="onLoadUpgrade" target=".loadUpgrade" />
        <Transition id="onBarnFindCars" target=".barnFindCars" />
      </Behaviour>
      <Behaviour id="CParentTransition">
        <Transition id="onParent" target=".exit" />
      </Behaviour>
    </State>
    <State id="workshop_screen_int" >
      <Entry id="enter" />
      <Entry id="back" />
      <Exit id="exit" />
      <Exit id="changeCar" />
      <Exit id="autoUpgrade" />
      <Exit id="chooseUpgrade" />
      <Exit id="loadUpgrade" />
      <Exit id="barnFindCars" />
      <Behaviour id="CShowWorkshopScreen" >
        <Attribute id="resource_package" value="WorkshopInt" />
        <EntryFlag id="ifEnterBack" entry="back" />
        <Transition id="onDone" target=".exit" />
        <Transition id="onChangeCar" target=".changeCar" />
        <Transition id="onAutoUpgrade" target=".autoUpgrade" />
        <Transition id="onChooseUpgrade" target=".chooseUpgrade" />
        <Transition id="onLoadUpgrade" target=".loadUpgrade" />
        <Transition id="onBarnFindCars" target=".barnFindCars" />
      </Behaviour>
    </State>
	
	<State id="garage_hub_screen" >
      <Entry id="enter" />
      <Entry id="back" />
      <Exit id="exit" />
      <Exit id="upgrades" />
      <Exit id="paint" />
      <Exit id="changecar" />
      <Exit id="barnfinder" />
      <Behaviour id="CShowGarageHUBScreen" >
        <Attribute id="resource_package" value="Workshop" />
        <EntryFlag id="ifEnterBack" entry="back" />
        <Transition id="onDone" target=".exit" />
        <Transition id="onUpgrades" target=".upgrades" />
        <Transition id="onPaint" target=".paint" />
        <Transition id="onChangeCar" target=".changecar" />
        <Transition id="onBarnFinds" target=".barnfinder" />
      </Behaviour>
      <Behaviour id="CParentTransition">
        <Transition id="onParent" target=".exit" />
      </Behaviour>
    </State>

	<State id="garage_upgrades_screen" >
      <Entry id="enter" />
	  <Entry id="back" />
      <Exit id="exit" />
      <Exit id="autoupgrades" />
      <Exit id="customupgrades" />
      <Exit id="myupgrades" />
      <Exit id="changecar" />
      <Behaviour id="CShowGarageUpgradesScreen" >
        <Attribute id="resource_package" value="Workshop" />
        <EntryFlag id="ifEnterBack" entry="back" />
        <Transition id="onDone" target=".exit" />
        <Transition id="onAutoUpgrade" target=".autoupgrades" />
        <Transition id="onCustomUpgrade" target=".customupgrades" />
        <Transition id="onMyUpgrades" target=".myupgrades" />
        <Transition id="onChangeCar" target=".changecar" />
      </Behaviour>
      <Behaviour id="CParentTransition">
        <Transition id="onParent" target=".exit" />
      </Behaviour>
    </State>
	
    <State id="show_autoUpgrade_screen" >
      <Entry id="enter" />
      <Exit id="exit" />
      <Behaviour id="CShowAutoUpgradeScreen" >
        <Attribute id="resource_package" value="WorkshopInt" />
        <Transition id="onDone" target=".exit" />
      </Behaviour>
    </State>

    <State id="show_chooseUpgrade_screen" >
      <Entry id="enter" />
      <Exit id="exit" />
      <Behaviour id="CShowChooseUpgradeScreen" >
        <Attribute id="resource_package" value="WorkshopInt" />
        <Transition id="onDone" target=".exit" />
      </Behaviour>
    </State>

    <State id="show_loadUpgrade_screen" >
      <Entry id="enter" />
      <Exit id="exit" />
      <Behaviour id="CShowLoadUpgradeScreen" >
        <Attribute id="resource_package" value="WorkshopInt" />
        <Transition id="onDone" target=".exit" />
      </Behaviour>
    </State>

    <State id="show_barnFindCars_screen" >
      <Entry id="enter" />
      <Exit id="exit" />
      <Exit id="next" />
      <Behaviour id="CShowBarnFindCarsScreen" >
        <!-- use current resource package -->
        <Transition id="onDone" target=".exit" />
        <Transition id="onNext" target=".next" />
      </Behaviour>
    </State>

    <State id="show_barnFindCarsReveal_screen" >
      <Entry id="enter" />
      <Exit id="exit" />
      <Exit id="done" />
      <Behaviour id="CBarnFindRevealScreen" >
        <Attribute id="resource_package" value="WorkshopInt" />
        <Transition id="onDone" target=".done" />
        <Transition id="onBack" target=".exit" />
      </Behaviour>
    </State>

    <!-- ================================================================ -->
    <!-- BARN FIND CARS FLOW -->
    <!-- ================================================================ -->
    <State id="barnFindCars_screen" >
      <Entry id="enter" target="barnFindCars.enter"/>
      <Exit id="exit" />
      <Exit id="exitBack" />

      <Node id="barnFindCars" state="show_barnFindCars_screen" >
        <Entry id="enter" />
        <Exit id="exit" target="refreshOnExit.enter" />
        <Exit id="next" target="barnFindWorkspace.enter" />
      </Node>

      <Node id="barnFindWorkspace" state="loadWorkshopInterior" >
        <Entry id="enter"/>
        <Exit id="exit" target="refreshAfterReveal.enter" />
      </Node>

      <Node id="refreshAfterReveal" state="refreshWorkspaceForNewCar">
        <Entry id="enter"/>
        <Exit id="exit" target="waitForContinue.enter"/>
      </Node>

      <Node id="waitForContinue" state="show_barnFindCarsReveal_screen">
        <Entry id="enter"/>
        <Exit id="exit" target="refreshOnExit.enter"/>
        <Exit id="done" target=".exitBack" />
      </Node>

      <Node id="refreshOnExit" state="refreshWorkspaceForNewCar">
        <Entry id="enter"/>
        <Exit id="exit" target=".exit"/>
      </Node>
    </State>

    
    <!-- ================================================================ -->
    <!-- Refresh workspace if there is a new car -->
    <!-- ================================================================ -->
    <State id="refreshWorkspaceForNewCar">
      <Entry id="enter" target="isBackgroundLoaded.enter"/>
      <Exit id="exit" />
      
      <Node id="isBackgroundLoaded" state="InGameUI.is_background_loaded">
        <Entry id="enter" />
        <Exit id="yes" target="doesUICarNeedToRefresh.enter" />
        <Exit id="no" target="reloadCarDecision.enter" />
      </Node>

      <Node id="doesUICarNeedToRefresh" state="InGameUI.is_background_uicar_out_of_sync">
        <Entry id="enter" />
        <Exit id="yes" target="show_loading.enter" />
        <Exit id="no" target=".exit" />
      </Node>

      <Node id="show_loading" state="global.show_loading_screen_nopackage">
        <Entry id="enter" />
        <Exit id="exit" target="refreshUICar.enter" />
      </Node>

      <Node id="refreshUICar" state="InGameUI.refresh_ui_car">
        <Entry id="enter" />
        <Exit id="exit" target="waitForBackgroundFadeIn.enter" />
      </Node>

      <Node id="waitForBackgroundFadeIn" state="global.wait_2_sec">
        <Entry id="enter" />
        <Exit id="exit" target=".exit" />
      </Node>

      <Node id="reloadCarDecision" state="InGameUI.reload_decision">
        <Entry id="enter" />
        <Exit id="exit" target=".exit" />
        <Exit id="exitReload" target="reloadCar.enter" />
      </Node>

      <Node id="reloadCar" state="InGameUI.reload_player_car">
        <Entry id="enter" />
        <Exit id="exit" target=".exit" />
      </Node>
    </State>

      <State id="loading_screen_to_functional_location" >
          <Entry id="enter" target=".exit" />
          <Exit id="exit" />
          <Behaviour id="CShowLoadingScreen" >
              <Attribute id="tip_group" value="workshop" />
          </Behaviour>
      </State>


    <!-- ================================================================ -->
    <!-- WORKSHOP FLOW -->
    <!-- ================================================================ -->
    <State id="flow">
      <Entry id="enter" target="garage_hub.enter" />
      <Entry id="enterDirectToInt" target="workshopIntPrepare.enter" />
      <Entry id="enterDirectToIntFromPaintshop" target="from_paintshop.enter" />
        <Entry id="enterDirectToIntFromAutoshow" target="from_autoshow.enter" />
      <Exit id="exit" />

      <Behaviour id="CInWorkshop" />
      <Behaviour id="CParentTransition" />

        <Node id="from_autoshow" state="loading_screen_to_functional_location">
            <Entry id="enter"/>
            <Exit id="exit" target="refreshUICar.enter"/>
        </Node>
        <Node id="refreshUICar" state="InGameUI.refresh_ui_car">
            <Entry id="enter" />
            <Exit id="exit" target="from_paintshop_load.enter" />
        </Node>

      <Node id="from_paintshop" state="loading_screen_to_functional_location">
        <Entry id="enter"/>
        <Exit id="exit" target="from_paintshop_load.enter"/>
      </Node>
      <Node id="from_paintshop_load" state="InGameUI.load_homespace_workshop">
        <Entry id="enter"/>
        <Exit id="exit" target="workshopInt.enter"/>
      </Node>

      <Node id="workshop" state="workshop_screen" >
        <Entry id="enter" />
        <Entry id="back" />
        <Exit id="exit" target="garage_hub.back" />
        <Exit id="changeCar" target="changeCar.enter" />
        <Exit id="autoUpgrade" target="autoUpgradePrepare.enter" />
        <Exit id="chooseUpgrade" target="chooseUpgradePrepare.enter" />
        <Exit id="loadUpgrade" target="loadUpgradePrepare.enter" />
        <Exit id="barnFindCars" target="barnFindCars.enter" />
      </Node>     
      <Node id="workshopInt" state="workshop_screen_int" >
        <Entry id="enter" />
        <Entry id="back" />
        <Exit id="exit" target=".exit" />
        <Exit id="changeCar" target="changeCarInt.enter" />
        <Exit id="autoUpgrade" target="autoUpgrade.enter" />
        <Exit id="chooseUpgrade" target="chooseUpgrade.enter" />
        <Exit id="loadUpgrade" target="loadUpgrade.enter" />
        <Exit id="barnFindCars" target="barnFindCarsInt.enter" />
      </Node>

	  <Node id="garage_hub" state="garage_hub_screen" >
        <Entry id="enter" />
        <Entry id="back" />
        <Exit id="exit" target=".exit" />
        <Exit id="upgrades" target="garage_upgrades.enter" />
        <Exit id="paint" target="paintshop_flow.enterDirectToInt" />
        <Exit id="changecar" target="changeCar.enter" />
        <Exit id="barnfinder" target="barnFindCars.enter" />
      </Node>     

	  <Node id="garage_upgrades" state="garage_upgrades_screen" >
        <Entry id="enter" />
        <Entry id="back" />
		<Exit id="exit" target="garage_hub.back" />
        <Exit id="autoupgrades" target="autoUpgradePrepare.enter" />
        <Exit id="customupgrades" target="chooseUpgradePrepare.enter" />
        <Exit id="myupgrades" target="loadUpgradePrepare.enter" />
        <Exit id="changecar" target="changeCar.enter" />
      </Node>     
	  
      <!-- Jump into the paintshop flow -->
	  <Node id="paintshop_flow" state="paintshop.flow" >
		<Entry id="enter" />
		<Entry id="enterDirectToInt" />
		<Entry id="enterDirectToIntFromWorkshop" />
		<Entry id="enterDirectToIntFromAutoshow" />
		<Exit id="exit" target="garage_hub.back" />
      </Node>
	  <!-- to here -->
	  
      <Node id="workshopIntPrepare" state="loadWorkshopInterior" >
        <Entry id="enter" />
        <Exit id="exit" target="workshopInt.enter" />
      </Node>

      <Node id="changeCar" state="InGameUI.changeCar_choose_flow">
        <Entry id="enter" />
		<Entry id="back" />
        <Exit id="exit" target="garage_hub.back" />
        <Exit id="exitReload" target="garage_hub.back" />
        <Exit id="viewCar" target="viewCarFromChangeCarPrepare.enter" />
      </Node>      
      <Node id="changeCarInt" state="InGameUI.changeCar_choose_flow">
        <Entry id="enter" />
        <Entry id="back" />
        <Exit id="exit" target="workshopInt.back" />
		<Exit id="exitReload" target="workshopInt.back" />
        <Exit id="viewCar" target="viewCarFromChangeCar.enter" />
      </Node>

      <Node id="autoUpgradePrepare" state="loadWorkshopInterior" >
        <Entry id="enter" />
        <Exit id="exit" target="autoUpgrade.enter" />
      </Node>
      <Node id="autoUpgrade" state="show_autoUpgrade_screen" >
        <Entry id="enter" />
        <Exit id="exit" target="garage_upgrades.back" />
      </Node>

      <Node id="chooseUpgradePrepare" state="loadWorkshopInterior" >
        <Entry id="enter" />
        <Exit id="exit" target="chooseUpgrade.enter" />
      </Node>
      <Node id="chooseUpgrade" state="show_chooseUpgrade_screen" >
        <Entry id="enter" />
        <Exit id="exit" target="garage_upgrades.back" />
      </Node>

      <Node id="loadUpgradePrepare" state="loadWorkshopInterior" >
        <Entry id="enter" />
        <Exit id="exit" target="loadUpgrade.enter" />
      </Node>
      <Node id="loadUpgrade" state="show_loadUpgrade_screen" >
        <Entry id="enter" />
        <Exit id="exit" target="garage_upgrades.back" />
      </Node>

      <Node id="barnFindCars" state="barnFindCars_screen">
        <Entry id="enter" />
        <Exit id="exit" target="garage_hub.back" />
        <Exit id="exitBack" target=".exit" />
      </Node>
<!--	  
        <Node id="isBackgroundLoaded" state="InGameUI.is_background_loaded">
            <Entry id="enter" />
            <Exit id="yes" target="workshopInt.back" />
            <Exit id="no" target="garage_hub.back" />
        </Node>
-->
        <Node id="barnFindCarsInt" state="barnFindCars_screen">
        <Entry id="enter" />
        <Exit id="exit" target="workshopInt.back" />
        <Exit id="exitBack" target=".exit" />
      </Node>

      <Node id="viewCarFromChangeCarPrepare" state="loadWorkshopInterior" >
        <Entry id="enter" />
        <Exit id="exit" target="viewCarFromChangeCar.enter" />
      </Node>
      <Node id="viewCarFromChangeCar" state="UIShowScreens.ShowViewCarScreen">
        <Entry id="enter" />
        <Exit id="exit" target="changeCar.back" />
      </Node>     

    </State>



    <!-- ================================================================ -->
    <!-- Load Workshop Interior Flow -->
    <!-- ================================================================ -->
    <State id="loadWorkshopInterior" >
      <Entry id="enter" target="showWorkshopInterior.enter"/>
      <Exit id="exit" />

      <Node id="showWorkshopInterior" state="InGameUI.show_homespace_workshop" >
        <Entry id="enter" />
        <Exit id="exit" target=".exit" />
      </Node>
    </State>




    <!-- ================================================================ -->
    <!-- Root Flow -->
    <!-- ================================================================ -->
    <State id="root">
      <Entry id="enter" target="test_game_control.enter" />
      <Exit id="exit" />

      <StateSubstitute state="InGameUI.cutscene_enter_activity" substitute="pre_screen_camera_sequence" />
      <StateSubstitute state="InGameUI.cutscene_exit_activity" substitute="post_screen_camera_sequence" />
      <StateSubstitute state="InGameUI.cutscene_post_reload_car" substitute="cutscene_post_reload_car" />
      <StateSubstitute state="InGameUI.loading_screen_to_functional_location" substitute="loading_screen_to_functional_location" />

      <Behaviour id="CGameControlWrapper" allow_failure="true"/>

      <Node id="test_game_control" state="global.test_game_control" >
        <Entry id="enter" />
        <Exit id="has_control" target="enter.enter" />
        <Exit id="does_not_have_control" target=".exit" />
      </Node>   
        
      <Node id="enter" state="InGameUI.enter">
        <Entry id="enter" />
        <Exit id="exit" target="main_menu.enter" />
      </Node>
      <Node id="main_menu" state="flow">
        <Entry id="enter" />
        <Exit id="exit" target="exit.enter" />
      </Node>
      <Node id="exit" state="InGameUI.exit">
        <Entry id="enter" />
        <Exit id="exit" target=".exit" />
      </Node>
    </State>


  </StateGroup>



  </StateGroup>



  </StateGroup>



  </StateGroup>
