<StateGroup id="destinationareas" >

	<!-- ==================================== -->

	<State id="root">
		<Entry id="enter" target="destinationarea_discovered.enter"/>
		<Exit id="exit"/>
		<Node id="destinationarea_discovered" state="destinationarea_discovered" >
			<Entry id="enter" />
			<Exit id="exit" target="request_micro_save.enter" />
		</Node>
		<!-- <Node id="award_achievement" state="achievement">
			<Entry id="enter" />
			<Exit id="exit" target="request_micro_save.enter" />
		</Node> -->
		<Node id="request_micro_save" state="global.micro_save" >
			<Entry id="enter" />
			<Exit id="exit" target=".exit" />
		</Node>
		<!-- <Node id="wait_1_sec" state="global.wait_1_sec">
			<Entry id="enter" />
			<Exit id="exit" target=".exit" />
		</Node> -->
	</State>
	
	<!-- ==================================== -->
	
	<State id="on_start_hub">
		<Entry id="enter" target="start_hub.enter"/>
		<Exit id="exit"/>
		<Behaviour id="CGameControlWrapper" />
		
        <Node id="start_hub" state="dest_hub.flow">
            <Entry id="enter" />
            <Exit id="exit" target="show_hud_screen.enter"/>
        </Node>	
		
        <Node id="show_hud_screen" state="global.show_hud_screen">
            <Entry id="enter" />
            <Exit id="exit" target=".exit" />
        </Node>

	</State>
	
	<!-- ==================================== -->
	<State id="InformMapIsDone" >
		<Entry id="enter" target=".exit" />
		<Exit id="exit" />
		<Behaviour id="CInformMapIsDone" skippedMap="false" />
	</State>
	
	<!-- ==================================== -->
	<!-- on_discovery_firsttime is used when initial experience is still running (needs to skip final fade in cos that happens in different flow) -->
	<State id="on_discovery_firsttime">
		<Entry id="enter" target="play_freeroam_music.enter"/>
		<Exit id="exit"/>
<!--		
        <Node id="post_movie" state="playmovie.post_movie_restore_freeroam">
            <Entry id="enter" />
            <Exit id="exit" target="show_map.enter"/>
        </Node>	
		-->
		<Node id="play_freeroam_music" state="Audio.play_freeroam_music_with_fades">
			<Entry id="enter" />
			<Exit id="exit" target="show_map.enter" />
		</Node>
		
        <Node id="show_map" state="ShowMapAndRaceSelectNoLock">
            <Entry id="enter" />
            <Exit id="exit" target="destinationarea_discovered.enter"/>
        </Node>	
		<Node id="destinationarea_discovered" state="destinationarea_discovered" >
			<Entry id="enter" />
			<Exit id="exit" target="request_micro_save.enter" />
		</Node>
		<Node id="request_micro_save" state="global.micro_save" >
			<Entry id="enter" />
			<Exit id="exit" target="inform_roadtrip_map_closed.enter" />
		</Node>
		<Node id="inform_roadtrip_map_closed" state="InformMapIsDone" >
			<Entry id="enter" />
			<Exit id="exit" target=".exit" />
		</Node>		
<!--
		<Node id="in_game_ui_exit" state="InGameUI.exit">
            <Entry id="enter" />
            <Exit id="exit" target="fade_in.enter" />
        </Node>		
-->

		
		<!--
        <Node id="fade_in" state="global.fade_in">
            <Entry id="enter" />
            <Exit id="exit" target="show_hud.enter" />
        </Node>
		
		<Node id="show_hud" state="global.show_hud_screen">
			<Entry id="enter" />
			<Exit id="exit" target=".exit" />
		</Node>
		-->
		
	</State>
	
	<!-- on_discovery_generic is used for all specific discovery areas after the intro movie -->
	<State id="on_discovery_generic">
		<Entry id="enter" target="play_freeroam_music.enter"/>
		<Exit id="exit"/>
<!--		
        <Node id="post_movie" state="playmovie.post_movie_restore_freeroam">
            <Entry id="enter" />
            <Exit id="exit" target="show_map.enter"/>
        </Node>	
		-->
		<Node id="play_freeroam_music" state="Audio.play_freeroam_music_with_fades">
			<Entry id="enter" />
			<Exit id="exit" target="show_map.enter" />
		</Node>
        <Node id="show_map" state="ShowMapAndRaceSelectNoLock">
            <Entry id="enter" />
            <Exit id="exit" target="destinationarea_discovered.enter"/>
        </Node>	
		<Node id="destinationarea_discovered" state="destinationarea_discovered" >
			<Entry id="enter" />
			<Exit id="exit" target="request_micro_save.enter" />
		</Node>
		<Node id="request_micro_save" state="global.micro_save" >
			<Entry id="enter" />
			<Exit id="exit" target="inform_roadtrip_map_closed.enter" />
		</Node>
		<Node id="inform_roadtrip_map_closed" state="InformMapIsDone" >
			<Entry id="enter" />
			<Exit id="exit" target="fade_in.enter" />
		</Node>		
<!--
		<Node id="in_game_ui_exit" state="InGameUI.exit">
            <Entry id="enter" />
            <Exit id="exit" target="fade_in.enter" />
        </Node>		
-->
		
        <Node id="fade_in" state="global.fade_in">
            <Entry id="enter" />
            <Exit id="exit" target="show_hud.enter" />
        </Node>
		
		<Node id="show_hud" state="global.show_hud_screen">
			<Entry id="enter" />
			<Exit id="exit" target=".exit" />
		</Node>
		
	</State>

	<!-- End Destination Initial Discovery States -->
	
	

	
	<State id="ShowMapAndRaceSelectNoLock">
		<Entry id="enter" target="unlock_satnav.enter" />
		<Exit id="exit" />
		<Behaviour id="CGameControlWrapper" />

		<Node id="unlock_satnav" state="global.unlock_satnav_destination" >
			<Entry id="enter" />
			<Exit id="exit" target="showmap.enter" />
		</Node>

		<Node id="showmap" state="map_flow">
			<Entry id="enter" />
			<Exit id="exit" target="enable_player.enter" />
		</Node>

		<Node id="enable_player" state="EnablePlayer">
			<Entry id="enter" />
			<Exit id="exit" target=".exit" />
		</Node>
<!--
		<Node id="show_hud" state="global.show_hud_screen">
			<Entry id="enter" />
			<Exit id="exit" target=".exit" />
		</Node>
		-->
	</State>

	<State id="EnablePlayer">
		<Entry id="enter" target="disable_car_parking_brake.enter" />
		<Exit id="exit" />
		<Behaviour id="CGameControlWrapper" />

		<Node id="disable_car_parking_brake" state="global.disable_car_parking_brake">
			<Entry id="enter" />
			<Exit id="exit" target="enable_satnav_audio.enter"/>
		</Node>

		<Node id="enable_satnav_audio" state="Audio.enable_satnav_audio">
			<Entry id="enter" />
			<Exit id="exit" target="enable_car_controls.enter" />
		</Node>

		<Node id="enable_car_controls" state="global.enable_car_control">
			<Entry id="enter" />
			<Exit id="exit" target="unblock_pause_entry.enter"/>
		</Node>

		<Node id="unblock_pause_entry" state="global.unblock_pause_entry">
			<Entry id="enter"/>
			<Exit id="exit" target=".exit"/>
		</Node>
	</State>

	
	<State id="map_flow" >
		<Entry id="enter" target="pre_map.enter"/>
		<Exit id="exit" />

		<Node id="pre_map" state="pre_map_flow" >
			<Entry id="enter" />
			<Exit id="exit" target="show.enter" />
		</Node>

		<Node id="show" state="show_map_internal" >
			<Entry id="enter" />
			<Exit id="exit" target="post_map.enter" />
		</Node>

		<Node id="post_map" state="post_map_flow" >
			<Entry id="enter" />
			<Exit id="exit" target=".exit" />
		</Node>
	</State>

	<State id="pre_map_flow" >
		<Entry id="enter" target="pause_game.enter"/>
		<Exit id="exit" />

		<Node id="pause_game" state="global.pause_game" >
			<Entry id="enter" />
			<Exit id="exit" target="load_map.enter" />
		</Node>
		<!-- todo, do we need to disable sat nav voice ? -->
		<Node id="load_map" state="map.load_map" >
			<Entry id="enter" />
			<Exit id="exit" target=".exit"/>
		</Node>
	</State>
	
	<State id="post_map_flow" >
		<Entry id="enter" target="store_position.enter"/>
		<Exit id="exit" />

		<Node id="store_position" state="global.store_car_position">
			<Entry id="enter" />
			<Exit id="exit" target="save_profile.enter" />
		</Node>

		<Node id="save_profile" state="global.save_profile" >
			<Entry id="enter" />
			<Exit id="exit" target="unload_map_to_empty_scene.enter" />
		</Node>

		<Node id="unload_map_to_empty_scene" state="map.unload_map_to_empty_scene" >
			<Entry id="enter" />
			<Exit id="exit" target="unpause_game.enter"/>
		</Node>

		<Node id="unpause_game" state="global.unpause_game_retain_audio_snapshot" >
			<Entry id="enter" />
			<Exit id="exit" target=".exit"/>
		</Node>	
	</State>

	<State id="show_map_internal" >
		<Entry id="enter" target="show_map.enter"/>
		<Exit id="exit" />

		<Node id="show_map" state="map.map_screen" >
			<Entry id="enter" />
			<Exit id="exit" target="should_lock_map.enter" />
			<Exit id="exit_to_game" target="should_lock_map.enter" />
			<Exit id="fast_travel" target="unload_map_then_fast_travel.enter" />
			<Exit id="ambientLeaderboard" target="." />
			<Exit id="lapRaceLeaderboard" target="." />
		</Node>

		<Node id="should_lock_map" state="global.map_locked_for_first_time_career" >
			<Entry id="enter" />
			<Exit id="yes" target="show_map.enter" />
			<Exit id="no" target=".exit" />
		</Node>
		
		<node id="unload_map_then_fast_travel" state="map.unload_map_then_fast_travel">
			<Entry id="enter" />
			<Exit id="exit" target=".exit" />
		</node>

	</State>

	<!-- End of Destination Initial Discovery Movies -->
	
	<State id="altraniroot">
		<Entry id="enter" target="destinationarea_discovered_atrani.enter"/>
		<Exit id="exit"/>
		<Node id="destinationarea_discovered_atrani" state="destinationarea_discovered_atrani" >
			<Entry id="enter" />
			<Exit id="exit" target="request_micro_save.enter" />
		</Node>
		<!-- <Node id="award_achievement" state="achievement">
			<Entry id="enter" />
			<Exit id="exit" target="request_micro_save.enter" />
		</Node> -->
		<Node id="request_micro_save" state="global.micro_save" >
			<Entry id="enter" />
			<Exit id="exit" target=".exit" />
		</Node>
		<!-- <Node id="wait_1_sec" state="global.wait_1_sec">
			<Entry id="enter" />
			<Exit id="exit" target=".exit" />
		</Node> -->
	</State>
	<State id="destinationarea_discovered">
		<Entry id="enter" target="disable_car_control.enter"/>
		<Exit id="exit"/>
		<Behaviour id="CGameControlWrapper" />
		<Node id="disable_car_control" state="global.disable_car_control" >
			<Entry id="enter" />
			<Exit id="exit" target="enable_parking_brake.enter" />
		</Node>
		<!-- <Node id="mute_car_audio" state="Audio.mute_car_audio">
			<Entry id="enter" />
			<Exit id="exit" target="enable_parking_brake.enter"/>
		</Node> -->
		<Node id="enable_parking_brake" state="global.enable_car_parking_brake">
			<Entry id="enter" />
			<Exit id="exit" target="enable_car_control.enter" />
		</Node>
		<!-- <Node id="black_out" state="global.black_out" >
			<Entry id="enter" />
			<Exit id="exit" target="show_empty_screen.enter" />
		</Node>
		<Node id="show_empty_screen" state="global.show_empty_screen_with_hud_resource" >
			<Entry id="enter" />
			<Exit id="exit" target="remove_traffic_cars.enter" />
		</Node>
		<Node id="remove_traffic_cars" state="global.wait_for_traffic_not_festival_to_be_removed">
			<Entry id="enter" />
			<Exit id="exit" target="hide_remote_cars.enter"/>
		</Node>
		<Node id="hide_remote_cars" state="global.hide_remote_cars">
			<Entry id="enter" />
			<Exit id="exit" target="stop_active_dialogues.enter" />
		</Node> -->
		<!-- Make sure we stop any currently playing dialogue VO so the VO snapshot gets
			 reset now, before the apply_mixer_snapshot_destinationarea state sets the Gameplay
			 snapshot to "DestinationArea", which will block any changes to the VO snapshot -->
		<!-- <Node id="stop_active_dialogues" state="Audio.stop_active_dialogues" >
			<Entry id="enter" />
			<Exit id="exit" target="audio_destinationarea.enter" />
		</Node>
		<Node id="audio_destinationarea" state="Audio.apply_mixer_snapshot_destinationarea" >
			<Entry id="enter" />
			<Exit id="exit" target="prepare_cutscene.enter" />
		</Node>
		<Node id="prepare_cutscene" state="prepare_cutscene" >
			<Entry id="enter" />
			<Exit id="exit" target="play_cutscene.enter" />
		</Node>
		<Node id="play_cutscene" state="global.play_current_camera_sequence_and_wait" >
			<Entry id="enter" />
			<Exit id="exit" target="blackout_for_outro.enter" />
		</Node>
		<Node id="blackout_for_outro" state="global.black_out">
			<Entry id="enter" />
			<Exit id="exit" target="prepare_outro_cutscene.enter" />
		</Node>
		<Node id="prepare_outro_cutscene" state="prepare_outro_cutscene" >
			<Entry id="enter" />
			<Exit id="exit" target="play_outro_cutscene.enter" />
		</Node>
		<Node id="play_outro_cutscene" state="global.fade_in_play_cutscene_and_wait" >
			<Entry id="enter" />
			<Exit id="exit" target="show_remote_cars.enter" />
		</Node>
		<Node id="show_remote_cars" state="global.show_remote_cars">
			<Entry id="enter" />
			<Exit id="exit" target="enable_traffic.enter" />
		</Node>
		<Node id="enable_traffic" state="global.enable_traffic_spawning">
			<Entry id="enter" />
			<Exit id="exit" target="reset_traffic.enter" />
		</Node>
		<Node id="reset_traffic" state="global.reset_traffic_cars_dont_destroy_existing">
			<Entry id="enter" />
			<Exit id="exit" target="enable_car_control.enter" />
		</Node> -->
		<!-- /*==========  SPAWN DESTINATION NODE EXAMPLE  ==========*/ -->
		<!-- <Node id="spawn_atrani" state="SpawnDestinationArea">
			<Entry id="enter" />
			<Exit id="exit" target="enable_car_control.enter" />
		</Node> -->
		<Node id="enable_car_control" state="global.enable_car_control" >
			<Entry id="enter" />
			<Exit id="exit" target="audio_freeroam.enter" />
		</Node>
		<Node id="audio_freeroam" state="Audio.apply_mixer_snapshot_freeroam" >
			<Entry id="enter" />
			<Exit id="exit" target="disable_parking_brake.enter" />
		</Node>
		<!--<Node id="unmute_car_audio" state="Audio.unmute_car_audio">
			<Entry id="enter" />
			<Exit id="exit" target="disable_parking_brake.enter"/>
		</Node> -->
		<Node id="disable_parking_brake" state="global.disable_car_parking_brake">
			<Entry id="enter" />
			<Exit id="exit" target="reset_mulligan.enter" />
		</Node>
		<!-- <Node id="enable_satnav_audio" state="Audio.enable_satnav_audio" >
			<Entry id="enter" />
			<Exit id="exit" target="reset_mulligan.enter" />
		</Node> -->
		<Node id="reset_mulligan" state="global.reset_mulligan" >
			<Entry id="enter" />
			<Exit id="exit" target=".exit" />
		</Node>
		<!-- <Node id="show_hud" state="global.show_hud_screen" >
			<Entry id="enter" />
			<Exit id="exit" target="reset_camera.enter" />
		</Node>
		<Node id="reset_camera" state="global.reset_camera_to_player" >
			<Entry id="enter" />
			<Exit id="exit" target=".exit" />
		</Node> -->
	</State>
	<State id="destinationarea_discovered_atrani">
		<Entry id="enter" target="disable_car_control.enter"/>
		<Exit id="exit"/>
		<Behaviour id="CGameControlWrapper" />
		<Node id="disable_car_control" state="global.disable_car_control" >
			<Entry id="enter" />
			<Exit id="exit" target="enable_parking_brake.enter" />
		</Node>
		<!-- <Node id="mute_car_audio" state="Audio.mute_car_audio">
			<Entry id="enter" />
			<Exit id="exit" target="enable_parking_brake.enter"/>
		</Node> -->
		<Node id="enable_parking_brake" state="global.enable_car_parking_brake">
			<Entry id="enter" />
			<Exit id="exit" target="spawn_atrani.enter" />
		</Node>
		<!-- <Node id="black_out" state="global.black_out" >
			<Entry id="enter" />
			<Exit id="exit" target="show_empty_screen.enter" />
		</Node>
		<Node id="show_empty_screen" state="global.show_empty_screen_with_hud_resource" >
			<Entry id="enter" />
			<Exit id="exit" target="remove_traffic_cars.enter" />
		</Node>
		<Node id="remove_traffic_cars" state="global.wait_for_traffic_not_festival_to_be_removed">
			<Entry id="enter" />
			<Exit id="exit" target="hide_remote_cars.enter"/>
		</Node>
		<Node id="hide_remote_cars" state="global.hide_remote_cars">
			<Entry id="enter" />
			<Exit id="exit" target="stop_active_dialogues.enter" />
		</Node> -->
		<!-- Make sure we stop any currently playing dialogue VO so the VO snapshot gets
			 reset now, before the apply_mixer_snapshot_destinationarea state sets the Gameplay
			 snapshot to "DestinationArea", which will block any changes to the VO snapshot -->
		<!-- <Node id="stop_active_dialogues" state="Audio.stop_active_dialogues" >
			<Entry id="enter" />
			<Exit id="exit" target="audio_destinationarea.enter" />
		</Node>
		<Node id="audio_destinationarea" state="Audio.apply_mixer_snapshot_destinationarea" >
			<Entry id="enter" />
			<Exit id="exit" target="prepare_cutscene.enter" />
		</Node>
		<Node id="prepare_cutscene" state="prepare_cutscene" >
			<Entry id="enter" />
			<Exit id="exit" target="play_cutscene.enter" />
		</Node>
		<Node id="play_cutscene" state="global.play_current_camera_sequence_and_wait" >
			<Entry id="enter" />
			<Exit id="exit" target="blackout_for_outro.enter" />
		</Node>
		<Node id="blackout_for_outro" state="global.black_out">
			<Entry id="enter" />
			<Exit id="exit" target="prepare_outro_cutscene.enter" />
		</Node>
		<Node id="prepare_outro_cutscene" state="prepare_outro_cutscene" >
			<Entry id="enter" />
			<Exit id="exit" target="play_outro_cutscene.enter" />
		</Node>
		<Node id="play_outro_cutscene" state="global.fade_in_play_cutscene_and_wait" >
			<Entry id="enter" />
			<Exit id="exit" target="show_remote_cars.enter" />
		</Node>
		<Node id="show_remote_cars" state="global.show_remote_cars">
			<Entry id="enter" />
			<Exit id="exit" target="enable_traffic.enter" />
		</Node>
		<Node id="enable_traffic" state="global.enable_traffic_spawning">
			<Entry id="enter" />
			<Exit id="exit" target="reset_traffic.enter" />
		</Node>
		<Node id="reset_traffic" state="global.reset_traffic_cars_dont_destroy_existing">
			<Entry id="enter" />
			<Exit id="exit" target="enable_car_control.enter" />
		</Node> -->
		<!-- /*==========  SPAWN DESTINATION NODE EXAMPLE  ==========*/ -->
		<Node id="spawn_atrani" state="SpawnDestinationArea">
			<Entry id="enter" />
			<Exit id="exit" target="enable_car_control.enter" />
		</Node>
		<Node id="enable_car_control" state="global.enable_car_control" >
			<Entry id="enter" />
			<Exit id="exit" target="audio_freeroam.enter" />
		</Node>
		 <Node id="audio_freeroam" state="Audio.apply_mixer_snapshot_freeroam" >
			<Entry id="enter" />
			<Exit id="exit" target="disable_parking_brake.enter" />
		</Node>
		<!--<Node id="unmute_car_audio" state="Audio.unmute_car_audio">
			<Entry id="enter" />
			<Exit id="exit" target="disable_parking_brake.enter"/>
		</Node> -->
		<Node id="disable_parking_brake" state="global.disable_car_parking_brake">
			<Entry id="enter" />
			<Exit id="exit" target="reset_mulligan.enter" />
		</Node>
		<!-- <Node id="enable_satnav_audio" state="Audio.enable_satnav_audio" >
			<Entry id="enter" />
			<Exit id="exit" target="reset_mulligan.enter" />
		</Node> -->
		<Node id="reset_mulligan" state="global.reset_mulligan" >
			<Entry id="enter" />
			<Exit id="exit" target=".exit" />
		</Node>
		<!-- <Node id="show_hud" state="global.show_hud_screen" >
			<Entry id="enter" />
			<Exit id="exit" target="reset_camera.enter" />
		</Node>
		<Node id="reset_camera" state="global.reset_camera_to_player" >
			<Entry id="enter" />
			<Exit id="exit" target=".exit" />
		</Node> -->
	</State>
	<!-- /*==========  SPAWN DESTINATION STATE EXAMPLE  ==========*/ -->
	<State id="SpawnDestinationArea" >
		<Entry id="enter" target=".exit" />
		<Exit id="exit" />
		<Behaviour id="CSpawnDestinationArea" LocationId="2" ShowHub="true" />
	</State>
	<!-- Placeholder cutscene -->
	<!-- <State id="prepare_cutscene" >
		<Entry id="enter" target=".exit" />
		<Exit id="exit"/>
		<Behaviour id="CPrepareCutscene" cutscene="fasttravel_cam" race_specific="false" />
	</State>
	<State id="prepare_outro_cutscene" >
		<Entry id="enter" target=".exit" />
		<Exit id="exit"/>
		<Behaviour id="CPrepareCutscene" cutscene="fasttravel_cam" race_specific="false" />
	</State>
	<State id="achievement" >
		<Entry id="enter" target=".exit" />
		<Exit id="exit"/>
		<Behaviour id="CAwardAchievement" achievement="ACHIEVEMENT_BARN_THIS_WAY" />
	</State>
	<State id="play_map_animation">
		<Entry id="enter" target=".exit" />
		<Exit id="exit"/>
		<Behaviour id="CPlayMapAnimation">
			<Attribute id="animation" value="barn_find_region1_unlock" />			
		</Behaviour>
	</State>
	
	<State id="play_VO" >
		<Entry id="enter" target=".exit" />
		<Exit id="exit" />
		<Behaviour id="CTriggerVO" trigger="BarnFind1215AppearsOnMap" wait="false"/>
	</State> -->
	<State id="destinationareaspawn_root">
		<Entry id="enter" target="show_empty_screen.enter" />
		<Exit id="exit" />
		<Behaviour id="CGameControlWrapper">
			<Transition id="onForceGiveUpControl" />
		</Behaviour>
		<Behaviour id="CForceMapFilterStatus" forceFilterType="On" filterType="DestinationAreas" />
		<Node id="show_empty_screen" state="global.show_empty_screen">
			<Entry id="enter" />
			<Exit id="exit" target="pause_game.enter" />
		</Node>
		<Node id="pause_game" state="global.pause_game" >
			<Entry id="enter" />
			<Exit id="exit" target="unpause_game.enter" />
		</Node>
		<!-- <Node id="play_VO" state="play_VO">
			<Entry id="enter" />
			<Exit id="exit" target="load_map_screen.enter" />
		</Node>
		<Node id="load_map_screen" state="map.load_map">
			<Entry id="enter" />
			<Exit id="exit" target="play_map_animation.enter" />
		</Node>
		<Node id="play_map_animation" state="play_map_animation">
			<Entry id="enter" />
			<Exit id="exit" target="map_flow.enter" />
		</Node>
		<Node id="map_flow" state="map.map_flow" >
			<Entry id="enter" />
			<Exit id="exit" target="show_hud_screen.enter" />
			<Exit id="exit_to_game" target="show_hud_screen.enter" />
		</Node>
		<Node id="show_hud_screen" state="global.show_hud_screen">
			<Entry id="enter" />
			<Exit id="exit" target="release_compressed_heap.enter" />
		</Node>
		<node id="release_compressed_heap" state="global.disable_compressed_heap">
			<Entry id="enter" />
			<Exit id="exit" target="unpause_game.enter" />
		</node> -->
		<Node id="unpause_game" state="global.unpause_game">
			<Entry id="enter" />
			<Exit id="exit" target=".exit" />
		</Node>
	</State>
	

<!-- ========================== GENERIC discovery states ==========================  -->

	<!-- =============== -->
	<State id="IsDestinationAreaDiscoveryCutsceneFMVOrInGame" >
		<Entry id="enter" />
		<Exit id="isFmv" />
		<Exit id="isInGame" />
		<Behaviour id="CIsDestinationAreaDiscoveryCutsceneFMVOrInGame">
			<Transition id="isFMV" target=".isFmv" />
			<Transition id="isInGame" target=".isInGame" />
		</Behaviour>
	</State>

	<!-- =============== -->

	<State id="PlayDiscoveryFMV" >
		<Entry id="enter" />
		<Exit id="exit" />
		<Behaviour id="CShowDestinationAreaDiscoveryFMV" confirmskip="true">
			<Transition id="onDone" target=".exit" />
		</Behaviour>
	</State>	
	
	<!-- =============== -->

	<State id="PrepareDestinationAreaDiscoveryCutscene" >
		<Entry id="enter" target=".exit" />
        <Exit id="exit"/>
        <Behaviour id="CPrepareDestinationAreaDiscoveryCutscene"/>
	</State>

	<!-- =============== -->

	<State id="PlayDestinationAreaDiscoveryFMV">
		<!-- Initial setup for when a Destination is discovered -->
		<Entry id="enter" target="show_empty_screen.enter"/>
		<Exit id="exit"/>

		<Node id="show_empty_screen" state="global.show_empty_screen">
            <Entry id="enter" />
            <Exit id="exit" target="in_game_ui_enter.enter" />
        </Node>		

		<Node id="in_game_ui_enter" state="InGameUI.enter_nocutscene">
            <Entry id="enter" />
            <Exit id="exit" target="stop_car.enter" />
        </Node>

		<Node id="stop_car" state="global.stop_car_immediately" >
			<Entry id="enter" />
			<Exit id="exit" target="pre_movie_prepare.enter" />
		</Node>	

		<Node id="pre_movie_prepare" state="playmovie.pre_movie_prepare">
            <Entry id="enter" />
            <Exit id="exit" target="audio_snapshot_video.enter" />
        </Node>
		
		<Node id="audio_snapshot_video" state="Audio.apply_mixer_snapshot_video" >
			<Entry id="enter" />
			<Exit id="exit" target="play_discovery_movie.enter" />
		</Node>
		
		<Node id="play_discovery_movie" state="PlayDiscoveryFMV" >
			<Entry id="enter" />
			<Exit id="exit" target="post_movie_restore.enter" />
		</Node>		

		<Node id="post_movie_restore" state="playmovie.post_movie_restore_nofadein_nosnapshot" >
			<Entry id="enter" />
			<Exit id="exit" target="disable_thumb_manager.enter" />
		</Node>
		
		<!-- SCN bugfix - no idea why "enter_nocutscene" state calls down into enable_thumbnail_manager, but it does, so need to disable it here or an Assert will trigger later on -->
		<Node id="disable_thumb_manager" state="global.disable_thumbnail_manager">
		  <Entry id="enter" />
		  <Exit id="exit" target=".exit" />
		</Node>		
		
	</State>

<!--	
	<State id="PlayDestinationAreaDiscoveryFMV">
		<Entry id="enter" target="fade_out.enter"/>
		<Exit id="exit"/>
		
		<Node id="fade_out" state="global.fade_out">
            <Entry id="enter" />
            <Exit id="exit" target="in_game_ui_enter.enter" />
        </Node>
		
		<Node id="in_game_ui_enter" state="InGameUI.enter">
            <Entry id="enter" />
            <Exit id="exit" target="stop_car.enter" />
        </Node>
		
		<Node id="stop_car" state="global.stop_car_immediately" >
			<Entry id="enter" />
			<Exit id="exit" target="audio_snapshot_video.enter" />
		</Node>	
		
		<Node id="audio_snapshot_video" state="Audio.apply_mixer_snapshot_video" >
			<Entry id="enter" />
			<Exit id="exit" target="play_discovery_movie.enter" />
		</Node>
		
		<Node id="play_discovery_movie" state="PlayDiscoveryFMV" >
			<Entry id="enter" />
			<Exit id="exit" target=".exit" />
		</Node>		
	</State>
-->	
	<!-- =============== -->
	
	<State id="PlayDestinationAreaDiscoveryCutscene">
		<Entry id="enter" target="fade_out.enter"/>
		<Exit id="exit"/>
		
		<Node id="fade_out" state="global.fade_out">
            <Entry id="enter" />
            <Exit id="exit" target="in_game_ui_enter.enter" />
        </Node>
		
		<Node id="in_game_ui_enter" state="InGameUI.enter">
            <Entry id="enter" />
            <Exit id="exit" target="stop_car.enter" />
        </Node>
		
		<Node id="stop_car" state="global.stop_car_immediately" >
			<Entry id="enter" />
			<Exit id="exit" target="prepare_destination_area_discovery_cutscene.enter" />
		</Node>	
		
		<Node id="prepare_destination_area_discovery_cutscene" state="PrepareDestinationAreaDiscoveryCutscene">
			<Entry id="enter" />
			<Exit id="exit" target="set_audio_free_roam.enter" />
		</Node>
			
		<Node id="set_audio_free_roam" state="Audio.apply_mixer_snapshot_freeroam">
			<Entry id="enter"/>
			<Exit id="exit" target="apply_mixer_snapshot_voplaying_instant.enter"/>
		</Node>
			
		<Node id="apply_mixer_snapshot_voplaying_instant" state="Audio.apply_mixer_snapshot_voplaying_instant">
			<Entry id="enter"/>
			<Exit id="exit" target="play_current_camera_and_wait.enter"/>
		</Node>				

		<Node id="play_current_camera_and_wait" state="global.play_current_camera_sequence_and_wait">
			<Entry id="enter" />
			<Exit id="exit" target="reset_cam.enter" />
		</Node>

		<Node id="reset_cam" state="global.reset_camera_to_player">
			<Entry id="enter" />
			<Exit id="exit" target="blackout_1.enter" />
		</Node>

		<Node id="blackout_1" state="global.black_out">
			<Entry id="enter" />
			<Exit id="exit" target=".exit" />
		</Node>    
	</State>	
	
	<!-- =============== -->
	
	<State id="do_nothing">
		<Entry id="enter" target=".exit" />
		<Exit id="exit" />
	</State>

	<!-- =============== -->

	<!-- Main generic discovery flow - calls to code to check database to see if discovery is an FMV or in-game cutscene then chooses the appropriate flow -->
	<State id="on_discovery_destinationarea">
		<Entry id="enter" target="check_if_fmv_or_cutscene.enter"/>
		<Exit id="exit"/>
		<Behaviour id="CGameControlWrapper" />

		<Node id="check_if_fmv_or_cutscene" state="IsDestinationAreaDiscoveryCutsceneFMVOrInGame" >
			<Entry id="enter" />
			<Exit id="isFmv" target="play_discovery_fmv.enter" />
			<Exit id="isInGame" target="is_first_time.enter" />
		</Node>

		<Node id="play_discovery_fmv" state="PlayDestinationAreaDiscoveryFMV" >
			<Entry id="enter" />
			<Exit id="exit" target="is_first_time.enter" />
		</Node>
		
		<Node id="play_discovery_cutscene" state="PlayDestinationAreaDiscoveryCutscene" >
			<Entry id="enter" />
			<Exit id="exit" target="is_first_time.enter" />
		</Node>

		<!-- Test if this discovery in within the initial experience -->
		<Node id="is_first_time" state="global.is_first_time_career" >
			<Entry id="enter" />
			<Exit id="yes" target="block_filter_flow.enter" />
			<Exit id="no" target="no_block_filter_flow.enter" />
		</Node>
		
		<!-- only block/unblock map filter for Atrani as this is InitialExperience map -->
		<Node id="block_filter_flow" state="global.block_map_toggle">
			<Entry id="enter"/>
			<Exit id="exit" target="post_movie_blockfilter.enter"/>
		</Node>
		
        <Node id="post_movie_blockfilter" state="on_discovery_firsttime">
            <Entry id="enter" />
            <Exit id="exit" target="unblock_filter.enter"/>
        </Node>	
		
		<Node id="unblock_filter" state="global.unblock_map_toggle">
			<Entry id="enter"/>
			<Exit id="exit" target=".exit"/>
		</Node>	

		<!-- Map flow without filter locking -->
        <Node id="no_block_filter_flow" state="on_discovery_generic">
            <Entry id="enter" />
            <Exit id="exit" target=".exit"/>
        </Node>	
		
	</State>

	<!-- =============== -->
	
</StateGroup>
->
	
</StateGroup>
->
	
</StateGroup>
->
	
</StateGroup>
