  <StateGroup id="dest_hub" >

    <!-- ================================================================ -->
    <!-- SCREEN STATES -->
    <!-- ================================================================ -->
	<State id="destination_hub_screen" >
      <Entry id="enter" />
      <Entry id="back" />
      <Exit id="exit" />
      <Exit id="progress" />
      <Exit id="online_roadtrip" />
      <Exit id="garage" />
      <Behaviour id="CShowDestinationHUBScreen" >
        <EntryFlag id="ifEnterBack" entry="back" />
        <Transition id="onDone" target=".exit" />
        <Transition id="onProgress" target=".progress" />
        <Transition id="onOnlineRoadTrip" target=".online_roadtrip" />
        <Transition id="onGarage" target=".garage" />
      </Behaviour>
      <Behaviour id="CParentTransition">
        <Transition id="onParent" target=".exit" />
      </Behaviour>
    </State>
	
	
    <State id="cutscene_post_reload_car_replacement">
      <Entry id="enter" target="stop_cutscene.enter" />
      <Exit id="exit" />

        <Node id="stop_cutscene" state="global.stop_cutscene" >
            <Entry id="enter" />
            <Exit id="exit" target="reset_camera.enter" />
        </Node>
        <Node id="reset_camera" state="global.reset_camera_to_player" >
            <Entry id="enter" />
            <Exit id="exit" target="FadeIn.enter" />
        </Node>
        <Node id="FadeIn" state="global.fade_in" >
            <Entry id="enter" />
            <Exit id="exit" target=".exit" />
        </Node>
    </State>

    <!-- ================================================================ -->
    <!-- Load Workshop Interior Flow -->
    <!-- ================================================================ -->
    <State id="loadWorkshopInterior" >
      <Entry id="enter" target="showWorkshopInterior.enter"/>
      <Exit id="exit" />

      <Node id="showWorkshopInterior" state="InGameUI.show_homespace_workshop" >
        <Entry id="enter" />
        <Exit id="exit" target=".exit" />
      </Node>
    </State>

    <!-- ================================================================ -->
    <!-- Multiplayer RoadTrip  -->
    <!-- ================================================================ -->
	<State id="multiplayer_flow">
        <Entry id="enter" target="set_audio.enter" />        
		<Exit id="exit" />

		<Node id="set_audio" state="Audio.to_lobby_or_title">
            <Entry id="enter" />
            <Exit id="exit" target="multiplayer_root.enter" />
        </Node>
		
        <Node id="multiplayer_root" state="multiplayer.pause_hub_flow">
            <Entry id="enter" />
            <Exit id="exit" target=".exit" />
			<Exit id="friends_list" target=".exit" />
			<Exit id="beginners" target=".exit" />
			<Exit id="social" target=".exit" />
			<Exit id="veteran" target=".exit" />
			<Exit id="pure_skill" target=".exit" />
			<Exit id="play_ground" target=".exit" />
        </Node>
	</State>
	
    <!-- ================================================================ -->
    <!-- Progress Flow  -->
    <!-- ================================================================ -->
	<State id="progress_flow">
        <Entry id="enter" target="enable_compressed_heap.enter" />
        <Exit id="exit" />

        <Node id="enable_compressed_heap" state="global.enable_compressed_heap" >
            <Entry id="enter"  />
            <Exit id="exit" target="show_roadtrip_selection_screen.enter" />
        </Node>

        <Node id="show_roadtrip_selection_screen" state="UIShowScreens.ShowOutpostRoadTripSelectScreen">
            <Entry id="enter" />
            <Exit id="exit" target="go_back.enter" />
            <Exit id="select" target="show_event_selection_screen.enter" />
		</Node>
		
        <Node id="show_event_selection_screen" state="UIShowScreens.ShowRoadTripEventSelectScreen">
            <Entry id="enter" />
            <Exit id="exit" target="show_roadtrip_selection_screen.enter" />
            <Exit id="selection" target="show_event_details_screen.enter" />
            <Exit id="leaderboard" target="show_event_leaderboard_screen.enter" />			
		</Node>
	
        <Node id="show_event_details_screen" state="UIShowScreens.ShowEventDetailsScreen">
            <Entry id="enter" />
			<Entry id="enterBack" />
            <Exit id="exit" target="show_event_selection_screen.enter" />
            <Exit id="selection" target="next_stage.enter" />
            <Exit id="leaderboard" target="show_event_leaderboard_screen_from_details.enter" />	
			<Exit id="rival" target="choose_show_scoreboard_from_details.enter" />
		</Node>

        <Node id="choose_show_scoreboard_from_details" state="global.config_select_rival_leaderboard">
			<Entry id="enter" />
			<Exit id="exit" target="show_scoreboard.enter" />
		</Node>

		<Node id="show_scoreboard" state="UIShowScreens.ShowSelectRivalLapTimeScoreboardScreen">
			<Entry id="enter" />
			<Exit id="exit" target="show_event_details_screen.enterBack" />
			<Exit id="disconnected" target="show_event_details_screen.enter" />
		</Node>
		
        <Node id="show_event_leaderboard_screen" state="UIShowScreens.ShowLapTimeScoreboardScreen">
            <Entry id="enter" />
            <Exit id="exit" target="show_event_selection_screen.enter" />
            <Exit id="disconnected" target="show_event_selection_screen.enter"/>
            <Exit id="parent_transition" target="show_event_selection_screen.enter" />
		</Node>

        <Node id="show_event_leaderboard_screen_from_details" state="UIShowScreens.ShowLapTimeScoreboardScreen">
            <Entry id="enter" />
            <Exit id="exit" target="show_event_details_screen.enter" />
            <Exit id="disconnected" target="show_event_details_screen.enter"/>
            <Exit id="parent_transition" target="show_event_details_screen.enter" />
		</Node>
		
        <node id="go_back" state="global.disable_compressed_heap">
          <Entry id="enter" />
          <Exit id="exit" target=".exit" />
        </node>
		
		<node id="next_stage" state="global.disable_compressed_heap">
          <Entry id="enter" />
          <Exit id="exit" target="set_audio_loading.enter" />
        </node>
		
		<Node id="set_audio_loading" state="Audio.loading" >
            <Entry id="enter" />
            <Exit id="exit" target="load_into_rivals_race.enter" />
        </Node>
		
		<Node id="load_into_rivals_race" state="global.LoadIntoTimeTrialRace" >
            <Entry id="enter" />
            <Exit id="exit" target=".exit" />
        </Node>
	</State>
	
	<!-- ================================================================ -->
    <!-- DESTINATION HUB - FLOW -->
    <!-- ================================================================ -->
    <State id="flow">
      <Entry id="enter" target="setup.enter" />
      <Exit id="exit" />

      <StateSubstitute state="InGameUI.loading_screen_to_functional_location" substitute="workshops.loading_screen_to_functional_location" />
	  <StateSubstitute state="InGameUI.cutscene_post_reload_car" substitute="cutscene_post_reload_car_replacement" />
      <Behaviour id="CParentTransition" />
	  
	  <Node id="setup" state="InGameUI.enter" >
		<Entry id="enter" />
		<Exit id="exit" target="destination_hub.enter" />
	  </Node>

	  <Node id="destination_hub" state="destination_hub_screen" >
        <Entry id="enter" />
        <Entry id="back" />
        <Exit id="exit" target="shutdown.enter" />
        <Exit id="progress" target="progress_flow.enter" />
        <Exit id="online_roadtrip" target="multiplayer_flow.enter" />
        <Exit id="garage" target="garage_startflow.enter" />
      </Node>     
	          
	<!-- SUMO_APW: This appears not to restore the player's position if you've changed car,but not loaded the interior-->
	<!-- SUMO_APW: I believe the position is restored, then the substituted cutscene_post_reload_car puts it back by the garage -->
	  <Node id="shutdown" state="InGameUI.exit" >
		<Entry id="enter" />
		<Exit id="exit" target=".exit" />
	  </Node>

	  <Node id="progress_flow" state="progress_flow">
		<Entry id="enter" />
		<Exit id="exit" target="destination_hub.back" />
	  </Node>		
	  
	  <Node id="multiplayer_flow" state="multiplayer_flow">
		<Entry id="enter" />
		<Exit id="exit" target="destination_hub.back" />	
	  </Node>		

	  <Node id="garage_startflow" state="global.enable_compressed_heap">
		<Entry id="enter" />
		<Exit id="exit" target="garage_flow.enter" />
	  </Node>		
	  
	  <Node id="garage_flow" state="workshops.flow">
		<Entry id="enter" />
		<Exit id="exit" target="unload_garage.enter" />
	  </Node>		

		<!-- This releases the workshop resource from the compressed heap -->
	  <Node id="unload_garage" state="global.show_empty_screen">
		<Entry id="enter" />
		<Exit id="exit" target="exit_homespace.enter" />
	  </Node>		
	  
	  <Node id="exit_homespace" state="InGameUI.exit_homespace_nocutscene">
		<Entry id="enter" />
		<Exit id="exit" target="destination_hub.back" />
		<Exit id="exit_no_reloads" target="destination_hub.back" />
	  </Node>		
	  
    </State>
	
		
    <!-- ================================================================ -->
    <!-- Root Flow -->
    <!-- ================================================================ -->
    <State id="root">
      <Entry id="enter" target="test_game_control.enter" />
      <Exit id="exit" />

      <Behaviour id="CGameControlWrapper" allow_failure="true"/>

      <Node id="test_game_control" state="global.test_game_control" >
        <Entry id="enter" />
        <Exit id="has_control" target="enter.enter" />
        <Exit id="does_not_have_control" target=".exit" />
      </Node>   
        
      <Node id="enter" state="InGameUI.enter">
        <Entry id="enter" />
        <Exit id="exit" target="main_menu.enter" />
      </Node>
      <Node id="main_menu" state="flow">
        <Entry id="enter" />
        <Exit id="exit" target="exit.enter" />
      </Node>
      <Node id="exit" state="InGameUI.exit">
        <Entry id="enter" />
        <Exit id="exit" target=".exit" />
      </Node>
    </State>


  </StateGroup>



  </StateGroup>



  </StateGroup>



  </StateGroup>
