<StateGroup id="Audio" >
 
  <!-- ================================================================ -->
  <!-- ATOMIC Audio states -->
  <!-- ================================================================ -->
  <State id="mute_car_audio" >
    <Entry id="enter" target=".exit" />
    <Exit id="exit" />
    <Behaviour id="CMuteCarAudio" mute="true" />
  </State>
  <State id="unmute_car_audio" >
    <Entry id="enter" target=".exit" />
    <Exit id="exit" />
    <Behaviour id="CMuteCarAudio" mute="false" />
  </State>
 
  <State id="play_race_music" >
    <Entry id="enter" target=".exit" />
    <Exit id="exit" />
    <Behaviour id="CStartRaceMusic" />
  </State> 
  <State id="play_freeroam_music" >
    <Entry id="enter" target=".exit" />
    <Exit id="exit" />
    <Behaviour id="CStartFreeRoamMusic" fadeTime="0.0f" />
  </State>
  <State id="play_freeroam_music_with_fades" >
    <Entry id="enter" target=".exit" />
    <Exit id="exit" />
    <Behaviour id="CStartFreeRoamMusic" fadeTime="1.0f" />
  </State>  
  
  <State id="enable_radio_dj" >
    <Entry id="enter" target=".exit" />
    <Exit id="exit" />
    <Behaviour id="CEnableRadioDJ" enable="true" />
  </State>
  <State id="disable_radio_dj" >
    <Entry id="enter" target=".exit" />
    <Exit id="exit" />
    <Behaviour id="CEnableRadioDJ" enable="false" />
  </State>
   
  <State id="enable_radio_station_switching" >
    <Entry id="enter" target=".exit" />
    <Exit id="exit" />
    <Behaviour id="CEnableRadioStationSwitching" enable="true" />
  </State>
  <State id="disable_radio_station_switching" >
    <Entry id="enter" target=".exit" />
    <Exit id="exit" />
    <Behaviour id="CEnableRadioStationSwitching" enable="false" />
  </State>
  
  <State id="enable_radio_silent_idents" >
    <Entry id="enter" target=".exit" />
    <Exit id="exit" />
    <Behaviour id="CEnableRadioSilentIdents" enable="true" />
  </State>
  <State id="disable_radio_silent_idents" >
    <Entry id="enter" target=".exit" />
    <Exit id="exit" />
    <Behaviour id="CEnableRadioSilentIdents" enable="false" />
  </State>
  
  <State id="stop_music" >
    <Entry id="enter" target=".exit" />
    <Exit id="exit" />
    <Behaviour id="CStopMusic" fade_duration="7" delay="0.0" />
  </State>
  
  <State id="start_music_ducking" >
    <Entry id="enter" target=".exit" />
    <Exit id="exit" />
    <Behaviour id="CMusicDucking" duck="true" />
  </State>

  <State id="mute_music">
    <Entry id="enter" target=".exit" />
    <Exit id="exit" />
    <Behaviour id="CSetMusicVolume" volume="0.0" />
  </State>
  <State id="set_music_volume_half">
    <Entry id="enter" target=".exit" />
    <Exit id="exit" />
    <Behaviour id="CSetMusicVolume" volume="0.5" />
  </State>
  <State id="set_music_volume_full">
    <Entry id="enter" target=".exit" />
    <Exit id="exit" />
    <Behaviour id="CSetMusicVolume" volume="1.0" />
  </State>

  <State id="enable_satnav_audio" >
    <Entry id="enter" target=".exit" />
    <Exit id="exit" />
    <Behaviour id="CEnableSatNavVoice" enable="true" />
  </State>
  <State id="disable_satnav_audio" >
    <Entry id="enter" target=".exit" />
    <Exit id="exit" />
    <Behaviour id="CEnableSatNavVoice" enable="false" />
  </State>
 
  <!-- Mix when you are in free roam and some event types, like missions. -->
  <State id="apply_mixer_snapshot_freeroam">
    <Entry id="enter" target=".exit" />
    <Exit id="exit" />
    <Behaviour id="CApplyMixerSnapshot" snapshot = "FreeRoam" />
  </State>
  <!-- Mix used during racing in events, such as races. -->
  <State id="apply_mixer_snapshot_race">
    <Entry id="enter" target=".exit" />
    <Exit id="exit" />
    <Behaviour id="CApplyMixerSnapshot" snapshot = "Race" snapshotDLC ="RaceRally" />
  </State>
  <!-- Mix used during racing in rally events. -->
  <State id="apply_mixer_snapshot_racerally">
    <Entry id="enter" target=".exit" />
    <Exit id="exit" />
    <Behaviour id="CApplyMixerSnapshot" snapshot = "RaceRally" />
  </State>
  <!-- Mix used during FMV. -->
  <State id="apply_mixer_snapshot_video">
    <Entry id="enter" target=".exit" />
    <Exit id="exit" />
    <Behaviour id="CApplyMixerSnapshot" snapshot = "Video" />
  </State>
  <!-- Mix when you are showing menus over the game world. -->
  <State id="apply_mixer_snapshot_ui_exterior">
    <Entry id="enter" target=".exit" />
    <Exit id="exit" />
    <Behaviour id="CApplyMixerSnapshot" snapshot = "UIExterior" />
  </State>
  <!-- Mix when focusing on the opponents car in a race encounter. -->
  <State id="apply_mixer_snapshot_raceencounter">
    <Entry id="enter" target=".exit" />
    <Exit id="exit" />
    <Behaviour id="CApplyMixerSnapshot" snapshot = "RaceEncounter" />
  </State>
  <!-- Mix when you are inside one of the functional location homespaces. -->
  <!-- Also used for multiplayer lobbies. -->
  <State id="apply_mixer_snapshot_ui_interior">
    <Entry id="enter" target=".exit" />
    <Exit id="exit" />
    <Behaviour id="CApplyMixerSnapshot" snapshot = "UIInterior" />
  </State>
  <!-- Mix used for all loading screens, such as into and out of a functional location or event. -->
  <State id="apply_mixer_snapshot_loading">
    <Entry id="enter" target=".exit" />
    <Exit id="exit" />
    <Behaviour id="CApplyMixerSnapshot" snapshot = "Loading" />
  </State>
  <!-- Mix used during the pre-race setup menus. -->
  <State id="apply_mixer_snapshot_pre_event">
    <Entry id="enter" target=".exit" />
    <Exit id="exit" />
    <Behaviour id="CApplyMixerSnapshot" snapshot = "PreEvent" />
  </State>
  <!-- Mix when the player pauses the game in any mode. -->
  <State id="apply_mixer_snapshot_paused">
    <Entry id="enter" target=".exit" />
    <Exit id="exit" />
    <Behaviour id="CApplyMixerSnapshot" snapshot = "Paused" />
  </State>
  <!-- Mix to use when in a multiplayer session when player pauses the game. -->
  <State id="apply_mixer_snapshot_paused_multiplayer">
    <Entry id="enter" target=".exit" />
    <Exit id="exit" />
    <Behaviour id="CApplyMixerSnapshot" snapshot = "PausedMultiplayer" />
  </State>  
   <!-- Mix at the very start of initial experience after intro FMV.-->
  <State id="apply_mixer_opening_cutscene">
    <Entry id="enter" target=".exit" />
    <Exit id="exit" />
    <Behaviour id="CApplyMixerSnapshot" snapshot = "OpeningCutscene" />
  </State> 
  <!-- Mix when fading down prior to first FMV at festival -->
  <State id="apply_mixer_snapshot_fadeout">
    <Entry id="enter" target=".exit" />
    <Exit id="exit" />
    <Behaviour id="CApplyMixerSnapshot" snapshot = "FadeOut" />
  </State>   
  <State id="apply_mixer_snapshot_fadeout_quick">
    <Entry id="enter" target=".exit" />
    <Exit id="exit" />
    <Behaviour id="CApplyMixerSnapshot" snapshot = "FadeOutQuick" />
  </State>   
  <State id="apply_mixer_snapshot_fadeout_really_quick">
    <Entry id="enter" target=".exit" />
    <Exit id="exit" />
    <Behaviour id="CApplyMixerSnapshot" snapshot = "FadeOutReallyQuick" />
  </State>  
  <!-- Additional mix applied to simulate VO playing (used for UnlockRadio cutscene) -->
  <State id="apply_mixer_snapshot_voplaying_instant">
    <Entry id="enter" target=".exit" />
    <Exit id="exit" />
    <Behaviour id="CApplyMixerSnapshot" snapshot = "VOPlayingInstant" />
  </State>

  <!-- Stop all currently playing dialogues (CDialogueManager::StopActiveDialogues()) -->
  <State id="stop_active_dialogues">
    <Entry id="enter" target=".exit" />
    <Exit id="exit" />
    <Behaviour id="CStopActiveDialogues" />
  </State>  

  <State id="apply_mixer_snapshot_barnfind">
    <Entry id="enter" target=".exit" />
    <Exit id="exit" />
    <Behaviour id="CApplyMixerSnapshot" snapshot = "Barnfind" />
  </State>     
  
  <State id="radio_3d_off">
    <Entry id="enter" target=".exit" />
    <Exit id="exit" />
    <Behaviour id="CEnableRadio3D" enable="false" />
  </State>

  <State id="set_radio_to_bass_arena">
      <Entry id="enter" target=".exit" />
      <Exit id="exit" />
      <Behaviour id="CSetRadioStation" station="bass_arena" />
  </State>

  <State id="set_radio_to_pulse">
      <Entry id="enter" target=".exit" />
      <Exit id="exit" />
      <Behaviour id="CSetRadioStation" station="pulse" />
  </State>

  <State id="set_radio_to_2_eleven">
      <Entry id="enter" target=".exit" />
      <Exit id="exit" />
      <Behaviour id="CSetRadioStation" station="2_eleven" />
  </State>

  <State id="set_radio_to_off">
      <Entry id="enter" target=".exit" />
      <Exit id="exit" />
      <Behaviour id="CSetRadioStation" station="radio_off" />
  </State>
  
  <State id="enable_ambient_audio_param_pre_race_ambience">
      <Entry id="enter" target=".exit"/>
      <Exit id="exit" />
      <Behaviour id="CSetAmbientAudioParameter" name="PreRaceAmbience" value="1" />
  </State>  
  
  <State id="disable_ambient_audio_param_pre_race_ambience">
      <Entry id="enter" target=".exit"/>
      <Exit id="exit" />
      <Behaviour id="CSetAmbientAudioParameter" name="PreRaceAmbience" value="0" />
  </State>    
  <!-- End of Audio states -->




  <!-- ================================================================ -->
  <!-- COMPOSITE Audio states -->
  <!-- ================================================================ -->
  <State id="exterior_freeroam" >
    <Entry id="enter" target="radio_3d_off.enter" />
    <Exit id="exit" />
    
    <Node id="radio_3d_off" state="radio_3d_off">
        <Entry id="enter" />
        <Exit id="exit" target="unmute_car_audio.enter" />
    </Node>

    <Node id="unmute_car_audio" state="unmute_car_audio">
      <Entry id="enter" />
      <Exit id="exit" target="apply_mixer_snapshot_freeroam.enter" />
    </Node>
    <Node id="apply_mixer_snapshot_freeroam" state="apply_mixer_snapshot_freeroam" >
      <Entry id="enter" />
      <Exit id="exit" target="disable_ambient_audio_param_pre_race_ambience.enter" />
    </Node>
    <Node id="disable_ambient_audio_param_pre_race_ambience" state="disable_ambient_audio_param_pre_race_ambience" >
      <Entry id="enter" />
      <Exit id="exit" target=".exit" />
    </Node>	
  </State>
  
  <State id="exterior_ui" >
    <Entry id="enter" target="apply_mixer_snapshot_ui_exterior.enter" />
    <Exit id="exit" />
    
    <Node id="apply_mixer_snapshot_ui_exterior" state="apply_mixer_snapshot_ui_exterior" >
      <Entry id="enter" />
      <Exit id="exit" target=".exit" />
    </Node>
  </State>
  
  <State id="exterior_prerace" >
    <Entry id="enter" target="unmute_car_audio.enter" />
    <Exit id="exit" />
    
    <Node id="unmute_car_audio" state="unmute_car_audio">
      <Entry id="enter" />
      <Exit id="exit" target="apply_mixer_snapshot_pre_event.enter" />
    </Node>
    
    <Node id="apply_mixer_snapshot_pre_event" state="apply_mixer_snapshot_pre_event" >
        <Entry id="enter" />
        <Exit id="exit" target=".exit" />
    </Node>
  </State>
  
  <State id="exterior_race" >
    <Entry id="enter" target="disable_satnav_audio.enter" />
    <Exit id="exit" />
    
    <Node id="disable_satnav_audio" state="disable_satnav_audio" >
        <Entry id="enter" />
        <Exit id="exit" target="apply_mixer_snapshot_race.enter" />
    </Node>
    
    <Node id="apply_mixer_snapshot_race" state="apply_mixer_snapshot_race" >
        <Entry id="enter" />
        <Exit id="exit" target=".exit" />
    </Node>
  </State>

  <State id="loading">
    <Entry id="enter" target="apply_mixer_snapshot_loading.enter" />
    <Exit id="exit" />
    
    <Node id = "apply_mixer_snapshot_loading" state = "apply_mixer_snapshot_loading">
        <Entry id="enter" />
        <Exit id="exit" target=".exit" />
    </Node>
  </State>

  <State id="interior_ui">
    <Entry id="enter" target="apply_mixer_snapshot_ui_interior.enter" />
    <Exit id="exit" />

    <Node id="apply_mixer_snapshot_ui_interior" state="apply_mixer_snapshot_ui_interior" >
      <Entry id="enter" />
      <Exit id="exit" target=".exit" />
    </Node>
  </State>

  <State id="video_playback">
    <Entry id="enter" target="stop_music.enter" />
    <Exit id="exit" />
    
    <Node id="stop_music" state="Audio.stop_music" >
      <Entry id="enter" />
      <Exit id="exit" target="apply_mixer_snapshot_video.enter" />
    </Node>

    <Node id="apply_mixer_snapshot_video" state="Audio.apply_mixer_snapshot_video" >
      <Entry id="enter" />
      <Exit id="exit" target="mute_car_audio.enter" />
    </Node>

    <Node id="mute_car_audio" state="Audio.mute_car_audio" >
      <Entry id="enter" />
      <Exit id="exit" target=".exit" />
    </Node>
  </State>
  
  <State id="to_lobby_or_title">
    <Entry id="enter" target="stop_music.enter" />
    <Exit id="exit" />
    
    <Node id="stop_music" state="Audio.stop_music" >
      <Entry id="enter" />
      <Exit id="exit" target="apply_mixer_snapshot_loading.enter" />
    </Node>

    <Node id="apply_mixer_snapshot_loading" state="Audio.apply_mixer_snapshot_loading" >
      <Entry id="enter" />
      <Exit id="exit" target=".exit" />
    </Node>
  </State>  

</StateGroup>
>  

</StateGroup>
>  

</StateGroup>
>  

</StateGroup>
