<StateGroup id="autoshows" >

    <State id="prepare_pre_screen_cutscene_01">
        <Entry id="enter" target=".exit" />
        <Exit id="exit" />
        <Behaviour id="CPrepareCutscene" cutscene="autoshow_festival_transition" />
    </State>
    
    <State id="prepare_pre_screen_cutscene_02">
        <Entry id="enter" target=".exit" />
        <Exit id="exit" />
        <Behaviour id="CPrepareCutscene" cutscene="autoshow_festival_intro" />
    </State>
    
    <State id="prepare_post_screen_cutscene">
        <Entry id="enter" target=".exit" />
        <Exit id="exit" />
        <Behaviour id="CPrepareCutscene" cutscene="autoshow_festival_outro" />
    </State>

    <State id="show_empty_screen_autoshow" >
      <Entry id="enter" target=".exit" />
      <Exit id="exit" />
      <Behaviour id="CShowEmptyScreen" >
        <Attribute id="resource_package" value="Autoshow" />
      </Behaviour>
    </State>
  
    <!-- ================================================================ -->
    <!-- CAMERA SEQUENCES                                                 -->
    <!-- ================================================================ -->
    <State id="pre_screen_camera_sequence">
        <Entry id="enter" target="show_empty_screen.enter" />
        <Exit id="exit" />

        <Node id="show_empty_screen" state="show_empty_screen_autoshow" >
            <Entry id="enter" />
            <Exit id="exit" target="prepare_cutscene_01.enter" />
        </Node>

        <Node id="prepare_cutscene_01" state="prepare_pre_screen_cutscene_01">
            <Entry id="enter" />
            <Exit id="exit" target="play_cutscene_01.enter" />
        </Node>
        
        <Node id="play_cutscene_01" state="global.play_current_camera_sequence">
            <Entry id="enter" />
            <Exit id="exit" target="wait_for_cutscene.enter" />
        </Node>
        
        <Node id="wait_for_cutscene" state="global.wait_for_cutscene_countdown">
            <Entry id="enter" />
            <Exit id="exit" target=".exit" />
        </Node>
    </State>

    <State id="pre_screen_no_sequence">
      <Entry id="enter" target="show_empty_screen.enter" />
      <Exit id="exit" />
      
      <Node id="show_empty_screen" state="global.show_empty_screen" >
        <Entry id="enter" />
        <Exit id="exit" target=".exit" />
      </Node>
    </State>
    
    <State id="post_screen_camera_sequence">
        <Entry id="enter" target="prepare_cutscene.enter" />
        <Exit id="exit" />

        <Node id="prepare_cutscene" state="prepare_post_screen_cutscene">
            <Entry id="enter" />
            <Exit id="exit" target="prepare_cutscene_black_out.enter" />
        </Node>

        <Node id="prepare_cutscene_black_out" state="global.black_out">
            <Entry id="enter" />
            <Exit id="exit" target="set_audio_exterior_freeroam.enter" />
        </Node>

		<Node id="set_audio_exterior_freeroam" state="Audio.exterior_freeroam">
            <Entry id="enter" />
            <Exit id="exit" target="show_empty_screen.enter" />
        </Node>
	
        <Node id="show_empty_screen" state="global.show_empty_screen" >
            <Entry id="enter" />
            <Exit id="exit" target="play_cutscene.enter" />
        </Node>
        
        <Node id="play_cutscene" state="global.play_current_camera_sequence_and_wait">
            <Entry id="enter" />
            <Exit id="exit" target="reset_camera.enter" />
        </Node>

        <Node id="reset_camera" state="global.reset_camera_to_player" >
            <Entry id="enter" />
            <Exit id="exit" target=".exit" />
        </Node>
    </State>

    <!-- ================================================================ -->
    <!-- UI SCREENS                                                       -->
    <!-- ================================================================ -->
    <State id="mfr_select_screen" >
        <Entry id="enter" />
        <Entry id="back" />
        <Exit id="exit" />
        <Exit id="next" />
        <Exit id="next_sellMyCars" />
        <Behaviour id="CShowManufacturerSelectScreen" >
            <!-- use current resource package -->
            <Transition id="onDone" target=".exit" />
            <Transition id="onNext" target=".next" />
            <Transition id="onSellCars" target=".next_sellMyCars" />
        </Behaviour>
    </State>
    
    <State id="car_model_select_screen" >
        <Entry id="enter" />
        <Entry id="back" />
        <Exit id="exit" />
        <Exit id="next" />
        <Exit id="quitToEventEntry" />
		
        <Behaviour id="CShowModelSelectScreen" >
            <!-- use current resource package -->
            <Transition id="onDone" target=".exit" />
            <Transition id="onNext" target=".next" />
            <Transition id="onQuit" target=".quitToEventEntry" />
        </Behaviour>
    </State>
    
    <State id="clr_select_screen" >
        <Entry id="enter" />
        <Exit id="exit" />
        <Exit id="doneToFestival" />
        <Exit id="doneToRace" />
        <Exit id="doneToMyCars" />
        <Exit id="stay" />
        <Behaviour id="CShowCarColorSelectScreen" >
            <Attribute id="resource_package" value="AutoshowInt" />
            <Transition id="onDone" target=".exit" />
            <Transition id="onFestival" target=".doneToFestival" />
            <Transition id="onRace" target=".doneToRace" />
            <Transition id="onStay" target=".stay" />
            <Transition id="onMyCars" target=".doneToMyCars" />
        </Behaviour>
    </State>

    <State id="car_sell_screen" >
      <Entry id="enter" />
      <Exit id="exit" />
      <Behaviour id="CShowAutoshowSellGarageCarsScreen" >
        <!-- use current resource package -->
        <Transition id="onDone" target=".exit" />
      </Behaviour>
    </State>

    <State id="autoshow_exterior">
        <Entry id="enter" target="car_select.enter" />
		<Exit id="exit"/>
        <Exit id="proceedToInterior"/>
        <Exit id="returnToFestival"/>
		
		<Node id="car_select" state="car_model_select_screen" >
            <Entry id="enter" />
            <Entry id="back" />
            <Exit id="exit" target=".returnToFestival" />
            <Exit id="next" target=".proceedToInterior" />
            <Exit id="quitToEventEntry" target=".returnToFestival" />
        </Node>
    </State>

    <State id="autoshow_interior">
        <Entry id="enter" target="clr_select.enter" />
        <Entry id="enterToModelSelect" target="car_select.enter" />
		<Exit id="exit" />
        <Exit id="returnToFestival" />
        <Exit id="exitToEventEntry" />
        <Exit id="exitToRace" />
        <Exit id="exitToMyCars" />
		
        <Node id="car_select" state="car_model_select_screen" >
            <Entry id="enter" />
            <Entry id="back" />
            <Exit id="exit" target=".returnToFestival" />
            <Exit id="next" target="clr_select.enter" />
            <Exit id="quitToEventEntry" target=".exitToEventEntry" />
        </Node>

        <Node id="clr_select" state="clr_select_screen" >
            <Entry id="enter" />
            <Exit id="exit" target="car_select.back" />
            <Exit id="doneToFestival" target=".returnToFestival" />
            <Exit id="doneToRace" target=".exitToRace" />
            <Exit id="doneToMyCars" target=".exitToMyCars" />
            <Exit id="stay" target="car_select.back" />
        </Node>

        <Node id="sell_cars" state="car_sell_screen" >
          <Entry id="enter" />
          <Exit id="exit" target="car_select.back" />
        </Node>
    </State>

    <State id="autoshow">
        <Entry id="enter" target="enabledownloader.enter"/>
        <Entry id="enterDirectToInt" target="enabledownloader_DirectToInt.enter"/>
        <Entry id="enterFromWorkshop" target="enabledownloader_FromWorkshop.enter" />
        <Exit id="exit"/>
        <Exit id="exitToEventEntry"/>
        <Exit id="exitToRace"/>
        <Exit id="exitToMyCars"/>
      
        <Node id="enabledownloader" state="global.enable_dlcmetadata_download">
            <Entry id="enter" />
            <Exit id="exit" target="autoshow_exterior.enter" />
        </Node>
              
        <Node id="autoshow_exterior" state="autoshow_exterior">
            <Entry id="enter" />
            <Exit id="proceedToInterior" target="load_autoshow.enter" />
            <Exit id="returnToFestival" target="disabledownloader.enter" />
        </Node>

        <Node id="enabledownloader_FromWorkshop" state="global.enable_dlcmetadata_download">
            <Entry id="enter" />
            <Exit id="exit" target="autoshow_exterior_from_workshop.enter" />
        </Node>

        <Node id="autoshow_exterior_from_workshop" state="autoshow_exterior">
            <Entry id="enter" />
            <Exit id="proceedToInterior" target="show_loading_screen.enter" />
            <Exit id="returnToFestival" target="disabledownloader.enter" />
        </Node>

        <Node id="show_loading_screen" state="global.show_loading_screen" >
            <Entry id="enter" />
            <Exit id="exit" target="load_autoshow.enter" />
        </Node>

        <Node id="load_autoshow" state="InGameUI.show_homespace_autoshow" >
            <Entry id="enter" />
            <Exit id="exit" target="autoshow_interior.enter" />
        </Node>

        <Node id="enabledownloader_DirectToInt" state="global.enable_dlcmetadata_download">
          <Entry id="enter" />
          <Exit id="exit" target="load_autoshow_DirectToInt.enter" />
        </Node>
      
        <Node id="load_autoshow_DirectToInt" state="InGameUI.show_homespace_autoshow" >
          <Entry id="enter" />
          <Exit id="exit" target="autoshow_interior.enterToModelSelect" />
        </Node>
      
        <Node id="autoshow_interior" state="autoshow_interior">
            <Entry id="enter" />
            <Entry id="enterToModelSelect" />
            <Exit id="returnToFestival" target="disabledownloader.enter" />
            <Exit id="exitToEventEntry" target="disabledownloader_exitToEventEntry.enter" />
            <Exit id="exitToRace" target="disabledownloader_exitToRace.enter" />
            <Exit id="exitToMyCars" target="disabledownloader_exitToMyCars.enter" />
        </Node>

        <Node id="disabledownloader" state="global.disable_dlcmetadata_download">
            <Entry id="enter" />
            <Exit id="exit" target=".exit" />
        </Node>

        <Node id="disabledownloader_exitToEventEntry" state="global.disable_dlcmetadata_download">
          <Entry id="enter" />
          <Exit id="exit" target=".exitToEventEntry" />
        </Node>
      
        <Node id="disabledownloader_exitToRace" state="global.disable_dlcmetadata_download">
          <Entry id="enter" />
          <Exit id="exit" target=".exitToRace" />
        </Node>
      
        <Node id="disabledownloader_exitToMyCars" state="global.disable_dlcmetadata_download">
          <Entry id="enter" />
          <Exit id="exit" target=".exitToMyCars" />
        </Node>
    </State>
    
    <State id="autoshow_reload_decision">
        <Entry id="enter" />
        <Exit id="exit" />
        <Exit id="exitReload" />
        <Behaviour id="CGarageReloadDecision" >
            <Transition id="onExit" target=".exit" />
            <Transition id="onExitReload" target=".exitReload" />
        </Behaviour>
    </State>

    <State id="loading_screen_to_functional_location" >
        <Entry id="enter" target=".exit" />
        <Exit id="exit" />
        <Behaviour id="CShowLoadingScreen" >
            <!-- use current resource package -->
            <Attribute id="resource_package" value="Loading" />
        </Behaviour>
    </State>

    <State id="pre_enter" >
      <Entry id="enter" target="InGameUI_enter.enter" />
      <Exit id="exit" />
      
      <StateSubstitute state="InGameUI.cutscene_enter_activity" substitute="pre_screen_camera_sequence" />

      <Node id="InGameUI_enter" state="InGameUI.enter">
        <Entry id="enter" />
        <Exit id="exit" target=".exit" />
      </Node>
    </State>
  
    <State id="pre_enter_direct_to_interior" >
      <Entry id="enter" target="InGameUI_enter.enter" />
      <Exit id="exit" />

      <StateSubstitute state="InGameUI.cutscene_enter_activity" substitute="pre_screen_no_sequence" />
      
      <Node id="InGameUI_enter" state="InGameUI.enter">
        <Entry id="enter" />
        <Exit id="exit" target=".exit" />
      </Node>
    </State>

    <State id="ExitCleanUp">
      <Entry id="enter" target="exit.enter" />
      <Exit id="exit" />
      
      <StateSubstitute state="InGameUI.cutscene_exit_activity" substitute="post_screen_camera_sequence" />

      <Node id="exit" state="InGameUI.exit">
        <Entry id="enter" />
        <Exit id="exit" target="post_reset.enter" />
      </Node>

      <Node id="post_reset" state="global.reset_stored_car_information" >
        <Entry id="enter" />
        <Exit id="exit" target=".exit" />
      </Node>
    </State>
  
    <State id="ExitCleanUp_ToRace">
      <Entry id="enter" target="show_empty_screen.enter" />
      <Exit id="exit" />
      
      <Node id="show_empty_screen" state="global.show_empty_screen" >
        <Entry id="enter" />
        <Exit id="exit" target="black_out.enter" />
      </Node>
      
      <!-- This currently doesn't seem to work quickly enough we may have some frames of empty homespace -->
      <Node id="black_out" state="global.black_out">
        <Entry id="enter" />
        <Exit id="exit" target="post_reset.enter" />
      </Node>	
	  
      <Node id="post_reset" state="global.reset_stored_car_information" >
        <Entry id="enter" />
        <Exit id="exit" target="disable_thumb_manager.enter" />
      </Node>

      <Node id="disable_thumb_manager" state="global.disable_thumbnail_manager">
        <Entry id="enter" />
        <Exit id="exit" target="loading_to_exterior.enter" />
      </Node>
      
      <Node id="loading_to_exterior" state="InGameUI.loading_to_exterior">
        <Entry id="enter" />
        <Exit id="exit" target="enable_presentation_render.enter" />
      </Node>

      <Node id="enable_presentation_render" state="global.enable_presentationrender">
        <Entry id="enter" />
        <Exit id="exit" target=".exit" />
      </Node>
    </State>

    <State id="ExitCleanUp_ToIEHeat">
      <Entry id="enter" target="hide_hud_for_heat.enter" />
      <Exit id="exit" />
		  
	  <Node id="hide_hud_for_heat" state="global.show_empty_screen">
		  <Entry id="enter" />
		  <Exit id="exit" target="disable_homespace_camera_fade_control.enter" />
	  </Node>
				
	  <Node id="disable_homespace_camera_fade_control" state="global.disable_homespace_camera_fade_control" >
        <Entry id="enter" />
        <Exit id="exit" target="fade_out.enter" />
      </Node>  
	  
	  <Node id="fade_out" state="global.fade_out" >
        <Entry id="enter" />
        <Exit id="exit" target="wait_a_bit.enter" />
      </Node>  
	  
	  <Node id="wait_a_bit" state="global.wait_4_frames" >
        <Entry id="enter" />
        <Exit id="exit" target="post_reset.enter" />
      </Node>  
	  
      <Node id="post_reset" state="global.reset_stored_car_information" >
        <Entry id="enter" />
        <Exit id="exit" target="disable_thumb_manager.enter" />
      </Node>

      <Node id="disable_thumb_manager" state="global.disable_thumbnail_manager">
        <Entry id="enter" />
        <Exit id="exit" target="loading_to_exterior.enter" />
      </Node>
	  
	  <!-- InGameUI.loading_to_exterior is no longer called, because the unload background call causes a series of nasty graphical glitches - this is now handled in LoadingManager.cpp -->
      <Node id="loading_to_exterior" state="Audio.loading">
        <Entry id="enter" />
        <Exit id="exit" target="enable_presentation_render.enter" />
      </Node>

      <Node id="enable_presentation_render" state="global.enable_presentationrender">
        <Entry id="enter" />
        <Exit id="exit" target="clear_block_free_roam_after_ie_garage.enter"/>		
      </Node>
	  
	  <!-- Added node to cure bug 47125: Subsequent calls to InGameUI.exit will leave you on the loading screen if this flag is set -->
	<Node id="clear_block_free_roam_after_ie_garage" state="InGameUI.ClearBlockFreeRoamAfterIEGarage">
		<Entry id="enter" />
		<Exit id="exit" target=".exit" />
	</Node>


    </State>
	
    <State id="DoNothing">
      <Entry id="enter" target=".exit" />
      <Exit id="exit" />
    </State>
  
    <State id="ExitCleanUp_ToEventEntry">
      <Entry id="enter" target="in_game_ui_exit.enter" />
      <Exit id="exit" />

      <StateSubstitute state="global.show_hud_screen" substitute="DoNothing" />
      
      <Node id="in_game_ui_exit" state="InGameUI.exit">
        <Entry id="enter" />
        <Exit id="exit" target="post_reset.enter" />
      </Node>

      <Node id="post_reset" state="global.reset_stored_car_information" >
        <Entry id="enter" />
        <Exit id="exit" target=".exit" />
      </Node>
    </State>

    <State id="ExitCleanUp_ToMyCars">
      <Entry id="enter" target="in_game_ui_exit.enter" />
      <Exit id="exit" />

      <StateSubstitute state="global.show_hud_screen" substitute="DoNothing" />

      <Node id="in_game_ui_exit" state="InGameUI.exit">
        <Entry id="enter" />
        <Exit id="exit" target="post_reset.enter" />
      </Node>

      <Node id="post_reset" state="global.reset_stored_car_information" >
        <Entry id="enter" />
        <Exit id="exit" target=".exit" />
      </Node>
    </State>

    <State id="root">
        <Entry id="enter" target="pre_reset.enter" />
        <Entry id="enterDirectToInt" target="pre_enter_direct_to_interior.enter" />
        <Exit id="exit" />
        <Exit id="exitToRace" />
        <Exit id="exitToMyCars" />

        <StateSubstitute state="InGameUI.loading_screen_to_functional_location" substitute="loading_screen_to_functional_location" />

        <!-- While in the whole of this state we need game control -->
        <Behaviour id="CGameControlWrapper" />
        <Behaviour id="CInAutoshow" />

        <Node id="pre_reset" state="global.reset_stored_car_information" >
            <Entry id="enter" />
            <Exit id="exit" target="pre_enter.enter" />
        </Node>
      
        <Node id="pre_enter" state="pre_enter">
            <Entry id="enter" />
            <Exit id="exit" target="main_menu.enter" />
        </Node>

        <Node id="pre_enter_direct_to_interior" state="pre_enter_direct_to_interior">
          <Entry id="enter" />
          <Exit id="exit" target="main_menu.enterDirectToInt" />
        </Node>
      
        <Node id="main_menu" state="autoshow">
            <Entry id="enter" />
            <Entry id="enterDirectToInt" />
            <Exit id="exit" target="exit_cleanup_first_run_decision.enter" />
            <Exit id="exitToEventEntry" target="exit_cleanup_to_event_entry.enter" />
            <Exit id="exitToRace" target="exit_cleanup_to_race.enter" />
            <Exit id="exitToMyCars" target="exit_cleanup_to_my_cars.enter" />
        </Node>
		
        <Node id="exit_cleanup_first_run_decision" state="global.is_first_time_career">
			<Entry id="enter" />
			<Exit id="yes" target="exit_cleanup_to_ie_heat.enter" />
			<Exit id="no" target="exit_cleanup.enter" />
        </Node>
		
        <Node id="exit_cleanup" state="ExitCleanUp">
          <Entry id="enter" />
          <Exit id="exit" target="should_show_car_challenge_video.enter" />
        </Node>
		
        <Node id="exit_cleanup_to_race" state="ExitCleanUp_ToRace">
          <Entry id="enter" />
          <Exit id="exit" target=".exitToRace" />
        </Node>
		
        <Node id="exit_cleanup_to_ie_heat" state="ExitCleanUp_ToIEHeat">
          <Entry id="enter" />
          <Exit id="exit" target=".exitToRace" />
        </Node>
		
        <Node id="exit_cleanup_to_event_entry" state="ExitCleanUp_ToEventEntry">
          <Entry id="enter" />
          <Exit id="exit" target=".exit" />
        </Node>

        <Node id="exit_cleanup_to_my_cars" state="ExitCleanUp_ToMyCars">
          <Entry id="enter" />
          <Exit id="exit" target=".exitToMyCars" />
        </Node>

        <Node id="should_show_car_challenge_video" state="global.should_show_car_challenge_intro">
          <Entry id="enter" />
          <Exit id="yes" target="show_car_challenge_video.enter" />
          <Exit id="no" target=".exit" />
        </Node>

        <Node id="show_car_challenge_video" state="car_challenges.video">
          <Entry id="enter" />
          <Exit id="exit" target=".exit" />
        </Node>
    </State>


</StateGroup>
>


</StateGroup>
>


</StateGroup>
>


</StateGroup>
