<StateGroup id="barnfinds" >

    <State id="root">
        <Entry id="enter" target="barnfind_discovered.enter"/>
        <Exit id="exit"/>

        <Node id="barnfind_discovered" state="barnfind_discovered" >
            <Entry id="enter" />
            <Exit id="exit" target="request_micro_save.enter" />
        </Node>

        <Node id="request_micro_save" state="global.micro_save" >
            <Entry id="enter" />
            <Exit id="exit" target="wait_1_sec.enter" />
        </Node>

        <Node id="wait_1_sec" state="global.wait_1_sec">
            <Entry id="enter" />
            <Exit id="exit" target=".exit" />
        </Node>
    </State>

    <State id="barnfind_discovered">
        <Entry id="enter" target="disable_car_control.enter"/>
        <Exit id="exit"/>

        <Behaviour id="CGameControlWrapper" />

        <Node id="disable_car_control" state="global.disable_car_control" >
            <Entry id="enter" />
            <Exit id="exit" target="mute_car_audio.enter" />
        </Node>

        <Node id="mute_car_audio" state="Audio.mute_car_audio">
            <Entry id="enter" />
            <Exit id="exit" target="enable_parking_brake.enter"/>
        </Node>

        <Node id="enable_parking_brake" state="global.enable_car_parking_brake">
            <Entry id="enter" />
            <Exit id="exit" target="black_out.enter" />
        </Node>

        <Node id="black_out" state="global.black_out" >
            <Entry id="enter" />
            <Exit id="exit" target="show_empty_screen.enter" />
        </Node>

        <Node id="show_empty_screen" state="global.show_empty_screen_with_hud_resource" >
            <Entry id="enter" />
            <Exit id="exit" target="remove_traffic_cars.enter" />
        </Node>

        <Node id="remove_traffic_cars" state="global.wait_for_traffic_not_festival_to_be_removed">
            <Entry id="enter" />
            <Exit id="exit" target="hide_remote_cars.enter"/>
        </Node>

        <Node id="hide_remote_cars" state="global.hide_remote_cars">
            <Entry id="enter" />
            <Exit id="exit" target="stop_active_dialogues.enter" />
        </Node>

        <!-- Make sure we stop any currently playing dialogue VO so the VO snapshot gets
             reset now, before the apply_mixer_snapshot_barnfind state sets the Gameplay
             snapshot to "BarnFind", which will block any changes to the VO snapshot -->
        <Node id="stop_active_dialogues" state="Audio.stop_active_dialogues" >
            <Entry id="enter" />
            <Exit id="exit" target="audio_barnfind.enter" />
        </Node>

        <Node id="audio_barnfind" state="Audio.apply_mixer_snapshot_barnfind" >
            <Entry id="enter" />
            <Exit id="exit" target="blackout_for_outro.enter" />
        </Node>

        <Node id="prepare_cutscene" state="prepare_cutscene" >
            <Entry id="enter" />
            <Exit id="exit" target="play_cutscene.enter" />
        </Node>

        <Node id="play_cutscene" state="global.play_current_camera_sequence_and_wait" >
            <Entry id="enter" />
            <Exit id="exit" target="blackout_for_outro.enter" />
        </Node>

        <Node id="blackout_for_outro" state="global.black_out">
            <Entry id="enter" />
            <Exit id="exit" target="prepare_outro_cutscene.enter" />
        </Node>

        <Node id="prepare_outro_cutscene" state="prepare_outro_cutscene" >
            <Entry id="enter" />
            <Exit id="exit" target="play_outro_cutscene.enter" />
        </Node>

        <Node id="play_outro_cutscene" state="global.fade_in_play_cutscene_and_wait" >
            <Entry id="enter" />
            <Exit id="exit" target="show_remote_cars.enter" />
        </Node>

        <Node id="show_remote_cars" state="global.show_remote_cars">
            <Entry id="enter" />
            <Exit id="exit" target="enable_traffic.enter" />
        </Node>

        <Node id="enable_traffic" state="global.enable_traffic_spawning">
            <Entry id="enter" />
            <Exit id="exit" target="reset_traffic.enter" />
        </Node>

        <Node id="reset_traffic" state="global.reset_traffic_cars_dont_destroy_existing">
            <Entry id="enter" />
            <Exit id="exit" target="enable_car_control.enter" />
        </Node>

        <Node id="enable_car_control" state="global.enable_car_control" >
            <Entry id="enter" />
            <Exit id="exit" target="audio_freeroam.enter" />
        </Node>

        <Node id="audio_freeroam" state="Audio.apply_mixer_snapshot_freeroam" >
            <Entry id="enter" />
            <Exit id="exit" target="unmute_car_audio.enter" />
        </Node>

        <Node id="unmute_car_audio" state="Audio.unmute_car_audio">
            <Entry id="enter" />
            <Exit id="exit" target="disable_parking_brake.enter"/>
        </Node>

        <Node id="disable_parking_brake" state="global.disable_car_parking_brake">
            <Entry id="enter" />
            <Exit id="exit" target="enable_satnav_audio.enter" />
        </Node>

        <Node id="enable_satnav_audio" state="Audio.enable_satnav_audio" >
            <Entry id="enter" />
            <Exit id="exit" target="reset_mulligan.enter" />
        </Node>

        <Node id="reset_mulligan" state="global.reset_mulligan" >
            <Entry id="enter" />
            <Exit id="exit" target="show_hud.enter" />
        </Node>

        <Node id="show_hud" state="global.show_hud_screen" >
            <Entry id="enter" />
            <Exit id="exit" target="reset_camera.enter" />
        </Node>

        <Node id="reset_camera" state="global.reset_camera_to_player" >
            <Entry id="enter" />
            <Exit id="exit" target=".exit" />
        </Node>

    </State>

    <!-- Placeholder cutscene -->
    <State id="prepare_cutscene" >
        <Entry id="enter" target=".exit" />
        <Exit id="exit"/>
        <Behaviour id="CPrepareCutscene" cutscene="fasttravel_camera_01" race_specific="false" />
    </State>

    <State id="prepare_outro_cutscene" >
        <Entry id="enter" target=".exit" />
        <Exit id="exit"/>
        <Behaviour id="CPrepareCutscene" cutscene="fasttravel_camera_01" race_specific="false" />
    </State>

      <State id="play_map_animation">
        <Entry id="enter" target=".exit" />
        <Exit id="exit"/>
        <Behaviour id="CPlayMapAnimation">
            <Attribute id="animation" value="barn_find_region1_unlock" />			
        </Behaviour>
    </State>
	
    <State id="play_VO" >
        <Entry id="enter" target=".exit" />
	<Exit id="exit" />
	<Behaviour id="CTriggerVO" trigger="BarnFind1215AppearsOnMap" wait="false"/>
    </State>


    <State id="barnfindspawn_root">
        <Entry id="enter" target="show_empty_screen.enter" />
        <Exit id="exit" />

        <Behaviour id="CGameControlWrapper">
            <Transition id="onForceGiveUpControl" />
        </Behaviour>

        <Behaviour id="CForceMapFilterStatus" forceFilterType="On" filterType="BarnFinds" />

        <Node id="show_empty_screen" state="global.show_empty_screen">
            <Entry id="enter" />
            <Exit id="exit" target="pause_game.enter" />
        </Node>
        <Node id="pause_game" state="global.pause_game" >
            <Entry id="enter" />
            <Exit id="exit" target="play_VO.enter" />
        </Node>
        <Node id="play_VO" state="play_VO">
            <Entry id="enter" />
            <Exit id="exit" target="load_map_screen.enter" />
        </Node>
        <Node id="load_map_screen" state="map.load_map">
            <Entry id="enter" />
            <Exit id="exit" target="play_map_animation.enter" />
        </Node>
        <Node id="play_map_animation" state="play_map_animation">
            <Entry id="enter" />
            <Exit id="exit" target="map_flow.enter" />
        </Node>
        <Node id="map_flow" state="map.map_flow" >
            <Entry id="enter" />
            <Exit id="exit" target="show_hud_screen.enter" />
            <Exit id="exit_to_game" target="show_hud_screen.enter" />
        </Node>
        <Node id="show_hud_screen" state="global.show_hud_screen">
            <Entry id="enter" />
            <Exit id="exit" target="release_compressed_heap.enter" />
        </Node>
        <node id="release_compressed_heap" state="global.disable_compressed_heap">
            <Entry id="enter" />
            <Exit id="exit" target="unpause_game.enter" />
        </node>
        <Node id="unpause_game" state="global.unpause_game">
            <Entry id="enter" />
            <Exit id="exit" target=".exit" />
        </Node>
    </State>
  
</StateGroup>
>
  
</StateGroup>
>
  
</StateGroup>
>
  
</StateGroup>
