<StateGroup id="bucketlist_activations" >

	<State id="activate_bucketlist_item">
      <Entry id="enter" />
	  <Exit id="exit" />
      <Exit id="next" />
      <Behaviour id="CActivateBucketListItem" >
        <Transition id="onDone" target=".exit" />
     </Behaviour>
	</State>

	
    <!-- ================================================================ -->
    <!-- ROOT STATE -->
    <!-- ================================================================ -->
    <State id="root">
        <Entry id="enter" target="attempt_acquire_game_control.enter" />
        <Exit id="exit" />

        <Node id="attempt_acquire_game_control" state="global.attempt_acquire_game_control" >
            <Entry id="enter" />
            <Exit id="success" target="reset_for_event_activation.enter" />
            <Exit id="failure" target=".exit" />
        </Node>
        
        <Node id="reset_for_event_activation" state="global.reset_for_event_activation">
          <Entry id="enter"/>
          <Exit id="exit" target="repair_car.enter" />
        </Node>

        <Node id="repair_car" state="global.reset_car_damage">
          <Entry id="enter" />
          <Exit id="exit" target="set_free_roam_car.enter"/>
        </Node>

        <Node id="set_free_roam_car" state="global.set_free_roam_car">
            <Entry id="enter"/>
            <Exit id="exit" target="set_career_event_mode.enter"/>
        </Node>

        <Node id="set_career_event_mode" state="global.set_career_event_free_roam_activation_point_access_mode" >
            <Entry id="enter" />
            <Exit id="exit" target="enter_flow.enter" />
        </Node>
		
        <Node id="enter_flow" state="InGameUI.enter" >
            <Entry id="enter" />
            <Exit id="exit" target="show_info.enter" />
        </Node>
		
		<Node id="show_info" state="UIShowScreens.ShowBucketListDetailsScreen" >
            <Entry id="enter" />
            <Exit id="exit" target="exit_flow.enter" />
			<Exit id="next" target="activate_bucketlist_item.enter" />
			<Exit id="playSolo" target="activate_bucketlist_item.enter" />
			<Exit id="sendInvites" target="invites_flow.enter" />
			<Exit id="acceptInvite" target="invites_flow.enter" />
        </Node>
		
		<Node id="invites_flow" state="multiplayer_co_op_challenge.root" >
            <Entry id="enter" />
			<Exit id="continue" target="activate_bucketlist_item.enter" />
            <Exit id="quit" target="exit_flow.enter" />
			<Exit id="exit" target="show_info.enter" />
        </Node>
		
        <Node id="activate_bucketlist_item" state="activate_bucketlist_item" >
            <Entry id="enter" />
            <Exit id="exit" target="disable_thumbnail_manager.enter" />
        </Node>
		
		<Node id="disable_thumbnail_manager" state="global.disable_thumbnail_manager">
			<Entry id="enter"/>
			<Exit id="exit" target="black_out.enter"/>
		</Node>
		
		<Node id="black_out" state="global.show_loading_screen">
			<Entry id="enter"/>
			<Exit id="exit" target="exit_flow.enterForLoading"/>
		</Node>

        <Node id="exit_flow" state="InGameUI.exit" >
			<Entry id="enter" />
            <Entry id="enterForLoading" />
            <Exit id="exit" target="unset_career_event_mode.enter" />
        </Node>

        <!-- The following flow is used when backing out of the menu. -->
        <Node id="unset_career_event_mode" state="global.unset_event_access_mode" >
            <Entry id="enter" />
            <Exit id="exit" target="unlock_time_of_day.enter" />
        </Node>
        <Node id="unlock_time_of_day" state="global.unlock_time_of_day">
          <Entry id="enter" />
          <Exit id="exit" target="attempt_to_release_game_control.enter" />
        </Node>
		
		<Node id="attempt_to_release_game_control" state="global.is_game_control_in_use">
            <Entry id="enter" />
            <Exit id="yes" target="release_game_control.enter" />
			<Exit id="no" target=".exit" />
        </Node>
		
        <Node id="release_game_control" state="global.release_game_control">
          <Entry id="enter" />
          <Exit id="exit" target=".exit" />
        </Node>

    </State>

</StateGroup>
te>

</StateGroup>
te>

</StateGroup>
te>

</StateGroup>
