<ActivityManager>
    <Activity type="CarChallengeTutorialActivity" name="car_challenge_tutorial_activity">
        <StateGroup id="tutorial" >
            <State id="start_intro">
                <Entry id="enter" target="pre_tutorial.enter" />
                <Exit id="exit" />
                
                <Node id="pre_tutorial" state="pre_tutorial">
                    <Entry id="enter"/>
                    <Exit id="exit" target="wait_for_recommendation_selected.enter"/>
                </Node>

                <!--wait until we have chosen a car-->
                <Node id="wait_for_recommendation_selected" state="wait_for_recommendation_selected">
                    <Entry id="enter"/>
                    <Exit id="success" target="save_recommendation_selected.enter"/>
                    <Exit id="disconnected" target="post_tutorial.enter"/>
                </Node>
                
                <!--trigger microsave-->
                <Node id="save_recommendation_selected" state="global.micro_save">
                    <Entry id="enter"/>
                    <Exit id="exit" target="wait_for_ready_to_complete_challenges.enter"/>
                </Node>
                
                <!--wait until we have seen the challenge details screen-->
                <Node id="wait_for_ready_to_complete_challenges" state="wait_for_ready_to_complete_challenges">
                    <Entry id="enter"/>
                    <Exit id="success" target="save_details_shown.enter"/>
                    <Exit id="disconnected" target="post_tutorial.enter"/>
                </Node>
                <!--trigger microsave-->
                <Node id="save_details_shown" state="global.micro_save">
                    <Entry id="enter"/>
                    <Exit id="exit" target="post_tutorial.enter"/>
                </Node>


                <Node id="post_tutorial" state="post_tutorial">
                    <Entry id="enter"/>
                    <Exit id="exit" target="wait_for_medal.enter"/>
                </Node>
                
                <Node id="wait_for_medal" state="wait_for_medal">
                    <Entry id="enter"/>
                    <Exit id="awarded" target=".exit"/>
                    <Exit id="disconnected" target="handle_disconnect.enter"/>
                </Node>
				
				<Node id="handle_disconnect" state="handle_disconnect">
				  <Entry id="enter" />
                  <Exit id="exit" target=".exit"/>
				</Node>
            </State>
            
            <State id="pre_tutorial">
                <Entry id="enter" target= "disable_car_controls.enter" />
                <Exit id="exit" />
                <Behaviour id="CGameControlWrapper" />
                
                <Node id="disable_car_controls" state="global.disable_car_control">
                  <Entry id="enter" />
                  <Exit id="exit" target="hide_hud.enter"/>
                </Node>
				
				<!-- We need to hide and reset the hud, so that the map/speedo are deactivated -->
				<Node id="hide_hud" state="global.show_empty_screen_with_hud_resource">
					<Entry id="enter"/>
					<Exit id="exit" target="reset_hud.enter"/>
				</Node>
				
				<Node id="reset_hud" state="global.show_hud_screen">
					<Entry id="enter" />
					<Exit id="exit" target=".exit"/>
				</Node>
            </State>
            
            <State id="post_tutorial">
                <Entry id="enter" target= "enable_car_controls.enter" />
                <Exit id="exit" />
                <Behaviour id="CGameControlWrapper" />
                
                <Node id="enable_car_controls" state="global.enable_car_control">
                  <Entry id="enter" />
                  <Exit id="exit" target=".exit"/>
                </Node>
            </State>
            
            <State id="wait_for_ready_to_complete_challenges">
                <Entry id="enter" />
                <Exit id="success" />
                <Exit id="disconnected" />

                <Behaviour id="CWaitForCarChallengeTutorialState" state="complete_challenge">
                    <Transition id="success" target=".success"/>
                    <Transition id="disconnected" target=".disconnected"/>
                </Behaviour>
            </State>

            <State id="wait_for_recommendation_selected">
                <Entry id="enter" />
                <Exit id="success" />
                <Exit id="disconnected" />

                <Behaviour id="CWaitForCarChallengeTutorialState" state="view_challenges">
                    <Transition id="success" target=".success"/>
                    <Transition id="disconnected" target=".disconnected"/>
                </Behaviour>
            </State>
            
            <State id="wait_for_medal">
                <Entry id="enter" />
                <Exit id="awarded" />
                <Exit id="disconnected" />
                
                <Behaviour id="CWaitForCarChallengeMedalAwarded">
                    <Transition id="medal_awarded" target=".awarded"/>
                    <Transition id="server_disconnect" target=".disconnected"/>
                </Behaviour>
            </State>
			
			<State id="handle_disconnect">
				<Entry id="enter" target="acquire_game_control.enter"/>
				<Exit id="exit" />
				
				<Node id="acquire_game_control" state="global.attempt_acquire_game_control">
					<Entry id="enter" />
					<Exit id="success" target="hide_hud.enter" />
					<Exit id="failure" target=".exit" />
				</Node>
				<!-- We need to hide and reset the hud on disconnect, so that the map/speedo are activated again -->
				<Node id="hide_hud" state="global.show_empty_screen_with_hud_resource">
					<Entry id="enter"/>
					<Exit id="exit" target="reset_hud.enter"/>
				</Node>
				
				<Node id="reset_hud" state="global.show_hud_screen">
					<Entry id="enter" />
					<Exit id="exit" target="release_game_control.enter"/>
				</Node>
				
				<Node id="release_game_control" state="global.release_game_control">
					<Entry id="enter" />
					<Exit id="exit" target=".exit" />
				</Node>
			</State>
        </StateGroup>
    </Activity>
</ActivityManager>y>
</ActivityManager>y>
</ActivityManager>y>
</ActivityManager>