<StateGroup id="carChallengeMenus" >

  <State id="root">
    <Entry id="enter" target="enable_compressed_heap.enter" />
    <Exit id="exit" />
    <Exit id="exitToGame" />

    <Node id="enable_compressed_heap" state="global.enable_compressed_heap" >
      <Entry id="enter"  />
      <Exit id="exit" target="should_show_car_challenge_video.enter" />
    </Node>

    <Node id="should_show_car_challenge_video" state="global.should_show_car_challenge_intro">
        <Entry id="enter" />
        <Exit id="yes" target="show_car_challenge_video.enter" />
        <Exit id="no" target="car_challenge_home_screen.enter" />
    </Node>

    <Node id="show_car_challenge_video" state="global.load_into_free_roam">
        <Entry id="enter" />
        <Exit id="exit" target=".exit" />
    </Node>
      
      
    <Node id="car_challenge_home_screen" state="UIShowScreens.ShowCarChallengeHomeScreen">
      <Entry id="enter" />
      <Exit id="exit" target="clean_up_autoshow_homespace.enter" />
      <Exit id="currentCar" target="current_car_challenge_screen.enter" />
      <Exit id="achievements" target="car_challenge_achievements_screen.enter" />
      <Exit id="allChallenges" target="all_car_challenges_flow.enter" />
      <Exit id="leaderboard" target="car_challenge_scoreboard_screen.enter" />
      <Exit id="recommendation" target="recommended_car_challenges_flow.enter" />
    </Node>

    <Node id="car_challenge_achievements_screen" state="UIShowScreens.ShowCarChallengeAchievementsScreen">
      <Entry id="enter" />
      <Exit id="exit" target="car_challenge_home_screen.enter" />
      <Exit id="select" target="achievement_recommended_car_challenges_flow.enter" />
    </Node>

    <Node id="achievement_recommended_car_challenges_flow" state="car_challenge_recommendation_flow">
      <Entry id="enter" />
      <Exit id="exit" target="car_challenge_achievements_screen.enter" />
      <Exit id="exitToGame" target="clean_up_autoshow_homespace_to_game.enter" />
    </Node>

    <Node id="current_car_challenge_screen" state="UIShowScreens.ShowCurrentCarChallengeScreen">
      <Entry id="enter" />
      <Exit id="exit" target="car_challenge_home_screen.enter" />
      <Exit id="fastTravel" target="clean_up_autoshow_homespace_fast_travel.enter" />
      <Exit id="setDestination" target="clean_up_autoshow_homespace_set_destination.enter" />
    </Node>
	
    <Node id="car_challenge_scoreboard_screen" state="UIShowScreens.car_challenge_scoreboard_screen">
	  <Entry id="enter" />
	  <Exit id="exit" target="car_challenge_home_screen.enter" />
	  <Exit id="disconnected" target="car_challenge_home_screen.enter" />
    </Node>

    <Node id="all_car_challenges_flow" state="all_car_challenges_flow">
      <Entry id="enter" />
      <Exit id="exit" target="car_challenge_home_screen.enter" />
      <Exit id="exitToGame" target="clean_up_autoshow_homespace_to_game.enter" />
    </Node>

    <Node id="recommended_car_challenges_flow" state="car_challenge_recommendation_flow">
        <Entry id="enter" />
        <Exit id="exit" target="car_challenge_home_screen.enter" />
        <Exit id="exitToGame" target="tutorial_car_selected.enter" />
    </Node>

    <Node id="clean_up_autoshow_homespace" state="clean_up_autoshow_homespace">
      <Entry id="enter" />
      <Exit id="exit" target="pause.enter" />
    </Node>
    <Node id="pause" state="global.pause_game">
      <Entry id="enter" />
      <Exit id="exit" target="load_pause_screen.enter" />
    </Node>
    <Node id="load_pause_screen" state="load_pause_screen">
      <Entry id="enter" />
      <Exit id="exit" target="release_compressed_heap.enter" />
    </Node>
    <Node id="release_compressed_heap" state="global.disable_compressed_heap">
      <Entry id="enter" />
      <Exit id="exit" target=".exit" />
    </Node>
    
    <Node id="tutorial_car_selected" state="recommendation_car_selected">
        <Entry id="enter" />
        <Exit id="exit" target="should_disable_car_controls.enter" />
    </Node>

    <Node id="should_disable_car_controls" state="tutorial_state_decision">
        <Entry id="enter"/>
        <Exit id="selecting_car" target="disable_car_controls.enter"/>
        <Exit id="viewing_challenges" target="disable_car_controls.enter"/>
        <Exit id="completing_challenges" target="clean_up_autoshow_homespace_to_game.enter"/>
        <Exit id="inactive" target="clean_up_autoshow_homespace_to_game.enter"/>
    </Node>
      
    <Node id="disable_car_controls" state="global.disable_car_control">
        <Entry id="enter"/>
        <Exit id="exit" target="clean_up_autoshow_homespace_to_game.enter"/>
    </Node>
    
    <Node id="clean_up_autoshow_homespace_to_game" state="clean_up_autoshow_homespace">
      <Entry id="enter" />
      <Exit id="exit" target=".exitToGame" />
    </Node>

    <Node id="clean_up_autoshow_homespace_fast_travel" state="clean_up_autoshow_homespace">
      <Entry id="enter" />
      <Exit id="exit" target="show_empty_screen.enter" />
    </Node>

    <Node id="show_empty_screen" state="global.show_empty_screen">
      <Entry id="enter" />
      <Exit id="exit" target="fast_travel.enter" />
    </Node>

    <Node id="fast_travel" state="fasttravel.perform_fast_travel">
      <Entry id="enter" />
      <Exit id="exit" target=".exitToGame" />
    </Node>

    <Node id="clean_up_autoshow_homespace_set_destination" state="clean_up_autoshow_homespace">
      <Entry id="enter" />
      <Exit id="exit" target="show_empty_screen_set_destination.enter" />
    </Node>

    <Node id="show_empty_screen_set_destination" state="global.show_empty_screen">
      <Entry id="enter" />
      <Exit id="exit" target=".exitToGame" />
    </Node>

  </State>

  <State id="root_from_in_game">
    <Entry id="enter" target="root.enter" />
    <Exit id="exit" />
    
    <StateSubstitute state="load_pause_screen" substitute="global.show_empty_screen_with_hud_resource" />

    <Node id="root" state="root">
      <Entry id="enter" />
      <Exit id="exit" target=".exit" />
      <Exit id="exitToGame" target=".exit" />
    </Node>
  </State>
    
  <State id="clr_select_screen" >
    <Entry id="enter" />
    <Exit id="finish" />
    <Exit id="back" />
    <Exit id="continueShopping" />
    <Behaviour id="CShowCarColorSelectScreen" >
      <Transition id="onDone" target=".back" />
      <Transition id="onFestival" target=".finish" />
      <Transition id="onRace" target=".finish" />
      <Transition id="onStay" target=".continueShopping" />
      <Transition id="onMyCars" target=".finish" />
    </Behaviour>
  </State>

  <State id="all_car_challenges_flow">
    <Entry id="enter" target="enabledownloader.enter" />
    <Exit id="exit" />
    <Exit id="exitToGame" />

    <Node id="enabledownloader" state="global.enable_dlcmetadata_download">
      <Entry id="enter" />
      <Exit id="exit" target="manufacturer_screen.enter" />
    </Node>
    
    <Node id="manufacturer_screen" state="manufacturer_select_screen">
      <Entry id="enter" />
      <Entry id="enterFromBack" />
      <Exit id="exit" target="cleanUp_back.enter" />
      <Exit id="next" target="car_model_screen.enter" />
    </Node>

    <Node id="car_model_screen" state="UIShowScreens.ShowCarChallengeCarSelectScreen">
      <Entry id="enter" />
      <Exit id="exit" target="manufacturer_screen.enterFromBack" />
      <Exit id="next" target="prepare_autoshow_homespace.enter" />
      <Exit id="multiGarageCar" target="garage_car_select.enter" />
      <Exit id="singleGarageCar" target="cleanUp_reloadCar.enter" />
      <Exit id="challengeDetails" target="car_challenge_details_screen_for_mdl_select.enter" />
    </Node>	
	
    <Node id="garage_car_select" state="UIShowScreens.ShowCarChallengeGarageCarSelectScreen">
      <Entry id="enter" />
      <Exit id="challengeDetails" target="car_challenge_details_screen_for_garage_select.enter" />
      <Exit id="next" target="cleanUp_reloadCar.enter" />
      <Exit id="exit" target="car_model_screen.enter" />
    </Node>
    
    <Node id="car_challenge_details_screen_for_mdl_select" state="UIShowScreens.ShowBuyCarChallengeDetailsScreen">
      <Entry id="enter" />
      <Exit id="exit" target="car_model_screen.enter" />
      <Exit id="fastTravel" target="cleanUp_fastTravel.enter" />
      <Exit id="setDestination" target="cleanUp_setDestination.enter" />
    </Node>
    
    <Node id="car_challenge_details_screen_for_garage_select" state="UIShowScreens.ShowBuyCarChallengeDetailsScreen">
      <Entry id="enter" />
      <Exit id="exit" target="garage_car_select.enter" />
      <Exit id="fastTravel" target="cleanUp_fastTravel.enter" />
      <Exit id="setDestination" target="cleanUp_setDestination.enter" />
    </Node>

    <Node id="prepare_autoshow_homespace" state="prepare_autoshow_homespace">
      <Entry id="enter" />
      <Exit id="exit" target="clr_select_screen.enter" />
    </Node>

    <Node id="clr_select_screen" state="clr_select_screen" >
      <Entry id="enter" />
      <Exit id="finish" target="cleanUp_exitToGame.enter" />
      <Exit id="back" target="car_model_screen.enter"  />
      <Exit id="continueShopping" target="manufacturer_screen.enter"  />
    </Node>

    <Node id="cleanUp_back" state="clean_up_all_car_challenge_flow">
      <Entry id="enter" />
      <Exit id="exit" target=".exit" />
    </Node>

    <Node id="cleanUp_exitToGame" state="clean_up_all_car_challenge_flow">
      <Entry id="enter" />
      <Exit id="exit" target=".exitToGame" />
    </Node>
	
    <Node id="cleanUp_fastTravel" state="clean_up_all_car_challenge_flow">
      <Entry id="enter" />
      <Exit id="exit" target="show_empty_screen.enter" />
    </Node>

    <Node id="show_empty_screen" state="global.show_empty_screen">
      <Entry id="enter" />
      <Exit id="exit" target="fast_travel.enter" />
    </Node>

    <Node id="fast_travel" state="fasttravel.perform_fast_travel">
      <Entry id="enter" />
      <Exit id="exit" target=".exitToGame" />
    </Node>

    <Node id="cleanUp_setDestination" state="clean_up_all_car_challenge_flow">
      <Entry id="enter" />
      <Exit id="exit" target="show_empty_screen_setDestination.enter" />
    </Node>

    <Node id="show_empty_screen_setDestination" state="global.show_empty_screen">
      <Entry id="enter" />
      <Exit id="exit" target=".exitToGame" />
    </Node>

    <Node id="cleanUp_reloadCar" state="clean_up_all_car_challenge_flow">
      <Entry id="enter" />
      <Exit id="exit" target="try_reload_car.enter" />
    </Node>
	
    <Node id="try_reload_car" state="try_reload_car" >
      <Entry id="enter" />
      <Exit id="exit" target=".exitToGame" />
    </Node>
  </State>

  <State id="car_challenge_recommendation_flow">
    <Entry id="enter" target="all_car_challenges_flow.enter" />
    <Exit id="exit" />
    <Exit id="exitToGame" />

    <StateSubstitute state="UIShowScreens.ShowCarChallengeCarSelectScreen" substitute="UIShowScreens.ShowCarChallengeRecommendedCarSelectScreen" />
    <StateSubstitute state="manufacturer_select_screen" substitute="dummy_manufacturer_select" />

    <Node id="all_car_challenges_flow" state="all_car_challenges_flow">
      <Entry id="enter" />
      <Exit id="exit" target=".exit" />
      <Exit id="exitToGame" target=".exitToGame" />
    </Node>
  </State>

  <State id="recommendation_car_selected">
      <Entry id="enter" target=".exit"/>
      <Exit id="exit" />
      <Behaviour id="CCarChallengeTutorial_CarSelected"/>
  </State>
    
   <State id="tutorial_state_decision">
      <Entry id="enter"/>
      
      <Exit id="selecting_car"/>
      <Exit id="viewing_challenges"/>
      <Exit id="completing_challenges"/>
      <Exit id="inactive"/>
      
      <Behaviour id="CCarChallengeTutorialState">
          <Transition id="selecting_car" target=".selecting_car"/>
          <Transition id="viewing_challenges" target=".viewing_challenges"/>
          <Transition id="completing_challenges" target=".completing_challenges"/>
          <Transition id="inactive" target=".inactive"/>
      </Behaviour>
   </State>
    
  <State id="clean_up_all_car_challenge_flow">
    <Entry id="enter" target="disabledownloader.enter" />
    <Exit id="exit" />

    <Node id="disabledownloader" state="global.disable_dlcmetadata_download">
      <Entry id="enter" />
      <Exit id="exit" target="reset_stored_car_information.enter" />
    </Node>
    
    <Node id="reset_stored_car_information" state="global.reset_stored_car_information" >
      <Entry id="enter" />
      <Exit id="exit" target=".exit" />
    </Node>
  </State>

  <State id="try_reload_car" >
    <Entry id="enter" target="is_background_loaded.enter" />
    <Exit id="exit" />

    <StateSubstitute state="global.show_empty_screen_no_package" substitute="global.show_empty_screen_with_hud_resource" />
    <StateSubstitute state="InGameUI.cutscene_exit_activity" substitute="post_workshop_camera_sequence" />
    <StateSubstitute state="global.restore_car_position" substitute="place_car_at_workshop_and_store" />

    <!-- If we don't have the background loaded we have to do the reload car ourselves -->
    <Node id="is_background_loaded" state="InGameUI.is_background_loaded">
      <Entry id="enter" />
      <Exit id="yes" target=".exit" />
      <Exit id="no" target="reloadCarDecision.enter" />
    </Node>
	
    <Node id="reloadCarDecision" state="InGameUI.reload_decision_dont_clear_flag">
      <Entry id="enter" />
      <Exit id="exit" target=".exit" />
      <Exit id="exitReload" target="cutscene_enter_loading.enter" />
    </Node>
    
    <Node id="cutscene_enter_loading" state="cutscene_enter_loading">
      <Entry id="enter" />
      <Exit id="exit" target="save_profile.enter" />
    </Node>
	
    <Node id="save_profile" state="global.save_profile" >
      <Entry id="enter" />
      <Exit id="exit" target="prepare_enter_UI.enter" />
    </Node>

    <Node id="prepare_enter_UI" state="prepare_enter_UI">
      <Entry id="enter" />
      <Exit id="exit" target="unpause.enter" />
    </Node>
    
    <Node id="unpause" state="global.unpause_game">
      <Entry id="enter" />
      <Exit id="exit" target="in_game_ui_exit.enter" />
    </Node>
	
    <Node id="in_game_ui_exit" state="InGameUI.exit">
      <Entry id="enter" />
      <Exit id="exit" target=".exit" />
    </Node>
  </State>
  
  <State id="prepare_autoshow_homespace" >
    <Entry id="enter" target="is_background_loaded.enter" />
    <Exit id="exit" />

    <StateSubstitute state="InGameUI.cutscene_enter_activity" substitute="cutscene_enter_loading" />
    
    <Node id="is_background_loaded" state="InGameUI.is_background_loaded">
      <Entry id="enter" />
      <Exit id="yes" target=".exit" />
      <Exit id="no" target="unpause.enter" />
    </Node>

    <Node id="unpause" state="global.unpause_game">
      <Entry id="enter" />
      <Exit id="exit" target="prepare_enter_UI.enter" />
    </Node>

    <Node id="prepare_enter_UI" state="prepare_enter_UI">
      <Entry id="enter" />
      <Exit id="exit" target="load_autoshow.enter" />
    </Node>

    <Node id="load_autoshow" state="InGameUI.show_homespace_autoshow" >
      <Entry id="enter" />
      <Exit id="exit" target=".exit" />
    </Node>    
  </State>

  <State id="clean_up_autoshow_homespace" >
    <Entry id="enter" target="is_background_loaded.enter" />
    <Exit id="exit" />
    
    <StateSubstitute state="InGameUI.cutscene_exit_activity" substitute="post_autoshow_camera_sequence" />
    <StateSubstitute state="global.restore_car_position" substitute="place_car_at_autoshow_and_store" />
	  
    <Node id="is_background_loaded" state="InGameUI.is_background_loaded">
      <Entry id="enter" />
      <Exit id="yes" target="exit_cleanup.enter" />
      <Exit id="no" target=".exit" />
    </Node>
    <Node id="exit_cleanup" state="InGameUI.exit">
      <Entry id="enter" />
      <Exit id="exit" target=".exit" />
    </Node>
  </State>

  <State id="manufacturer_select_screen" >
    <Entry id="enter" target="manufacturer_screen.enter" />
    <Entry id="enterFromBack" target="manufacturer_screen.enter" />
    <Exit id="exit" />
    <Exit id="next" />

    <Node id="manufacturer_screen" state="UIShowScreens.ShowCarChallengeManufacturerSelectScreen">
      <Entry id="enter" />
      <Exit id="exit" target=".exit" />
      <Exit id="next" target=".next" />
    </Node>
  </State>

  <State id="dummy_manufacturer_select" >
    <Entry id="enter" target=".next" />
    <Entry id="enterFromBack" target=".exit" />
    <Exit id="exit" />
    <Exit id="next" />
  </State>
  
  <State id="cutscene_enter_loading">
    <Entry id="enter" target="show_empty_screen.enter" />
    <Exit id="exit" />
    
    <Node id="show_empty_screen" state="global.show_empty_screen_no_package">
      <Entry id="enter" />
      <Exit id="exit" target="fade_to_black.enter" />
    </Node>

    <Node id="fade_to_black" state="global.fade_out">
      <Entry id="enter" />
      <Exit id="exit" target=".exit" />
    </Node>
  </State>
  
  <State id="place_car_at_autoshow_and_store" >
	<Entry id="enter" target="place_car_at_autoshow.enter" />
	<Exit id="exit" />
	
    <Node id="place_car_at_autoshow" state="place_car_at_autoshow">
      <Entry id="enter" />
      <Exit id="exit" target="store_car_position.enter" />
    </Node>

    <Node id="store_car_position" state="global.store_car_position">
      <Entry id="enter" />
      <Exit id="exit" target="wait_for_streaming.enter" />
    </Node>
	
    <Node id="wait_for_streaming" state="global.wait_for_streaming" >
      <Entry id="enter" />
      <Exit id="exit" target="wait_for_player_car_loaded.enter" />
    </Node>

    <Node id="wait_for_player_car_loaded" state="global.wait_for_player_car_loaded" >
      <Entry id="enter" />
      <Exit id="exit" target=".exit" />
    </Node>
  </State>
  
  <State id="place_car_at_workshop_and_store" >
	<Entry id="enter" target="place_car_and_store.enter" />
	<Exit id="exit" />
	
	<StateSubstitute state="place_car_at_autoshow" substitute="place_car_at_workshop" />
	
    <Node id="place_car_and_store" state="place_car_at_autoshow_and_store">
      <Entry id="enter" />
      <Exit id="exit" target=".exit" />
    </Node>	
  </State>
  
  <State id="place_car_at_workshop" >
	<Entry id="enter" target=".exit" />
	<Exit id="exit" />
	<Behaviour id="CPlaceCar" x="6148.7" y="118.1" z="-5848.3" rotation="105.95" />
  </State>
  
  <State id="place_car_at_autoshow" >
	<Entry id="enter" target=".exit" />
	<Exit id="exit" />
	<Behaviour id="CPlaceCar" x="6176" y="120" z="-6024" rotation="-124.362" />
  </State>
  
  <State id="prepare_post_autoshow_cutscene">
    <Entry id="enter" target=".exit" />
    <Exit id="exit" />
    <Behaviour id="CPrepareCutscene" cutscene="autoshow_festival_outro" />
  </State>
  
  <State id="prepare_post_workshop_cutscene">
    <Entry id="enter" target=".exit" />
    <Exit id="exit" />
    <Behaviour id="CPrepareCutscene" cutscene="workshop_festival_outro" />
  </State>
  
  <State id="post_workshop_camera_sequence">
    <Entry id="enter" target="camera_sequence.enter" />
    <Exit id="exit" />
	
	<StateSubstitute state="prepare_post_autoshow_cutscene" substitute="prepare_post_workshop_cutscene" />
	
    <Node id="camera_sequence" state="post_autoshow_camera_sequence">
      <Entry id="enter" />
      <Exit id="exit" target=".exit" />
    </Node>
  </State>
  
  <State id="post_autoshow_camera_sequence">
    <Entry id="enter" target="prepare_cutscene.enter" />
    <Exit id="exit" />

    <Node id="prepare_cutscene" state="prepare_post_autoshow_cutscene">
      <Entry id="enter" />
      <Exit id="exit" target="prepare_cutscene_black_out.enter" />
    </Node>

    <Node id="prepare_cutscene_black_out" state="global.black_out">
      <Entry id="enter" />
      <Exit id="exit" target="set_audio_exterior_freeroam.enter" />
    </Node>

    <Node id="set_audio_exterior_freeroam" state="Audio.exterior_freeroam">
      <Entry id="enter" />
      <Exit id="exit" target="show_empty_screen.enter" />
    </Node>

    <Node id="show_empty_screen" state="global.show_empty_screen" >
      <Entry id="enter" />
      <Exit id="exit" target="play_cutscene.enter" />
    </Node>

    <Node id="play_cutscene" state="global.play_current_camera_sequence_and_wait">
      <Entry id="enter" />
      <Exit id="exit" target="reset_camera.enter" />
    </Node>

    <Node id="reset_camera" state="global.reset_camera_to_player" >
      <Entry id="enter" />
      <Exit id="exit" target=".exit" />
    </Node>
  </State>
		
  <State id="load_pause_screen" >
	 <Entry id="enter" target=".exit" />
	 <Exit id="exit" />
	 <Behaviour id="CShowAnthemPauseScreen" >
	   <Attribute id="resource_package" value="HudScene" />
	 </Behaviour>
  </State>

  <State id="prepare_enter_UI">
    <Entry id="enter" target="mute_car_audio.enter" />
    <Exit id="exit" />

    <Node id="mute_car_audio" state="Audio.mute_car_audio" >
      <Entry id="enter" />
      <Exit id="exit" target="hide_remote_cars.enter" />
    </Node>

    <Node id="hide_remote_cars" state="global.hide_remote_cars">
      <Entry id="enter" />
      <Exit id="exit" target="enable_parking_brake.enter" />
    </Node>

    <Node id="enable_parking_brake" state="global.enable_car_parking_brake" >
      <Entry id="enter" />
      <Exit id="exit" target="enter_no_parking_brake.enter" />
    </Node>

    <Node id="enter_no_parking_brake" state="InGameUI.enter_no_parking_brake" >
      <Entry id="enter" />
      <Exit id="exit" target=".exit" />
    </Node>
  </State>

</StateGroup>       
</StateGroup>       
</StateGroup>       
</StateGroup>       
