<StateGroup id="car_challenges" >

    <!-- Entry Point -->
    <State id="video">
        <Entry id="enter" target="show_loading_screen.enter" />
        <Exit id="exit" />
		
		<Node id="show_loading_screen" state="global.show_loading_screen" >
		  <Entry id="enter" />
		  <Exit id="exit" target="play_intro.enter" />
		</Node>
		
		<Node id="play_intro" state="IntroVideo">
			<Entry id="enter"/>
			<Exit id="exit" target="enable_challenges.enter"/>
		</Node>
		
		<Node id="enable_challenges" state="enable_challenges">
			<Entry id="enter"/>
			<Exit id="exit" target=".exit"/>
		</Node>
    </State>

	<State id="PlayIntro" >
		<Entry id="enter" />
		<Exit id="exit" />
		<Behaviour id="CShowMovieScreen" filename="GAME:\Media\UI\Videos\Splash_Intros\car_challenges_intro.wmv" confirmskip="true">
		  <Transition id="onDone" target=".exit" />
		</Behaviour>
	</State>
	
	<State id="IntroVideo" >
        <Entry id="enter" target="pre_movie_prepare.enter"/>
        <Exit id="exit" />
        <Behaviour id="CGameControlWrapper" />

        <Node id="pre_movie_prepare" state="playmovie.pre_movie_prepare">
            <Entry id="enter" />
            <Exit id="exit" target="play_movie.enter"/>
        </Node>

        <Node id="play_movie" state="PlayIntro">
            <Entry id="enter" />
            <Exit id="exit" target="post_movie.enter" />
        </Node>
		
        <Node id="post_movie" state="playmovie.post_movie_restore_freeroam">
            <Entry id="enter" />
            <Exit id="exit" target=".exit"/>
        </Node>
    </State>
	
	<State id="enable_challenges">
		<Entry id="enter" target=".exit"/>
		<Exit id="exit" />
		<Behaviour id="CStartCarChallengeTutorial"/>
	</State>
</StateGroup>       
</StateGroup>       
</StateGroup>       
</StateGroup>       
