<StateGroup id="carclubs" >

    <State id="show_empty_screen_carclub" >
      <Entry id="enter" target=".exit" />
      <Exit id="exit" />
      <Behaviour id="CShowEmptyScreen" >
        <Attribute id="resource_package" value="CarClub" />
      </Behaviour>
    </State>
	
	<State id="show_empty_screen_backtopause" >
      <Entry id="enter" target=".exit" />
      <Exit id="exit" />
      <Behaviour id="CShowEmptyScreen" >
        <Attribute id="resource_package" value="HudScene" />
      </Behaviour>
    </State>


  <!-- This is the top level Car Club menu when you are in a club. -->
  <State id="my_club_hub" >
    <Entry id="enter" />
    <Entry id="back" />
    <Exit id="exit" />
    <Exit id="nextToOverview" />
    <Exit id="nextToLeaderboards" />
    <Exit id="nextToRankings" />
    <Exit id="nextToJoinHub" />
	<Behaviour id="CDisablePlayerCarControlsWrapper" />
    <Behaviour id="CShowMyClubHUB" >
      <Attribute id="resource_package" value="CarClub" />
      <EntryFlag id="ifEnterBack" entry="back" />
      <Transition id="onDone"               target=".exit" />
      <Transition id="onNextToOverview"     target=".nextToOverview" />
      <Transition id="onNextToLeaderboards" target=".nextToLeaderboards" />
      <Transition id="onNextToRankings"     target=".nextToRankings" />
      <Transition id="onNextToJoinHub"      target=".nextToJoinHub" />
    </Behaviour>
    <Behaviour id="CParentTransition">
      <Transition id="onParent" target=".exit" />
    </Behaviour>
  </State>


  <!-- This is the top level Car Club menu when you are not in a club. -->
  <State id="join_hub" >
    <Entry id="enter" />
    <Entry id="back" />
    <Exit id="exit" />
    <Exit id="nextToFindClub" />
    <Exit id="nextToMyClub" />
    <Exit id="nextToRecommended" />
	<Exit id="nextToFriends" />
    <Exit id="nextToOverview" />
	<Behaviour id="CDisablePlayerCarControlsWrapper" />
    <Behaviour id="CShowJoinClubHUB" >
      <Attribute id="resource_package" value="CarClub" />
      <EntryFlag id="ifEnterBack" entry="back" />
      <Transition id="onDone"               target=".exit" />
      <Transition id="onNextToFindClub"     target=".nextToFindClub" />
      <Transition id="onNextToMyClub"       target=".nextToMyClub" />
      <Transition id="onNextToRecommended"  target=".nextToRecommended" />
	  <Transition id="onNextToFriends"  	target=".nextToFriends" />
      <Transition id="onNextToOverview"     target=".nextToOverview" />
    </Behaviour>
    <Behaviour id="CParentTransition">
      <Transition id="onParent" target=".exit" />
    </Behaviour>
  </State>


  <!-- This is CLUB OVERVIEW menu. -->
    <State id="club_overview" >
        <Entry id="enter" />
        <Exit id="exit" />
        <Exit id="nextToInviteClub" />
		<Behaviour id="CDisablePlayerCarControlsWrapper" />
        <Behaviour id="CShowCarClubScreen" >
            <Attribute id="resource_package" value="CarClub" />
            <Transition id="onDone"               target=".exit" />
            <Transition id="onNextToInviteClub"   target=".nextToInviteClub" />
        </Behaviour>
        <Behaviour id="CParentTransition">
            <Transition id="onParent" target=".exit" />
        </Behaviour>
    </State>




  <!-- This state encompasses those screens shared between the Leaderboards and Rankings states. : NO LONGER USED IN ANTHEM -->
    <State id="carclub_leaderboards_and_rankings_shared_flow">
        <Entry id="enter" target="leaderboard_select_screen.enter" />
        <Exit id="exit" />
        <Exit id="disconnected" />
    
        <Node id="leaderboard_select_screen" state="UIShowScreens.leaderboard_select_screen">
            <Entry id="enter" />
            <Exit id="exit"                        target=".exit" />
            <Exit id="nextToWristbandSelect"       target="leaderboard_wristband_select_screen.enter" />
            <Exit id="nextToHubSelect"             target="leaderboard_hub_select_screen.enter" />
            <Exit id="nextToExhibitionEventSelect" target="exhibition_event_select_screen.enter" />
            <Exit id="nextToOnlineXP"              target="online_xp_scoreboard_screen.enter" />
            <Exit id="nextToCarChallenge"         target="car_challenge_scoreboard_screen.enter" />
        </Node>
        
        <Node id="leaderboard_wristband_select_screen" state="UIShowScreens.leaderboard_wristband_select_screen">
            <Entry id="enter" />
            <Exit id="exit"                    target="leaderboard_select_screen.enter" />
            <Exit id="nextToRollup"            target="festival_event_rollup_scoreboard_screen.enter" />
            <Exit id="nextToEventSelectScreen" target="festival_event_select_screen.enter" />
        </Node>
        
        <Node id="leaderboard_hub_select_screen" state="UIShowScreens.leaderboard_hub_select_screen">
            <Entry id="enter" />
            <Exit id="exit"                    target="leaderboard_select_screen.enter" />
            <Exit id="nextToRollup"            target="street_race_rollup_scoreboard_screen.enter" />
            <Exit id="nextToEventSelectScreen" target="street_race_select_screen.enter" />
        </Node>
        
        <Node id="festival_event_rollup_scoreboard_screen" state="UIShowScreens.festival_event_rollup_scoreboard_screen">
            <Entry id="enter" />
            <Exit id="exit" target="leaderboard_wristband_select_screen.enter" />
            <Exit id="disconnected" target=".disconnected" />
        </Node>
        
        <Node id="street_race_rollup_scoreboard_screen" state="UIShowScreens.street_race_rollup_scoreboard_screen">
            <Entry id="enter" />
            <Exit id="exit" target="leaderboard_hub_select_screen.enter" />
            <Exit id="disconnected" target=".disconnected" />
        </Node>
        
        <Node id="festival_event_select_screen" state="UIShowScreens.festival_event_select_screen">
            <Entry id="enter" />
            <Exit id="exit"                   target="leaderboard_wristband_select_screen.enter" />
            <Exit id="nextToRollup"           target="wristband_rollup_scoreboard_screen.enter" />
            <Exit id="nextToEventLeaderboard" target="event_scoreboard_screen.enter" />
        </Node>
        
        <Node id="street_race_select_screen" state="UIShowScreens.street_race_select_screen">
            <Entry id="enter" />
            <Exit id="exit"                   target="leaderboard_hub_select_screen.enter" />
            <Exit id="nextToRollup"           target="hub_rollup_scoreboard_screen.enter" />
            <Exit id="nextToEventLeaderboard" target="street_race_scoreboard_screen.enter" />
        </Node>
        
        <Node id="exhibition_event_select_screen" state="UIShowScreens.exhibition_event_select_screen">
            <Entry id="enter" />
            <Exit id="exit"                    target="leaderboard_select_screen.enter" />
            <Exit id="nextToRollup"            target="exhibition_event_rollup_scoreboard_screen.enter" />
            <Exit id="nextToEventLeaderboard"  target="exhibition_event_scoreboard_screen.enter" />
        </Node>
        
        <Node id="wristband_rollup_scoreboard_screen" state="UIShowScreens.wristband_rollup_scoreboard_screen">
            <Entry id="enter" />
            <Exit id="exit" target="festival_event_select_screen.enter" />
            <Exit id="disconnected" target=".disconnected" />
        </Node>
        
        <Node id="hub_rollup_scoreboard_screen" state="UIShowScreens.hub_rollup_scoreboard_screen">
            <Entry id="enter" />
            <Exit id="exit" target="street_race_select_screen.enter" />
            <Exit id="disconnected" target=".disconnected" />
        </Node>
      
        <Node id="exhibition_event_rollup_scoreboard_screen" state="UIShowScreens.exhibition_event_rollup_scoreboard_screen">
            <Entry id="enter" />
            <Exit id="exit" target="exhibition_event_select_screen.enter" />
            <Exit id="disconnected" target=".disconnected" />
        </Node>
        
        <Node id="event_scoreboard_screen" state="UIShowScreens.event_scoreboard_screen">
            <Entry id="enter" />
            <Exit id="exit" target="festival_event_select_screen.enter" />
            <Exit id="disconnected" target=".disconnected" />
        </Node>
        
        <Node id="street_race_scoreboard_screen" state="UIShowScreens.street_race_scoreboard_screen">
            <Entry id="enter" />
            <Exit id="exit" target="street_race_select_screen.enter" />
            <Exit id="disconnected" target=".disconnected" />
        </Node>
        
        <Node id="exhibition_event_scoreboard_screen" state="UIShowScreens.exhibition_event_scoreboard_screen">
            <Entry id="enter" />
            <Exit id="exit" target="exhibition_event_select_screen.enter" />
            <Exit id="disconnected" target=".disconnected" />
        </Node>
        
        <Node id="online_xp_scoreboard_screen" state="UIShowScreens.online_xp_scoreboard_screen">
            <Entry id="enter" />
            <Exit id="exit" target="leaderboard_select_screen.enter" />
            <Exit id="disconnected" target=".disconnected" />
        </Node>

        <Node id="car_challenge_scoreboard_screen" state="UIShowScreens.car_challenge_scoreboard_screen">
            <Entry id="enter" />
            <Exit id="exit" target="leaderboard_select_screen.enter" />
            <Exit id="disconnected" target=".disconnected" />
        </Node>
    </State>
    
	
		
	<!-- This state is used by the copied flow for the club leaderbaoards (copied from pause_hub) -->
	<State id="choose_leaderboard_type">
		<Entry id="enter" />
		<Exit id="exit" />
		<Exit id="championship" />
		<Exit id="showcase" />
		<Exit id="special_event" />
		<Behaviour id="CDecideLeaderboardType">
			<Transition id="isChampLeaderboard" target=".championship" />
			<Transition id="isShowcaseLeaderboard" target=".showcase" />
			<Transition id="isSpecialEventLeaderboard" target=".special_event" />
		</Behaviour>
	</State>
	
	<!-- This state has replaced the Enable / Disable compressed heap calls in the club_boards_anthem_flow, as comp heap is already enabled by the time we get here -->
	<State id="do_nothing">
		<Entry id="enter" target = ".exit" />
		<Exit id="exit" />
	</State>	
	
	<!-- This flow was copied directly from the pause_hub rivala_progress flow, it's essentially the same -->
  <State id="club_boards_anthem_flow" >
    <Entry id="enter" target="enable_compressed_heap.enter" />
    <Exit id="exit" />

    <Node id="enable_compressed_heap" state="do_nothing" >
      <Entry id="enter"  />
      <Exit id="exit" target="set_free_roam_car.enter" />
    </Node>

    <Node id="set_free_roam_car" state="global.set_free_roam_car">
      <Entry id="enter" />
      <Exit id="exit" target="show_rivals_roadtrip_select_screen.enter" />
    </Node>

    <Node id="show_rivals_roadtrip_select_screen" state="UIShowScreens.ShowRivalsRoadTripSelectScreen">
      <Entry id="enter" />
      <Exit id="exit" target="go_back.enter" />
      <Exit id="select" target="show_dest_selection_screen.enter" />
      <Exit id="showcase" target="show_showcase_events_screen.enter" />	  
    </Node>

    <Node id="show_showcase_events_screen" state="UIShowScreens.ShowShowcaseEventDetailsScreen">
      <Entry id="enter" />
	  <Entry id="enterBack" />
      <Exit id="exit" target="show_rivals_roadtrip_select_screen.enter" />
      <Exit id="selection" target="next_stage.enter" />
      <Exit id="leaderboard" target="choose_leaderboard_type.enter" />
	  <Exit id="rival" target="choose_show_scoreboard_from_showcase.enter" />	  
    </Node>
	
    <Node id="show_dest_selection_screen" state="UIShowScreens.ShowRoadTripDestinationSelectScreen">
      <Entry id="enter" />
      <Exit id="exit" target="show_rivals_roadtrip_select_screen.enter" />
      <Exit id="selection" target="show_event_selection_screen.enter" />
    </Node>

    <Node id="show_event_selection_screen" state="UIShowScreens.ShowRoadTripEventSelectScreen">
      <Entry id="enter" />
      <Exit id="exit" target="show_dest_selection_screen.enter" />
      <Exit id="selection" target="show_event_details_screen.enter" />
      <Exit id="leaderboard" target="choose_leaderboard_type.enter" />
    </Node>

    <Node id="show_event_details_screen" state="UIShowScreens.ShowEventDetailsScreen">
      <Entry id="enter" />
	  <Entry id="enterBack" />	  
      <Exit id="exit" target="show_event_selection_screen.enter" />
      <Exit id="selection" target="next_stage.enter" />
      <Exit id="leaderboard" target="choose_leaderboard_type_from_details.enter" />
	  <Exit id="rival" target="choose_show_scoreboard_from_details.enter" />	  
	</Node>

    <Node id="choose_show_scoreboard_from_details" state="global.config_select_rival_leaderboard">
	  <Entry id="enter" />
      <Exit id="exit" target="show_scoreboard.enter" />
    </Node>

    <Node id="show_scoreboard" state="UIShowScreens.ShowSelectRivalLapTimeScoreboardScreen">
      <Entry id="enter" />
      <Exit id="exit" target="show_event_details_screen.enterBack" />
      <Exit id="disconnected" target="show_event_details_screen.enter" />
    </Node>

    <Node id="choose_show_scoreboard_from_showcase" state="global.config_select_rival_leaderboard">
      <Entry id="enter" />
      <Exit id="exit" target="show_scoreboard_from_showcase.enter" />
    </Node>

    <Node id="show_scoreboard_from_showcase" state="UIShowScreens.ShowSelectRivalLapTimeScoreboardScreen">
      <Entry id="enter" />
      <Exit id="exit" target="show_showcase_events_screen.enterBack" />
      <Exit id="disconnected" target="show_showcase_events_screen.enter" />
    </Node>
	
    <Node id="choose_leaderboard_type" state="choose_leaderboard_type">
      <Entry id="enter" />
      <Exit id="championship" target="show_event_leaderboard_screen.enter" />
      <Exit id="showcase" target="show_showcase_leaderboard_screen.enter" />
      <Exit id="special_event" target="show_event_leaderboard_screen.enter" />
    </Node>

    <Node id="show_event_leaderboard_screen" state="UIShowScreens.ShowLapTimeScoreboardScreen">
      <Entry id="enter" />
      <Exit id="exit" target="show_rivals_roadtrip_select_screen.enter" />
      <Exit id="disconnected" target="show_rivals_roadtrip_select_screen.enter"/>
      <Exit id="parent_transition" target="show_rivals_roadtrip_select_screen.enter" />
    </Node>

    <Node id="choose_leaderboard_type_from_details" state="choose_leaderboard_type">
      <Entry id="enter" />
      <Exit id="championship" target="show_event_leaderboard_screen_from_details.enter" />
      <Exit id="showcase" target="show_showcase_leaderboard_screen.enter" />
      <Exit id="special_event" target="show_event_leaderboard_screen_from_details.enter" />
    </Node>

    <Node id="show_event_leaderboard_screen_from_details" state="UIShowScreens.ShowLapTimeScoreboardScreen">
      <Entry id="enter" />
      <Exit id="exit" target="show_event_details_screen.enter" />
      <Exit id="disconnected" target="show_event_details_screen.enter"/>
      <Exit id="parent_transition" target="show_event_details_screen.enter" />
    </Node>

    <Node id="show_showcase_leaderboard_screen" state="UIShowScreens.exhibition_event_scoreboard_screen">
      <Entry id="enter" />
      <Exit id="exit" target="show_rivals_roadtrip_select_screen.enter" />
      <Exit id="disconnected" target="show_rivals_roadtrip_select_screen.enter"/>
      <Exit id="parent_transition" target="show_rivals_roadtrip_select_screen.enter" />
    </Node>

    <node id="go_back" state="do_nothing">
      <Entry id="enter" />
      <Exit id="exit" target=".exit" />
    </node>

    <node id="next_stage" state="do_nothing">
      <Entry id="enter" />
      <Exit id="exit" target="set_audio_loading.enter" />
    </node>

    <Node id="set_audio_loading" state="Audio.loading" >
      <Entry id="enter" />
      <Exit id="exit" target="load_into_rivals_race.enter" />
    </Node>

    <Node id="load_into_rivals_race" state="global.LoadIntoTimeTrialRace" >
      <Entry id="enter" />
      <Exit id="exit" target=".exit" />
    </Node>
  </State>

	
    <!-- This state encompasses the sequence of screens triggered when the player selects 'Club Leaderboard'. -->
    <State id="carclub_leaderboards">
        <Entry id="enter" target="carclub_leaderboards_and_rankings_shared_flow.enter" />
        <Exit id="exit" />
        <Exit id="disconnected" />
        <Behaviour id="CDisablePlayerCarControlsWrapper" />
        <Behaviour id="CInCarClubLeaderboards" />
        <Behaviour id="CParentTransition">
            <Transition id="onParent" target=".exit" />
        </Behaviour>

        <Node id="carclub_leaderboards_and_rankings_shared_flow" state="club_boards_anthem_flow">
            <Entry id="enter" />
            <Exit id="exit" target=".exit"/>
            <Exit id="disconnected" target=".disconnected"/>
        </Node>
    </State>
    
    <!-- This state encompasses the sequence of screens triggered when the player selects 'Club Rankings'. -->
    <State id="carclub_rankings">
        <Entry id="enter" target="carclub_leaderboards_and_rankings_shared_flow.enter" />
        <Exit id="exit" />
        <Exit id="disconnected" />
        <Behaviour id="CDisablePlayerCarControlsWrapper" />
        <Behaviour id="CInCarClubRankings" />
        <Behaviour id="CParentTransition">
            <Transition id="onParent" target=".exit" />
        </Behaviour>

        <Node id="carclub_leaderboards_and_rankings_shared_flow" state="club_boards_anthem_flow">
            <Entry id="enter" />
            <Exit id="exit" target=".exit"/>
            <Exit id="disconnected" target=".disconnected"/>
        </Node>
    </State>
    
    <!-- This state starts when the player selects to find a club from the main car club screen -->
    <State id="carclub_friends_clubs">
        <Entry id="enter"/>
        <Exit id="exit" />
        <Exit id="disconnected" />
		<Exit id="overview" />
        <Behaviour id="CDisablePlayerCarControlsWrapper" />
        <Behaviour id="CShowFindCarClubScreen" >
            <Transition id="onDone"             target=".exit" />
            <Transition id="onDisconnected"     target=".disconnected" />
			<Transition id="onOverview"     target=".overview" />
        </Behaviour>
        <Behaviour id="CParentTransition">
            <Transition id="onParent" target=".exit" />
        </Behaviour>
    </State>
    
    <!-- This state starts when the player selects to invite club members from the main car club screen -->
    <State id="carclub_invite_club">
        <Entry id="enter"/>
        <Exit id="exit" />
        <Exit id="disconnected" />
        <Behaviour id="CDisablePlayerCarControlsWrapper" />
        <Behaviour id="CShowInviteCarClubMemberScreen" >
            <Transition id="onDone"             target=".exit" />
            <Transition id="onDisconnected"     target=".disconnected" />
        </Behaviour>
        <Behaviour id="CParentTransition">
            <Transition id="onParent" target=".exit" />
        </Behaviour>
    </State>

    <!-- This state encompasses all of the menus present at the Car Club". -->
    <State id="carclub_menus">
        <Entry id="enter" target="my_club_hub.enter" />
        <Entry id="enter_noclub" target="join_hub.enter" />
        <Exit id="exit" />

        <Behaviour id="CParentTransition" />

        <Node id="club_overview" state="club_overview">
            <Entry id="enter" />
            <Exit id="exit"               target="my_club_hub.back" />
            <Exit id="nextToInviteClub"   target="carclub_invite_club.enter" />
        </Node>

		<Node id="found_club_overview" state="club_overview">
          <Entry id="enter" />
          <Exit id="exit"               target="join_hub.back" />
          <Exit id="nextToInviteClub"   target="join_hub.back" />
        </Node>
		
        <Node id="friend_club_overview" state="club_overview">
          <Entry id="enter" />
          <Exit id="exit"               target="carclub_friends_clubs.enter" />
          <Exit id="nextToInviteClub"   target="carclub_friends_clubs.enter" />
        </Node>

        <Node id="my_club_hub" state="my_club_hub">
          <Entry id="enter" />
          <Entry id="back" />
          <Exit id="exit"               target=".exit" />
          <Exit id="nextToOverview"     target="club_overview.enter" />
          <Exit id="nextToLeaderboards" target="carclub_leaderboards.enter" />
          <Exit id="nextToRankings"     target="carclub_rankings.enter" />
          <Exit id="nextToJoinHub"      target="join_hub.enter" />
        </Node>


      <Node id="join_hub" state="join_hub">
          <Entry id="enter" />
          <Entry id="back" />
          <Exit id="exit"               target=".exit" />
          <Exit id="nextToMyClub"       target="my_club_hub.enter" />
          <Exit id="nextToOverview"     target="found_club_overview.enter" />
		  <Exit id="nextToRecommended"	target=".exit" />
		  <Exit id="nextToFriends"		target="carclub_friends_clubs.enter" />
      </Node>


            
        <Node id="carclub_leaderboards" state="carclub_leaderboards">
            <Entry id="enter" />
            <Exit id="exit" target="my_club_hub.back"/>
            <Exit id="disconnected" target=".exit"/>
        </Node>
        
        <Node id="carclub_rankings" state="carclub_rankings">
            <Entry id="enter" />
            <Exit id="exit" target="my_club_hub.back"/>
            <Exit id="disconnected" target=".exit"/>
        </Node>
        
        <Node id="carclub_friends_clubs" state="carclub_friends_clubs">
            <Entry id="enter" />
            <Exit id="exit" target="join_hub.back"/>
            <Exit id="disconnected" target=".exit"/>
			<Exit id="overview" target="friend_club_overview.enter"/>
        </Node>
        
        <Node id="carclub_invite_club" state="carclub_invite_club">
            <Entry id="enter" />
            <Exit id="exit" target="club_overview.enter"/>
            <Exit id="disconnected" target=".exit"/>
        </Node>
        
    </State>

    
    <State id="root">
        <Entry id="enter" target="test_game_control.enter" />
        <Exit id="exit" />
		

        <Behaviour id="CGameControlWrapper" allow_failure="true"/>
        <Behaviour id="CInCarClub" />
        
        <Node id="test_game_control" state="global.test_game_control" >
          <Entry id="enter" />
          <Exit id="has_control" target="can_access_online_feature.enter" />
          <Exit id="does_not_have_control" target=".exit" />
        </Node>   

        <!-- Check if we can access this feature (we are online and have privileges for it) -->
        <Node id="can_access_online_feature" state="UIShowScreens.can_access_online_feature_from_activation_prompt" >
          <Entry id="enter" />
          <Exit id="yes" target="can_access_car_club.enter" />
          <Exit id="no" target=".exit" />
        </Node>      
        <Node id="can_access_car_club" state="global.can_access_car_club" >
            <Entry id="enter" />
            <Exit id="yes" target="enter.enter" />
            <Exit id="noUserParentalControlLockout" target="show_user_parental_lockout_screen.enter" />
            <Exit id="noPrivileges" target="show_no_privileges.enter" />
        </Node>
        <Node id="show_user_parental_lockout_screen" state="UIShowScreens.show_user_parental_control_lockout" >
            <Entry id="enter" />
            <Exit id="exit" target="show_hud.enter" />
        </Node>
        <Node id="show_no_privileges" state="UIShowScreens.show_no_privileges" >
            <Entry id="enter" />
            <Exit id="exit" target="show_hud.enter" />
        </Node>
        <Node id="show_hud" state="global.show_hud_screen" >
            <Entry id="enter" />
            <Exit id="exit" target=".exit" />
        </Node>
        
        
      
        <Node id="enter" state="global.enable_compressed_heap">
            <Entry id="enter" />
            <Exit id="exit" target="is_in_club.enter" />
        </Node>


      <!-- APW: New Note to decide which part of menu flow to enter -->
      <node id="is_in_club" state="global.is_in_car_club" >
          <Entry id="enter" />
          <Exit id="yes" target="attempt_to_update_club_data_inclub.enter" />
          <Exit id="no" target="attempt_to_update_club_data_noclub.enter" />
      </node>

      <Node id="attempt_to_update_club_data_inclub" state="global.attempt_to_update_club_data">
        <Entry id="enter" />
        <Exit id="exit" target="carclub_menus.enter" />
      </Node>


      <Node id="attempt_to_update_club_data_noclub" state="global.attempt_to_update_club_data">
        <Entry id="enter" />
        <Exit id="exit" target="carclub_menus.enter_noclub" />
      </Node>


      <Node id="carclub_menus" state="carclub_menus">
            <Entry id="enter" />
            <Entry id="enter_noclub" />
            <Exit id="exit" target="backtopause.enter" />
        </Node>

      <Node id="backtopause" state="show_empty_screen_backtopause">
            <Entry id="enter" />
            <Exit id="exit" target="exit.enter" />
        </Node>
		
      
        <Node id="exit" state="global.disable_compressed_heap">
            <Entry id="enter" />
            <Exit id="exit" target="should_show_car_challenge_video.enter" />
        </Node>
      

        <Node id="should_show_car_challenge_video" state="global.should_show_car_challenge_intro">
          <Entry id="enter" />
          <Exit id="yes" target="show_car_challenge_video.enter" />
          <Exit id="no" target=".exit" />
        </Node>

        <Node id="show_car_challenge_video" state="car_challenges.video">
          <Entry id="enter" />
          <Exit id="exit" target=".exit" />
        </Node>
    </State>
    
</StateGroup>

    
</StateGroup>

    
</StateGroup>

    
</StateGroup>
