<StateGroup id="career_event_activations" >
    
    <State id="IsRivalsModeEnabledInCareerEvent">
        <Entry id="enter"/> 
        <Exit id="yes"/> 
        <Exit id="no"/> 
        <Behaviour id="CIsRivalsModeEnabledInCareerEvent" >
            <Transition id="yes" target=".yes"/>
            <Transition id="no" target=".no"/>
        </Behaviour> 
    </State>
    
    <State id="SetRivalsOptionOnCareerEvent" >
        <Entry id="enter" target=".exit" />
        <Exit id="exit" />
        <Behaviour id="CSetRivalsOptionOnCareerEvent" activate="true" />
    </State>

    <State id="DoNothing" >
      <Entry id="enter" target=".exit"/>
      <Exit id="exit" />
    </State>

    <State id="CarPurchaseFlow" >
      <Entry id="enter" target="prepare_to_load_to_autoshow.enter" />
      <Exit id="exit" />
      <Exit id="exitToRace" />
      <Exit id="exitToMyCars" />

      <!-- Don't enable the thumbnail manager - it has already been enabled -->
      <StateSubstitute state="global.enable_thumbnail_manager" substitute="DoNothing" />

      <Node id="prepare_to_load_to_autoshow" state="prepare_to_load_from_ticket" >
        <Entry id="enter" />
        <Exit id="exit" target="go_to_autoshow.enterDirectToInt" />
      </Node>
      
      <Node id="go_to_autoshow" state="autoshows.root">
        <Entry id="enterDirectToInt" />
        <Exit id="exit" target=".exit" />
        <Exit id="exitToRace" target=".exitToRace" />
        <Exit id="exitToMyCars" target=".exitToMyCars" />
      </Node>
    </State>
	
	<State id="festival_event_entry_flow" >
      <Entry id="enter" target="decide_event_type.enter" />
      <Exit id="okCareer" />
      <Exit id="okRivals" />
      <Exit id="purchaseCar" />
	  
      <Exit id="return" />

		<Node id="decide_event_type" state="global.get_roadtrip_type" >
			<Entry id="enter" />
			<Exit id="champ_event" target="show_festival_description.enter" />
			<Exit id="showcase_event" target="show_showcase_description.enter" />
			<Exit id="special_event" target="show_festival_description.enter" />		
			<Exit id="final_event" target="show_final_description.enter" />		
		</Node>

      <Node id="show_festival_description" state="UIShowScreens.ShowCareerEventHUBScreen" >
        <Entry id="enter" />
        <Exit id="exit" target=".return" />
		<Exit id="changecar" target="show_car_select.enter" />
		<Exit id="enterrace" target=".okCareer" />
		<Exit id="changecarclass" target="show_race_car_bucket_select.enter" />		
		<Exit id="sponsorshipdeal" target="show_sponsorship_car_select.enter" />
		<Exit id="rivals" target=".okRivals" />
<!--
        <Exit id="okRivals" target=".okRivals" />
        <Exit id="selectCar" target="show_car_select.enter" />
-->		
	  </Node>

	  <Node id="show_showcase_description" state="UIShowScreens.ShowShowcaseHUBScreen" >
        <Entry id="enter" />
        <Exit id="exit" target=".return" />
		<Exit id="enterrace" target=".okCareer" />
		<Exit id="rivals" target=".okRivals" />
	  </Node>

  	  <Node id="show_final_description" state="UIShowScreens.ShowHorizonFinalHUBScreen" >
        <Entry id="enter" />
        <Exit id="exit" target=".return" />
		<Exit id="enterrace" target=".okCareer" />
		<Exit id="rivals" target=".okRivals" />
	  </Node>
  
      <Node id="show_car_select" state="UIShowScreens.ShowRegisterEventCarScreen" >
        <Entry id="enter" />
        <Exit id="next" target=".okCareer" />
        <Exit id="back" target="show_festival_description.enter" />
        <Exit id="buyCar" target=".purchaseCar" />
      </Node>

      <Node id="show_sponsorship_car_select" state="UIShowScreens.ShowRegisterSponsorshipEventCarScreen" >
        <Entry id="enter" />
        <Exit id="next" target=".okCareer" />
        <Exit id="back" target="show_festival_description.enter" />
        <Exit id="buyCar" target=".purchaseCar" />
      </Node>
	  
      <Node id="show_race_car_bucket_select" state="UIShowScreens.ShowCarBucketSelectScreen" >
        <Entry id="enter" />
        <Exit id="back" target="show_festival_description.enter" />
        <Exit id="choose_car" target="show_car_select_from_class_change.enter" />
		<Exit id="buy_car" target=".purchaseCar" />
      </Node>

      <Node id="show_car_select_from_class_change" state="UIShowScreens.ShowRegisterEventCarScreen" >
        <Entry id="enter" />
        <Exit id="next" target=".okCareer" />
        <Exit id="back" target="show_race_car_bucket_select.enter" />
        <Exit id="buyCar" target=".purchaseCar" />
      </Node>

    </State>
<!--
    <State id="festival_event_entry_flow" >
      <Entry id="enter" target="show_festival_description.enter" />
      <Exit id="okCareer" />
      <Exit id="okRivals" />
      <Exit id="purchaseCar" />
      <Exit id="return" />
		
      <Node id="show_festival_description" state="UIShowScreens.ShowCareerEventDescriptionScreen" >
        <Entry id="enter" />
        <Exit id="okCareer" target=".okCareer" />
        <Exit id="okRivals" target=".okRivals" />
        <Exit id="purchaseCar" target=".purchaseCar" />
        <Exit id="selectCar" target="show_car_select.enter" />
        <Exit id="return" target=".return" />
      </Node>

      <Node id="show_car_select" state="UIShowScreens.ShowRegisterEventCarScreen" >
        <Entry id="enter" />
        <Exit id="next" target=".okCareer" />
        <Exit id="back" target="show_festival_description.enter" />
        <Exit id="buyCar" target=".purchaseCar" />
      </Node>
    </State>
-->
  
    <State id="nemesis_event_entry_flow" >
      <Entry id="enter" target="show_nemesis_description.enter" />
      <Exit id="okCareer" />
      <Exit id="okRivals" />
      <Exit id="purchaseCar" />
      <Exit id="return" />

      <Node id="show_nemesis_description" state="UIShowScreens.ShowNemesisEventDescriptionScreen" >
        <Entry id="enter" />
        <Exit id="okCareer" target=".okCareer" />
        <Exit id="okRivals" target=".okRivals" />
        <Exit id="selectCar" target="show_car_select.enter" />
        <Exit id="return" target=".return" />
      </Node>

      <Node id="show_car_select" state="UIShowScreens.ShowRegisterEventCarScreen" >
        <Entry id="enter" />
        <Exit id="next" target=".okCareer" />
        <Exit id="back" target="show_nemesis_description.enter" />
        <Exit id="buyCar" target=".purchaseCar" />
      </Node>
    </State>
 
    <State id="rivals_flow">
      <Entry id="enter" target="unset_default_rival.enter" />
      <Exit id="back"/>
      <Exit id="race"/>

      <Node id="unset_default_rival" state="global.UnsetDefaultRival" >
        <Entry id="enter" />
        <Exit id="exit" target="show_time_trial_rivals_screen.enter" />
      </Node>

      <Node id="show_time_trial_rivals_screen" state="UIShowScreens.ShowRivalsVSScreen">
        <Entry id="enter" />
        <Entry id="enterBack" />
        <Exit id="back" target=".back" />
        <Exit id="race" target="check_if_we_need_car_select.enter" />
        <Exit id="scoreboard" target="prepare_show_scoreboard.enter" />
      </Node>

      <Node id="prepare_show_scoreboard" state="global.config_select_rival_leaderboard">
        <Entry id="enter" />
        <Exit id="exit" target="show_scoreboard.enter" />
      </Node>

      <Node id="show_scoreboard" state="UIShowScreens.ShowSelectRivalLapTimeScoreboardScreen">
        <Entry id="enter" />
        <Exit id="exit" target="show_time_trial_rivals_screen.enterBack" />
        <Exit id="disconnected" target=".back" />
      </Node>

      <Node id="check_if_we_need_car_select" state="global.determine_career_event_style">
        <Entry id="enter" />
        <Exit id="none" target="show_car_select.enter" />
        <Exit id="festivalRace" target="show_car_select.enter" />
        <Exit id="streetRace" target="show_car_select.enter" />
        <Exit id="exhibition" target="prepare_to_load_rivals.enter" />
        <Exit id="nemesisRace" target="show_car_select.enter" />
        <Exit id="headlineRace" target="show_car_select.enter" />
      </Node>

      <Node id="show_car_select" state="UIShowScreens.ShowRegisterEventCarScreen" >
        <Entry id="enter" />
        <Exit id="next" target="prepare_to_load_rivals.enter" />
        <Exit id="back" target="show_time_trial_rivals_screen.enter" />
        <Exit id="buyCar" target="go_to_autoshow_rivals.enter" />
      </Node>
      
      <Node id="go_to_autoshow_rivals" state="CarPurchaseFlow">
        <Entry id="enter" />
        <Exit id="exit" target="load_afterReturnFromAutoshow.enter" />
        <Exit id="exitToRace" target=".race" />
        <Exit id="exitToMyCars" target="load_afterReturnFromAutoshow.enter" />
      </Node>
      
      <Node id="load_afterReturnFromAutoshow" state="rally_rivals_post_autoshow">
        <Entry id="enter" />
        <Exit id="exit" target="show_time_trial_rivals_screen.enter" />
      </Node>

      <Node id="prepare_to_load_rivals" state="prepare_to_load_from_ticket" >
        <Entry id="enter" />
        <Exit id="exit" target=".race" />
      </Node>
    </State>
	
  <state id="rally_rivals_post_autoshow">
  	<entry id="enter" target="load.enter"/>
  	<exit id="exit"/>
    
  	<node id="load" state="InGameUI.enter">
  		<entry id="enter"/>
  		<exit id="exit" target=".exit"/>
  	</node>
  </state>
      
    <State id="prepare_to_load_from_ticket">
      <Entry id="enter" target="show_empty_screen.enter" />
      <Exit id="exit" />
      
      <Node id="show_empty_screen" state="global.show_empty_screen" >
        <Entry id="enter" />
        <Exit id="exit" target="fade_to_black.enter" />
      </Node>
      
      <Node id="fade_to_black" state="global.fade_out_half_sec">
        <Entry id="enter" />
        <Exit id="exit" target="stop_cutscene.enter" />
      </Node>

      <Node id="stop_cutscene" state="global.stop_cutscene">
        <Entry id="enter" />
        <Exit id="exit" target="reset_camera_to_player.enter" />
      </Node>

      <!-- This is necessary to avoid the cutscene camera from clearing the blackout -->
      <Node id="reset_camera_to_player" state="global.reset_camera_to_player" >
        <Entry id="enter" />
        <Exit id="exit" target=".exit" />
      </Node>
    </State>
  
    <State id ="menu">
        <Entry id="enter" target="determine_career_event_style.enter" /> 
        <Exit id="exit"/>
        <Exit id="exitBack"/>
        <Exit id="exitToLoadEvent"/>
        <Exit id="exitToLoadRivals"/>

        <Node id="determine_career_event_style" state="global.determine_career_event_style">
            <Entry id="enter" />
            <Exit id="none" target="festival_event_entry_flow.enter" />
            <Exit id="festivalRace" target="festival_event_entry_flow.enter" />
            <Exit id="streetRace" target="festival_event_entry_flow.enter" />
            <Exit id="exhibition" target="festival_event_entry_flow.enter" />
            <Exit id="nemesisRace" target="nemesis_event_entry_flow.enter" />
            <Exit id="headlineRace" target="festival_event_entry_flow.enter" />
        </Node>

        <Node id="festival_event_entry_flow" state="festival_event_entry_flow" >
            <Entry id="enter" />
            <Exit id="okCareer" target="prepare_to_load_to_event.enter" />
            <Exit id="okRivals" target="rivals_flow.enter" />
            <Exit id="purchaseCar" target="go_to_autoshow.enter" />
            <Exit id="return" target=".exitBack" />
        </Node>

        <Node id="nemesis_event_entry_flow" state="nemesis_event_entry_flow" >
            <Entry id="enter" />
            <Exit id="okCareer" target="prepare_to_load_to_event.enter" />
            <Exit id="okRivals" target="rivals_flow.enter" />
            <Exit id="purchaseCar" target="go_to_autoshow.enter" />
            <Exit id="return" target=".exitBack" />
        </Node>

        <Node id="show_showcase_description" state="UIShowScreens.ShowShowcaseEventDescriptionScreen" >
          <Entry id="enter" />
          <Exit id="okCareer" target="prepare_to_load_to_event.enter" />
          <Exit id="okRivals" target="rivals_flow.enter" />
          <Exit id="return" target=".exitBack" />
        </Node>
      
        <Node id="rivals_flow" state="rivals_flow">
          <Entry id="enter" />
          <Exit id="back" target="determine_career_event_style.enter" />
          <Exit id="race" target=".exitToLoadRivals" />
        </Node>
            
        <Node id="go_to_autoshow" state="CarPurchaseFlow">
          <Entry id="enter" />
          <Exit id="exit" target="load_afterReturnFromAutoshow.enter" />
          <Exit id="exitToRace" target=".exitToLoadEvent" />
          <Exit id="exitToMyCars" target="load_afterReturnFromAutoshow.enter" />
        </Node>

        <Node id="load_afterReturnFromAutoshow" state="InGameUI.enter">
          <Entry id="enter" />
          <Exit id="exit" target="determine_career_event_style.enter" />
        </Node>
      
        <Node id="prepare_to_load_to_event" state="prepare_to_load_from_ticket" >
          <Entry id="enter" />
          <Exit id="exit" target=".exitToLoadEvent" />
        </Node>
      
    </State>
    
    <State id ="menuRivalsEnabled">
        <Entry id="enter" target="set_rival_option_for_career_event.enter" />
        <Exit id="exit"/>
        <Exit id="exitBack"/>
        <Exit id="exitToLoadEvent"/>
        <Exit id="exitToLoadRivals"/>
        
        <Node id="set_rival_option_for_career_event" state="SetRivalsOptionOnCareerEvent" >
            <Entry id="enter" />
            <Exit id="exit" target="menu.enter" />
        </Node>
        
        <Node id="menu" state="menu" >
            <Entry id="enter" />
            <Exit id="exit" target=".exit" />
            <Exit id="exitBack" target=".exitBack" />
            <Exit id="exitToLoadEvent" target=".exitToLoadEvent" />
            <Exit id="exitToLoadRivals" target=".exitToLoadRivals" />
        </Node>
    </State>
    
    <State id ="menuRivalsDisabled">
        <Entry id="enter" target="unset_rival_option_for_career_event.enter" />
        <Exit id="exit"/>
        <Exit id="exitBack"/>
        <Exit id="exitToLoadEvent"/>
        <Exit id="exitToLoadRivals"/>

        <Node id="unset_rival_option_for_career_event" state="event_activations.unset_rivals_option_on_career_event" >
            <Entry id="enter" />
            <Exit id="exit" target="menu.enter" />
        </Node>
        
        <Node id="menu" state="menu" >
            <Entry id="enter" />
            <Exit id="exit" target=".exit" />
            <Exit id="exitBack" target=".exitBack" />
            <Exit id="exitToLoadEvent" target=".exitToLoadEvent" />
            <Exit id="exitToLoadRivals" target=".exitToLoadRivals" />
        </Node>
    </State>


    <!-- ================================================================ -->
    <!-- CUTSCENE STATE -->
    <!-- ================================================================ -->
    <State id="prepare_for_pre_screen_camera_sequence">
        <Entry id="enter" target="white_flash.enter" />
        <Exit id="exit" />

        <Node id="white_flash" state="global.white_flash" >
            <Entry id="enter" />
            <Exit id="exit" target="show_empty_screen.enter" />
        </Node>
        
        <Node id="show_empty_screen" state="global.show_empty_screen" >
            <Entry id="enter" />
            <Exit id="exit" target=".exit" />
        </Node>
    </State>
    
    <State id="pre_screen_camera_sequence">
        <Entry id="enter" target="play_intro_transition_cutscene.enter" />
        <Exit id="exit" />

        <Node id="play_intro_transition_cutscene" state="event_activations.play_intro_transition_cutscene" >
            <Entry id="enter" />
            <Exit id="exit" target=".exit" />
        </Node>
    </State>

    <!-- ================================================================ -->
    <!-- CUTSCENE STATE -->
    <!-- ================================================================ -->
    <State id="post_screen_camera_sequence">
        <Entry id="enter" target="show_hud_screen.enter" />
        <Exit id="exit" />

        <!-- PaulP if we have a cutscene, we should show the empty screen instead of the hud. -->
        <Node id="show_hud_screen" state="global.show_hud_screen" >
            <Entry id="enter" />
            <Exit id="exit" target="stop_cutscene.enter" />
        </Node>
        
        <Node id="stop_cutscene" state="global.stop_cutscene" >
            <Entry id="enter" />
            <Exit id="exit" target="reset_camera.enter" />
        </Node>

        <Node id="reset_camera" state="global.reset_camera_to_player" >
            <Entry id="enter" />
            <Exit id="exit" target=".exit" />
        </Node>
    </State>

    <State id="helper_exit_flow_for_loading">
        <Entry id="enter" target="exit_flow_for_loading.enterForLoading" />
        <Exit id="exit" />

        <Node id="exit_flow_for_loading" state="InGameUI.exit" >
            <Entry id="enterForLoading" />
            <Exit id="exit" target="unlock_time_of_day_loading.enter" />
        </Node>
        <Node id="unlock_time_of_day_loading" state="global.unlock_time_of_day">
            <Entry id="enter" />
            <Exit id="exit" target="set_audio_loading.enter" />
        </Node>
        <Node id="set_audio_loading" state="Audio.loading" >
            <Entry id="enter" />
            <Exit id="exit" target=".exit" />
        </Node>
    </State>

    <!-- ================================================================ -->
    <!-- ROOT STATE -->
    <!-- ================================================================ -->
    <State id="root">
        <Entry id="enter" target="attempt_acquire_game_control.enter" />
        <Exit id="exit" />
        
        <StateSubstitute state="InGameUI.prepare_for_cutscene_enter_activity" substitute="prepare_for_pre_screen_camera_sequence" />
        <StateSubstitute state="InGameUI.cutscene_enter_activity" substitute="pre_screen_camera_sequence" />
        <StateSubstitute state="InGameUI.cutscene_exit_activity" substitute="post_screen_camera_sequence" />
        <!--<StateSubstitute state="InGameUI.cutscene_post_reload_car" substitute="cutscene_post_reload_car" />-->

        <Node id="attempt_acquire_game_control" state="global.attempt_acquire_game_control" >
            <Entry id="enter" />
            <Exit id="success" target="reset_for_event_activation.enter" />
            <Exit id="failure" target=".exit" />
        </Node>
        
        <Node id="reset_for_event_activation" state="global.reset_for_event_activation">
          <Entry id="enter"/>
          <Exit id="exit" target="repair_car.enter" />
        </Node>

        <Node id="repair_car" state="global.reset_car_damage">
          <Entry id="enter" />
          <Exit id="exit" target="set_free_roam_car.enter"/>
        </Node>

        <Node id="set_free_roam_car" state="global.set_free_roam_car">
            <Entry id="enter"/>
            <Exit id="exit" target="set_career_event_mode.enter"/>
        </Node>

        <Node id="set_career_event_mode" state="global.set_career_event_free_roam_activation_point_access_mode" >
            <Entry id="enter" />
            <Exit id="exit" target="enter_flow.enter" />
        </Node>

        <Node id="enter_flow" state="InGameUI.enter" >
            <Entry id="enter" />
            <Exit id="exit" target="is_rivals_mode_enabled.enter" />
        </Node>

        <Node id="is_rivals_mode_enabled" state="IsRivalsModeEnabledInCareerEvent" >
            <Entry id="enter" />
            <Exit id="yes" target="menuRivals.enter" />
            <Exit id="no" target="menuNotRivals.enter" />
        </Node>
        
        <Node id="menuNotRivals" state="menuRivalsDisabled" >
            <Entry id="enter" />
            <Exit id="exit" target="unset_career_event_mode.enter" />
            <Exit id="exitBack" target="exit_flow.enter" />
            <Exit id="exitToLoadEvent" target="helper_exit_flow_for_loading_event.enter" />
            <Exit id="exitToLoadRivals" target="helper_exit_flow_for_loading_rivals.enter" />
        </Node>
        
        <Node id="menuRivals" state="menuRivalsEnabled" >
            <Entry id="enter" />
            <Exit id="exit" target="unset_career_event_mode.enter" />
            <Exit id="exitBack" target="exit_flow.enter" />
            <Exit id="exitToLoadEvent" target="helper_exit_flow_for_loading_event.enter" />
            <Exit id="exitToLoadRivals" target="helper_exit_flow_for_loading_rivals.enter" />
        </Node>


        <!-- The following flow is used when backing out of the menu. -->
        <Node id="exit_flow" state="InGameUI.exit" >
            <Entry id="enter" />
            <Exit id="exit" target="unset_career_event_mode.enter" />
        </Node>
        <Node id="unset_career_event_mode" state="global.unset_event_access_mode" >
            <Entry id="enter" />
            <Exit id="exit" target="unlock_time_of_day.enter" />
        </Node>
        <Node id="unlock_time_of_day" state="global.unlock_time_of_day">
          <Entry id="enter" />
          <Exit id="exit" target="release_game_control.enter" />
        </Node>
        <Node id="release_game_control" state="global.release_game_control">
          <Entry id="enter" />
          <Exit id="exit" target=".exit" />
        </Node>


        <!-- The following flow is used when loading out of free roam. -->
        <Node id="helper_exit_flow_for_loading_rivals" state="helper_exit_flow_for_loading">
            <Entry id="enter" />
            <Exit id="exit" target="load_into_rivals_race.enter" />
        </Node>
        <Node id="load_into_rivals_race" state="global.LoadIntoTimeTrialRace" >
            <Entry id="enter" />
        </Node>

        <Node id="helper_exit_flow_for_loading_event" state="helper_exit_flow_for_loading">
            <Entry id="enter" />
            <Exit id="exit" target="determine_career_event_style.enter" />
        </Node>
		
		<Node id="determine_career_event_style" state="global.determine_career_event_style">
			<Entry id="enter" />
			<Exit id="none" target="load_into_event.enter" />
			<Exit id="festivalRace" target="load_into_event.enter" />
			<Exit id="streetRace" target="set_time_of_day_to_event_time.enter" />
			<Exit id="exhibition" target="load_into_event.enter" />
			<Exit id="nemesisRace" target="load_into_event.enter" />
			<Exit id="headlineRace" target="load_into_event.enter" />
		</Node>
        
        <Node id="set_time_of_day_to_event_time" state="global.set_time_of_day_to_event_time">
            <Entry id="enter" />
			<Exit id="exit" target="lock_time_of_day.enter"/>
        </Node>
        
        <Node id="lock_time_of_day" state="global.lock_time_of_day">
			<Entry id="enter" />
			<Exit id="exit" target="load_into_event.enter" />
        </Node>
		
        <Node id="load_into_event" state="event_activations.load_into_event" >
            <Entry id="enter" />
        </Node>

    </State>

</StateGroup>
te>

</StateGroup>
te>

</StateGroup>
te>

</StateGroup>
