<StateGroup id="dlccenter" >

    <!--Audio states Autoshow -->    
    <State id="prepare_pre_screen_cutscene_01">
        <Entry id="enter" target=".exit" />
        <Exit id="exit" />
        <Behaviour id="CPrepareCutscene" cutscene="marketplace_festival_transition" />
    </State>
    
    <State id="prepare_post_screen_cutscene">
        <Entry id="enter" target=".exit" />
        <Exit id="exit" />
        <Behaviour id="CPrepareCutscene" cutscene="marketplace_festival_outro" />
    </State>

    <State id="show_empty_screen_dlccenter" >
      <Entry id="enter" target=".exit" />
      <Exit id="exit" />
      <Behaviour id="CShowEmptyScreen" >
        <Attribute id="resource_package" value="DLCCentre" />
      </Behaviour>
    </State>

    <!-- ================================================================ -->
    <!-- CAMERA SEQUENCES -->
    <!-- ================================================================ -->
    <State id="pre_screen_camera_sequence">
        <Entry id="enter" target="show_empty_screen.enter" />
        <Exit id="exit" />

        <Node id="show_empty_screen" state="show_empty_screen_dlccenter" >
          <Entry id="enter" />
          <Exit id="exit" target="prepare_cutscene_01.enter" />
        </Node>

        <Node id="prepare_cutscene_01" state="prepare_pre_screen_cutscene_01">
            <Entry id="enter" />
            <Exit id="exit" target="play_cutscene_01.enter" />
        </Node>
        
        <Node id="play_cutscene_01" state="global.play_current_camera_sequence">
            <Entry id="enter" />
            <Exit id="exit" target="wait_for_cutscene.enter" />
        </Node>
        
        <Node id="wait_for_cutscene" state="global.wait_for_cutscene_countdown">
            <Entry id="enter" />
            <Exit id="exit" target=".exit" />
        </Node>
    </State>
    
    <State id="post_screen_camera_sequence">
        <Entry id="enter" target="prepare_cutscene.enter" />
        <Exit id="exit" />

        <Node id="prepare_cutscene" state="prepare_post_screen_cutscene">
            <Entry id="enter" />
            <Exit id="exit" target="prepare_cutscene_black_out.enter" />
        </Node>

        <Node id="prepare_cutscene_black_out" state="global.black_out">
            <Entry id="enter" />
            <Exit id="exit" target="show_empty_screen.enter" />
        </Node>

        <Node id="show_empty_screen" state="global.show_empty_screen" >
            <Entry id="enter" />
            <Exit id="exit" target="play_cutscene.enter" />
        </Node>
        
        <Node id="play_cutscene" state="global.play_current_camera_sequence_and_wait">
            <Entry id="enter" />
            <Exit id="exit" target="reset_camera.enter" />
        </Node>

        <Node id="reset_camera" state="global.reset_camera_to_player" >
            <Entry id="enter" />
            <Exit id="exit" target=".exit" />
        </Node>
    </State>

    <!-- ================================================================ -->
    <!-- UI SCREENS -->
    <!-- ================================================================ -->
    <State id="show_marketplace_screen" >
        <Entry id="enter" />
        <Exit id="exit" />
        <Behaviour id="CShowMarketplaceScreen" >
            <Attribute id="resource_package" value="DLCCentre" />
            <Transition id="onDone" target=".exit" />
        </Behaviour>
    </State>

    <State id="marketplace">
        <Entry id="enter" target="show_marketplace_screen.enter"/>
        <Exit id="exit"/>

        <Node id="show_marketplace_screen" state="show_marketplace_screen" >
            <Entry id="enter" />
            <Exit id="exit" target=".exit" />
        </Node>
    </State>

    <State id="root">
        <Entry id="enter" target="can_access_feature.enter" />
        <Exit id="exit" />

        <StateSubstitute state="InGameUI.cutscene_enter_activity" substitute="pre_screen_camera_sequence" />
        <StateSubstitute state="InGameUI.cutscene_exit_activity" substitute="post_screen_camera_sequence" />

        <!-- While in the whole of this state we need game control -->
        <Behaviour id="CGameControlWrapper" />

        <Node id="can_access_feature" state="UIShowScreens.can_access_online_feature_from_activation_prompt" >
            <Entry id="enter" />
            <Exit id="yes" target="pre_reset.enter" />
            <Exit id="no" target=".exit" />
        </Node>
        
        <Node id="pre_reset" state="global.reset_stored_car_information" >
            <Entry id="enter" />
            <Exit id="exit" target="enabledownloader.enter" />
        </Node>
        <Node id="enabledownloader" state="global.enable_dlcmetadata_download">
            <Entry id="enter" />
            <Exit id="exit" target="enter.enter" />
        </Node>
        <Node id="enter" state="InGameUI.enter">
            <Entry id="enter" />
            <Exit id="exit" target="main_menu.enter" />
        </Node>
        <Node id="main_menu" state="marketplace">
            <Entry id="enter" />
            <Exit id="exit" target="exit.enter" />
        </Node>
        <Node id="exit" state="InGameUI.exit">
            <Entry id="enter" />
            <Exit id="exit" target="disabledownloader.enter" />
        </Node>
        <Node id="disabledownloader" state="global.disable_dlcmetadata_download">
            <Entry id="enter" />
            <Exit id="exit" target="post_reset.enter" />
        </Node>
        <Node id="post_reset" state="global.reset_stored_car_information" >
            <Entry id="enter" />
            <Exit id="exit" target="should_show_car_challenge_video.enter" />
        </Node>

        <Node id="should_show_car_challenge_video" state="global.should_show_car_challenge_intro">
          <Entry id="enter" />
          <Exit id="yes" target="show_car_challenge_video.enter" />
          <Exit id="no" target=".exit" />
        </Node>

        <Node id="show_car_challenge_video" state="car_challenges.video">
          <Entry id="enter" />
          <Exit id="exit" target=".exit" />
        </Node>
    </State>


</StateGroup>
>


</StateGroup>
>


</StateGroup>
>


</StateGroup>
