<StateGroup id="e3_game_demo_flow" >

    <!-- Flow used after the Xbox has booted up -->
    <State id="root">
        <Entry id="enter" target="pre_race.enter" />
        <Exit id="exit" />

        <!-- Flow which will setup a race -->
        <Node id="pre_race" state="PreRace">
            <Entry id="enter" />
            <Exit id="exit" target="attract_video.enter" />
        </Node>

        <!-- Play the attract FMV -->
        <Node id="attract_video" state="AttractVideo">
            <Entry id="enter" />
            <Exit id="exit" target="post_setup.enter" />
        </Node>

	<!-- Play the attract cutscene and go into game -->
        <Node id="post_setup" state="post_setup">
            <Entry id="enter" />
            <Exit id="exit" target=".exit" />
        </Node>
    </State>

    <!-- Flow used after restart has been selected -->
    <State id="restart_flow">
        <Entry id="enter" target="pre_race.enter" />
        <Exit id="exit" />

        <!-- Flow which will setup a race -->
        <Node id="pre_race" state="PreRace">
            <Entry id="enter" />
            <Exit id="exit" target="reset_hud_interface.enter" />
        </Node>
        
        <!-- Reset the HUD -->
        <Node id="reset_hud_interface" state="global.reset_hud_interface">
            <Entry id="enter" />
            <Exit id="exit" target="post_setup.enter" />
        </Node>

	<!-- Play the attract cutscene and go into game -->
        <Node id="post_setup" state="post_setup">
            <Entry id="enter" />
            <Exit id="exit" target=".exit" />
        </Node>
    </State>

    <State id="AttractVideo" >
        <Entry id="enter" target="pre_movie_prepare.enter"/>
        <Exit id="exit" />
        <Behaviour id="CGameControlWrapper" />

        <Node id="pre_movie_prepare" state="playmovie.pre_movie_prepare">
            <Entry id="enter" />
            <Exit id="exit" target="play_movie.enter"/>
        </Node>

        <Node id="play_movie" state="PlayAttractFMV">
            <Entry id="enter" />
            <Exit id="exit" target="post_movie.enter" />
        </Node>

        <Node id="post_movie" state="playmovie.post_movie_restore_nofadein_notraffic">
            <Entry id="enter" />
            <Exit id="exit" target=".exit"/>
        </Node>
    </State>

    <State id="PlayAttractFMV" >
        <Entry id="enter" />
        <Exit id="exit" />
        <Behaviour id="CShowMovieScreen" filename="GAME:\Media\UI\Videos\E3_demo\Attract_FMV.wmv" >
            <Transition id="onDone" target=".exit" />
        </Behaviour>
    </State>

    <State id="post_setup">
        <Entry id="enter" target="attract_cutscene.enter" />
        <Exit id="exit" />

        <!-- Play the attract cutscene -->
        <Node id="attract_cutscene" state="AttractCutscene">
            <Entry id="enter" />
            <Exit id="done" target="start_race.enter" />
            <Exit id="timeout" target="prepare_attract_cutscene.enter" /> -->
        </Node>

        <Node id="prepare_attract_cutscene" state="PrepareAttractCutscene">
            <Entry id="enter" />
            <Exit id="exit" target="attract_video.enter" />
        </Node>
        
        <!-- Play the attract FMV -->
        <Node id="attract_video" state="AttractVideo">
            <Entry id="enter" />
            <Exit id="exit" target="attract_cutscene.enter" />
        </Node>
        
        <!-- Start the race -->
        <Node id="start_race" state="StartRace">
            <Entry id="enter" />
            <Exit id="exit" target="wait_for_finished.enter" />
        </Node>

        <Node id="wait_for_finished" state="wait_for_end_condition">
            <Entry id="enter" />
            <Exit id="true" target="post_race.enter" />
            <Exit id="timeout" target="TimedOut.enter" />
        </Node>

        <Node id="post_race" state="PostRace">
            <Entry id="enter" />
            <Exit id="exit" target=".exit" />
        </Node>

        <Node id="TimedOut" state="TimedOut">
            <Entry id="enter" />
            <Exit id="exit" target=".exit" />
        </Node>
    </State>

    <State id="wait_for_end_condition">
        <Entry id="enter" />
        <Exit id="true" />
        <Exit id="timeout" />
        <Behaviour id="CE3WaitForEndCondition">
            <Transition id="onReady" target=".true"/>
            <Transition id="demoTimeout" target=".timeout" />
        </Behaviour>
    </State>

    <!-- State which encompasses all pre vehicle starting flow -->
    <State id="PreRace">
        <Entry id="enter" target="set_time_of_day_to_start.enter" />
        <Exit id="exit" />
        <!-- While in the whole of this state we need game control -->
        <Behaviour id="CGameControlWrapper" />

        <Node id="set_time_of_day_to_start" state="set_time_of_day_to_start">
            <Entry id="enter" />
            <Exit id="exit" target="disable_rumble_and_forcefeedback.enter" />
        </Node>

        <Node id="disable_rumble_and_forcefeedback" state="global.disable_rumble_and_forcefeedback" >
            <Entry id="enter" />
            <Exit id="exit" target="stop_sound.enter" />
        </Node>

        <Node id="stop_sound" state="Audio.loading" >
            <Entry id="enter" />
            <Exit id="exit" target="disable_satnav_voice.enter" />
        </Node>

        <Node id="disable_satnav_voice" state="Audio.disable_satnav_audio">
            <Entry id="enter" />
            <Exit id="exit" target="disable_arrows.enter" />
        </Node>

        <Node id="disable_arrows" state="global.disable_racing_line">
            <Entry id="enter" />
            <Exit id="exit" target="disable_traffic_spawning.enter" />
        </Node>

        <Node id="disable_traffic_spawning" state="global.disable_traffic_spawning">
            <Entry id="enter" />
            <Exit id="exit" target="disable_radio_dj.enter" />
        </Node>

        <Node id="disable_radio_dj" state="Audio.disable_radio_dj">
            <Entry id="enter"/>
            <Exit id="exit" target="disable_radio_station_switching.enter"/>
        </Node>

        <Node id="disable_radio_station_switching" state="Audio.disable_radio_station_switching">
            <Entry id="enter"/>
            <Exit id="exit" target="radio_silent_idents_enable.enter"/>
        </Node>
		
		<Node id="radio_silent_idents_enable" state="Audio.enable_radio_silent_idents">
          <Entry id="enter" />
          <Exit id="exit" target="update_map_icon_data.enter" />
        </Node>			

        <Node id="update_map_icon_data" state="global.update_map_icon_data">
            <Entry id="enter" />
            <Exit id="exit" target="disable_fast_travel.enter" />
        </Node>

        <Node id="disable_fast_travel" state="global.disable_fast_travel">
            <Entry id="enter" />
            <Exit id="exit" target="enable_ambient_music.enter" />
        </Node>

        <Node id="enable_ambient_music" state="enable_ambient_audio_param_pre_race_ambience">
            <Entry id="enter" />
            <Exit id="exit" target="enable_ambient_race_sounds.enter"/>
        </Node>

        <Node id="enable_ambient_race_sounds" state="enable_ambient_audio_param_in_race">
            <Entry id="enter" />
            <Exit id="exit" target="enable_ambient_audio_streaming.enter"/>
        </Node>

        <Node id="enable_ambient_audio_streaming" state="global.enable_ambient_audio_streaming">
            <Entry id="enter" />
            <Exit id="exit" target="block_pause_entry.enter"/>
        </Node>

        <Node id="block_pause_entry" state="global.block_pause_entry">
            <Entry id="enter" />
            <Exit id="exit" target="unload_lod0_cars.enter" />
        </Node>

        <Node id="unload_lod0_cars" state="global.unload_lod0_cars">
            <Entry id="enter" />
            <Exit id="exit" target="enable_car_parking_brake.enter" />
        </Node>

        <Node id="enable_car_parking_brake" state="global.enable_all_players_car_parking_brake">
            <Entry id="enter" />
            <Exit id="exit" target="wait_for_all_cars_loaded.enter"/>
        </Node>

        <Node id="wait_for_all_cars_loaded" state="global.wait_for_all_cars_loaded" >
            <Entry id="enter" />
            <Exit id="exit" target="snap_car_to_road.enter" />
        </Node>

        <Node id="snap_car_to_road" state="global.snap_all_cars_to_road">
            <Entry id="enter" />
            <Exit id="exit" target="enable_map_discovery.enter" />
        </Node>

        <Node id="enable_map_discovery" state="global.enable_map_discovery">
            <Entry id="enter" />
            <Exit id="exit" target="prepare_attract_cutscene.enter" />
        </Node>

        <Node id="prepare_attract_cutscene" state="PrepareAttractCutscene">
            <Entry id="enter" />
            <Exit id="exit" target=".exit" />
        </Node>
    </State>

    <!-- Set time of day to the start time, currently 2:45pm, and lock it -->
    <State id="set_time_of_day_to_start">
        <Entry id="enter" target=".exit" />
        <Exit id="exit" />
        <Behaviour id="CLockTimeOfDay">
            <Attribute id="locked" value="true" />
        </Behaviour>
        <Behaviour id="CSetTimeOfDay">
            <Attribute id="time" value="53100" />
        </Behaviour>
    </State>

    <State id="enable_ambient_audio_param_pre_race_ambience">
        <Entry id="enter" target=".exit"/>
        <Exit id="exit" />
        <Behaviour id="CSetAmbientAudioParameter" name="PreRaceAmbience" value="1" />
    </State>

    <State id="enable_ambient_audio_param_in_race">
        <Entry id="enter" target=".exit"/>
        <Exit id="exit" />
        <Behaviour id="CSetAmbientAudioParameter" name="InRace" value="1" />
    </State>

    <State id="PrepareAttractCutscene">
        <Entry id="enter" target="show_empty_screen.enter" />
        <Exit id="exit" />
        <Exit id="timeout" />
        <Behaviour id="CGameControlWrapper" />

        <Node id="show_empty_screen" state="global.show_empty_screen">
            <Entry id="enter" />
            <Exit id="exit" target="blackout.enter"/>
        </Node>

        <Node id="blackout" state="global.black_out" >
            <Entry id="enter" />
            <Exit id="exit" target="prepare_prerace_intro.enter"/>
        </Node>

        <Node id="prepare_prerace_intro" state="prepare_prerace_intro" >
            <Entry id="enter" />
            <Exit id="exit" target="wait_for_streaming.enter" />
        </Node>

        <Node id="wait_for_streaming" state="global.wait_for_streaming">
            <Entry id="enter" />
            <Exit id="exit" target=".exit" />
        </Node>
    </State>

    <State id="AttractCutscene">
        <Entry id="enter" target="set_up_sound.enter" />
        <Exit id="done" />
        <Exit id="timeout" />
        <Behaviour id="CGameControlWrapper" />

        <Node id="set_up_sound" state="Audio.exterior_freeroam" >
            <Entry id="enter" />
            <Exit id="exit" target="play_loop_camera.enter" />
        </Node>
	   
        <Node id="play_loop_camera" state="play_loop_camera" >
            <Entry id="enter" />
            <Exit id="exit" target="pre_race_screen.enter" />
        </Node>

        <Node id="pre_race_screen" state="UIShowScreens.ShowE3StartScreen">
            <Entry id="enter" />
            <Exit id="done" target=".done"/>
            <Exit id="timeout" target="stop_sound.enter"/>
        </Node>

        <Node id="stop_sound" state="Audio.loading" >
            <Entry id="enter" />
            <Exit id="exit" target="stop_cutscene.enter" />
        </Node>

        <Node id="stop_cutscene" state="global.stop_cutscene">
            <Entry id="enter" />
            <Exit id="exit" target="blackout.enter" />
        </Node>

        <Node id="blackout" state="global.black_out" >
            <Entry id="enter" />
            <Exit id="exit" target=".timeout" />
        </Node>
    </State>

    <State id="prepare_prerace_intro" >
        <Entry id="enter" target=".exit" />
        <Exit id="exit"/>
        <Behaviour id="CPrepareCutscene" cutscene="E3_Diner_looping_01" race_specific="false" />
    </State>
    
    <State id="play_loop_camera">
        <Entry id="enter" />
        <Exit id="exit"/>
        <Behaviour id="CPlayCameraSequence" wait="false">
            <Transition id="onReady" target=".exit" />
        </Behaviour>
    </State>
   
    <State id="set_radio_playlist">
        <Entry id="enter" target=".exit" />
        <Exit id="exit"/>
        <Behaviour id="CSetRadioPlaylist" startWithFirstTrack="false" normalBehaviourAfterListPlayed="false" startAtBeginningOfTrack="true" track1="R1_Levels" track2="R1_Everyday" track3="R1_MeAndYou" />
    </State>	

	<State id="play_initial_dj_speech">
		<Entry id="enter" target=".exit" />
		<Exit id="exit"/>
		<Behaviour id="CRadioDJImmediate" gameplayEvent="E3Intro" timeDelay="0.5" />
	</State>			

    <State id="StartRace">
        <Entry id="enter" target="pre_race_show_empty_screen.enter" />
        <Exit id="exit" />
        <Behaviour id="CGameControlWrapper" />
        
        <Node id="pre_race_show_empty_screen" state="global.show_empty_screen">
            <Entry id="enter" />
            <Exit id="exit" target="black_out.enter"/>
        </Node>

        <!-- Black out to hide the prepare -->
        <Node id="black_out" state="global.black_out">
            <Entry id="enter" />
            <Exit id="exit" target="unlock_satnav_destination.enter" />
        </Node>

        <Node id="unlock_satnav_destination" state="global.unlock_satnav_destination">
          <Entry id="enter" />
          <Exit id="exit" target="set_satnav_dest.enter" />
        </Node>

        <Node id="set_satnav_dest" state="set_satnav_dest">
          <Entry id="enter" />
          <Exit id="exit" target="lock_satnav_destination.enter"/>
        </Node>

        <Node id="lock_satnav_destination" state="global.lock_satnav_destination">
          <Entry id="enter" />
          <Exit id="exit" target="prepare_pre_race_cutscene.enter" />
        </Node>

        <Node id="prepare_pre_race_cutscene" state="prepare_pre_race_cutscene">
            <Entry id="enter" />
            <Exit id="exit" target="stop_ambient_music.enter"/>
        </Node>

        <Node id="stop_ambient_music" state="disable_ambient_audio_param_pre_race_ambience">
            <Entry id="enter"/>
            <Exit id="exit" target="set_radio_playlist.enter"/>
        </Node>

        <Node id="set_radio_playlist" state="set_radio_playlist" >
            <Entry id="enter" />
            <Exit id="exit" target="unmute_car_audio.enter" />
        </Node>		

        <Node id="unmute_car_audio" state="Audio.unmute_car_audio">
            <Entry id="enter" />
            <Exit id="exit" target="play_initial_dj_speech.enter" />
        </Node>

        <Node id="play_initial_dj_speech" state="play_initial_dj_speech" >
            <Entry id="enter" />
            <Exit id="exit" target="play_cutscene.enter" />
        </Node>

        <Node id="play_cutscene" state="global.play_current_camera_sequence_and_wait" >
            <Entry id="enter" />
            <Exit id="exit" target="enable_racing_line.enter" />
        </Node>

        <Node id="enable_racing_line" state="global.enable_racing_line">
            <Entry id="enter" />
            <Exit id="exit" target="reset_camera_to_player.enter" />
        </Node>

        <Node id="reset_camera_to_player" state="global.reset_camera_to_player" >
            <Entry id="enter" />
            <Exit id="exit" target="show_hud_screen.enter" />
        </Node>

        <Node id="show_hud_screen" state="global.show_hud_screen">
            <Entry id="enter" />
            <Exit id="exit" target="prepare_race.enter" />
        </Node>

        <Node id="prepare_race" state="global.prepare_race" >
            <Entry id="enter" />
            <Exit id="exit" target="start_race.enter"/>
        </Node>

        <Node id="start_race" state="global.start_race" >
            <Entry id="enter" />
            <Exit id="exit" target="start_driving.enter" />
        </Node>

        <Node id="start_driving" state="global.start_driving">
            <Entry id="enter" />
            <Exit id="exit" target ="disable_festival_traffic_spawning.enter" />
        </Node>

        <Node id="disable_festival_traffic_spawning" state="global.disable_festival_traffic_spawning">
            <Entry id="enter" />
            <Exit id="exit" target="enable_traffic.enter" />
        </Node>

        <Node id="enable_traffic" state="global.enable_traffic_spawning">
            <Entry id="enter" />
            <Exit id="exit" target="release_car_parking_brake.enter" />
        </Node>

        <Node id="release_car_parking_brake" state="global.disable_all_players_car_parking_brake" >
            <Entry id="enter" />
            <Exit id="exit" target="start_e3_race.enter" />
        </Node>

        <Node id="start_e3_race" state="start_e3_race" >
            <Entry id="enter" />
            <Exit id="exit" target="enable_rumble_and_forcefeedback.enter" />
        </Node>

        <Node id="enable_rumble_and_forcefeedback" state="global.enable_rumble_and_forcefeedback" >
            <Entry id="enter" />
            <Exit id="exit" target="unblock_pause_entry.enter" />
        </Node>

        <Node id="unblock_pause_entry" state="global.unblock_pause_entry">
            <Entry id="enter" />
            <Exit id="exit" target=".exit" />
        </Node>
    </State>
    
    <State id="prepare_pre_race_cutscene" >
        <Entry id="enter" target=".exit" />
        <Exit id="exit"/>
        <Behaviour id="CPrepareCutscene" cutscene="E3_Countdown" race_specific="false" />
    </State>

    <State id="disable_ambient_audio_param_pre_race_ambience">
        <Entry id="enter" target=".exit"/>
        <Exit id="exit" />
        <Behaviour id="CSetAmbientAudioParameter" name="PreRaceAmbience" value="0" />
    </State>

    <State id="set_satnav_dest">
        <Entry id="enter" target=".exit" />
        <Exit id="exit" />
        <Behaviour id="CSetSatNavDestinationPos" x="-798" y="30" z="-1065" />
    </State>

    <State id="start_e3_race">
        <Entry id="enter" target=".exit" />
        <Exit id="exit" />
        <Behaviour id="CStartE3Race" />
    </State>

    <State id="PostRace">
        <Entry id="enter" target="end_cutscene.enter" />
        <Exit id="exit" />
        <Behaviour id="CGameControlWrapper" />

        <Node id="end_cutscene" state="end_cutscene">
            <Entry id="enter" />
            <Exit id="exit" target=".exit"/>
        </Node>
    </State>

    <State id="TimedOut">
        <Entry id="enter" target="disable_car_control.enter" />
        <Exit id="exit" />
        <Behaviour id="CGameControlWrapper" force_take_control="true" />

        <!-- Disable the player's control of the car -->
        <Node id="disable_car_control" state="global.disable_car_control" >
            <Entry id="enter" />
            <Exit id="exit" target="disable_rumble.enter" />
        </Node>

        <!-- Disable rumble -->
        <Node id="disable_rumble" state="global.disable_rumble_and_forcefeedback" >
            <Entry id="enter" />
            <Exit id="exit" target="sellsheet.enter" />
        </Node>

        <Node id="sellsheet" state="sellsheet">
            <Entry id="enter" />
            <Exit id="exit" target=".exit"/>
        </Node>
    </State>

    <!-- State which encompasses all flow post vehicle finishing the race flow -->
    <State id="end_cutscene">
        <Entry id="enter" target="PrepareEndCutscene1.enter" />
        <Exit id="exit" />
        <Behaviour id="CDisablePlayerCarControlsWrapper" />

        <Node id="PrepareEndCutscene1" state="PrepareEndCutscene1">
            <Entry id="enter" />
            <Exit id="exit" target="disable_racing_line.enter" />
        </Node>

        <!-- Remove the green line -->
        <Node id="disable_racing_line" state="global.disable_racing_line" >
            <Entry id="enter" />
            <Exit id="exit" target="unlock_satnav.enter" />
        </Node>

        <!-- Set the sat nav to the workshop so the car keeps driving through the 1st cutscene -->
        <Node id="unlock_satnav" state="global.unlock_satnav_destination" >
            <Entry id="enter" />
            <Exit id="exit" target="set_dest.enter" />
        </Node>

        <Node id="set_dest" state="set_workshop_as_dest">
            <Entry id="enter" />
            <Exit id="exit" target="disable_traffic_spawning.enter" />
        </Node>

        <!-- Disable spawning of traffic after crossing the finish line -->
        <Node id="disable_traffic_spawning" state="global.disable_traffic_spawning">
            <Entry id="enter" />
            <Exit id="exit" target="play_camera1.enter"/>
        </Node>

        <Node id="play_camera1" state="global.play_current_camera_sequence">
            <Entry id="enter" />
            <Exit id="exit" target="set_audio.enter" />
        </Node>

        <!-- Set the Audio snapshot -->
        <Node id="set_audio" state="Audio.exterior_ui">
            <Entry id="enter" />
            <Exit id="exit" target="show_post_race_screen.enter" />
        </Node>
      
        <Node id="show_post_race_screen" state="UIShowScreens.ShowPostRaceFinishPositionScreen">
            <Entry id="enter" />
            <Exit id="done" target="show_earnings_screen.enter" />
        </Node>

        <!-- Use the race encounters earning screen - it doesn't require the compressed heap -->
        <Node id="show_earnings_screen" state="UIShowScreens.ShowEarningsBreakdownScreen_NoResPack">
          <Entry id="enter" />
          <Exit id="done" target="black_out.enter"/>
        </Node>    

        <!-- Black out while we do some clean up -->
        <Node id="black_out" state="global.black_out">
            <Entry id="enter" />
            <Exit id="exit" target="mute_cars.enter" />
        </Node>
      
        <!-- Remove all the cars - Stops the festival cars from driving through the second cutscene -->
        <Node id="mute_cars" state="Audio.mute_car_audio">
            <Entry id="enter" />
            <Exit id="exit" target="hide_ai_cars.enter" />
        </Node>

        <Node id="hide_ai_cars" state="global.hide_ai_cars">
            <Entry id="enter" />
            <Exit id="exit" target="enable_car_parking_brake.enter" />
        </Node>

        <!-- After the first cutscene we want to stop the car from driving -->
        <Node id="clear_sat_nav" state="global.clear_satnav_destination">
            <Entry id="enter" />
            <Exit id="exit" target="enable_car_parking_brake.enter" />
        </Node>

        <Node id="enable_car_parking_brake" state="global.enable_all_players_car_parking_brake">
            <Entry id="enter" />
            <Exit id="exit" target="repair_car.enter"/>
        </Node>

        <Node id="repair_car" state="global.reset_car_damage">
            <Entry id="enter" />
            <Exit id="exit" target="set_time_of_day_for_end.enter"/>
        </Node>

        <!-- Set time of day for the second cutscene -->
        <Node id="set_time_of_day_for_end" state="set_time_of_day_for_end">
            <Entry id="enter" />
            <Exit id="exit" target="PrepareEndCutscene2.enter" />
        </Node>

        <!-- Play second cutscene -->
        <Node id="PrepareEndCutscene2" state="PrepareEndCutscene2">
            <Entry id="enter" />
            <Exit id="exit" target="play_camera2.enter"/>
        </Node>

        <Node id="play_camera2" state="global.play_current_camera_sequence_and_wait">
            <Entry id="enter" />
            <Exit id="exit" target="reset_camera.enter" />
        </Node>

        <Node id="reset_camera" state="global.reset_camera_to_player">
          <Entry id="enter" />
          <Exit id="exit" target="blackout_2.enter" />
        </Node>

        <Node id="blackout_2" state="global.black_out">
          <Entry id="enter" />
          <Exit id="exit" target="wait_1.enter" />
        </Node>

        <Node id="wait_1" state="global.wait_1_sec">
          <Entry id="enter" />
          <Exit id="exit" target="sellsheet.enter" />
        </Node>

        <Node id="sellsheet" state="sellsheet">
            <Entry id="enter" />
            <Exit id="exit" target=".exit" />
        </Node>
    </State> 

    <State id="sellsheet">
        <Entry id="enter" target="black_out.enter" />
        <Exit id="exit" />

        <Node id="black_out" state="global.black_out">
            <Entry id="enter" />
            <Exit id="exit" target="show_empty_screen.enter" />
        </Node>
 
        <Node id="show_empty_screen" state="global.show_empty_screen">
            <Entry id="enter" />
            <Exit id="exit" target="audio_loading.enter" />
        </Node>	
 
        <Node id="audio_loading" state="Audio.loading">
            <Entry id="enter" />
            <Exit id="exit" target="ShowE3SellSheet.enter"/>
        </Node>
        
        <!-- Show the Sell sheet -->
        <Node id="ShowE3SellSheet" state="UIShowScreens.ShowE3SellSheet">
            <Entry id="enter" />
            <Exit id="done" target="fade_music.enter"/>
        </Node>

        <!-- Fade the music -->
        <Node id="fade_music" state="fade_music">
            <Entry id="enter" />
            <Exit id="exit" target="wait.enter"/>
        </Node>

        <!-- Wait some time -->
        <Node id="wait" state="wait">
            <Entry id="enter" />
            <Exit id="exit" target="reboot.enter"/>
        </Node>

        <!-- Reboot -->
        <Node id="reboot" state="global.reboot_game">
            <Entry id="enter" />
            <Exit id="done" target=".exit"/>
        </Node>
    </State>

    <State id="set_workshop_as_dest">
        <Entry id="enter" target=".exit" />
        <Exit id="exit" />
        <Behaviour id="CSetSatNavDestination" destination_object="festival_06" />
    </State>

    <!-- Set time of day to the start time, currently midnight, and lock it -->
    <State id="set_time_of_day_for_end">
        <Entry id="enter" target=".exit" />
        <Exit id="exit" />
        <Behaviour id="CLockTimeOfDay">
            <Attribute id="locked" value="true" />
        </Behaviour>
        <Behaviour id="CSetTimeOfDay">
            <Attribute id="time" value="86400" />
        </Behaviour>
    </State>

    <State id="PrepareEndCutscene1">
        <Entry id="enter" target=".exit" />
        <Exit id="exit" />
        <Behaviour id="CPrepareCutscene" cutscene="E3Cutscene" race_specific="true"/>
    </State>

    <State id="PrepareEndCutscene2">
        <Entry id="enter" target=".exit" />
        <Exit id="exit" />
        <Behaviour id="CPrepareCutscene" cutscene="e3_outro" race_specific="true"/>
    </State>

    <State id="fade_music" >
        <Entry id="enter" target=".exit" />
        <Exit id="exit" />
        <Behaviour id="CStopMusic" fade_duration="2.0" delay="0.0" />
    </State>

    <State id="wait" >
        <Entry id="enter" />
        <Exit id="exit" />
        <Behaviour id="CWaitForTime" time="4.0" >
            <Transition id="onReady" target=".exit" />
        </Behaviour>
    </State>
    
</StateGroup>

    
</StateGroup>

    
</StateGroup>

    
</StateGroup>
