<StateGroup id="e3_demo_boundary">

  <State id="root">
        <Entry id="enter" target="block_pause_entry.enter" />
        <Exit id="exit" />
      <Behaviour id="CGameControlWrapper" />
      
      <!-- Stop the player from pausing the game while the flow is running -->
      <Node id="block_pause_entry" state="global.block_pause_entry" >
          <Entry id="enter" />
          <Exit id="exit" target="show_empty_screen.enter" />
      </Node>
      
      <!-- Remove the HUD briefly -->
      <Node id="show_empty_screen" state="global.show_empty_screen" >
          <Entry id="enter" />
          <Exit id="exit" target="fade_out.enter" />
      </Node>

      <!-- Fade out the screen -->
      <Node id="fade_out" state="global.fade_out" >
          <Entry id="enter" />
          <Exit id="exit" target="disable_car_control.enter" />
      </Node>
      
      <!-- Disable the player's control of the car -->
      <Node id="disable_car_control" state="global.disable_car_control" >
          <Entry id="enter" />
          <Exit id="exit" target="disable_rumble.enter" />
      </Node>

      <!-- Disable rumble -->
      <Node id="disable_rumble" state="global.disable_rumble_and_forcefeedback" >
          <Entry id="enter" />
          <Exit id="exit" target="enable_parking_brake.enter" />
      </Node>

      <!-- Enable the player's parking brake -->
      <Node id="enable_parking_brake" state="global.enable_car_parking_brake" >
          <Entry id="enter" />
          <Exit id="exit" target="reset_player_car.enter" />
      </Node> 
      
      <!-- Place the car at the desired location -->
      <Node id="reset_player_car" state="reset_player_car" >
          <Entry id="enter" />
          <Exit id="exit" target="wait_for_streaming.enter" />
      </Node>
      
      <!-- Wait for streaming -->
      <Node id="wait_for_streaming" state="global.wait_for_streaming" >
          <Entry id="enter" />
          <Exit id="exit" target="fade_in.enter" />
      </Node>
      
      <!-- Fade up -->
      <Node id="fade_in" state="global.fade_in" >
          <Entry id="enter" />
          <Exit id="exit" target="show_hud_screen.enter" />
      </Node>
      
      <!-- Show HUD -->
      <Node id="show_hud_screen" state="global.show_hud_screen" >
          <Entry id="enter" />
          <Exit id="exit" target="disable_car_parking_brake.enter" />
      </Node>
      
      <!-- disable the parking brake-->
      <Node id="disable_car_parking_brake" state="global.disable_car_parking_brake" >
          <Entry id="enter" />
          <Exit id="exit" target="enable_rumble.enter" />
      </Node>

      <!-- Enable rumble-->
      <Node id="enable_rumble" state="global.enable_rumble_and_forcefeedback" >
          <Entry id="enter" />
          <Exit id="exit" target="enable_car_control.enter" />
      </Node>

      <!-- Enable car control -->
      <Node id="enable_car_control" state="global.enable_car_control" >
          <Entry id="enter" />
          <Exit id="exit" target="reset_mulligan.enter" />
      </Node>

      <!-- Reset mulligans -->
      <Node id="reset_mulligan" state="global.reset_mulligan" >
          <Entry id="enter" />
          <Exit id="exit" target="unblock_pause_entry.enter" />
      </Node>

      <!-- Unblock pause entry -->
      <Node id="unblock_pause_entry" state="global.unblock_pause_entry" >
          <Entry id="enter" />
          <Exit id="exit" target=".exit" />
      </Node>  
  </State>

    <State id="reset_player_car" >
        <Entry id="enter" target=".exit"/>
        <Exit id="exit" />
        <Behaviour id="CResetCarAtE3Boundary" />
    </State>
    
</StateGroup>

    
</StateGroup>

    
</StateGroup>

    
</StateGroup>
