<StateGroup id="event_activations" >

<!-- Default event load. Individual activites will substitute to load into their event type. -->
<!-- There is also a local version in street_race_hubs.xml -->
    <State id="load_into_event">
        <Entry id="enter" />
        <Behaviour id="CLoadIntoCareerRace">
            <Attribute id="resource_package" value="Loading" />
        </Behaviour>
    </State>
    
    <State id="unset_rivals_option_on_career_event" >
        <Entry id="enter" target=".exit" />
        <Exit id="exit" />
        <Behaviour id="CSetRivalsOptionOnCareerEvent" activate="false" />
    </State>
    
    <State id="play_intro_cutscene">
        <Entry id="enter" target="setup_camera_offset_pos.enter" />
        <Exit id="exit" />
        
        <Node id="setup_camera_offset_pos" state="setup_camera_offset">
            <Entry id="enter" />
            <Exit id="exit" target="pre_blend_wait.enter" />
        </Node>
        
        <Node id="pre_blend_wait" state="global.wait_quarter_sec" >
            <Entry id="enter" />
            <Exit id="exit" target="blend_cam_to.enter" />
        </Node>

        <Node id="blend_cam_to" state="global.blend_cam_to_wait" >
            <Entry id="enter" />
            <Exit id="exit" target=".exit" />
        </Node>
    </State>
    
    <State id="play_intro_transition_cutscene">
        <Entry id="enter" />
        <Exit id="exit" />
        <Behaviour id="CPrepareCutscene" cutscene="event_activate_intro" race_specific="true" />
        <Behaviour id="CPlayCameraSequence" wait="true">
            <Transition id="onCountdown" target=".exit" />
        </Behaviour>
    </State>
    
    <State id="setup_camera_offset">
        <Entry id="enter" target=".exit" />
        <Exit id="exit" />
        <Behaviour id="CInitialiseOffsetBlendCamera" >
            <Attribute id="cam_pos_offset" value="0,15,0" />
        </Behaviour>
    </State>

</StateGroup>
te>

</StateGroup>
te>

</StateGroup>
te>

</StateGroup>
