<StateGroup id="fasttravel">

    <State id="prepare_cutscene" >
        <Entry id="enter" target=".exit" />
        <Exit id="exit"/>
        <Behaviour id="CPrepareCutscene" cutscene="fasttravel_camera_01" race_specific="false" />
    </State>

    <State id="show_loading" >
        <Entry id="enter" target=".exit" />
        <Exit id="exit" />
        <Behaviour id="CShowLoadingScreen" >
            <Attribute id="tip_group" value="freeroam" />
        </Behaviour>
    </State>

    <State id="perform_fast_travel">
        <Entry id="enter" target="is_fast_travel_enabled.enter" />
        <Exit id="exit" />
        
        <Node id="is_fast_travel_enabled" state="global.is_fast_travel_enabled">
            <Entry id="enter" />
            <Exit id="yes" target="attempt_acquire_game_control.enter" />
            <Exit id="no" target=".exit" />
        </Node>
        
        <Node id="attempt_acquire_game_control" state="global.attempt_acquire_game_control" >
            <Entry id="enter" />
            <Exit id="success" target="disable_ambient_audio.enter" />
            <Exit id="failure" target=".exit" />
        </Node>

		<Node id="disable_ambient_audio" state="global.disable_ambient_audio_streaming">
            <Entry id="enter" />
            <Exit id="exit" target="show_loading_screen.enter" />
        </Node>	
		
        <Node id="show_loading_screen" state="show_loading" >
            <Entry id="enter" />
            <Exit id="exit" target="disable_compressed_heap.enter" />
        </Node>

      <Node id="disable_compressed_heap" state="global.disable_compressed_heap">
        <Entry id="enter" />
        <Exit id="exit" target="unpause_game.enter" />
      </Node>

      <Node id="unpause_game" state="global.unpause_game_retain_audio_snapshot">
            <Entry id="enter" />
            <Exit id="exit" target="disable_satnav_audio.enter" />
        </Node>
	
       <Node id="disable_satnav_audio" state="Audio.disable_satnav_audio" >
            <Entry id="enter" />
            <Exit id="exit" target="mute_car_audio.enter" />
        </Node>

        <Node id="mute_car_audio" state="Audio.mute_car_audio">
            <Entry id="enter" />
            <Exit id="exit" target="disable_car_control.enter" />
        </Node>
		
        <Node id="disable_car_control" state="global.disable_car_control" >
            <Entry id="enter" />
            <Exit id="exit" target="enable_car_parking_brake.enter" />
        </Node>

        <Node id="enable_car_parking_brake" state="global.enable_car_parking_brake" >
            <Entry id="enter" />
            <Exit id="exit" target="disable_rumble.enter" />
        </Node>

        <Node id="disable_rumble" state="global.disable_rumble_and_forcefeedback">
            <Entry id="enter" />
            <Exit id="exit" target="despawn_traffic.enter" />
        </Node>

        <Node id="despawn_traffic" state="global.disable_traffic_spawning_with_despawn">
          <Entry id="enter" />
          <Exit id="exit" target="teleport_car_to_fast_travel.enter" />
        </Node>

        <Node id="teleport_car_to_fast_travel" state="global.teleport_car_to_fast_travel" >
            <Entry id="enter" />
            <Exit id="exit" target="reset_car_damage.enter" />
        </Node>

        <Node id="reset_car_damage" state="global.reset_car_damage" >
            <Entry id="enter" />
            <Exit id="exit" target="wait_for_streaming.enter" />
        </Node>

        <Node id="wait_for_streaming" state="global.wait_for_streaming" >
            <Entry id="enter" />
            <Exit id="exit" target="enable_and_spawn_traffic.enter" />
        </Node>
	
        <Node id="enable_and_spawn_traffic" state="global.enable_traffic_spawning_with_initial_spawn">
            <Entry id="enter" />
            <Exit id="exit" target="reset_hud_interface.enter" />
        </Node>
	
        <Node id="reset_hud_interface" state="global.reset_hud_interface">
          <Entry id="enter" />
          <Exit id="exit" target="black_out.enter" />
        </Node>
        
      <Node id="black_out" state="global.black_out" >
        <Entry id="enter" />
        <Exit id="exit" target="prepare_cutscene.enter" />
      </Node>

        <Node id="prepare_cutscene" state="prepare_cutscene" >
            <Entry id="enter" />
            <Exit id="exit" target="show_empty_screen_complete.enter" />
        </Node>

      <Node id="show_empty_screen_complete" state="global.show_empty_screen_with_hud_resource" >
            <Entry id="enter" />
            <Exit id="exit" target="set_audio_exterior_freeroam.enter" />
        </Node>
        
        <Node id="set_audio_exterior_freeroam" state="Audio.exterior_freeroam">
            <Entry id="enter" />
            <Exit id="exit" target="enable_ambient_audio.enter" />
        </Node>

        <Node id="enable_ambient_audio" state="global.enable_ambient_audio_streaming">
            <Entry id="enter" />
            <Exit id="exit" target="play_cutscene.enter" />
        </Node>

        <Node id="play_cutscene" state="global.play_current_camera_sequence_and_wait" >
            <Entry id="enter" />
            <Exit id="exit" target="reset_camera.enter" />
        </Node>

        <Node id="reset_camera" state="global.reset_camera_to_player" >
            <Entry id="enter" />
            <Exit id="exit" target="show_hud_screen_complete.enter" />
        </Node>

        <Node id="show_hud_screen_complete" state="global.show_hud_screen" >
            <Entry id="enter" />
            <Exit id="exit" target="disable_car_parking_brake.enter" />
        </Node>

        <Node id="disable_car_parking_brake" state="global.disable_car_parking_brake" >
            <Entry id="enter" />
            <Exit id="exit" target="reset_mulligan.enter" />
        </Node>
		
		<Node id="reset_mulligan" state="global.reset_mulligan" >
            <Entry id="enter" />
            <Exit id="exit" target="enable_car_control.enter" />
        </Node>
        
        <Node id="enable_car_control" state="global.enable_car_control" >
            <Entry id="enter" />
            <Exit id="exit" target="enable_satnav_audio.enter" />
        </Node>

        <Node id="enable_satnav_audio" state="Audio.enable_satnav_audio" >
            <Entry id="enter" />
            <Exit id="exit" target="enable_rumble.enter" />
        </Node>

        <Node id="enable_rumble" state="global.enable_rumble_and_forcefeedback">
            <Entry id="enter" />
            <Exit id="exit" target="release_game_control.enter" />
        </Node>
        
        <Node id="release_game_control" state="global.release_game_control">
            <Entry id="enter" />
            <Exit id="exit" target=".exit" />
        </Node>
        
    </State>
    
</StateGroup>

    
</StateGroup>

    
</StateGroup>

    
</StateGroup>
