<ActivityManager>
	<Activity type="FirstTimeCareerActivityAnthem" name="first_time_career_activity_anthem">
		<StateGroup id="firsttimecareeranthem" >
            <State id="Root">
                <Entry id="enter" target=".exit" />
                <Exit id="exit" />
            </State>


			<!-- ==================================== -->
			<!-- Turn off the assists, because they store off the current assists in the class and then get reset at the start of the festival -->
			<!-- =============== -->
			<State id="ResetAssistsForIE">
				<Entry id="enter" target=".exit" />
				<Exit id="exit" />
				<Behaviour id="CRestoreReplaceAssistsForIE" enable="false"/>
			</State>
			<!-- =============== -->
			
			<!-- =============== -->
			<State id="ClearInitialExperienceFirstDriveDestination">
				<Entry id="enter" target=".exit" />
				<Exit id="exit" />
				<Behaviour id="CClearInitialExperienceFirstDriveDestination"/>
			</State>
			<!-- =============== -->
	
			<!-- ==================================== -->
			<State id="InsureInitialExperienceCredits">
				<Entry id="enter" target=".exit" />
				<Exit id="exit"/>
				<Behaviour id="CInsureInitialExperienceCredits" />
			</State>
			<!-- ==================================== -->

			<!-- ==================================== -->
			<State id="ToggleFirstTimeCareer">
				<Entry id="enter" target=".exit" />
				<Exit id="exit" />
				<Behaviour id="CSetIsFirstTimeCareer">
					<Attribute id="enabled" value="false" />
				</Behaviour>
			</State>
			<!-- ==================================== -->

			<!-- ==================================== -->
			<State id="SetEnteredFirstHeat" >
				<Entry id="enter" target=".exit" />
				<Exit id="exit" />
				<Behaviour id="CSetInitialExperienceFlag" flag="enteredFirstHeat" value="true" />
			</State>
			<!-- ==================================== -->

			<!-- ==================================== -->
			<State id="SetIEStateToFreeRoam" >
				<Entry id="enter" target=".exit" />
				<Exit id="exit" />
				<Behaviour id="CSetIEStateToFreeRoam" />
			</State>
			<!-- ==================================== -->

			<!-- =============== -->
			<State id="RemoveNonIECars" >
				<Entry id="enter" target=".exit" />
				<Exit id="exit"/>
				<Behaviour id="CRemoveExtraCarsForInitialExperience" />
			</State>
			<!-- =============== -->
	
			<!-- =============== -->	
			<State id="CHasAlreadyEnteredFirstHeat" >
				<Entry id="enter" />
				<Exit id="true" />
				<Exit id="false" />
				<Behaviour id="CTestHorizonFlag" flag="enteredFirstHeat" >
					<Transition id="onTrue" target=".true" />
					<Transition id="onFalse" target=".false" />
				</Behaviour>
			</State>
	
			<!-- =============== -->
			<State id="HasAlreadyArrivedAtFestival" >
				<Entry id="enter" />
				<Exit id="true" />
				<Exit id="false" />
				<Behaviour id="CTestHorizonFlag" flag="arrivedAtFestival" >
					<Transition id="onTrue" target=".true" />
					<Transition id="onFalse" target=".false" />
				</Behaviour>
			</State>
			<!-- =============== -->

			<!-- =============== -->
			<!-- State to set up anything necessary when skipping past "arrivedAtFestival" state -->
			<State id="SetUpSkipToAfter_ArrivedAtFestival">
				<Entry id="enter" target="restore_position.enter" />
				<Exit id="exit" />
				<Behaviour id="CGameControlWrapper" />

				<!-- Restore the car position -->
				<Node id="restore_position" state="global.restore_car_position">
				  <Entry id="enter" />
				  <Exit id="exit" target="remove_non_ie_cars.enter" />
				</Node>

				<Node id="remove_non_ie_cars" state="RemoveNonIECars">
				  <Entry id="enter" />
				  <Exit id="exit" target="reset_state_flags.enter" />
				</Node>
				
				<Node id="reset_state_flags" state="ResetStateFlags">
				  <Entry id="enter" />
				  <Exit id="exit" target="switch_off_IE_driver_assists.enter" />
				</Node>
				
				<!-- Turn on the assists, because they store off the current assists in the class and then get reset at the start of the festival -->
				<Node id="switch_off_IE_driver_assists" state="ResetAssistsForIE" >
					<Entry id="enter" />
					<Exit id="exit" target="start_race.enter" />
				</Node>	
			
				<Node id="start_race" state="global.start_race" >
				  <Entry id="enter" />
				  <Exit id="exit" target="start_driving.enter" />
				</Node>

				<Node id="start_driving" state="global.start_driving" >
				  <Entry id="enter" />
				  <Exit id="exit" target="wait_for_streaming.enter" />
				</Node>

				<Node id="wait_for_streaming" state="global.wait_for_streaming" >
				  <Entry id="enter" />
				  <Exit id="exit" target="set_audio_fadeout_quick.enter" />
				</Node>

				<Node id="set_audio_fadeout_quick" state="Audio.apply_mixer_snapshot_fadeout_really_quick">
				  <Entry id="enter" />
				  <Exit id="exit" target="disable_player.enter" />
				</Node>
				
				<Node id="disable_player" state="DisablePlayerNoFade">
				  <Entry id="enter" />
				  <Exit id="exit" target="disable_rumble.enter" />
				</Node>
				
				<Node id="disable_rumble" state="global.disable_rumble_and_forcefeedback">
					<Entry id="enter" />
					<Exit id="exit" target="disable_car_loading.enter" />
				</Node>
				
				<Node id="disable_car_loading" state="global.disable_traffic_loading">
				  <Entry id="enter" />
				  <Exit id="exit" target="disable_traffic_spawning.enter" />
				</Node>

				<Node id="disable_traffic_spawning" state="global.disable_traffic_spawning">
					<Entry id="enter" />
					<Exit id="exit" target="undiscover_racecentral.enter" />
				</Node>

				<Node id="undiscover_racecentral" state="global.undiscover_racecentral">
				  <Entry id="enter" />
				  <Exit id="exit" target="set_time.enter" />
				</Node>

				<Node id="set_time" state="SetTimeTo_8_11_am">
				  <Entry id="enter" />
				  <Exit id="exit" target="lock_time_of_day.enter" />
				</Node>

				<Node id="lock_time_of_day" state="global.lock_time_of_day">
					<Entry id="enter" />
					<Exit id="exit" target="clear_satnav.enter"/>
				</Node>
		
				<Node id="clear_satnav" state="ClearInitialExperienceFirstDriveDestination">
				  <Entry id="enter" />
				  <Exit id="exit" target="fade_out_start.enter"/>
				</Node>	

				<Node id="fade_out_start" state="global.fade_out_half_sec">
				  <Entry id="enter" />
				  <Exit id="exit" target="hide_hud.enter" />
				</Node>
				
				<Node id="hide_hud" state="global.show_empty_screen">
				  <Entry id="enter" />
				  <Exit id="exit" target=".exit" />
				</Node>		
				
			</State>
			<!-- =============== -->

			<!-- ==================================== -->
			<State id="SetArrivedAtFestival" >
				<Entry id="enter" target=".exit" />
				<Exit id="exit" />
				<Behaviour id="CSetInitialExperienceFlag" flag="arrivedAtFestival" value="true" />
			</State>
			<!-- ==================================== -->

			<!-- =============== -->
			<State id="HasAlreadySeenFestivalCutscene" >
				<Entry id="enter" />
				<Exit id="true" />
				<Exit id="false" />
				<Behaviour id="CTestHorizonFlag" flag="seenFestivalCutscene" >
					<Transition id="onTrue" target=".true" />
					<Transition id="onFalse" target=".false" />
				</Behaviour>
			</State>
			<!-- =============== -->

			<!-- =============== -->
			<!-- State to set up anything necessary when skipping past the named state -->
			<State id="SetUpSkipToAfter_SeenFestivalCutscene">
				<Entry id="enter" target="do_nothing.enter" />
				<Exit id="exit" />
				<Behaviour id="CGameControlWrapper" />

				<Node id="do_nothing" state="global.wait_one_frame">
				  <Entry id="enter" />
				  <Exit id="exit" target=".exit" />
				</Node>
			</State>
			<!-- =============== -->

			<!-- ==================================== -->
			<State id="SetSeenFestivalCutscene" >
				<Entry id="enter" target=".exit" />
				<Exit id="exit" />
				<Behaviour id="CSetInitialExperienceFlag" flag="seenFestivalCutscene" value="true" />
			</State>
			<!-- ==================================== -->

			<!-- ==================================== -->
			<State id="ClearSeenFestivalCutscene" >
				<Entry id="enter" target=".exit" />
				<Exit id="exit" />
				<Behaviour id="CSetInitialExperienceFlag" flag="seenFestivalCutscene" value="false" />
			</State>
			<!-- ==================================== -->
			
			<!-- =============== -->
			<State id="HasAlreadyBoughtFirstCar" >
				<Entry id="enter" />
				<Exit id="true" />
				<Exit id="false" />
				<Behaviour id="CTestHorizonFlag" flag="boughtFirstCar" >
					<Transition id="onTrue" target=".true" />
					<Transition id="onFalse" target=".false" />
				</Behaviour>
			</State>
			<!-- =============== -->

			<!-- =============== -->
			<!-- State to set up anything necessary when skipping past the named state -->
			<State id="SetUpSkipToAfter_BoughtFirstCar">
				<Entry id="enter" target="change_player_car.enter" />
				<Exit id="exit" />
				<Behaviour id="CGameControlWrapper" />

				<!-- Skipped past the garage/autoshow state, so make sure the correct player car is loaded -->
				<Node id="change_player_car" state="global.reload_player_car_and_livery">
					<Entry id="enter" />
					<Exit id="exit" target="wait_for_player_car_loaded.enter" />
				</Node>

				<Node id="wait_for_player_car_loaded" state="global.wait_for_player_car_loaded">
					<Entry id="enter" />
					<Exit id="exit" target="set_car_teleporting.enter" />
				</Node>

				<Node id="set_car_teleporting" state="global.set_car_teleporting" >
					<Entry id="enter" />
					<Exit id="exit" target="restore_car_position.enter" />
				</Node>

				<Node id="restore_car_position" state="global.restore_car_position" >
					<Entry id="enter" />
					<Exit id="exit" target="set_car_not_teleporting.enter" />
				</Node>

				<Node id="set_car_not_teleporting" state="global.set_car_not_teleporting">
					<Entry id="enter" />
					<Exit id="exit" target=".exit" />
				</Node>
<!--
				<Node id="reset_stored_car_information" state="global.reset_stored_car_information">
				  <Entry id="enter" />
				  <Exit id="exit" target=".exit" />
				</Node>
-->
			</State>
			<!-- =============== -->

			<!-- ==================================== -->
			<State id="SetBoughtFirstCar" >
				<Entry id="enter" target=".exit" />
				<Exit id="exit" />
				<Behaviour id="CSetInitialExperienceFlag" flag="boughtFirstCar" value="true" />
			</State>
			<!-- ==================================== -->

			<!-- ==================================== -->
			<State id="ClearBoughtFirstCar" >
				<Entry id="enter" target=".exit" />
				<Exit id="exit" />
				<Behaviour id="CSetInitialExperienceFlag" flag="boughtFirstCar" value="false" />
			</State>
			<!-- ==================================== -->
			
			<!-- =============== -->
			<State id="HasAlreadySeenPostGarageCutscene" >
				<Entry id="enter" />
				<Exit id="true" />
				<Exit id="false" />
				<Behaviour id="CTestHorizonFlag" flag="seenPostGarageCutscene" >
					<Transition id="onTrue" target=".true" />
					<Transition id="onFalse" target=".false" />
				</Behaviour>
			</State>
			<!-- =============== -->

			<!-- =============== -->
			<!-- State to set up anything necessary when skipping past the named state -->
			<State id="SetUpSkipToAfter_SeenPostGarageCutscene">
				<Entry id="enter" target="do_nothing.enter" />
				<Exit id="exit" />
				<Behaviour id="CGameControlWrapper" />

				<Node id="do_nothing" state="global.wait_one_frame">
				  <Entry id="enter" />
				  <Exit id="exit" target=".exit" />
				</Node>
			</State>
			<!-- =============== -->

			<!-- ==================================== -->
			<State id="SetSeenPostGarageCutscene" >
				<Entry id="enter" target=".exit" />
				<Exit id="exit" />
				<Behaviour id="CSetInitialExperienceFlag" flag="seenPostGarageCutscene" value="true" />
			</State>
			<!-- ==================================== -->

			<!-- ==================================== -->
			<State id="ClearSeenPostGarageCutscene" >
				<Entry id="enter" target=".exit" />
				<Exit id="exit" />
				<Behaviour id="CSetInitialExperienceFlag" flag="seenPostGarageCutscene" value="false" />
			</State>
			<!-- ==================================== -->
			
			<!-- =============== -->
			<State id="HasAlreadySeenFirstMapDiscovery" >
				<Entry id="enter" />
				<Exit id="true" />
				<Exit id="false" />
				<Behaviour id="CTestHorizonFlag" flag="seenFirstMapDiscovery" >
					<Transition id="onTrue" target=".true" />
					<Transition id="onFalse" target=".false" />
				</Behaviour>
			</State>
			<!-- =============== -->

			<!-- ==================================== -->
			<State id="InformMapIsDone" >
				<Entry id="enter" target=".exit" />
				<Exit id="exit" />
				<Behaviour id="CInformMapIsDone" skippedMap="true" />
			</State>
			<!-- ==================================== -->

			<!-- =============== -->
			<!-- State to set up anything necessary when skipping past the named state -->
			<State id="SetUpSkipToAfter_SeenFirstMapDiscovery">
				<Entry id="enter" target="inform_roadtrip_map_is_done.enter" />
				<Exit id="exit" />
				<Behaviour id="CGameControlWrapper" />

	            <Node id="inform_roadtrip_map_is_done" state="InformMapIsDone">
					<Entry id="enter"/>
					<Exit id="exit" target="finish_ie_and_return_to_freeroam.enter"/>
				</Node>

				<Node id="finish_ie_and_return_to_freeroam" state="FinishIEAndReturnToFreeRoam">
				  <Entry id="enter" />
				  <Exit id="exit" target=".exit" />
				</Node>
			</State>
			<!-- =============== -->

			<!-- ==================================== -->
			<State id="SetSeenFirstMapDiscovery" >
				<Entry id="enter" target=".exit" />
				<Exit id="exit" />
				<Behaviour id="CSetInitialExperienceFlag" flag="seenFirstMapDiscovery" value="true" />
			</State>
			<!-- ==================================== -->

			<!-- ==================================== -->
			<State id="ClearSeenFirstMapDiscovery" >
				<Entry id="enter" target=".exit" />
				<Exit id="exit" />
				<Behaviour id="CSetInitialExperienceFlag" flag="seenFirstMapDiscovery" value="false" />
			</State>
			<!-- ==================================== -->
			
			<!-- =============== -->
			<State id="UnmuteCarAudioCollisions">
			  <Entry id="enter" target=".exit" />
			  <Exit id="exit" />
			  <Behaviour id="CMuteCarAudio" mute="false"/>
			</State>
			<!-- =============== -->

			<!-- ==================================== -->
			<State id="SetTimeTo_8_11_am">
				<Entry id="enter" target=".exit" />
				<Exit id="exit" />
				<Behaviour id="CSetTimeOfDay">
					<Attribute id="time" value="29460" />
				</Behaviour>
			</State>
			<!-- ==================================== -->

			<!-- ==================================== -->
			<State id="DisablePlayer">
				<Entry id="enter" target="show_empty_screen.enter" />
				<Exit id="exit" />
				<Behaviour id="CGameControlWrapper" />

				<Node id="disable_satnav_audio" state="Audio.disable_satnav_audio">
					<Entry id="enter" />
					<Exit id="exit" target="show_empty_screen.enter" />
				</Node>

				<Node id="show_empty_screen" state="global.show_empty_screen">
					<Entry id="enter" />
					<Exit id="exit" target="disable_car_controls.enter" />
				</Node>

				<Node id="disable_car_controls" state="global.disable_car_control">
					<Entry id="enter" />
					<Exit id="exit" target="enable_car_parking_brake.enter"/>
				</Node>

				<Node id="enable_car_parking_brake" state="global.enable_car_parking_brake">
					<Entry id="enter" />
					<Exit id="exit" target="block_pause_entry.enter"/>
				</Node>

				<Node id="block_pause_entry" state="global.block_pause_entry">
					<Entry id="enter"/>
					<Exit id="exit" target=".exit"/>
				</Node>
			</State>
			<!-- ==================================== -->
			
			<!-- ==================================== -->
			<State id="DisablePlayerNoFade">
				<Entry id="enter" target="disable_car_controls.enter" />
				<Exit id="exit" />
				<Behaviour id="CGameControlWrapper" />

				<Node id="disable_car_controls" state="global.disable_car_control">
					<Entry id="enter" />
					<Exit id="exit" target="enable_car_parking_brake.enter"/>
				</Node>

				<Node id="enable_car_parking_brake" state="global.enable_car_parking_brake">
					<Entry id="enter" />
					<Exit id="exit" target="block_pause_entry.enter"/>
				</Node>

				<Node id="block_pause_entry" state="global.block_pause_entry">
					<Entry id="enter"/>
					<Exit id="exit" target=".exit"/>
				</Node>
			</State>
			<!-- ==================================== -->
			
			<!-- ==================================== -->
			<State id="EnablePlayer">
				<Entry id="enter" target="disable_car_parking_brake.enter" />
				<Exit id="exit" />
				<Behaviour id="CGameControlWrapper" />

				<Node id="disable_car_parking_brake" state="global.disable_car_parking_brake">
					<Entry id="enter" />
					<Exit id="exit" target="enable_satnav_audio.enter"/>
				</Node>

				<Node id="enable_satnav_audio" state="Audio.enable_satnav_audio">
					<Entry id="enter" />
					<Exit id="exit" target="enable_car_controls.enter" />
				</Node>

				<Node id="enable_car_controls" state="global.enable_car_control">
					<Entry id="enter" />
					<Exit id="exit" target="unblock_pause_entry.enter"/>
				</Node>

				<Node id="unblock_pause_entry" state="global.unblock_pause_entry">
					<Entry id="enter"/>
					<Exit id="exit" target=".exit"/>
				</Node>
			</State>
			<!-- ==================================== -->

			<!-- ==================================== -->
			<!-- Cutscenes -->
			<State id="PlayInitialExperienceFestivalCutscene" >
				<Entry id="enter" />
				<Exit id="exit" />
				<Behaviour id="CShowMovieScreen" filename="GAME:\Media\UI\Videos\Anthem\FestivalArrive.wmv" confirmskip="true">
					<Transition id="onDone" target=".exit" />
				</Behaviour>
			</State>
			<!-- ==================================== -->
			
			<!-- ==================================== -->
			<State id="ResetStateFlags">
				<Entry id="enter" target="clear_flag_seen_festival_cutscene.enter" />
				<Exit id="exit" />
				<Behaviour id="CGameControlWrapper" />

				<Node id="clear_flag_seen_festival_cutscene" state="ClearSeenFestivalCutscene">
					<Entry id="enter" />
					<Exit id="exit" target="clear_flag_bought_first_car.enter"/>
				</Node>

				<Node id="clear_flag_bought_first_car" state="ClearBoughtFirstCar">
					<Entry id="enter" />
					<Exit id="exit" target="clear_flag_seen_post_garage_cutscene.enter"/>
				</Node>

				<Node id="clear_flag_seen_post_garage_cutscene" state="ClearSeenPostGarageCutscene">
					<Entry id="enter" />
					<Exit id="exit" target="clear_flag_seen_first_map_discovery.enter"/>
				</Node>

				<Node id="clear_flag_seen_first_map_discovery" state="ClearSeenFirstMapDiscovery">
					<Entry id="enter" />
					<Exit id="exit" target=".exit"/>
				</Node>
				
			</State>
				
			<!-- ==================================== -->
			<State id="InitialExperienceFestivalCutscene">
				<Entry id="enter" target="pre_movie_prepare.enter" />
				<Exit id="exit" />
				<Behaviour id="CGameControlWrapper" />

				<Node id="pre_movie_prepare" state="playmovie.pre_movie_prepare">
					<Entry id="enter" />
					<Exit id="exit" target="play_cutscene.enter"/>
				</Node>

				<Node id="play_cutscene" state="PlayInitialExperienceFestivalCutscene">
					<Entry id="enter" />
					<Exit id="exit" target="post_movie_restore_freeroam.enter"/>
				</Node>

				<Node id="post_movie_restore_freeroam" state="playmovie.post_movie_restore_nofadein_nosnapshot">
					<Entry id="enter" />
					<Exit id="exit" target="set_seen_festival_cutscene.enter"/>
				</Node>

				<Node id="set_seen_festival_cutscene" state="SetSeenFestivalCutscene">
				  <Entry id="enter" />
				  <Exit id="exit" target=".exit" />
				</Node>
<!-- save/flag update removed
				<Node id="save_profile_festival_cutscene" state="global.save_profile" >
				  <Entry id="enter" />
				  <Exit id="exit" target=".exit" />
				</Node>
-->
			</State>
			<!-- ==================================== -->

			<!-- ==================================== -->
			<State id="ShowFirstRunGarage">
				<Entry id="enter" target="insure_initial_experience_credits.enter" />
				<Exit id="exit" />
				<Behaviour id="CShowInitialExperienceAutoshow" />

				<Node id="insure_initial_experience_credits" state="InsureInitialExperienceCredits" >
					<Entry id="enter" />
					<Exit id="exit" target="show_car_select.enter" />
				</Node>

				<Node id="show_car_select" state="autoshows.root" >
					<Entry id="enter" />
					<Exit id="exit" target=".exit" />
					<Exit id="exitToEventEntry" target=".exit" />
					<Exit id="exitToRace" target=".exit" />
					<Exit id="exitToMyCars" target=".exit" />				
				</Node>
			</State>
			<!-- ==================================== -->
			<!-- ==================================== -->
			<!-- Cutscenes -->
			<State id="PlayInitialExperiencePostGarageCutscene" >
				<Entry id="enter" />
				<Exit id="exit" />
				<Behaviour id="CShowMovieScreen" filename="GAME:\Media\UI\Videos\Anthem\PostCarPurchase.wmv" confirmskip="true">
					<Transition id="onDone" target=".exit" />
				</Behaviour>
			</State>
			<!-- ==================================== -->

			<!-- ==================================== -->
			<State id="InitialExperiencePostGarageCutscene">
				<Entry id="enter" target="pre_movie_prepare.enter" />
				<Exit id="exit" />
				<Behaviour id="CGameControlWrapper" />

				<Node id="pre_movie_prepare" state="playmovie.pre_movie_prepare">
					<Entry id="enter" />
					<Exit id="exit" target="play_cutscene.enter"/>
				</Node>

				<Node id="play_cutscene" state="PlayInitialExperiencePostGarageCutscene">
					<Entry id="enter" />
					<Exit id="exit" target="play_freeroam_music.enter"/>
				</Node>

				<Node id="play_freeroam_music" state="Audio.play_freeroam_music" >
					<Entry id="enter" />
					<Exit id="exit" target="post_movie_restore_freeroam.enter" />
				</Node>

				<Node id="post_movie_restore_freeroam" state="playmovie.post_movie_restore_nofadein_nosnapshot">
					<Entry id="enter" />
					<Exit id="exit" target="set_seen_post_garage_cutscene.enter"/>
				</Node>

				<Node id="set_seen_post_garage_cutscene" state="SetSeenPostGarageCutscene">
				  <Entry id="enter" />
				  <Exit id="exit" target=".exit" />
				</Node>
<!-- save/flag update removed
				<Node id="save_profile_post_garage_cutscene" state="global.save_profile" >
				  <Entry id="enter" />
				  <Exit id="exit" target=".exit" />
				</Node>
-->
			</State>
			<!-- ==================================== -->

			<!-- ==================================== -->
			<State id="TriggerFirstRoadTrip">
				<Entry id="enter" target=".exit" />
				<Exit id="exit" />
				<Behaviour id="CTriggerFirstRoadTrip" />
			</State>

			<!-- ==================================== -->
			<!-- ==================================== -->
			<State id="LoadIntoHeatRace">
				<Entry id="enter" />
				<Behaviour id="CLoadIntoCareerRace" event_id="208">
					<Attribute id="resource_package" value="CareerLoading" />
				</Behaviour>
			</State>
			
			<!--	===========================================	-->
			<!--	===========================================	-->
			<!-- Set up for free roam -->
			<State id="FinishIEAndReturnToFreeRoam">
				<Entry id="enter" target="enable_streaming.enter" />
				<Exit id="exit" />
				<Behaviour id="CGameControlWrapper" />

				<Node id="enable_streaming" state="global.enable_streaming" >
					<Entry id="enter" />
					<Exit id="exit" target="enable_car_loading.enter" />
				</Node>

				<Node id="enable_car_loading" state="global.enable_traffic_loading">
				  <Entry id="enter" />
				  <Exit id="exit" target="enable_rumble.enter" />
				</Node>

				<Node id="enable_rumble" state="global.enable_rumble_and_forcefeedback">
					<Entry id="enter" />
					<Exit id="exit" target="remove_traffic_cars.enter" />
				</Node>

				<Node id="remove_traffic_cars" state="global.wait_for_traffic_not_festival_to_be_removed">
				  <Entry id="enter" />
				  <Exit id="exit" target="enable_traffic_spawning.enter"/>
				</Node>

				<Node id="enable_traffic_spawning" state="global.enable_traffic_spawning">
				  <Entry id="enter" />
				  <Exit id="exit" target="reset_traffic.enter" />
				</Node>

				<Node id="reset_traffic" state="global.reset_traffic_cars_dont_destroy_existing">
					<Entry id="enter" />
					<Exit id="exit" target="repair_car_damage.enter" />
				</Node>

				<Node id="repair_car_damage" state="global.reset_car_damage">
				  <Entry id="enter" />
				  <Exit id="exit" target="enable_player.enter" />
				</Node>

				<Node id="enable_player" state="EnablePlayer">
				  <Entry id="enter" />
				  <Exit id="exit" target="unmute_cars.enter" />
				</Node>

				<Node id="unmute_cars" state="Audio.unmute_car_audio">
				  <Entry id="enter" />
				  <Exit id="exit" target="unmute_car_collisions.enter" />
				</Node>

				<Node id="unmute_car_collisions" state="UnmuteCarAudioCollisions">
				  <Entry id="enter" />
				  <Exit id="exit" target="play_freeroam_music.enter" />
				</Node>

 				<Node id="play_freeroam_music" state="Audio.play_freeroam_music" >
					<Entry id="enter" />
					<Exit id="exit" target="enable_ambient_audio_streaming.enter" />
				</Node>

				<Node id="enable_ambient_audio_streaming" state="global.enable_ambient_audio_streaming">
					<Entry id="enter"/>
					<Exit id="exit" target="enable_radio_dj.enter"/>
				</Node>

				<Node id="enable_radio_dj" state="Audio.enable_radio_dj">
					<Entry id="enter"/>
					<Exit id="exit" target="enable_radio_station_switching.enter"/>
				</Node>

				<Node id="enable_radio_station_switching" state="Audio.enable_radio_station_switching">
					<Entry id="enter"/>
					<Exit id="exit" target="disable_radio_silent_idents.enter"/>
				</Node>

				<Node id="disable_radio_silent_idents" state="Audio.disable_radio_silent_idents">
					<Entry id="enter"/>
					<Exit id="exit" target="reset_mulligan.enter"/>
				</Node>

				<Node id="reset_mulligan" state="global.reset_mulligan">
				  <Entry id="enter" />
				  <Exit id="exit" target="enable_racing_line.enter" />
				</Node>

				<Node id="enable_racing_line" state="global.enable_racing_line">
				  <Entry id="enter" />
				  <Exit id="exit" target="reset_cam_to_player.enter" />
				</Node>

				<Node id="reset_cam_to_player" state="global.reset_camera_to_player" >
					<Entry id="enter" />
					<Exit id="exit" target="prepare_race.enter" />
				</Node>

				<!-- Added this section when the heat races were added - without it the car can't be driven after the atrani discovery FMV/map) -->
				<Node id="prepare_race" state="global.prepare_race" >
					<Entry id="enter" />
					<Exit id="exit" target="start_race.enter" />
				</Node>
				<Node id="start_race" state="global.start_race" >
					<Entry id="enter" />
					<Exit id="exit" target="start_driving.enter" />
				</Node>
				<Node id="start_driving" state="global.start_driving" >
					<Entry id="enter" />
					<Exit id="exit" target="unblock_pause_entry.enter" />
				</Node>
		

				<Node id="unblock_pause_entry" state="global.unblock_pause_entry">
				  <Entry id="enter" />
				  <Exit id="exit" target="enable_map_discovery.enter" />
				</Node>

				<Node id="enable_map_discovery" state="global.enable_map_discovery" >
					<Entry id="enter" />
					<Exit id="exit" target="discover_festival.enter" />
				</Node>

				<Node id="discover_festival" state="global.discover_festival_ring" >
					<Entry id="enter" />
					<Exit id="exit" target="disable_first_time_career.enter" />
				</Node>
		
				<!--	===========================================	-->
				<!--	Set/clear initial experience flags and save the profile	-->
				<!--	===========================================	-->

				<Node id="disable_first_time_career" state="ToggleFirstTimeCareer">
				  <Entry id="enter" />
				  <Exit id="exit" target="save_profile_disable_first_time_career.enter" />
				</Node>
<!-- no longer need these states now this is called after the map has closed on the first area discovery
				<Node id="set_entered_first_heat" state="SetEnteredFirstHeat">
				  <Entry id="enter" />
				  <Exit id="exit" target="save_profile_disable_first_time_career.enter" />
				</Node>
				-->

				<Node id="save_profile_disable_first_time_career" state="global.save_profile" >
				  <Entry id="enter" />
				  <Exit id="exit" target="unlock_time.enter" />
				</Node>

				<Node id="unlock_time" state="global.unlock_time_of_day">
					<Entry id="enter" />
					<Exit id="exit" target="set_ie_state_to_free_roam.enter" />
				</Node>

				<Node id="set_ie_state_to_free_roam" state="SetIEStateToFreeRoam">
					<Entry id="enter" />
					<Exit id="exit" target="free_roam_fade_in.enter" />
				</Node>

				<!--	===========================================	-->
				<!--	Fade back in	-->
				<!--	===========================================	-->

				<Node id="free_roam_fade_in" state="global.fade_in">
					<Entry id="enter" />
					<Exit id="exit" target="show_hud.enter" />
				</Node>
				
				<Node id="show_hud" state="global.show_hud_screen">
					<Entry id="enter" />
					<Exit id="exit" target=".exit" />
				</Node>
			</State>
			<!-- ==================================== -->
			<!-- ==================================== -->

			<!-- ==================================== -->
			<!-- ==================================== -->
			<State id="FestivalInitialExperienceControl">
				<Entry id="enter" target="has_already_reached_festival.enter" />
				<Exit id="exit" />
				<Behaviour id="CGameControlWrapper" />

				<!--	============================================ -->
				<!--	============================================ -->

				<!--	============================================ -->
				<!--	Decision states for a partially completed IE -->
				<!--	============================================ -->

				<!--	===========================================	-->
				<!-- If the Player has already reached the festival, skip most of this sta te -->
				<Node id="has_already_reached_festival" state="HasAlreadyArrivedAtFestival" >
					<Entry id="enter" />
					<Exit id="true" target="skip_to_after_arrived_at_festival.enter" />
					<Exit id="false" target="set_audio_fadeout_quick.enter" />
				</Node>
				<!--	===========================================	-->

				<Node id="skip_to_after_arrived_at_festival" state="SetUpSkipToAfter_ArrivedAtFestival">
				  <Entry id="enter" />
				  <Exit id="exit" target="play_festival_arrive_cutscene.enter" /> <!-- remove all old intermediate save queries by skipping this state:     "has_already_seen_festival_cutscene.enter" /> -->
				</Node>

				<!--	===========================================	-->
				<!-- If the Player has already reached the festival, check if they have seen the festival cutscene -->
				<Node id="has_already_seen_festival_cutscene" state="HasAlreadySeenFestivalCutscene" >
					<Entry id="enter" />
					<Exit id="true" target="skip_to_after_seen_festival_cutscene.enter" />
					<Exit id="false" target="play_festival_arrive_cutscene.enter" />
				</Node>
				<!--	===========================================	-->

				<Node id="skip_to_after_seen_festival_cutscene" state="SetUpSkipToAfter_SeenFestivalCutscene">
				  <Entry id="enter" />
				  <Exit id="exit" target="has_already_bought_first_car.enter" />
				</Node>

				<!--	===========================================	-->
				<!-- If the Player has already seen the festival cutscene, see if they have already completed the garage section -->
				<Node id="has_already_bought_first_car" state="HasAlreadyBoughtFirstCar" >
					<Entry id="enter" />
					<Exit id="true" target="skip_to_after_bought_first_car.enter" />
					<Exit id="false" target="show_garage_ie.enter" />
				</Node>
				<!--	===========================================	-->

				<Node id="skip_to_after_bought_first_car" state="SetUpSkipToAfter_BoughtFirstCar">
				  <Entry id="enter" />
				  <Exit id="exit" target="has_already_seen_post_garage_cutscene.enter" />
				</Node>

				<!--	===========================================	-->
				<!-- If the Player has already bought a car, see if they have already seen the cutscene after the garage  -->
				<Node id="has_already_seen_post_garage_cutscene" state="HasAlreadySeenPostGarageCutscene" >
					<Entry id="enter" />
					<Exit id="true" target="skip_to_after_seen_post_garage_cutscene.enter" />
					<Exit id="false" target="show_post_garage_cutscene.enter" />
				</Node>
				<!--	===========================================	-->

				<Node id="skip_to_after_seen_post_garage_cutscene" state="SetUpSkipToAfter_SeenPostGarageCutscene">
				  <Entry id="enter" />
				  <Exit id="exit" target="has_already_seen_first_map_discovery.enter" />
				</Node>

				<!--	===========================================	-->
				<!-- If the Player has already seen the post garage cutscene, see if they have already seen the map discovery -->
				<Node id="has_already_seen_first_map_discovery" state="HasAlreadySeenFirstMapDiscovery" >
					<Entry id="enter" />
					<Exit id="true" target="skip_to_after_seen_first_map_discovery.enter" />
					<Exit id="false" target="trigger_first_roadtrip.enter" />
				</Node>
				<!--	===========================================	-->

				<Node id="skip_to_after_seen_first_map_discovery" state="SetUpSkipToAfter_SeenFirstMapDiscovery">
				  <Entry id="enter" />
				  <Exit id="exit" target=".exit" />
				</Node>

				<!--	===========================================	-->
				<!--	===========================================	-->

				<!--	============================================ -->
				<!--	Setup for first-entry festival flow -->
				<!--	============================================ -->

				<Node id="set_audio_fadeout_quick" state="Audio.apply_mixer_snapshot_fadeout_really_quick">
				  <Entry id="enter" />
				  <Exit id="exit" target="disable_player.enter" />
				</Node>
				
				<Node id="disable_player" state="DisablePlayer">
				  <Entry id="enter" />
				  <Exit id="exit" target="disable_rumble.enter" />
				</Node>
				
				<Node id="disable_rumble" state="global.disable_rumble_and_forcefeedback">
					<Entry id="enter" />
					<Exit id="exit" target="disable_car_loading.enter" />
				</Node>
				
				<Node id="disable_car_loading" state="global.disable_traffic_loading">
				  <Entry id="enter" />
				  <Exit id="exit" target="disable_traffic_spawning.enter" />
				</Node>

				<Node id="disable_traffic_spawning" state="global.disable_traffic_spawning">
					<Entry id="enter" />
					<Exit id="exit" target="undiscover_racecentral.enter" />
				</Node>

				<Node id="undiscover_racecentral" state="global.undiscover_racecentral">
				  <Entry id="enter" />
				  <Exit id="exit" target="clear_satnav.enter" />
				</Node>

				<Node id="clear_satnav" state="ClearInitialExperienceFirstDriveDestination">
				  <Entry id="enter" />
				  <Exit id="exit" target="store_position.enter"/>
				</Node>	
				
				<Node id="store_position" state="global.store_car_position">
				  <Entry id="enter" />
				  <Exit id="exit" target="fade_out_start.enter" />
				</Node>

				<Node id="fade_out_start" state="global.fade_out_half_sec">
				  <Entry id="enter" />
				  <Exit id="exit" target="wait_half_sec.enter" />
				</Node>

				<Node id="wait_half_sec" state="global.wait_half_sec">
				  <Entry id="enter" />
				  <Exit id="exit" target="hide_hud.enter" />
				</Node>
				
				<Node id="hide_hud" state="global.show_empty_screen">
				  <Entry id="enter" />
				  <Exit id="exit" target="reset_state_flags.enter" />
				</Node>				

				<Node id="reset_state_flags" state="ResetStateFlags">
				  <Entry id="enter" />
				  <Exit id="exit" target="set_time.enter" />
				</Node>
				
				<Node id="set_time" state="SetTimeTo_8_11_am">
				  <Entry id="enter" />
				  <Exit id="exit" target="switch_off_IE_driver_assists.enter" />
				</Node>
				
				<!-- Turn on the assists, because they store off the current assists in the class and then get reset at the start of the festival -->
				<Node id="switch_off_IE_driver_assists" state="ResetAssistsForIE" >
					<Entry id="enter" />
					<Exit id="exit" target="set_arrived_at_festival.enter" />
				</Node>	
				
				<Node id="set_arrived_at_festival" state="SetArrivedAtFestival">
				  <Entry id="enter" />
				  <Exit id="exit" target="award_achievement.enter" />
				</Node>

				<Node id="award_achievement" state="award_achievement">
				  <Entry id="enter" />
				  <Exit id="exit" target="save_profile_arrived_at_festival.enter" />
				</Node>

				<Node id="save_profile_arrived_at_festival" state="global.save_profile" >
				  <Entry id="enter" />
				  <Exit id="exit" target="play_festival_arrive_cutscene.enter" />
				</Node>


				<!--	===========================================	-->
				<!--	===========================================	-->
				<Node id="play_festival_arrive_cutscene" state="InitialExperienceFestivalCutscene">
				  <Entry id="enter" />
				  <Exit id="exit" target="audio_play_music_again.enter" />
				</Node>
				
				<!-- Start the music again for the car select screen into loading screen to the autoshow -->
				<Node id="audio_play_music_again" state="Audio.play_freeroam_music_with_fades">
				  <Entry id="enter" />
				  <Exit id="exit" target="show_garage_ie.enter" />
				</Node>

				<!--	===========================================	-->
				<!--	===========================================	-->

				<!-- Show the initial experience garage/autoshow -->
				<Node id="show_garage_ie" state="ShowFirstRunGarage">
					<Entry id="enter" />
					<Exit id="exit" target="play_pre_heat_music.enter" />		<!-- Bypass the FMV -->			
					<!-- <Exit id="exit" target="show_post_garage_cutscene.enter" /> -->
				</Node>

				<!--	===========================================	-->
				<!--	===========================================	-->

				<!-- Show the post garage/autoshow cutscene -->
				<Node id="show_post_garage_cutscene" state="InitialExperiencePostGarageCutscene">
					<Entry id="enter" />
					<Exit id="exit" target="play_pre_heat_music.enter" />
				</Node>
				
				<!--	===========================================	-->
				<!--	===========================================	-->

				<!-- Setup for free roam, then activity the trigger zone for the first/heat event -->
				<!--
				<Node id="setup_for_racing" state="FinishIEAndReturnToFreeRoam">
					<Entry id="enter" />
					<Exit id="exit" target="jump_into_heat_race.enter" />
				</Node>
				-->
				<!-- Start the music again for the car select screen into loading screen to the autoshow -->
				<Node id="play_pre_heat_music" state="Audio.play_freeroam_music_with_fades">
				  <Entry id="enter" />
				  <Exit id="exit" target="set_pre_heat_music_volume.enter" />
				</Node>	
				
				<Node id="set_pre_heat_music_volume" state="Audio.loading" >
					<Entry id="enter" />
					<Exit id="exit" target="set_entered_first_heat.enter" />
				</Node>
		
				
				<Node id="set_entered_first_heat" state="SetEnteredFirstHeat">
				  <Entry id="enter" />
				  <Exit id="exit" target="load_into_heat_race.enter" />
				</Node>

				<Node id="load_into_heat_race" state="LoadIntoHeatRace">
					<Entry id="enter" />
					<Exit id="exit" target=".exit" />
				</Node>


				<!--	===========================================	-->
				<!--	===========================================	-->

				<Node id="trigger_first_roadtrip" state="TriggerFirstRoadTrip">
					<Entry id="enter" />
					<Exit id="exit" target=".exit" />
				</Node>

			</State>
			<!-- ==================================== -->



			<!-- ==================================== -->
			<!-- Map display functionality -->
			<!-- ==================================== -->

			<!-- ==================================== -->
			<State id="ShowMapAndRaceSelect">
				<Entry id="enter" target="unlock_satnav.enter" />
				<Exit id="exit" />
				<Behaviour id="CGameControlWrapper" />

				<Node id="unlock_satnav" state="global.unlock_satnav_destination" >
					<Entry id="enter" />
					<Exit id="exit" target="lock_map.enter" />
				</Node>

				<Node id="lock_map" state="global.lock_map_for_first_time_career" >
					<Entry id="enter" />
					<Exit id="exit" target="showmap.enter" />
				</Node>

				<Node id="showmap" state="map_flow">
					<Entry id="enter" />
					<Exit id="exit" target="unlock_map.enter" />
				</Node>

				<Node id="unlock_map" state="global.unlock_map_for_first_time_career" >
					<Entry id="enter" />
					<Exit id="exit" target="lock_satnav.enter" />
				</Node>

				<Node id="lock_satnav" state="global.lock_satnav_destination" >
					<Entry id="enter" />
					<Exit id="exit" target="set_seen_first_map_discovery.enter" />
				</Node>

				<Node id="set_seen_first_map_discovery" state="SetSeenFirstMapDiscovery">
				  <Entry id="enter" />
				  <Exit id="exit" target="save_profile_seen_first_map_discovery.enter" />
				</Node>

				<Node id="save_profile_seen_first_map_discovery" state="global.save_profile" >
				  <Entry id="enter" />
				  <Exit id="exit" target=".exit" />
				</Node>

			</State>
			<!-- ==================================== -->

			<!-- ==================================== -->
			<State id="ShowMapAndRaceSelectNOHUD">
				<Entry id="enter" target="unlock_satnav.enter" />
				<Exit id="exit" />
				<Behaviour id="CGameControlWrapper" />

				<Node id="unlock_satnav" state="global.unlock_satnav_destination" >
				  <Entry id="enter" />
				  <Exit id="exit" target="lock_map.enter" />
				</Node>

				<Node id="lock_map" state="global.lock_map_for_first_time_career" >
				  <Entry id="enter" />
				  <Exit id="exit" target="showmap.enter" />
				</Node>

				<Node id="showmap" state="map_flow">
				  <Entry id="enter" />
				  <Exit id="exit" target="unlock_map.enter" />
				</Node>

				<Node id="unlock_map" state="global.unlock_map_for_first_time_career" >
				  <Entry id="enter" />
				  <Exit id="exit" target="lock_satnav.enter" />
				</Node>

				<Node id="lock_satnav" state="global.lock_satnav_destination" >
				  <Entry id="enter" />
				  <Exit id="exit" target="is_first_time_career_active.enter" />
				</Node>

				<Node id="is_first_time_career_active" state="global.is_first_time_career">
				  <Entry id="enter" />
				  <Exit id="yes" target=".exit" />
				  <Exit id="no" target="show_loyalty_cars_notification.enter" />
				</Node>

				<Node id="show_loyalty_cars_notification" state="global.show_loyalty_cars_notification">
				  <Entry id="enter" />
				  <Exit id="exit" target=".exit" />
				</Node>
			</State>

			<State id="show_map_internal" >
				<Entry id="enter" target="show_map.enter"/>
				<Exit id="exit" />

				<Node id="show_map" state="map.map_screen" >
				  <Entry id="enter" />
				  <Exit id="exit" target="should_lock_map.enter" />
				  <Exit id="exit_to_game" target="should_lock_map.enter" />
				  <Exit id="fast_travel" target="should_lock_map.enter" />
				  <Exit id="ambientLeaderboard" target="." />
				  <Exit id="lapRaceLeaderboard" target="." />
				</Node>

				<Node id="should_lock_map" state="global.map_locked_for_first_time_career" >
				  <Entry id="enter" />
				  <Exit id="yes" target="show_map.enter" />
				  <Exit id="no" target=".exit" />
				</Node>
			</State>

			<State id="pre_map_flow" >
				<Entry id="enter" target="pause_game.enter"/>
				<Exit id="exit" />

				<Node id="pause_game" state="global.pause_game" >
				  <Entry id="enter" />
				  <Exit id="exit" target="load_map.enter" />
				</Node>

				<!-- todo, do we need to disable sat nav voice ? -->
				<Node id="load_map" state="map.load_map" >
				  <Entry id="enter" />
				  <Exit id="exit" target=".exit"/>
				</Node>
			</State>

			<State id="post_map_flow" >
				<Entry id="enter" target="store_position.enter"/>
				<Exit id="exit" />

				<Node id="store_position" state="global.store_car_position">
				  <Entry id="enter" />
				  <Exit id="exit" target="set_seen_map_discovery.enter" />
				</Node>

				<!-- Set the "seenFirstMapDiscovery" flag before saving the profile -->
				<Node id="set_seen_map_discovery" state="SetSeenFirstMapDiscovery">
				  <Entry id="enter" />
				  <Exit id="exit" target="save_profile.enter" />
				</Node>

				<Node id="save_profile" state="global.save_profile" >
				  <Entry id="enter" />
				  <Exit id="exit" target="unload_map_to_empty_scene.enter" />
				</Node>

				<Node id="unload_map_to_empty_scene" state="map.unload_map_to_empty_scene" >
				  <Entry id="enter" />
				  <Exit id="exit" target="unpause_game.enter"/>
				</Node>

				<Node id="unpause_game" state="global.unpause_game_retain_audio_snapshot" >
				  <Entry id="enter" />
				  <Exit id="exit" target=".exit" />
				</Node>
			</State>

			<State id="post_map_flow_no_save" >
				<Entry id="enter" target="store_position.enter"/>
				<Exit id="exit" />

				<Node id="store_position" state="global.store_car_position">
				  <Entry id="enter" />
				  <Exit id="exit" target="unload_map_to_empty_scene.enter" />
				</Node>

				<Node id="unload_map_to_empty_scene" state="map.unload_map_to_empty_scene" >
				  <Entry id="enter" />
				  <Exit id="exit" target="unpause_game.enter"/>
				</Node>

				<Node id="unpause_game" state="global.unpause_game_retain_audio_snapshot" >
				  <Entry id="enter" />
				  <Exit id="exit" target=".exit" />
				</Node>
			</State>

			<State id="map_flow" >
				<Entry id="enter" target="pre_map.enter"/>
				<Exit id="exit" />

				<Node id="pre_map" state="pre_map_flow" >
				  <Entry id="enter" />
				  <Exit id="exit" target="show.enter" />
				</Node>

				<Node id="show" state="show_map_internal" >
				  <Entry id="enter" />
				  <Exit id="exit" target="post_map.enter" />
				</Node>

				<Node id="post_map" state="post_map_flow" >
				  <Entry id="enter" />
				  <Exit id="exit" target=".exit" />
				</Node>
			</State>

      <State id="award_achievement">
        <Entry id="enter" target=".exit" />
        <Exit id="exit" />
        <Behaviour id="CAwardAchievement" achievement="ACHIEVEMENT_H2_WELCOME_TO_HORIZON_EUROPE" />
      </State>

      <!-- ==================================== -->
        </StateGroup>

		<RadioDJRequests>
			<!-- Triggered by TriggerZones (all disabled for now but leaving here in case we want to resurrect them)
			<Immediate gameplayEvent="GoodLuck" timeDelay="0.0" triggerId="1005" countVal="-1" musicDuckOnFinish="false" group="0" enabled="true" />
			<Immediate gameplayEvent="TonsOfRides" timeDelay="0.0" triggerId="1005" countVal="-1" musicDuckOnFinish="false" group="0" enabled="true" />
			<Immediate gameplayEvent="CarsCrashedConversation" timeDelay="0.0" triggerId="1005" countVal="-1" musicDuckOnFinish="false" group="0" enabled="true" />
			-->

			<!-- Triggered by Timer -->
			<Immediate gameplayEvent="TicketGiveawayReminder1" timeDelay="30.0" triggerId="0" countVal="-1" musicDuckOnFinish="false" group="1" enabled="true" />
			<Immediate gameplayEvent="TicketGiveawayReminder2" timeDelay="60.0" triggerId="0" countVal="-1" musicDuckOnFinish="false" group="1" enabled="true" />

			<!-- Triggered by countdown, some force the music to remain ducked as these triggers come thick and fast -->
			<Immediate gameplayEvent="FestivalTicketsDepleting9" timeDelay="0.0" triggerId="0" countVal="9" musicDuckOnFinish="false" group="0" enabled="true" />
			<Immediate gameplayEvent="FestivalTicketsDepleting8" timeDelay="0.0" triggerId="0" countVal="8" musicDuckOnFinish="false" group="0" enabled="true" />
			<Immediate gameplayEvent="FestivalTicketsDepleting7" timeDelay="0.0" triggerId="0" countVal="7" musicDuckOnFinish="false" group="0" enabled="true" />
			<Immediate gameplayEvent="FestivalTicketsDepleting6" timeDelay="0.0" triggerId="0" countVal="6" musicDuckOnFinish="false" group="0" enabled="true" />
			<Immediate gameplayEvent="FestivalTicketsDepleting5" timeDelay="0.0" triggerId="0" countVal="5" musicDuckOnFinish="false" group="0" enabled="true" />
			<Immediate gameplayEvent="FestivalTicketsDepleting4" timeDelay="0.0" triggerId="0" countVal="4" musicDuckOnFinish="false" group="0" enabled="true" />
			<Immediate gameplayEvent="FestivalTicketsDepleting3" timeDelay="0.0" triggerId="0" countVal="3" musicDuckOnFinish="false" group="0" enabled="true" />
			<Immediate gameplayEvent="FestivalTicketsDepleting2" timeDelay="0.0" triggerId="0" countVal="2" musicDuckOnFinish="false" group="0" enabled="true" />
			<Immediate gameplayEvent="FestivalTicketsDepleting1" timeDelay="0.0" triggerId="0" countVal="1" musicDuckOnFinish="false" group="0" enabled="true" />

			<!-- Triggered after player completes Hotizon Heats - misc="0" stands for "wristband 0" == "yellow" -->
			<Festival gameplayEvent="RamonaOpinionOfPlayerInterview" enabled="true" misc="0" />
		</RadioDJRequests>
    </Activity>
</ActivityManager>

</ActivityManager>

</ActivityManager>

</ActivityManager>
