<ActivityManager>
	<Activity type="FirstTimeCareerActivity" name="first_time_career_activity">
        <StateGroup id="firsttimecareer" >
            <State id="Root">
                <Entry id="enter" target=".exit" />
                <Exit id="exit" />          
            </State>

          <State id="place_car_at_workshop" >
            <Entry id="enter" target=".exit" />
            <Exit id="exit" />
            <!-- temporally using the information point location for the workshop -->
            <Behaviour id="CPlaceCar" x="-1027.26" y="-8.68" z="-145.57" rotation="100.0" />
          </State>

          <State id="place_car_at_diner" >
            <Entry id="enter" target=".exit" />
            <Exit id="exit" />
            <!-- temporally using the information point location for the workshop -->
            <Behaviour id="CPlaceCar" x="1553.881226" y="118.073807" z="-1934.264526" rotation="-120.859550" />
          </State>

          <State id="PrepareFestivalEstablishing">
            <Entry id="enter" target=".exit" />
            <Exit id="exit" />
            <Behaviour id="CPrepareCutscene" cutscene="E3Cutscene" race_specific="true"/>
          </State>

          <State id="SetupDinerCutScene">
            <Entry id="enter" target=".exit" />
            <Exit id="exit" />
            <Behaviour id="CPrepareDinerCutscene" first="false" cleanUp="false" musicTrack="None"/>
          </State>         
          
          <State id="SetupDinerCutSceneCockpit">
            <Entry id="enter" target=".exit" />
            <Exit id="exit" />
            <Behaviour id="CPrepareCutscene" cutscene="New_Diner_Cutscene_3" race_specific="false"/>
          </State>

          <State id="SetupPreDinerCutScene">
            <Entry id="enter" target=".exit" />
            <Exit id="exit" />
            <Behaviour id="CPrepareCutscene" cutscene="NEW_Diner_Cutscene_1" race_specific="false"/>
          </State>

          <State id="CleanUpDinerCutScene">
            <Entry id="enter" target=".exit" />
            <Exit id="exit" />
            <Behaviour id="CPrepareDinerCutscene" cleanUp ="true" />
          </State>


          <State id="UnlockRacesPostIE">
            <Entry id="enter" target=".exit" />
            <Exit id="exit" />
            <Behaviour id="CUnlockRacesPostInitialExperiece"/>
          </State>

          <State id="ToggleFirstTimeCareer">
            <Entry id="enter" target=".exit" />
            <Exit id="exit" />
            <Behaviour id="CSetIsFristTimeCareer">
              <Attribute id="enabled" value="false" />
            </Behaviour>
          </State>

          <State id="LoadRoute">
            <Entry id="enter" target=".exit" />
            <Exit id="exit" />
            <Behaviour id="CLoadRoute">
              <Attribute id="route_id" value="0" />
            </Behaviour>
          </State>

          <State id="fade_out_2_sec" >
            <Entry id="enter" />
            <Exit id="exit" />
            <Behaviour id="CFadeIn" fade_in="false">
              <Transition id="onReady" target=".exit" />
              <FadeOptions Duration="2.000000" HoldDuration="0.000000" CurveType="S" Color.x="0.000000" Color.y="0.000000" Color.z="0.000000" Color.w="0.000000"/>
            </Behaviour>
          </State>

          <State id="ResetSatnavTracker">
            <Entry id="enter" target=".exit" />
            <Exit id="exit" />
            <Behaviour id="CResetSatnavTracker"/>
          </State>

          <State id="PrepareTollBoothCutscene">
            <Entry id="enter" target=".exit" />
            <Exit id="exit" />
            <Behaviour id="CPrepareCutscene" cutscene="Festival_Race_Outro" race_specific="false"/>
          </State>

          <State id="FestivalArrive">
            <Entry id="enter" target="intro_complete.enter" />
            <Exit id="exit" />
            <Behaviour id="CGameControlWrapper" />
            
            <Node id="intro_complete" state="intro_complete" >
              <Entry id="enter" />
              <Exit id="exit" target="hide_racing_line.enter" />
            </Node>

            <Node id="white_flash" state="global.white_flash">
              <Entry id="enter" />
              <Exit id="exit" target="hide_racing_line.enter"/>
            </Node>

            <Node id="hide_racing_line" state="global.disable_racing_line">
              <Entry id="enter" />
              <Exit id="exit" target="disable_car_controls.enter"/>
            </Node>
            
            <Node id="disable_car_controls" state="global.disable_car_control">
              <Entry id="enter" />
              <Exit id="exit" target="enable_ai.enter"/>
            </Node>

            <Node id="enable_ai" state="global.enable_ai_player_car_control">
              <Entry id="enter" />
              <Exit id="exit" target="store_pos.enter"/>
            </Node>

            <Node id="store_pos" state="global.store_car_position">
              <Entry id="enter" />
              <Exit id="exit" target="empty_screen.enter" />
            </Node>

            <Node id="empty_screen" state="global.show_empty_screen">
              <Entry id="enter" />
              <Exit id="exit" target="prepare_toll_booth_cutscene.enter" />
            </Node>

            <Node id="prepare_toll_booth_cutscene" state="PrepareTollBoothCutscene" >
              <Entry id="enter" />
              <Exit id="exit" target="play_toll_booth_cutscene.enter" />
            </Node>

            <Node id="play_toll_booth_cutscene" state="global.play_current_camera_sequence" >
              <Entry id="enter" />
              <Exit id="exit" target="wait_3_sec.enter" />
            </Node>

            <Node id="wait_3_sec" state="global.wait_3_sec" >
              <Entry id="enter" />
              <Exit id="exit" target="set_audio_fadeout.enter" />
            </Node>

            <Node id="set_audio_fadeout" state="Audio.apply_mixer_snapshot_fadeout" >
              <Entry id="enter" />
              <Exit id="exit" target="start_fade_out.enter" />
            </Node>			
            
            <Node id="start_fade_out" state="fade_out_2_sec" >
              <Entry id="enter" />
              <Exit id="exit" target="reset_satnav_tracker.enter" />
            </Node>

            <Node id="reset_satnav_tracker" state="ResetSatnavTracker" >
              <Entry id="enter" />
              <Exit id="exit" target="black_out.enter" />
            </Node>

            <Node id="black_out" state="global.black_out" >
              <Entry id="enter" />
              <Exit id="exit" target="stop_cutscene.enter" />
            </Node>

            <Node id="stop_cutscene" state="global.stop_cutscene" >
              <Entry id="enter" />
              <Exit id="exit" target="reset_camera.enter" />
            </Node>

            <Node id="reset_camera" state="global.reset_camera_to_player" >
              <Entry id="enter" />
              <Exit id="exit" target="show_racing_line.enter" />
            </Node>

            <Node id="show_racing_line" state="global.enable_racing_line">
              <Entry id="enter" />
              <Exit id="exit" target="disable_ai.enter"/>
            </Node>

            <Node id="disable_ai" state="global.disable_ai_player_car_control">
              <Entry id="enter" />
              <Exit id="exit" target="enable_despawning.enter"/>
            </Node>
                       
            <Node id="enable_despawning" state="global.enable_traffic_despawning">
              <Entry id="enter" />
              <Exit id="exit" target="restore_pos.enter"/>
            </Node>
            
            <Node id="restore_pos" state="global.restore_car_position">
              <Entry id="enter" />
              <Exit id="exit" target="unload_route.enter" />
            </Node>

            <Node id="unload_route" state="LoadRoute">
              <Entry id="enter" />
              <Exit id="exit" target="enable_car_parking_brake.enter"/>
            </Node>

            <Node id="enable_car_parking_brake" state="global.enable_car_parking_brake">
              <Entry id="enter" />
              <Exit id="exit" target="discover_dlc_centre.enter"/>
            </Node>

            <Node id="discover_dlc_centre" state="global.discover_dlc_centre">
              <Entry id="enter" />
              <Exit id="exit" target="block_pause_entry.enter" />
            </Node>
            
            <Node id="block_pause_entry" state="global.block_pause_entry">
              <Entry id="enter"/>
              <Exit id="exit" target="play_festival_arrive_cutscene.enter"/>
            </Node>

            <Node id="play_festival_arrive_cutscene" state="FestivalArriveCutscene">
              <Entry id="enter" />
              <Exit id="exit" target="enable_player.enter" />
            </Node>    

            <Node id="enable_player" state="EnablePlayer">
              <Entry id="enter" />
              <Exit id="exit" target="start_festival_traffic.enter" />
            </Node>          

            <Node id="start_festival_traffic" state="global.enable_traffic_spawning_with_initial_spawn">
              <Entry id="enter" />
              <Exit id="exit" target="start_festival_traffic2.enter" />
            </Node> 
	    
	        <Node id="start_festival_traffic2" state="global.enable_festival_traffic_spawning">
              <Entry id="enter" />
              <Exit id="exit" target="set_audio_freeroam.enter" />
            </Node>
			
            <Node id="set_audio_freeroam" state="Audio.apply_mixer_snapshot_freeroam" >
              <Entry id="enter" />
              <Exit id="exit" target=".exit" />
            </Node>				
          </State>

          <State id="show_map_internal" >
            <Entry id="enter" target="show_map.enter"/>
            <Exit id="exit" />

            <Node id="show_map" state="map.map_screen" >
              <Entry id="enter" />
              <Exit id="exit" target="should_lock_map.enter" />
              <Exit id="exit_to_game" target="should_lock_map.enter" />
              <Exit id="fast_travel" target="should_lock_map.enter" />
              <Exit id="ambientLeaderboard" target="." />
              <Exit id="lapRaceLeaderboard" target="." />
            </Node>

            <Node id="should_lock_map" state="global.map_locked_for_first_time_career" >
              <Entry id="enter" />
              <Exit id="yes" target="show_map.enter" />
              <Exit id="no" target=".exit" />
            </Node>
          </State>

          <State id="pre_map_flow" >
            <Entry id="enter" target="pause_game.enter"/>
            <Exit id="exit" />

            <Node id="pause_game" state="global.pause_game" >
              <Entry id="enter" />
              <Exit id="exit" target="load_map.enter" />
            </Node>

            <!-- todo, do we need to disable sat nav voice ? -->

            <Node id="load_map" state="map.load_map" >
              <Entry id="enter" />
              <Exit id="exit" target=".exit"/>
            </Node>
          </State>

          <State id="post_map_flow" >
            <Entry id="enter" target="store_position.enter"/>
            <Exit id="exit" />

            <Node id="store_position" state="global.store_car_position">
              <Entry id="enter" />
              <Exit id="exit" target="save_profile.enter" />
            </Node>

            <Node id="save_profile" state="global.save_profile" >
              <Entry id="enter" />
              <Exit id="exit" target="unload_map_to_empty_scene.enter" />
            </Node>

            <Node id="unload_map_to_empty_scene" state="map.unload_map_to_empty_scene" >
              <Entry id="enter" />
              <Exit id="exit" target="unpause_game.enter"/>
            </Node>

            <Node id="unpause_game" state="global.unpause_game_retain_audio_snapshot" >
              <Entry id="enter" />
              <Exit id="exit" target=".exit" />
            </Node>
          </State>

          <State id="post_map_flow_no_save" >
            <Entry id="enter" target="store_position.enter"/>
            <Exit id="exit" />

            <Node id="store_position" state="global.store_car_position">
              <Entry id="enter" />
              <Exit id="exit" target="unload_map_to_empty_scene.enter" />
            </Node>

            <Node id="unload_map_to_empty_scene" state="map.unload_map_to_empty_scene" >
              <Entry id="enter" />
              <Exit id="exit" target="unpause_game.enter"/>
            </Node>

            <Node id="unpause_game" state="global.unpause_game_retain_audio_snapshot" >
              <Entry id="enter" />
              <Exit id="exit" target=".exit" />
            </Node>
          </State>
            

          <State id="map_flow" >
            <Entry id="enter" target="pre_map.enter"/>
            <Exit id="exit" />

            <Node id="pre_map" state="pre_map_flow" >
              <Entry id="enter" />
              <Exit id="exit" target="show.enter" />
            </Node>

            <Node id="show" state="show_map_internal" >
              <Entry id="enter" />
              <Exit id="exit" target="post_map.enter" />
            </Node>

            <Node id="post_map" state="post_map_flow" >
              <Entry id="enter" />
              <Exit id="exit" target=".exit" />
            </Node>
          </State>

          <State id="map_flow_with_race_central_vo" >
            <Entry id="enter" target="pre_map.enter"/>
            <Exit id="exit" />

            <Node id="pre_map" state="pre_map_flow" >
              <Entry id="enter" />
              <Exit id="exit" target="show.enter" />
            </Node>          
            
            <Node id="show" state="show_map_internal" >
              <Entry id="enter" />
              <Exit id="exit" target="post_map.enter" />
            </Node>
          
            <Node id="post_map" state="post_map_flow_no_save" >
              <Entry id="enter" />
              <Exit id="exit" target=".exit" />
            </Node>
	
          </State>

          <State id="PlayWristbandVO" >
            <Entry id="enter" target=".exit" />
            <Exit id="exit" />
            <Behaviour id="CTriggerVO" trigger="FirstWristbandCollect" wait="false"/>
          </State>

          <State id="PrepareWristbandIntroCutscene" >
            <Entry id="enter" target=".exit" />
            <Exit id="exit"/>
            <Behaviour id="CPrepareCutscene" cutscene="Wristband_Intro" />
          </State>

          <State id="SetRestrictionsForAutosow" >
            <Entry id="enter" target=".exit" />
            <Exit id="exit"/>
            <Behaviour id="CSetRestrictionsForFirstAutoshow" enable="true" />
          </State>
          
          <State id="ClearRestrictionsForAutosow" >
            <Entry id="enter" target=".exit" />
            <Exit id="exit"/>
            <Behaviour id="CSetRestrictionsForFirstAutoshow" enable="false" />
          </State>


          <State id="RaceCentralArrive">
            <Entry id="enter" target="disable_car_loading.enter" />
            <Exit id="exit" />
            <Behaviour id="CGameControlWrapper" />

            <Node id="disable_car_loading" state="global.disable_traffic_loading">
              <Entry id="enter" />
              <Exit id="exit" target="undiscover_racecentral.enter" />
            </Node>

            <Node id="undiscover_racecentral" state="global.undiscover_racecentral">
              <Entry id="enter" />
              <Exit id="exit" target="hide_hud.enter" />
            </Node>

            <Node id="hide_hud" state="global.show_empty_screen">
              <Entry id="enter" />
              <Exit id="exit" target="set_audio_fadeout_quick.enter" />
            </Node>
			
            <Node id="set_audio_fadeout_quick" state="Audio.apply_mixer_snapshot_fadeout_quick">
              <Entry id="enter" />
              <Exit id="exit" target="fade_out_start.enter" />
            </Node>					

            <Node id="fade_out_start" state="global.fade_out_half_sec">
              <Entry id="enter" />
              <Exit id="exit" target="wait_for_all_cars_loaded.enter" />
            </Node>

            <Node id="wait_for_all_cars_loaded" state="global.wait_for_all_cars_loaded">
              <Entry id="enter" />
              <Exit id="exit" target="disable_player.enter" />
            </Node>            

            <Node id="disable_player" state="DisablePlayer">
              <Entry id="enter" />
              <Exit id="exit" target="set_time.enter" />
            </Node>

            <Node id="set_time" state="set_time_to_8_11_am">
              <Entry id="enter" />
              <Exit id="exit" target="disable_rumble.enter" />
            </Node>

            <Node id="disable_rumble" state="global.disable_rumble_and_forcefeedback">
                <Entry id="enter" />
                <Exit id="exit" target="play_festival_arrive_cutscene.enter" />
            </Node>

            <Node id="play_festival_arrive_cutscene" state="RaceCentralArriveCutscene">
              <Entry id="enter" />
              <Exit id="exit" target="enable_car_loading.enter" />
            </Node>

            <Node id="enable_car_loading" state="global.enable_traffic_loading">
              <Entry id="enter" />
              <Exit id="exit" target="enable_rumble.enter" />
            </Node>

            <Node id="enable_rumble" state="global.enable_rumble_and_forcefeedback">
                <Entry id="enter" />
                <Exit id="exit" target="remove_traffic_cars.enter" />
            </Node>

            <Node id="remove_traffic_cars" state="global.wait_for_traffic_not_festival_to_be_removed">
              <Entry id="enter" />
              <Exit id="exit" target="repair_car_damage.enter"/>
            </Node>

            <Node id="repair_car_damage" state="global.reset_car_damage">
              <Entry id="enter" />
              <Exit id="exit" target="prepare_wristband_intro_cutscene.enter" />
            </Node>

            <Node id="prepare_wristband_intro_cutscene" state="PrepareWristbandIntroCutscene">
              <Entry id="enter" />
              <Exit id="exit" target="set_audio_free_roam_wristband.enter" />
            </Node>
			
	        <Node id="set_audio_free_roam_wristband" state="Audio.apply_mixer_snapshot_freeroam">
              <Entry id="enter"/>
              <Exit id="exit" target="apply_mixer_snapshot_voplaying_instant.enter"/>
            </Node>
			
            <Node id="apply_mixer_snapshot_voplaying_instant" state="Audio.apply_mixer_snapshot_voplaying_instant">
              <Entry id="enter"/>
              <Exit id="exit" target="play_current_camera_and_wait.enter"/>
            </Node>				

            <Node id="play_current_camera_and_wait" state="global.play_current_camera_sequence_and_wait">
              <Entry id="enter" />
              <Exit id="exit" target="reset_cam.enter" />
            </Node>

            <Node id="reset_cam" state="global.reset_camera_to_player">
              <Entry id="enter" />
              <Exit id="exit" target="blackout_1.enter" />
            </Node>

            <Node id="blackout_1" state="global.black_out">
              <Entry id="enter" />
              <Exit id="exit" target="discover_festival_ring.enter" />
            </Node>          

            <Node id="discover_festival_ring" state="global.discover_festival_ring">
              <Entry id="enter" />
              <Exit id="exit" target="undiscover_racecentral2.enter" />
            </Node>

            <Node id="undiscover_racecentral2" state="global.undiscover_racecentral">
              <Entry id="enter" />
              <Exit id="exit" target="radiodj_festival_wristband.enter" />
            </Node>
			 
			      <Node id="radiodj_festival_wristband" state="radiodj.festival_wristband" >
				      <Entry id="enter" />
				      <Exit id="exit" target="unlock_satnav.enter" />
			      </Node>				

            <Node id="unlock_satnav" state="global.unlock_satnav_destination" >
              <Entry id="enter" />
              <Exit id="exit" target="unlock_races.enter" />
            </Node>


            <Node id="unlock_races" state="UnlockRacesPostIE">
              <Entry id="enter" />
              <Exit id="exit" target="toggle_first_time_carrer.enter" />
            </Node>

            <Node id="toggle_first_time_carrer" state="ToggleFirstTimeCareer">
              <Entry id="enter" />
              <Exit id="exit" target="set_show_career_progress_message.enter" />
            </Node>
            
            <Node id="set_show_career_progress_message" state="global.set_show_career_progress_message">
              <Entry id="enter" />
              <Exit id="exit" target="give_wristband_cash_bonus.enter" />
            </Node>

            <Node id="give_wristband_cash_bonus" state="give_wristband_cash_bonus">
                <Entry id="enter" />
                <Exit id="exit" target="store_position.enter" />
            </Node>
              
            <Node id="store_position" state="global.store_car_position">
              <Entry id="enter" />
              <Exit id="exit" target="show_map.enter" />
            </Node>
            
            <Node id="show_map" state="map_flow_with_race_central_vo">
              <Entry id="enter" />
              <Exit id="exit" target="set_audio_loading.enter" />
            </Node>
			
            <Node id="set_audio_loading" state="Audio.apply_mixer_snapshot_loading" >
                <Entry id="enter" />
                <Exit id="exit" target="show_loading_screen.enter" />
            </Node>			
            
            <Node id="show_loading_screen" state="global.show_loading_screen">
                <Entry id="enter" />
                <Exit id="exit" target="put_car_at_workshop.enter" />
            </Node>
            
            <Node id="put_car_at_workshop" state="place_car_at_workshop" >
                <Entry id="enter" />
                <Exit id="exit" target="wait_for_streaming.enter" />
            </Node>

            <Node id="wait_for_streaming" state="global.wait_for_streaming" >
              <Entry id="enter" />
              <Exit id="exit" target="save_satnav_pos.enter" />
            </Node>
            
            <Node id="save_satnav_pos" state="global.store_satnav_destination" >
              <Entry id="enter" />
              <Exit id="exit" target="set_autoshow_restrictions.enter" />
            </Node>          
         
            <Node id="set_autoshow_restrictions" state="SetRestrictionsForAutosow" >
              <Entry id="enter" />
              <Exit id="exit" target="go_to_autoshow.enterDirectToInt" />
            </Node>
            
            <Node id="go_to_autoshow" state="autoshows.root">
              <Entry id="enterDirectToInt" />
              <Exit id="exit" target="clear_autoshow_restrictions.enter" />
              <Exit id="exitToRace" target="clear_autoshow_restrictions.enter" />
            </Node>

            <Node id="clear_autoshow_restrictions" state="ClearRestrictionsForAutosow" >
              <Entry id="enter" />
              <Exit id="exit" target="restore_satnav_pos.enter" />
            </Node>

            <Node id="restore_satnav_pos" state="global.restore_satnav_destination" >
              <Entry id="enter" />
              <Exit id="exit" target="reset_cam_to_player.enter" />
            </Node>

            <Node id="reset_cam_to_player" state="global.reset_camera_to_player" >
              <Entry id="enter" />
              <Exit id="exit" target="set_audio_free_roam.enter" />
            </Node>
            
            <Node id="set_audio_free_roam" state="Audio.apply_mixer_snapshot_freeroam">
                <Entry id="enter"/>
                <Exit id="exit" target="is_kinect_enabled.enter"/>
            </Node>
            
            <Node id="is_kinect_enabled" state="global.is_kinect_enabled">
                <Entry id="enter" />
                <Exit id="yes" target="pause_game.enter" />
                <Exit id="no" target="set_show_map_hint_message.enter" />
            </Node>
            
            <Node id="pause_game" state="global.pause_game">
                <Entry id="enter" />
                <Exit id="exit" target="show_sat_nav_tutorial_popup.enter" />
            </Node>
            
            <Node id="show_sat_nav_tutorial_popup" state="UIShowScreens.ShowSatNavTutorialPopup">
                <Entry id="enter" />
                <Exit id="exit" target="show_hud.enter" />
            </Node>
            
            <Node id="show_hud" state="global.show_hud_screen">
                <Entry id="enter" />
                <Exit id="exit" target="unpause_game.enter" />
            </Node>

            <Node id="unpause_game" state="global.unpause_game">
              <Entry id="enter" />
              <Exit id="exit" target="play_paint_shop_vo.enter" />
            </Node>
            
            <Node id="set_show_map_hint_message" state="global.set_show_input_hint_message">
              <Entry id="enter" />
              <Exit id="exit" target="play_paint_shop_vo.enter" />
            </Node>
            
            <Node id="play_paint_shop_vo" state="PaintShopVO" >
              <Entry id="enter" />
              <Exit id="exit" target="enable_player.enter" />
            </Node>

            <Node id="enable_player" state="EnablePlayer">
              <Entry id="enter" />
              <Exit id="exit" target="discover_racecentral.enter" />
            </Node>

            <Node id="discover_racecentral" state="global.discover_racecentral">
              <Entry id="enter" />
              <Exit id="exit" target="enable_traffic_spawning.enter" />
            </Node>

            <Node id="enable_traffic_spawning" state="global.enable_traffic_spawning">
              <Entry id="enter" />
              <Exit id="exit" target="show_loyalty_cars_notification.enter" />
            </Node>

            <Node id="show_loyalty_cars_notification" state="global.show_loyalty_cars_notification">
                <Entry id="enter" />
                <Exit id="exit" target="set_destination_recaro_rush.enter" />
            </Node>

            <Node id="set_destination_recaro_rush" state="SetRecaroRushAsDestination">
                <Entry id="enter" />
                <Exit id="exit" target="unlock_time.enter" />
            </Node>
              
            <Node id="unlock_time" state="global.unlock_time_of_day">
                <Entry id="enter" />
                <Exit id="exit" target=".exit" />
            </Node>
          </State>
    

            <State id="ShowMapAndRaceSelect">
              <Entry id="enter" target="unlock_satnav.enter" />
              <Exit id="exit" />
              <Behaviour id="CGameControlWrapper" />

              <Node id="unlock_satnav" state="global.unlock_satnav_destination" >
                <Entry id="enter" />
                <Exit id="exit" target="lock_map.enter" />
              </Node>

              <Node id="lock_map" state="global.lock_map_for_first_time_career" >
                <Entry id="enter" />
                <Exit id="exit" target="showmap.enter" />
              </Node>

              <Node id="showmap" state="map_flow">
                <Entry id="enter" />
                <Exit id="exit" target="unlock_map.enter" />
              </Node>

              <Node id="unlock_map" state="global.unlock_map_for_first_time_career" >
                <Entry id="enter" />
                <Exit id="exit" target="lock_satnav.enter" />
              </Node>

              <Node id="lock_satnav" state="global.lock_satnav_destination" >
                <Entry id="enter" />
                <Exit id="exit" target="enable_player.enter" />
              </Node>
              
              <Node id="enable_player" state="EnablePlayer">
                <Entry id="enter" />
                <Exit id="exit" target="show_hud.enter" />
              </Node>

              <Node id="show_hud" state="global.show_hud_screen">
                <Entry id="enter" />
                <Exit id="exit" target=".exit" />
              </Node>
          </State>

          <State id="ShowMapAndRaceSelectNOHUD">
            <Entry id="enter" target="unlock_satnav.enter" />
            <Exit id="exit" />
            <Behaviour id="CGameControlWrapper" />

            <Node id="unlock_satnav" state="global.unlock_satnav_destination" >
              <Entry id="enter" />
              <Exit id="exit" target="lock_map.enter" />
            </Node>

            <Node id="lock_map" state="global.lock_map_for_first_time_career" >
              <Entry id="enter" />
              <Exit id="exit" target="showmap.enter" />
            </Node>

            <Node id="showmap" state="map_flow">
              <Entry id="enter" />
              <Exit id="exit" target="unlock_map.enter" />
            </Node>

            <Node id="unlock_map" state="global.unlock_map_for_first_time_career" >
              <Entry id="enter" />
              <Exit id="exit" target="lock_satnav.enter" />
            </Node>

            <Node id="lock_satnav" state="global.lock_satnav_destination" >
              <Entry id="enter" />
              <Exit id="exit" target="is_first_time_career_active.enter" />
            </Node>

            <Node id="is_first_time_career_active" state="global.is_first_time_career">
              <Entry id="enter" />
              <Exit id="yes" target=".exit" />
              <Exit id="no" target="show_loyalty_cars_notification.enter" />
            </Node>

            <Node id="show_loyalty_cars_notification" state="global.show_loyalty_cars_notification">
              <Entry id="enter" />
              <Exit id="exit" target=".exit" />
            </Node>
          </State>

          <State id="ShowMapAndRaceSelectNoLock">
            <Entry id="enter" target="unlock_satnav.enter" />
            <Exit id="exit" />
            <Behaviour id="CGameControlWrapper" />

            <Node id="unlock_satnav" state="global.unlock_satnav_destination" >
              <Entry id="enter" />
              <Exit id="exit" target="showmap.enter" />
            </Node>

            <Node id="showmap" state="map_flow">
              <Entry id="enter" />
              <Exit id="exit" target="enable_player.enter" />
            </Node>

            <Node id="enable_player" state="EnablePlayer">
              <Entry id="enter" />
              <Exit id="exit" target="show_hud.enter" />
            </Node>

            <Node id="show_hud" state="global.show_hud_screen">
              <Entry id="enter" />
              <Exit id="exit" target=".exit" />
            </Node>
          </State>

          <State id="show_firstrun_garage">
            <Entry id="enter" target="show_car_select.enter" />
            <Exit id="exit" />
            <Behaviour id="CShowFirstAutoshow" />
          
		    <Node id="show_car_select" state="autoshows.root" >
			  <Entry id="enter" />
			  <Exit id="exit" target=".exit" />
		    </Node>
		  </State>
	  
          <!-- Cutscenes -->
          <State id="PlayFestivalCutscene" >
            <Entry id="enter" />
            <Exit id="exit" />
            <Behaviour id="CShowMovieScreen" filename="GAME:\Media\UI\Videos\FMV_01.wmv" confirmskip="true">
              <Transition id="onDone" target=".exit" />
            </Behaviour>
          </State>

          <State id="PlayRaceCentralCutscene" >
            <Entry id="enter" />
            <Exit id="exit" />
            <Behaviour id="CShowMovieScreen" filename="GAME:\Media\UI\Videos\FMV_02.wmv" confirmskip="true">
              <Transition id="onDone" target=".exit" />
            </Behaviour>
          </State>

          <State id="PrepareRadioCutscene" >
              <Entry id="enter" target=".exit" />
              <Exit id="exit"/>
              <Behaviour id="CPrepareCutscene" cutscene="Radio_Unlock" />
           </State>

          <State id="FestivalArriveCutscene">
            <Entry id="enter" target="pre_movie_prepare.enter" />
            <Exit id="exit" />
            <Behaviour id="CGameControlWrapper" />
            
            <Node id="pre_movie_prepare" state="playmovie.pre_movie_prepare">
              <Entry id="enter" />
              <Exit id="exit" target="play_cutscene.enter"/>
            </Node>

            <Node id="play_cutscene" state="PlayFestivalCutscene">
              <Entry id="enter" />
              <Exit id="exit" target="post_movie_restore_nofadein_nosnapshot.enter"/>
            </Node>

            <Node id="post_movie_restore_nofadein_nosnapshot" state="playmovie.post_movie_restore_nofadein_nosnapshot">
              <Entry id="enter" />
              <Exit id="exit" target="set_audio_loading_after_movie.enter"/>
            </Node>
			
            <Node id="set_audio_loading_after_movie" state="Audio.apply_mixer_snapshot_loading">
              <Entry id="enter"/>
              <Exit id="exit" target="teleport.enter"/>
            </Node>			

            <Node id="teleport" state="place_car_at_workshop" >
              <Entry id="enter" />
              <Exit id="exit" target="snap_to_road.enter" />
            </Node>

            <Node id="snap_to_road" state="global.snap_all_cars_to_road">
              <Entry id="enter" />
              <Exit id="exit" target="temp_disable_workshop.enter"/>
            </Node>

            <Node id="temp_disable_workshop" state="global.temp_disable_workshop">
              <Entry id="enter" />
              <Exit id="exit" target="show_loading_screen.enter" />
            </Node>

            <Node id="show_loading_screen" state="global.show_loading_screen">
              <Entry id="enter" />
              <Exit id="exit" target="remove_civ.enter"/>
            </Node>

            <Node id="remove_civ" state="global.wait_for_traffic_not_festival_to_be_removed">
              <Entry id="enter"/>
              <Exit id="exit" target="wait_for_streaming2.enter"/>
            </Node>

            <Node id="wait_for_streaming2" state="global.wait_for_streaming">
              <Entry id="enter" />
              <Exit id="exit" target="unlock_satnav.enter"/>
            </Node>

            <Node id="unlock_satnav" state="global.unlock_satnav_destination">
              <Entry id="enter" />
              <Exit id="exit" target="clear_satnav.enter"/>
            </Node>

            <Node id="clear_satnav" state="global.clear_satnav_destination">
              <Entry id="enter" />
              <Exit id="exit" target="set_audio_paused.enter"/>
            </Node>

            <Node id="set_audio_paused" state="Audio.apply_mixer_snapshot_paused">
              <Entry id="enter"/>
              <Exit id="exit" target="show_map.enter"/>
            </Node>

            <Node id="show_map" state="ShowMapAndRaceSelectNOHUD">
              <Entry id="enter"/>
              <Exit id="exit" target="black_out.enter"/>
            </Node>

            <Node id="black_out" state="global.black_out">
              <Entry id="enter"/>
              <Exit id="exit" target="repair_car_damage.enter"/>
            </Node>

            <Node id="repair_car_damage" state="global.reset_car_damage">
              <Entry id="enter"/>
              <Exit id="exit" target="wait_for_streaming.enter"/>
            </Node>

            <Node id="wait_for_streaming" state="global.wait_for_streaming" >
              <Entry id="enter" />
              <Exit id="exit" target="unlock_time.enter" />
            </Node>

            <Node id="unlock_time" state="global.unlock_time_of_day">
              <Entry id="enter"/>
              <Exit id="exit" target="set_time.enter"/>
            </Node>

            <Node id="set_time" state="set_time_to_9_20_am">
              <Entry id="enter"/>
              <Exit id="exit" target="lock_time.enter"/>
            </Node>

            <Node id="lock_time" state="global.lock_time_of_day">
              <Entry id="enter"/>
              <Exit id="exit" target="prepare_radio_cutscene.enter"/>
            </Node>
                       
            <Node id="prepare_radio_cutscene" state="PrepareRadioCutscene">
              <Entry id="enter"/>
              <Exit id="exit" target="set_audio_free_roam_radio.enter"/>
            </Node>

            <Node id="set_audio_free_roam_radio" state="Audio.apply_mixer_snapshot_freeroam">
              <Entry id="enter"/>
              <Exit id="exit" target="apply_mixer_snapshot_voplaying_instant.enter"/>
            </Node>
			
            <Node id="apply_mixer_snapshot_voplaying_instant" state="Audio.apply_mixer_snapshot_voplaying_instant">
              <Entry id="enter"/>
              <Exit id="exit" target="show_radio_hud.enter"/>
            </Node>			

            <Node id="show_radio_hud" state="UIShowScreens.ShowHudRadioScreen">
              <Entry id="enter"/>
              <Exit id="exit" target="play_radio_cutscene.enter"/>
            </Node>

            <Node id="play_radio_cutscene" state="global.play_current_camera_sequence">
              <Entry id="enter"/>
              <Exit id="exit" target="play_radio_fixed_VO.enter"/>
            </Node>

            <Node id="play_radio_fixed_VO" state="PlayRadioFixedVO">
                <Entry id="enter"/>
                <Exit id="exit" target="enable_radio_station_switching.enter"/>
            </Node>
 
            <Node id="start_radio" state="Audio.play_freeroam_music">
                <Entry id="enter"/>
                <Exit id="exit" target="enable_radio_station_switching.enter"/>
            </Node>			
            <Node id="enable_radio_station_switching" state="Audio.enable_radio_station_switching">
              <Entry id="enter"/>
              <Exit id="exit" target="cycle_radio_logos.enter"/>
            </Node>			
            <Node id="cycle_radio_logos" state="CycleRadioLogos">
                <Entry id="enter"/>
                <Exit id="exit" target="wait_for_camera_sequence.enter"/>
            </Node>

            <Node id="wait_for_camera_sequence" state="global.wait_for_current_camera_sequence" >
              <Entry id="enter" />
              <Exit id="exit" target="reset_cam.enter" />
            </Node>

            <Node id="reset_cam" state="global.reset_camera_to_player">
              <Entry id="enter"/>
              <Exit id="exit" target="show_hud.enter"/>
            </Node>

            <Node id="show_hud" state="global.show_hud_screen">
              <Entry id="enter"/>
              <Exit id="exit" target="radiodj_enable.enter"/>
            </Node> 
              
			      <Node id="radiodj_enable" state="Audio.enable_radio_dj">
				      <Entry id="enter" />
				      <Exit id="exit" target="radio_silent_idents_disable.enter" />
			      </Node>		
            
			      <Node id="radio_silent_idents_disable" state="Audio.disable_radio_silent_idents">
				      <Entry id="enter" />
				      <Exit id="exit" target="enable_ambient_audio_streaming.enter" />
			      </Node>	
            
			      <Node id="enable_ambient_audio_streaming" state="global.enable_ambient_audio_streaming">
				      <Entry id="enter"/>
				      <Exit id="exit" target="enable_traffic_spawning.enter"/>
			      </Node>

            <Node id="enable_traffic_spawning" state="global.enable_traffic_spawning">
              <Entry id="enter" />
              <Exit id="exit" target="reset_civ_traffic.enter" />
            </Node>

            <Node id="reset_civ_traffic" state="global.reset_traffic_not_festival">
              <Entry id="enter" />
              <Exit id="exit" target=".exit" />
            </Node>

          </State>

          <State id="RaceCentralArriveCutscene">
            <Entry id="enter" target="pre_movie_prepare.enter" />
            <Exit id="exit" />
            <Behaviour id="CGameControlWrapper" />

            <Node id="pre_movie_prepare" state="playmovie.pre_movie_prepare">
              <Entry id="enter" />
              <Exit id="exit" target="play_cutscene.enter"/>
            </Node>

            <Node id="play_cutscene" state="PlayRaceCentralCutscene">
              <Entry id="enter" />
              <Exit id="exit" target="play_freeroam_music.enter"/>
            </Node>
			
			<Node id="play_freeroam_music" state="Audio.play_freeroam_music" >
				<Entry id="enter" />
				<Exit id="exit" target="post_movie_restore_freeroam.enter" />
			</Node>			

            <Node id="post_movie_restore_freeroam" state="playmovie.post_movie_restore_nofadein_nosnapshot">
              <Entry id="enter" />
              <Exit id="exit" target="enable_radio_dj.enter"/>
            </Node>

            <Node id="enable_radio_dj" state="Audio.enable_radio_dj">
                <Entry id="enter"/>
                <Exit id="exit" target="enable_radio_station_switching.enter"/>
            </Node>
            
            <Node id="enable_radio_station_switching" state="Audio.enable_radio_station_switching">
                <Entry id="enter"/>
                <Exit id="exit" target="disable_radio_silent_idents.enter"/>
            </Node>
			
            <Node id="disable_radio_silent_idents" state="Audio.disable_radio_silent_idents">
                <Entry id="enter"/>
                <Exit id="exit" target=".exit"/>
            </Node>			
   
          </State>       
          
          <!-- end cutscenes -->

          <State id="set_race_central_as_dest">
            <Entry id="enter" target=".exit" />
            <Exit id="exit" /> 
            <Behaviour id="CSetSatNavDestination" destination_object="festival_02">
            </Behaviour>
          </State>

          <State id="SetRecaroRushAsDestination">
            <Entry id="enter" target=".exit" />
            <Exit id="exit" />
            <Behaviour id="CSetSatNavDestination" destination_object="FR02">
            </Behaviour>
          </State>


            <State id="setup_drive_to_festival_ai" >
            <Entry id="enter" target=".exit" />
            <Exit id="exit" />
            <Behaviour id="CSetupDriveToFestivalAI"  />
          </State>

          <State id="setup_drive_to_festival_player" >
            <Entry id="enter" target=".exit" />
            <Exit id="exit" />
            <Behaviour id="CSetupDriveToFestivalPlayer"  />
          </State>
          
          <State id="intro_complete" >
              <Entry id="enter" target=".exit" />
              <Exit id="exit" />
              <Behaviour id="CSetHorizonFlag" flag="enteredFirstHeat" value="true" />
          </State>      

          <State id="Finish_Initial_Drive">
            <Entry id="enter" target="unlock_satnav.enter" />
            <Exit id="exit" />
            <Behaviour id="CGameControlWrapper" />

            <Node id="unlock_satnav" state="global.unlock_satnav_destination">
              <Entry id="enter" />
              <Exit id="exit" target="disable_car_controls.enter" />
            </Node>
            
            <Node id="disable_car_controls" state="global.disable_car_control">
              <Entry id="enter" />
              <Exit id="exit" target="show_empty_screen.enter"/>
            </Node>

            <Node id="show_empty_screen" state="global.show_empty_screen_with_hud_resource">
                <Entry id="enter" />
                <Exit id="exit" target="black_out.enter"/>
            </Node>

            <Node id="black_out" state="global.black_out">
              <Entry id="enter" />
              <Exit id="exit" target="despawn_ai.enter"/>
            </Node>
              
            <Node id="despawn_ai" state="global.despawn_a_for_initial_drive" >
              <Entry id="enter" />
              <Exit id="exit" target="store_pos.enter" />
            </Node>

            <Node id="store_pos" state="global.store_car_position">
              <Entry id="enter" />
              <Exit id="exit" target="restore_pos.enter" />
            </Node>

            <Node id="restore_pos" state="SetupFestivalDrive">
              <Entry id="enter" />
              <Exit id="exit" target=".exit" />
            </Node>
          </State>

          <State id="RaceToTheFestival">
            <Entry id="enter" target=".exit" />
            <Exit id="exit" />
            <Behaviour id="CRaceToTheFestival" />
          </State>

          <State id="LoadDinerCut">
            <Entry id="enter"/>
            <Exit id="exit" />
            <Behaviour id="CLoadCutscene" cutscene="Diner_Cutscene" race_specific="false" wait="true">
               <Transition id="onReady" target=".exit" />
            </Behaviour>
          </State>

          <State id="PrepareDinerCut">
            <Entry id="enter" target=".exit" />
            <Exit id="exit" />
            <Behaviour id="CPrepareCutscene" cutscene="Diner_Cutscene" race_specific="false"/>
          </State>

          <State id="ShowOpeningCredits">
            <Entry id="enter" target=".exit" />
            <Exit id="exit" />
            <Behaviour id="CShowOpeningCreditsScreen"/>
          </State>

            <State id="reload_player_car_IE" >
                <Entry id="enter" target=".exit" />
                <Exit id="exit" />
                <Behaviour id="CChangePlayerCar">
                    <Attribute id="select_car_from_garage" value="true" />
                    <Attribute id="reload_livery" value="false" />
                    <Attribute id="initial_experience" value="true" />
                </Behaviour>
            </State>
            
            <State id="DJSpeakingSnapshot">
                <Entry id="enter" target=".exit" />
                <Exit id="exit" />
                <Behaviour id="CApplyMixerSnapshot" snapshot = "RadioDJSpeaking" />
            </State>

            <State id="wait_1_and_half_sec" >
                <Entry id="enter" />
                <Exit id="exit" />
                <Behaviour id="CWaitForTime" time="1.5" >
                    <Transition id="onReady" target=".exit" />
                </Behaviour>
            </State>

          <State id="SetupFestivalDrive">
            <Entry id="enter" target="dj_speaking_snapshot.enter" />
            <Exit id="exit" />
            <Behaviour id="CGameControlWrapper" />

            <Node id="dj_speaking_snapshot" state="DJSpeakingSnapshot">
                <Entry id="enter" />
                <Exit id="exit" target="setup_cutscene1.enter" />
            </Node>

            <Node id="setup_cutscene1" state="SetupPreDinerCutScene">
              <Entry id="enter" />
              <Exit id="exit" target="play_cuscene1.enter" />
            </Node>

            <Node id="hide_racing_line" state="global.disable_racing_line">
              <Entry id="enter" />
              <Exit id="exit" target="enable_ai.enter" />
            </Node>

            <Node id="enable_ai" state="global.enable_ai_player_car_control">
              <Entry id="enter" />
              <Exit id="exit" target="play_cuscene1.enter" />
            </Node>	
			
            <Node id="play_cuscene1" state="global.play_current_camera_sequence">
              <Entry id="enter" />
              <Exit id="exit" target="wait_1_and_half.enter" />
            </Node>

            <Node id="wait_1_and_half" state="wait_1_and_half_sec">
              <Entry id="enter" />
              <Exit id="exit" target="start_ie_dj.enter" />
            </Node>

            <Node id="start_ie_dj" state="play_diner_dj_speech">
              <Entry id="enter" />
              <Exit id="exit" target="wait_for_diner_cutscene_1.enter" />
            </Node>

            <Node id="wait_for_diner_cutscene_1" state="global.wait_for_current_camera_sequence">
                <Entry id="enter" />
                <Exit id="exit" target="reset_cam.enter" />
            </Node>

            <Node id="set_up_drive_to_fest_ai" state="setup_drive_to_festival_ai">
              <Entry id="enter" />
              <Exit id="exit" target="setup_cutscene.enter" />
            </Node>

            <Node id="setup_cutscene" state="SetupDinerCutScene">
              <Entry id="enter" />
              <Exit id="exit" target="disable_ai.enter" />
            </Node>

            <Node id="set_audio_free_roam" state="Audio.apply_mixer_snapshot_freeroam">
              <Entry id="enter"/>
              <Exit id="exit" target="disable_ai.enter"/>
            </Node>

            <Node id="disable_ai" state="global.disable_ai_player_car_control">
              <Entry id="enter" />
              <Exit id="exit" target="play_cuscene.enter"/>
            </Node>

            <Node id="play_cuscene" state="global.play_current_camera_sequence">
              <Entry id="enter" />
              <Exit id="exit" target="show_credits.enter" />
            </Node>

            <Node id="show_credits" state="ShowOpeningCredits">
              <Entry id="enter" />
              <Exit id="exit" target="reload_player_car.enter"/>
            </Node>

            <Node id="reload_player_car" state="reload_player_car_IE" >
              <Entry id="enter" />
              <Exit id="exit" target="wait_for_camera_sequence.enter" />
            </Node>

            <Node id="wait_for_camera_sequence" state="global.wait_for_current_camera_sequence" >
              <Entry id="enter" />
              <Exit id="exit" target="setup_cutscene_cockpit.enter" />
            </Node>

            <Node id="setup_cutscene_cockpit" state="SetupDinerCutSceneCockpit">
              <Entry id="enter" />
              <Exit id="exit" target="play_cuscene_cockpit.enter" />
            </Node>

            <Node id="play_cuscene_cockpit" state="global.play_current_camera_sequence_and_wait">
              <Entry id="enter" />
              <Exit id="exit" target="white_flash.enter" />
            </Node>

            <Node id="white_flash" state="global.white_flash" >
              <Entry id="enter" />
              <Exit id="exit" target="diner_clean_up.enter" />
            </Node>

            <Node id="diner_clean_up" state="CleanUpDinerCutScene" >
              <Entry id="enter" />
              <Exit id="exit" target="place_car_at_diner.enter" />
            </Node>            

            <Node id="place_car_at_diner" state="place_car_at_diner" >
              <Entry id="enter" />
              <Exit id="exit" target="disable_festival_traffic_spawning.enter" />
            </Node>            

            <Node id="disable_festival_traffic_spawning" state="global.disable_festival_traffic_spawning">
              <Entry id="enter" />
              <Exit id="exit" target="enable_traffic.enter" />
            </Node>

            <Node id="enable_traffic" state="global.enable_traffic_spawning">
              <Entry id="enter" />
              <Exit id="exit" target="reset_civ_traffic.enter" />
            </Node>

            <Node id="reset_civ_traffic" state="global.reset_traffic_not_festival">
              <Entry id="enter" />
              <Exit id="exit" target="set_up_drive_to_fest_player.enter" />
            </Node>

            <Node id="set_up_drive_to_fest_player" state="setup_drive_to_festival_player">
              <Entry id="enter" />
              <Exit id="exit" target="reset_cam.enter" />
            </Node>
			
            <Node id="reset_cam" state="global.reset_camera_to_player">
              <Entry id="enter" />
              <Exit id="exit" target="show_garage.enter" />
            </Node>

			<!-- Anthem First run flow change -->
           <Node id="show_garage" state="show_firstrun_garage">
              <Entry id="enter" />
              <Exit id="exit" target="enable_car_controls.enter" />
            </Node>
			<!-- to here -->
			
            <Node id="enable_car_controls" state="global.enable_car_control">
              <Entry id="enter" />
              <Exit id="exit" target="show_racing_line.enter"/>
            </Node>

            <Node id="show_racing_line" state="global.enable_racing_line">
              <Entry id="enter" />
              <Exit id="exit" target="un_mute_cars.enter" />
            </Node>

            <Node id="un_mute_cars" state="Audio.unmute_car_audio">
              <Entry id="enter" />
              <Exit id="exit" target="show_hud.enter" />
            </Node>

            <Node id="show_hud" state="global.show_hud_screen">
              <Entry id="enter" />
              <Exit id="exit" target="race_to_the_festival.enter" />
            </Node>

            <Node id="race_to_the_festival" state="RaceToTheFestival">
              <Entry id="enter" />
              <Exit id="exit" target="reset_mulligan.enter" />
            </Node>

            <Node id="reset_mulligan" state="global.reset_mulligan">
              <Entry id="enter" />
              <Exit id="exit" target="stop_despawning.enter" />
            </Node>

            <Node id="stop_despawning" state="global.disable_festival_traffic_despawning">
              <Entry id="enter" />
              <Exit id="exit" target=".exit" />
            </Node>
          </State>
          
          <State id="DisablePlayer">
            <Entry id="enter" target="show_empty_screen.enter" />
            <Exit id="exit" />
            <Behaviour id="CGameControlWrapper" />
            
            
            <Node id="disable_satnav_audio" state="Audio.disable_satnav_audio">
              <Entry id="enter" />
              <Exit id="exit" target="show_empty_screen.enter" />
            </Node>
            <Node id="show_empty_screen" state="global.show_empty_screen">
              <Entry id="enter" />
              <Exit id="exit" target="disable_car_controls.enter" />
            </Node>
            <Node id="disable_car_controls" state="global.disable_car_control">
              <Entry id="enter" />
              <Exit id="exit" target="enable_car_parking_brake.enter"/>
            </Node>
            <Node id="enable_car_parking_brake" state="global.enable_car_parking_brake">
              <Entry id="enter" />
              <Exit id="exit" target="block_pause_entry.enter"/>
            </Node>
            <Node id="block_pause_entry" state="global.block_pause_entry">
              <Entry id="enter"/>
              <Exit id="exit" target=".exit"/>
            </Node>
          </State>

          <State id="PreloadDiner">
            <Entry id="enter" target=".exit" />
            <Exit id="exit" />
            <Behaviour id="CPreloadDinerCutscene"/>
          </State>

          <State id="GetRidOfTrafficAndLoadCutscene">
            <Entry id="enter" target="remove_traffic_cars.enter" />
            <Exit id="exit" />
            <Behaviour id="CGameControlWrapper" />
            
            <Node id="remove_traffic_cars" state="global.wait_for_traffic_not_festival_to_be_removed">
              <Entry id="enter" />
              <Exit id="exit" target="reset_mulligan_history.enter"/>
            </Node>
              
            <Node id="reset_mulligan_history" state="global.reset_mulligan">
                <Entry id="enter" />
                <Exit id="exit" target="preload_diner_cutscene.enter"/>
            </Node>

            <Node id="preload_diner_cutscene" state="PreloadDiner">
              <Entry id="enter" />
              <Exit id="exit" target=".exit"/>
            </Node>
          </State>

         <State id="EnablePlayer">
            <Entry id="enter" target="disable_car_parking_brake.enter" />
            <Exit id="exit" />
            <Behaviour id="CGameControlWrapper" />

            <Node id="disable_car_parking_brake" state="global.disable_car_parking_brake">
              <Entry id="enter" />
              <Exit id="exit" target="enable_satnav_audio.enter"/>
            </Node>
            <Node id="enable_satnav_audio" state="Audio.enable_satnav_audio">
              <Entry id="enter" />
              <Exit id="exit" target="enable_car_controls.enter" />
            </Node>
            <Node id="enable_car_controls" state="global.enable_car_control">
              <Entry id="enter" />
              <Exit id="exit" target="unblock_pause_entry.enter"/>
            </Node>
            <Node id="unblock_pause_entry" state="global.unblock_pause_entry">
              <Entry id="enter"/>
              <Exit id="exit" target=".exit"/>
            </Node>
          </State>
          
          <!--Setup states-->
          <State id="setup_first_time_career">
            <Entry id="enter" target=".exit" />
            <Exit id="exit" />
            <Behaviour id="CGameControlWrapper" />
            
            <Node id="set_time" state="set_time_to_9_20_am">
              <Entry id="enter" />
              <Exit id="exit" target=".exit"/>              
            </Node>            
          </State>
          <!--End setup states-->

          <!--Time of day states (times presented in seconds)-->
          <State id="set_time_to_9_20_am">
            <Entry id="enter" target=".exit" />
            <Exit id="exit" />
            <Behaviour id="CSetTimeOfDay">
                <Attribute id="time" value="33840" />
            </Behaviour>
          </State>

          <State id="set_time_to_8_11_am">
            <Entry id="enter" target=".exit" />
            <Exit id="exit" />
            <Behaviour id="CSetTimeOfDay">
              <Attribute id="time" value="29460" />
            </Behaviour>
          </State>


          <State id="set_time_to_9_45am">
            <Entry id="enter" target=".exit" />
            <Exit id="exit" />
            <Behaviour id="CSetTimeOfDay">
                <Attribute id="time" value="35100" />
            </Behaviour>
          </State>
          <!--End time of day states-->

          <State id="PlayRadioFixedVO">
            <Entry id="enter" target=".exit" />
            <Exit id="exit" />
            <Behaviour id="CTriggerVO" trigger="RadioFixedByDak" wait="false"/>
          </State>

          <State id="BuyCarVO">
            <Entry id="enter" target=".exit" />
            <Exit id="exit" />
            <Behaviour id="CTriggerVO" trigger="AutoshowPreFirstYellowEvent" wait="true"/>
          </State>

          <State id="PaintShopVO">
            <Entry id="enter" target=".exit" />
            <Exit id="exit" />
            <Behaviour id="CTriggerVO" trigger="PaintshopPreFirstYellowEvent" wait="false"/>
          </State>

          <State id="RecaroRushVO">
            <Entry id="enter" target=".exit" />
            <Exit id="exit" />
            <Behaviour id="CTriggerVO" trigger="FIrstYellowEventOnMap" wait="false"/>
          </State>

            <State id="CycleRadioLogos">
                <Entry id="enter"/>
                <Exit id="exit" />
                <Behaviour id="CHudRadioCycleLogos">
                    <Transition id="onDone" target=".exit"/>
                </Behaviour>
            </State>

          <State id="give_wristband_cash_bonus">
            <Entry id="enter" target=".exit" />
            <Exit id="exit" />
            <Behaviour id="CGivePlayerMoney" money="40000"/>
          </State>

            <State id="play_diner_dj_speech">
                <Entry id="enter" target=".exit" />
                <Exit id="exit"/>
                <Behaviour id="CRadioDJImmediate" gameplayEvent="E3Intro" timeDelay="0.0" />
            </State>

        </StateGroup>
		 
		<RadioDJRequests>			        
			<!-- Triggered by TriggerZones (all disabled for now but leaving here in case we want to resurrect them) 
			<Immediate gameplayEvent="GoodLuck" timeDelay="0.0" triggerId="1005" countVal="-1" musicDuckOnFinish="false" group="0" enabled="true" />
			<Immediate gameplayEvent="TonsOfRides" timeDelay="0.0" triggerId="1005" countVal="-1" musicDuckOnFinish="false" group="0" enabled="true" />
			<Immediate gameplayEvent="CarsCrashedConversation" timeDelay="0.0" triggerId="1005" countVal="-1" musicDuckOnFinish="false" group="0" enabled="true" />
			-->
			
			<!-- Triggered by Timer -->
			<Immediate gameplayEvent="TicketGiveawayReminder1" timeDelay="30.0" triggerId="0" countVal="-1" musicDuckOnFinish="false" group="1" enabled="true" />
			<Immediate gameplayEvent="TicketGiveawayReminder2" timeDelay="60.0" triggerId="0" countVal="-1" musicDuckOnFinish="false" group="1" enabled="true" />
					
			<!-- Triggered by countdown, some force the music to remain ducked as these triggers come thick and fast -->
			<Immediate gameplayEvent="FestivalTicketsDepleting9" timeDelay="0.0" triggerId="0" countVal="9" musicDuckOnFinish="false" group="0" enabled="true" />
			<Immediate gameplayEvent="FestivalTicketsDepleting8" timeDelay="0.0" triggerId="0" countVal="8" musicDuckOnFinish="false" group="0" enabled="true" />
			<Immediate gameplayEvent="FestivalTicketsDepleting7" timeDelay="0.0" triggerId="0" countVal="7" musicDuckOnFinish="false" group="0" enabled="true" />
			<Immediate gameplayEvent="FestivalTicketsDepleting6" timeDelay="0.0" triggerId="0" countVal="6" musicDuckOnFinish="false" group="0" enabled="true" />
			<Immediate gameplayEvent="FestivalTicketsDepleting5" timeDelay="0.0" triggerId="0" countVal="5" musicDuckOnFinish="false" group="0" enabled="true" />
			<Immediate gameplayEvent="FestivalTicketsDepleting4" timeDelay="0.0" triggerId="0" countVal="4" musicDuckOnFinish="false" group="0" enabled="true" />
			<Immediate gameplayEvent="FestivalTicketsDepleting3" timeDelay="0.0" triggerId="0" countVal="3" musicDuckOnFinish="false" group="0" enabled="true" />
			<Immediate gameplayEvent="FestivalTicketsDepleting2" timeDelay="0.0" triggerId="0" countVal="2" musicDuckOnFinish="false" group="0" enabled="true" />
			<Immediate gameplayEvent="FestivalTicketsDepleting1" timeDelay="0.0" triggerId="0" countVal="1" musicDuckOnFinish="false" group="0" enabled="true" />

			<!-- Triggered after player completes Hotizon Heats - misc="0" stands for "wristband 0" == "yellow" -->
			<Festival gameplayEvent="RamonaOpinionOfPlayerInterview" enabled="true" misc="0" />
		</RadioDJRequests> 
    </Activity>
</ActivityManager>

</ActivityManager>

</ActivityManager>

</ActivityManager>
