<StateGroup id="game_start_career_race" >
       <!-- Flow which will setup a race -->
    <State id="root">
        <Entry id="enter" target="enable_map_discovery.enter" />
        <Exit id="exit" />

        <Node id="enable_map_discovery" state="global.enable_map_discovery" >
            <Entry id="enter" />
            <Exit id="exit" target="race_type.enter" />
        </Node>

        <Node id="race_type" state="global.determine_event_type_preset">
            <Entry id="enter" />
            <Exit id="none" target=".exit" />
            <Exit id="festivalRace" target="festival_race_flow.enter" />
            <Exit id="streetRace" target="street_race_flow.enter" />
            <Exit id="exhibition" target="showcase_race_flow.enter" />
            <Exit id="mission" target="festival_race_flow.enter" />
            <Exit id="nemesisRace" target="nemesis_race_flow.enter" />
            <Exit id="headlineRace" target="headline_race_flow.enter" />
	    <Exit id="rally" target="disable_road_discovery_for_rally_rivals.enter" />
        </Node>

        <!-- Rally rivals uses career race flow, so need to disable map dicovery here -->
        <Node id="disable_road_discovery_for_rally_rivals" state="global.disable_map_discovery" >
            <Entry id="enter" />
            <Exit id="exit" target="festival_race_flow.enter" />
        </Node>

        <Node id="street_race_flow" state="game_street_race_flow.root" >
            <Entry id="enter" />
            <Exit id="exit" target=".exit" />
        </Node>
 
        <Node id="festival_race_flow" state="game_festival_race_flow.root" >
            <Entry id="enter" />
            <Exit id="exit" target=".exit" />
        </Node>

        <Node id="showcase_race_flow" state="game_showcase_race_flow.root" >
            <Entry id="enter" />
            <Exit id="exit" target=".exit" />
        </Node>

        <Node id="nemesis_race_flow" state="game_nemesis_race_flow.root" >
            <Entry id="enter" />
            <Exit id="exit" target=".exit" />
        </Node>

        <Node id="headline_race_flow" state="game_headline_race_flow.root" >
            <Entry id="enter" />
            <Exit id="exit" target=".exit" />
        </Node>

    </State>

    <State id="restart">
        <Entry id="enter" target="race_type.enter" />
        <Exit id="exit" />

        <Node id="race_type" state="global.determine_event_type_preset">
            <Entry id="enter" />
            <Exit id="none" target=".exit" />
            <Exit id="festivalRace" target="festival_race_flow.enter" />
            <Exit id="streetRace" target="street_race_flow.enter" />
            <Exit id="exhibition" target="showcase_race_flow.enter" />
            <Exit id="mission" target="festival_race_flow.enter" />
            <Exit id="nemesisRace" target="nemesis_race_flow.enter" />
            <Exit id="headlineRace" target="headline_race_flow.enter" />
			<Exit id="rally" target="festival_race_flow.enter" />
        </Node>

        <Node id="street_race_flow" state="game_street_race_flow.restart" >
            <Entry id="enter" />
            <Exit id="exit" target=".exit" />
        </Node>
 
        <Node id="festival_race_flow" state="game_festival_race_flow.restart" >
            <Entry id="enter" />
            <Exit id="exit" target=".exit" />
        </Node>

        <Node id="showcase_race_flow" state="game_showcase_race_flow.restart" >
            <Entry id="enter" />
            <Exit id="exit" target=".exit" />
        </Node>

        <Node id="nemesis_race_flow" state="game_nemesis_race_flow.restart" >
            <Entry id="enter" />
            <Exit id="exit" target=".exit" />
        </Node>

        <Node id="headline_race_flow" state="game_headline_race_flow.restart" >
            <Entry id="enter" />
            <Exit id="exit" target=".exit" />
        </Node>

    </State>
   </StateGroup>       
</StateGroup>       
</StateGroup>       
</StateGroup>       
