<StateGroup id="game_street_race_flow" >
    <State id="root">
        <Entry id="enter" target="pre_race.enter" />
        <Exit id="exit" />
		
		<StateSubstitute state="game_festival_race_flow.set_radio_3d_on" substitute="set_radio_3d_on" />

        <Node id="pre_race" state="PreRace">
            <Entry id="enter" />
            <Exit id="exit" target="wait_for_cutscene_cleanup.enter" />
        </Node>
        <Node id="wait_for_cutscene_cleanup" state="global.wait_for_cutscene_countdown_or_race_end" >
            <Entry id="enter" />
            <Exit id="exit" target="enable_traffic.enter" />
            <Exit id="race_end" target="post_race.enter" />
        </Node>
        <Node id="enable_traffic" state="global.enable_traffic_spawning">
            <Entry id="enter" />
            <Exit id="exit" target="wait_for_finished.enter" />
        </Node>
        <Node id="wait_for_finished" state="game_festival_race_flow.race_flow">
            <Entry id="enter" />
            <Exit id="exit" target="post_race.enter" />
        </Node>
        <Node id="post_race" state="game_festival_race_flow.PostRace">
            <Entry id="enter" />
            <Exit id="exit" target=".exit" />
        </Node>
    </State>

    <State id="BlackOutAndShowLoadingScreenWithGameControl" >
        <Entry id="enter" target="restart_black_out.enter"/>
        <Exit id="exit" />
		
		<!-- While in the whole of this state we need game control -->
        <Behaviour id="CGameControlWrapper" />
	    <Node id="restart_black_out" state="global.black_out">
            <Entry id="enter" />
            <Exit id="exit" target="show_loading_screen.enter" />
        </Node>	
		
	    <Node id="show_loading_screen" state="global.show_loading_screen">
            <Entry id="enter" />
            <Exit id="exit" target=".exit" />
        </Node>	
		
    </State>

    <State id="restart">
        <Entry id="enter" target="pre_race_restart_black_out_and_show_loading_screen.enter" />
        <Exit id="exit" />
		
		<StateSubstitute state="game_festival_race_flow.set_radio_3d_on" substitute="set_radio_3d_on" />		
		
	    <Node id="pre_race_restart_black_out_and_show_loading_screen" state="BlackOutAndShowLoadingScreenWithGameControl">
            <Entry id="enter" />
            <Exit id="exit" target="remove_traffic.enter" />
        </Node>	
		
        <Node id="remove_traffic" state="global.wait_for_traffic_cars_to_be_removed">
            <Entry id="enter" />
            <Exit id="exit" target="reset_traffic_cars.enter" />
        </Node>
	
	    <Node id="reset_traffic_cars" state="global.reset_traffic_cars">
            <Entry id="enter" />
            <Exit id="exit" target="force_satnav_recalculation.enter" />
        </Node>

        <Node id="force_satnav_recalculation" state="global.force_satnav_recalculation">
            <Entry id="enter" />
            <Exit id="exit" target="pre_race.enter_no_loading_screen" />
        </Node>

        <Node id="pre_race" state="game_festival_race_flow.PreRace_restart">
            <Entry id="enter" />
            <Entry id="enter_no_loading_screen" />			
            <Exit id="exit" target="wait_for_cutscene_cleanup.enter" />
        </Node>
		
        <Node id="wait_for_cutscene_cleanup" state="global.wait_for_cutscene_countdown_or_race_end" >
            <Entry id="enter" />
            <Exit id="exit" target="enable_traffic.enter" />
            <Exit id="race_end" target="post_race.enter" />
        </Node>
        <Node id="enable_traffic" state="global.enable_traffic_spawning">
            <Entry id="enter" />
            <Exit id="exit" target="wait_for_finished.enter" />
        </Node>
        <Node id="wait_for_finished" state="game_festival_race_flow.race_flow">
            <Entry id="enter" />
            <Exit id="exit" target="post_race.enter" />
        </Node>
        <Node id="post_race" state="game_festival_race_flow.PostRace">
            <Entry id="enter" />
            <Exit id="exit" target=".exit" />
        </Node>
    </State>

    <!-- State which encompasses all pre vehicle starting flow -->
    <!--
        Flow goes as such:

	PreracePrepare
	PreraceIntro
    PreraceMenu
    ( No Nemesis Callout in Street Race )
	PreraceCountdown
	PreraceCleanup

    -->
    <State id="PreRace">
        <Entry id="enter" target="prerace_prepare.enter" />
        <Exit id="exit" />
        <!-- While in the whole of this state we need game control -->
        <Behaviour id="CGameControlWrapper" />

        <Node id="prerace_prepare" state="game_festival_race_flow.prerace_prepare">
            <Entry id="enter" />
            <Exit id="exit" target="should_we_skip_prerace_intro.enter" />
        </Node>
        <Node id="should_we_skip_prerace_intro" state="game_race_flow.IsRivalsFlow">
            <Entry id="enter" />
            <Exit id="no" target="prerace_intro.enter" />
            <Exit id="yes" target="prerace_menu.enter" />
        </Node>
        <Node id="prerace_intro" state="prerace_intro">
            <Entry id="enter" />
            <Exit id="exit" target="prerace_menu.enter_from_intro" />
        </Node>
        <Node id="prerace_menu" state="game_festival_race_flow.prerace_menu">
            <Entry id="enter" />
            <Entry id="enter_from_intro" />
            <Exit id="race" target="prerace_countdown.enter" />
            <Exit id="quit" target="load_to_free_roam.enter" />
        </Node>
        <Node id="prerace_countdown" state="game_festival_race_flow.prerace_countdown">
            <Entry id="enter" />
            <Exit id="exit" target="prerace_cleanup.enter" />
        </Node>
        <Node id="prerace_cleanup" state="game_festival_race_flow.prerace_cleanup">
            <Entry id="enter" />
            <Exit id="exit" target=".exit" />
        </Node>
        <Node id="load_to_free_roam" state="game_festival_race_flow.load_back_to_free_roam">
            <Entry id="enter" />
        </Node>
    </State>
 
    <!-- Play the prerace intro cutscene
        
        ( Don't show the title screen over the top ) -->
    <State id="prerace_intro">
        <Entry id="enter" target="prepare_prerace_intro.enter" />
        <Exit id="exit" />

        <Node id="prepare_prerace_intro" state="game_race_flow.prepare_prerace_intro" >
            <Entry id="enter" />
            <Exit id="exit" target="play_prerace_intro.enter" />
        </Node>
        <Node id="play_prerace_intro" state="global.play_current_camera_sequence" >
            <Entry id="enter" />
            <Exit id="exit" target="pre_race_title.enter" />
        </Node>
        <Node id="pre_race_title" state="UIShowScreens.ShowTitleScreen">
            <Entry id="enter" />
            <Exit id="done" target="pre_race_screen_pre_wait.enter"/>
        </Node>
        <Node id="pre_race_screen_pre_wait" state="global.wait_for_cutscene_countdown">
            <Entry id="enter" />
            <Exit id="exit" target=".exit"/>
        </Node>
    </State>
	<State id="set_radio_3d_on">
	    <Entry id="enter" target=".exit" />
		<Exit id="exit" />
		<Behaviour id="CEnableRadio3D" enable="true" ambientEvent="Default_Race_Music" station="Radio9_3d_Streetrace" />
	</State>	
	<State id="set_radio_3d_off">
	    <Entry id="enter" target=".exit" />
		<Exit id="exit" />
		<Behaviour id="CEnableRadio3D" enable="false" />
	</State>	

</StateGroup>
e>	

</StateGroup>
e>	

</StateGroup>
e>	

</StateGroup>
