<StateGroup id="game_start" >

    <State id="wait_for_loading_complete">
        <Entry id="enter" />
        <Exit id="exit" />
        <Behaviour id="CWaitForLoadingComplete">
            <Transition id="exit" target=".exit" />
        </Behaviour>
    </State>
    
    <State id="game_type_decision">
        <Entry id="enter" />
        <Exit id="single_player_free_roam" />
        <Exit id="single_player_career_race" />
        <Exit id="multi_player_free_roam" />
        <Exit id="multi_player_race" />
        <Exit id="time_trial_race" />
        <Exit id="e3_demo" />
        <Exit id="watch_replay" />
        <Exit id="unknown" />
        <Behaviour id="CGameTypeDecision">
            <Transition id="single_player_free_roam" target=".single_player_free_roam" />
            <Transition id="multi_player_free_roam" target=".multi_player_free_roam" />
            <Transition id="multi_player_race" target=".multi_player_race" />
            <Transition id="single_player_career_race" target=".single_player_career_race" />
            <Transition id="time_trial_race" target=".time_trial_race" />
            <Transition id="e3_demo" target=".e3_demo" />
            <Transition id="watch_replay" target=".watch_replay" />
            <Transition id="rally_free_roam" target=".unknown" />
            <Transition id="rally_race" target=".unknown" />
            <Transition id="unknown" target=".unknown" />
        </Behaviour>
    </State>

	<!-- Fast & Clean -->

	<State id="should_enable_fast_and_clean" >
		<Entry id="enter" target=".exit" />
		<Exit id="exit" />
		<Behaviour id="CShouldEnableFastAndClean" />
	</State>
	
	<!-- Entry Point -->
    <State id="Root">
        <Entry id="enter" target="wait_for_loading_complete.enter" />
        <Exit id="exit" />
        
        <!-- Wait for the loading of the game to finish -->
        <Node id="wait_for_loading_complete" state="wait_for_loading_complete">
            <Entry id="enter" />
            <Exit id="exit" target="check_fast_and_clean_skills.enter" />
        </Node>

		<!-- Added by Sumo AMC -->
		<Node id="check_fast_and_clean_skills" state="should_enable_fast_and_clean">
			<Entry id="enter" />
			<Exit id="exit" target="game_type_decision.enter" />
		</Node>

		<!-- Branching Node to decide what type of game session we're starting -->
        <Node id="game_type_decision" state="game_type_decision">
            <Entry id="enter" />
            <Exit id="single_player_free_roam" target="free_roam_game_start.enter" />
            <Exit id="multi_player_free_roam" target="playground_game_start.enter" />
            <Exit id="multi_player_race" target="single_race_setup.enter" />
            <Exit id="single_player_career_race" target="single_career_race_setup.enter" />
            <Exit id="time_trial_race" target="time_trial_race_setup.enter" />
            <Exit id="e3_demo" target="e3_demo_setup.enter" />
            <Exit id="watch_replay" target="watch_replay_setup.enter" />
            <Exit id="unknown" target="unknown_race_setup.enter" />
        </Node>

        <Node id="free_roam_game_start" state="game_start_free_roam.root">
            <Entry id="enter" />
            <Exit id="exit" target=".exit" />
        </Node>
        
        <Node id="playground_game_start" state="game_start_multiplayer_playground.root">
            <Entry id="enter" />
            <Exit id="exit" target=".exit" />
        </Node>
 
        <Node id="single_race_setup" state="game_start_race.root">
            <Entry id="enter" />
            <Exit id="exit" target=".exit" />
        </Node>
        
        <Node id="time_trial_race_setup" state="game_start_career_race.root">
            <Entry id="enter" />
            <Exit id="exit" target=".exit" />
        </Node>
        
        <Node id="unknown_race_setup" state="game_start_free_roam.root">
            <Entry id="enter" />
            <Exit id="exit" target=".exit" />
        </Node>
        
        <Node id="single_career_race_setup" state="game_start_career_race.root">
            <Entry id="enter" />
            <Exit id="exit" target=".exit" />
        </Node>

        <Node id="e3_demo_setup" state="e3_game_demo_flow.root">
            <Entry id="enter" />
            <Exit id="exit" target=".exit" />
        </Node>

        <Node id="watch_replay_setup" state="watch_replay.root">
            <Entry id="enter" />
            <Exit id="exit" target=".exit" />
        </Node>
    </State>
      
	  
	<State id="disable_AI_sumo">  
		<Entry id="enter" target="disable_from_restart.enter" />
		<Exit id="exit" />	
	    <Behaviour id="CGameControlWrapper" />
	
			<!-- Ensure AI is disabled on any restart -->
		<Node id="disable_from_restart" state="global.disable_AI">
			<Entry id="enter" />
			<Exit id="exit" target=".exit" />
		</Node>
	</State>
	  
    <!-- Entry Point -->
    <State id="Restart">
        <Entry id="enter" target="disable_from_restart.enter" />
        <Exit id="exit" />
        
		<!-- Ensure AI is disabled on any restart -->
		<Node id="disable_from_restart" state="disable_AI_sumo">
			<Entry id="enter" />
			<Exit id="exit" target="wait_for_loading_complete.enter" />
		</Node>
		
        <!-- Wait for the loading of the game to finish -->
        <Node id="wait_for_loading_complete" state="wait_for_loading_complete">
            <Entry id="enter" />
            <Exit id="exit" target="game_type_decision.enter" />
        </Node>
        
        <!-- Branching Node to decide what type of game session we're starting -->
        <Node id="game_type_decision" state="game_type_decision">
            <Entry id="enter" />
            <Exit id="single_player_free_roam" target="free_roam_game_start.enter" />
            <Exit id="multi_player_free_roam" target="playground_game_start.enter" />
            <Exit id="multi_player_race" target="single_race_setup.enter" />
            <Exit id="single_player_career_race" target="single_career_race_setup.enter" />
            <Exit id="time_trial_race" target="time_trial_race_setup.enter" />
            <Exit id="e3_demo" target="e3_demo_setup.enter" />
            <Exit id="watch_replay" target="watch_replay_setup.enter" />
            <Exit id="unknown" target="unknown_race_setup.enter" />
        </Node>

        <Node id="free_roam_game_start" state="game_start_free_roam.root">
            <Entry id="enter" />
            <Exit id="exit" target=".exit" />
        </Node>
        
        <Node id="playground_game_start" state="game_start_multiplayer_playground.root">
            <Entry id="enter" />
            <Exit id="exit" target=".exit" />
        </Node>
 
        <Node id="single_race_setup" state="game_start_race.root">
            <Entry id="enter" />
            <Exit id="exit" target=".exit" />
        </Node>
        
        <Node id="time_trial_race_setup" state="game_start_career_race.restart">
            <Entry id="enter" />
            <Exit id="exit" target=".exit" />
        </Node>
        
        <Node id="unknown_race_setup" state="game_start_free_roam.root">
            <Entry id="enter" />
            <Exit id="exit" target=".exit" />
        </Node>
        
        <Node id="single_career_race_setup" state="game_start_career_race.restart">
            <Entry id="enter" />
            <Exit id="exit" target=".exit" />
        </Node>

        <Node id="e3_demo_setup" state="e3_game_demo_flow.restart_flow">
            <Entry id="enter" />
            <Exit id="exit" target=".exit" />
        </Node>

        <Node id="watch_replay_setup" state="watch_replay.root">
            <Entry id="enter" />
            <Exit id="exit" target=".exit" />
        </Node>
      
        
    </State>
</StateGroup>       
</StateGroup>       
</StateGroup>       
</StateGroup>       
