<StateGroup id="game_headline_race_flow" >
    <State id="root">
        <Entry id="enter" target="pre_race.enter" />
        <Exit id="exit" />
        
        <StateSubstitute state="game_festival_race_flow.CareerRewardsFlow" substitute="HeadlineRewardsFlow"/>
        
        <Node id="pre_race" state="game_festival_race_flow.PreRace">
            <Entry id="enter" />
            <Exit id="exit" target="wait_for_finished.enter" />
        </Node>
        <Node id="wait_for_finished" state="game_festival_race_flow.race_flow">
            <Entry id="enter" />
            <Exit id="exit" target="post_race.enter" />
        </Node>
    
		<Node id="post_race" state="game_festival_race_flow.PostRace">
            <Entry id="enter" />
            <Exit id="exit" target=".exit" />
        </Node>
    </State>

  
	
    <State id="restart">
        <Entry id="enter" target="remove_traffic.enter" />
        <Exit id="exit" />

        <StateSubstitute state="game_festival_race_flow.CareerRewardsFlow" substitute="HeadlineRewardsFlow"/>
		
        <Node id="remove_traffic" state="global.wait_for_traffic_cars_to_be_removed">
            <Entry id="enter" />
            <Exit id="exit" target="reset_traffic_cars.enter" />
        </Node>
	
	    <Node id="reset_traffic_cars" state="global.reset_traffic_cars">
            <Entry id="enter" />
            <Exit id="exit" target="force_satnav_recalculation.enter" />
        </Node>

        <Node id="force_satnav_recalculation" state="global.force_satnav_recalculation">
            <Entry id="enter" />
            <Exit id="exit" target="pre_race.enter" />
        </Node>

        <Node id="pre_race" state="game_festival_race_flow.PreRace_restart">
            <Entry id="enter" />
            <Exit id="exit" target="wait_for_finished.enter" />
        </Node>
        <Node id="wait_for_finished" state="game_festival_race_flow.race_flow">
            <Entry id="enter" />
            <Exit id="exit" target="post_race.enter" />
        </Node>
		
        <Node id="post_race" state="game_festival_race_flow.PostRace">
            <Entry id="enter" />
            <Exit id="exit" target=".exit" />
        </Node>
    </State>


    <!-- Normal career race rewards flow -->
    <State id="HeadlineRewardsFlow">
        <Entry id="enter" target="event_unlocks.enter" />
        <Exit id="exit" />

        <Node id="event_unlocks" state="game_festival_race_flow.UnlocksFlow">
            <Entry id="enter" />
            <Exit id="exit" target="should_preload_victory_cutscene.enter"/>
        </Node>

        <!-- Preload the victory cutscene so its ready to play after the earnings screen -->
        <Node id="should_preload_victory_cutscene" state="game_race_flow.should_show_champion_sequence">
            <Entry id="enter" />
            <Exit id="yes" target="load_victory_cutscene.enter"/>
            <Exit id="no" target="prepare_for_rewards.enter"/>
        </Node>

        <Node id="load_victory_cutscene" state="load_victory_cutscene">
            <Entry id="enter" />
            <Exit id="exit" target="prepare_for_rewards.enter" />
        </Node>

        <!-- PrepareForRewardsFlow does the profile save-->
        <Node id="prepare_for_rewards" state="game_festival_race_flow.PrepareForRewardsFlow">
            <Entry id="enter" />
            <Exit id="exit" target="should_show_earnings.enter"/>
        </Node>

        <Node id="should_show_earnings" state="global.did_player_get_credit_rewards">
            <Entry id="enter" />
            <Exit id="yes" target="earnings_camera.enter"/>
            <Exit id="no" target=".exit"/>
        </Node>

        <Node id="earnings_camera" state="game_race_flow.postrace_earnings_camera">
            <Entry id="enter" />
            <Exit id="exit" target="show_earnings_screen.enter" />
        </Node>

        <Node id="show_earnings_screen" state="UIShowScreens.ShowEarningsBreakdownScreen_NoResPack">
            <Entry id="enter" />
            <Exit id="done" target="should_show_champion_sequence.enter"/>
        </Node>

        <Node id="should_show_champion_sequence" state="game_race_flow.should_show_champion_sequence">
            <Entry id="enter" />
            <Exit id="yes" target="show_champion_sequence.enter"/>
            <Exit id="no" target=".exit"/>
        </Node>

        <Node id="show_champion_sequence" state="ChampionSequence">
            <Entry id="enter" />
            <Exit id="exit" target=".exit"/>
        </Node>
    </State>

    <!-- Using car reward sequence as a placeholder -->
    <State id="ChampionSequence">
        <Entry id="enter" target="show_champion_cutscene.enter"/>
        <Exit id="exit" />

        <Node id="show_champion_cutscene" state="play_victory_cutscene">
            <Entry id="enter" />
            <Exit id="exit" target="award_achievement.enter" />
        </Node>
        <Node id="award_achievement" state="award_horizon_champion_achievement" >
            <Entry id="enter" />
            <Exit id="exit" target="show_champion_screen.enter" />
        </Node>
        <Node id="show_champion_screen" state="UIShowScreens.ShowHeadlineChampionScreen">
            <Entry id="enter" />
            <Exit id="exit" target="wait_for_camera_sequence.enter" />
        </Node>

        <Node id="wait_for_camera_sequence" state="global.wait_for_current_camera_sequence" >
            <Entry id="enter" />
            <Exit id="exit" target="black_out.enter" />
        </Node>

        <Node id="black_out" state="global.black_out">
            <Entry id="enter" />
            <Exit id="exit" target=".exit"/>
        </Node>
    </State>

    <State id="award_horizon_champion_achievement" >
        <Entry id="enter" target=".exit"/>
        <Exit id="exit" />
      <!-- <Behaviour id="CAwardAchievement" achievement="ACHIEVEMENT_H2_HORIZON_CHAMPION" /> -->
    </State>

    <State id="load_victory_cutscene">
        <Entry id="enter" target=".exit"/>
        <Exit id="exit" />
        <Behaviour id="CLoadCutscene" cutscene="postrace_victory_cutscene" race_specific="true" />
    </State>

    <State id="play_victory_cutscene">
        <Entry id="enter" />
        <Exit id="exit" />
        <Behaviour id="CPrepareCutscene" cutscene="postrace_victory_cutscene" race_specific="false" />
        <Behaviour id="CPlayCameraSequence" wait="false">
            <Transition id="onReady" target=".exit" />
        </Behaviour>
    </State>

</StateGroup>
te>

</StateGroup>
te>

</StateGroup>
te>

</StateGroup>
