<StateGroup id="game_festival_race_flow" >
         
    <!-- Flow which will setup a race -->
    <!--
    Overall flow is:

        PreRace
        WaitForFinished (i.e. the actual race)
        PostRace
    -->
    <State id="root">
        <Entry id="enter" target="pre_race.enter" />
        <Exit id="exit" />
        
        <Node id="pre_race" state="PreRace">
            <Entry id="enter" />
            <Exit id="exit" target="race_flow.enter" />
        </Node>
        <Node id="race_flow" state="race_flow">
            <Entry id="enter" />
            <Exit id="exit" target="post_race.enter" />
        </Node>
        <Node id="post_race" state="PostRace">
            <Entry id="enter" />
            <Exit id="exit" target=".exit" />
        </Node>
    </State>

    <State id="restart">
        <Entry id="enter" target="pre_race_restart.enter" />
        <Exit id="exit" />
        
        <Node id="pre_race_restart" state="PreRace_restart">
            <Entry id="enter" />
            <Exit id="exit" target="race_flow.enter" />
        </Node>
        <Node id="race_flow" state="race_flow">
            <Entry id="enter" />
            <Exit id="exit" target="post_race.enter" />
        </Node>
        <Node id="post_race" state="PostRace">
            <Entry id="enter" />
            <Exit id="exit" target=".exit" />
        </Node>
    </State>
    
    <State id="race_flow">
        <Entry id="enter" target="is_rivals.enter" />
        <Exit id="exit" />
        
        <Node id="is_rivals" state="game_race_flow.IsRivalsFlow">
            <Entry id="enter" />
            <Exit id="no" target="wait_for_finished.enter" />
            <Exit id="yes" target="wait_for_finished_rivals.enter" />
        </Node>
        
        <Node id="wait_for_finished" state="wait_for_end_condition">
            <Entry id="enter" />
            <Exit id="exit" target=".exit" />
        </Node>
        
        <Node id="wait_for_finished_rivals" state="wait_for_end_condition_and_beat_rival">
            <Entry id="enter" />
            <Exit id="exit" target=".exit" />
            <Exit id="beatRival" target="rival_prompt_flow.enter" />
        </Node>
        
        <!-- If we beat our rival in a circuit race when crossing the finish line, ask the player if they want to finish or continue lapping -->
        <!-- Once this prompt has been shown in the current race, it cannot be displayed again in the current race -->
        <Node id="rival_prompt_flow" state="rival_prompt_flow">
            <Entry id="enter" />
            <Exit id="exit" target="wait_for_finished.enter" />
        </Node>
    </State>
    
    <State id="rival_prompt_flow">
        <Entry id="enter" target="show_beat_rival_prompt.enter" />
        <Exit id="exit" />
        
        <!-- While in the whole of this state we need game control -->
        <Behaviour id="CGameControlWrapper" />
        
        <Node id="show_beat_rival_prompt" state="UIShowScreens.show_beat_rival_prompt">
            <Entry id="enter" />
            <Exit id="continue" target="continue_lapping.enter" />
            <Exit id="finish" target=".exit" />
        </Node>
        
        <Node id="continue_lapping" state="global.show_hud_screen" >
            <Entry id="enter" />
            <Exit id="exit" target=".exit" />
        </Node>
    </State>

    <!-- Prepare the game state for performing the whole prerace sequence -->
    <State id="prerace_prepare">
        <Entry id="enter" target="black_out.enter" />
        <Entry id="enter_no_blackout" target="disable_traffic_spawning.enter" />
        <Exit id="exit" />
        <Node id="black_out" state="global.black_out">
            <Entry id="enter" />
            <Exit id="exit" target="disable_traffic_spawning.enter" />
        </Node>
        <Node id="disable_traffic_spawning" state="global.disable_traffic_spawning">
            <Entry id="enter" /> 
            <Exit id="exit" target="block_pause_entry.enter" />
        </Node> 
        <Node id="block_pause_entry" state="global.block_pause_entry">
            <Entry id="enter" />
            <Exit id="exit" target="unload_lod0_cars.enter" />
        </Node>
        <Node id="unload_lod0_cars" state="global.unload_lod0_cars">
            <Entry id="enter" />
            <Exit id="exit" target="enable_car_parking_brake.enter" />
        </Node>
        <Node id="enable_car_parking_brake" state="global.enable_all_players_car_parking_brake">
            <Entry id="enter" />
            <Exit id="exit" target="Force_AI_to_idle.enter"/>
        </Node>
        <Node id="Force_AI_to_idle" state="global.disable_AI">
            <Entry id="enter" />
            <Exit id="exit" target="hide_racing_line.enter"/>
        </Node>
        <Node id="hide_racing_line" state="global.disable_racing_line">
          <Entry id="enter" />
          <Exit id="exit" target="reset_hud_interface.enter" />
        </Node>
        <Node id="reset_hud_interface" state="global.reset_hud_interface">
          <Entry id="enter" />
          <Exit id="exit" target="should_prepare_prerace_menu.enter"/>
        </Node>
        <Node id="should_prepare_prerace_menu" state="game_race_flow.IsRivalsFlow">
            <Entry id="enter" />
            <Exit id="no" target="prepare_prerace_intro.enter" />
            <Exit id="yes" target="prepare_prerace_menu.enter" />
        </Node>
        <Node id="prepare_prerace_intro" state="game_race_flow.prepare_prerace_intro" >
            <Entry id="enter" />
            <Exit id="exit" target="wait_for_streaming.enter" />
        </Node>
        <Node id="prepare_prerace_menu" state="game_race_flow.prepare_prerace_looping_cam_01" >
            <Entry id="enter" />
            <Exit id="exit" target="wait_for_streaming.enter" />
        </Node>
        <Node id="wait_for_streaming" state="global.wait_for_streaming">
            <Entry id="enter" />
            <Exit id="exit" target="wait_for_all_cars_loaded.enter" />
        </Node>
        <Node id="wait_for_all_cars_loaded" state="global.wait_for_all_cars_loaded" >
            <Entry id="enter" />
            <Exit id="exit" target="enable_ambient_pre_race.enter" />
        </Node>
        <Node id="enable_ambient_pre_race" state="game_race_flow.enable_ambient_audio_param_pre_race_ambience">
            <Entry id="enter" />
            <Exit id="exit" target="enable_ambient_race_sounds.enter"/>
        </Node>
        <Node id="enable_ambient_race_sounds" state="game_race_flow.enable_ambient_audio_param_in_race">
            <Entry id="enter" />
            <Exit id="exit" target="enable_ambient_audio_streaming.enter"/>
        </Node>
        <Node id="enable_ambient_audio_streaming" state="global.enable_ambient_audio_streaming">
            <Entry id="enter" />
            <Exit id="exit" target="set_radio_3d_on.enter"/>
        </Node>
        
         <Node id="set_radio_3d_on" state="set_radio_3d_on">
            <Entry id="enter" />
            <Exit id="exit" target="set_audio_exterior_prerace.enter" />
        </Node>         
        
        <Node id="set_audio_exterior_prerace" state="Audio.exterior_prerace">
            <Entry id="enter" />
            <Exit id="exit" target="snap_car_to_road.enter" />
        </Node>
        <!-- Position the car at its initial pos rather then current, in case its moved due a collision -->
        <Node id="snap_car_to_road" state="global.snap_all_cars_to_road_initial_position">
            <Entry id="enter" />
            <Exit id="exit" target="repair_damage.enter" />
        </Node>
        <Node id="repair_damage" state="global.reset_car_damage_all_cars">
            <Entry id="enter" />
            <Exit id="exit" target="show_empty_screen.enter" />
        </Node>
        <Node id="show_empty_screen" state="global.show_empty_screen_with_hud_resource">
            <Entry id="enter" />
            <Exit id="exit" target=".exit" />
        </Node>
    </State>



    <!-- Play the prerace intro cutscene
        
        Also show the title screen over the top -->
    <State id="prerace_intro">
        <Entry id="enter" target="prepare_prerace_intro.enter" />
        <Exit id="exit" />
        
        <Node id="prepare_prerace_intro" state="game_race_flow.prepare_prerace_intro" >
            <Entry id="enter" />
            <Exit id="exit" target="play_prerace_intro.enter" />
        </Node>
        <Node id="play_prerace_intro" state="global.play_current_camera_sequence" >
            <Entry id="enter" />
            <Exit id="exit" target="pre_race_title.enter" />
        </Node>
        <Node id="pre_race_title" state="UIShowScreens.ShowTitleScreen">
            <Entry id="enter" />
            <Exit id="done" target="pre_race_screen_pre_wait.enter"/>
        </Node>
        <Node id="pre_race_screen_pre_wait" state="global.wait_for_cutscene_countdown">
            <Entry id="enter" />
            <Exit id="exit" target=".exit"/>
        </Node>
    </State>

    <!-- Show the prerace menu -->
    <State id="prerace_menu">
        <Entry id="enter" target="play_menu_looping_cutscene.enter" />
        <Entry id="enter_from_intro" target="pre_race_screen.enter" />
        <Exit id="race" />
		<Exit id="grid" />
        <Exit id="quit" />

        <!-- if we didn't come from the intro, play this cutscene -->
        <Node id="play_menu_looping_cutscene" state="game_race_flow.prerace_looping_cam_01" >
            <Entry id="enter" />
            <Exit id="exit" target="menu_loop_camera_delay.enter" />
        </Node>
        <!-- otherwise, we've already queued it so go straight here -->
        <Node id="menu_loop_camera_delay" state="global.wait_one_frame">
            <Entry id="enter" />
            <Exit id="exit" target="pre_race_screen.enter"/>
        </Node>

        <Node id="pre_race_screen" state="UIShowScreens.ShowPreRaceScreen">
            <Entry id="enter" />
            <Exit id="race" target="pre_race_show_empty_screen.enter"/>
			<Exit id="grid" target="starting_grid.enter"/>
            <Exit id="quit" target="quit_pre_race.enter"/>
        </Node>
        <Node id="pre_race_show_empty_screen" state="global.show_empty_screen_with_hud_resource">
            <Entry id="enter" />
            <Exit id="exit" target=".race"/>
        </Node>
		<Node id="starting_grid" state="UIShowScreens.ShowStartingGridScreen">
            <Entry id="enter" />
            <Exit id="quit" target="pre_race_screen.enter"/>
        </Node>
		<Node id="quit_pre_race" state="game_race_flow.clear_events_car_and_sponsorship_settings">
            <Entry id="enter" />
            <Exit id="exit" target=".quit"/>			
        </Node>

    </State>
	
    <!-- Show the prerace countdown before the race -->
    <State id="prerace_countdown">
        <Entry id="enter" target="stop_ambient_music.enter" />
        <Exit id="exit" />

        <Node id="stop_ambient_music" state="game_race_flow.disable_ambient_audio_param_pre_race_ambience">
            <Entry id="enter" />
            <Exit id="exit" target="play321moment.enter" />
        </Node>
        <Node id="play321moment" state="game_race_flow.play321moment">
            <Entry id="enter" />
            <Exit id="exit" target="show_empty_screen_with_hud_resource.enter"/>
        </Node>
        <Node id="show_empty_screen_with_hud_resource" state="global.show_hud_screen_start_hidden">
            <Entry id="enter" />
            <Exit id="exit" target="white_flash.enter"/>
        </Node>
	    <Node id="white_flash" state="prerace_countdown_flash">
            <Entry id="enter"/>
            <Exit id="exit" target="prepare_prerace_countdown.enter"/>
        </Node>
        <Node id="prepare_prerace_countdown" state="game_race_flow.prepare_prerace_countdown" >
            <Entry id="enter" />
            <Exit id="exit" target="play_prerace_countdown.enter" />
        </Node>
        <Node id="play_prerace_countdown" state="global.play_current_camera_sequence" >
            <Entry id="enter" />
            <Exit id="exit" target="wait_one_frame_before_cleanup.enter" />
        </Node>
        <Node id="wait_one_frame_before_cleanup" state="global.wait_one_frame" >
            <Entry id="enter" />
            <Exit id="exit" target="cleanup_nemesis_sequence.enter" />
        </Node>
        <!-- Stop the nemesis character cutscene here so we dont see him dissapear -->
        <Node id="cleanup_nemesis_sequence" state="game_race_flow.CleanupNemesisCallout">
            <Entry id="enter" />
            <Exit id="exit" target="wait_for_cutscene_countdown.enter"/>
        </Node>
        <Node id="wait_for_cutscene_countdown" state="global.wait_for_cutscene_countdown">
            <Entry id="enter" />
            <Exit id="exit" target="show_hud_screen.enter" /> <!-- Remove next state, no need to wait for camera reset -->
        </Node>
		<!--
        <Node id="wait_for_camera_reset_to_player" state="game_race_flow.wait_for_camera_reset_to_player" >
            <Entry id="enter" />
            <Exit id="exit" target="show_hud_screen.enter" />
        </Node>
		-->
        <Node id="show_hud_screen" state="global.show_hud_screen">
            <Entry id="enter" />
            <Exit id="exit" target="prepare_race.enter" />
        </Node>
        <Node id="prepare_race" state="global.prepare_race" >
            <Entry id="enter" />
            <Exit id="exit" target="load_finish_line_cutscene.enter" />
        </Node>
        <Node id="load_finish_line_cutscene" state="game_race_flow.load_finishline_cutscene">
            <Entry id="enter" />
            <Exit id="exit" target="lock_satnav_destination.enter"/>
        </Node>
        <Node id="lock_satnav_destination" state="global.lock_satnav_destination">
            <Entry id="enter" />
            <Exit id="exit" target="show_racingline.enter"/>
        </Node>
        <Node id="show_racingline" state="global.enable_racing_line">
            <Entry id="enter" />
            <Exit id="exit" target="set_audio_exterior_race.enter"/>
        </Node>
        <Node id="set_audio_exterior_race" state="Audio.exterior_race">
            <Entry id="enter" />
            <Exit id="exit" target="Allow_AI_to_drive.enter" />
        </Node>
        <Node id="Allow_AI_to_drive" state="global.enable_AI">
            <Entry id="enter" />
            <Exit id="exit" target="start_race.enter" />
        </Node>
        <Node id="start_race" state="global.start_race" >
            <Entry id="enter" />
            <Exit id="exit" target="reset_camera_to_player.enter" />
        </Node>
		<Node id="reset_camera_to_player" state="global.reset_camera_to_player" >
            <Entry id="enter" />
            <Exit id="exit" target="wait_for_end_of_countdown.enter" />
        </Node>
        <Node id="wait_for_end_of_countdown" state="game_race_flow.wait_for_end_of_countdown">
            <Entry id="enter" />
            <Exit id="exit" target=".exit" />
        </Node>
    </State>

    <State id="prerace_countdown_flash">
        <Entry id="enter" target="white_flash.enter" />
        <Exit id="exit" />

	    <Node id="white_flash" state="global.white_flash">
            <Entry id="enter"/>
            <Exit id="exit" target="wait_one_frame.enter"/>
        </Node>
        <Node id="wait_one_frame" state="global.wait_one_frame" >
            <Entry id="enter" />
            <Exit id="exit" target=".exit" />
        </Node>
    </State>

    <!-- Perform any required cleanup before starting the race -->
    <State id="prerace_cleanup">
        <Entry id="enter" target="start_driving.enter" />
        <Exit id="exit" />

        <Node id="start_driving" state="global.start_driving">
            <Entry id="enter" />
            <Exit id="exit" target ="release_car_parking_brake.enter" />
        </Node>
        <Node id="release_car_parking_brake" state="global.disable_all_players_car_parking_brake" >
            <Entry id="enter" />
            <Exit id="exit" target="disable_fast_travel.enter" />
        </Node>   
        <Node id="disable_fast_travel" state="global.disable_fast_travel">
            <Entry id="enter" />
            <Exit id="exit" target="unblock_pause_entry.enter" />
        </Node>
        <Node id="unblock_pause_entry" state="global.unblock_pause_entry">
            <Entry id="enter" />
          <Exit id="exit" target=".exit" />
        </Node>
    </State>

    <!-- State which encompasses all pre vehicle starting flow -->
    <!--
        Flow goes as such:

	PreracePrepare
	PreraceIntro
	PreraceMenu
	PreraceNemesis
	PreraceCountdown
	PreraceCleanup

    -->
    <State id="PreRace">
        <Entry id="enter" target="prerace_prepare.enter" />
        <Exit id="exit" />
        <!-- While in the whole of this state we need game control -->
        <Behaviour id="CGameControlWrapper" />
      
        <Node id="prerace_prepare" state="prerace_prepare">
            <Entry id="enter" />
            <Exit id="exit" target="prerace_intro.enter" />
        </Node>
        <Node id="prerace_intro" state="prerace_intro">
            <Entry id="enter" />
            <Exit id="exit" target="prerace_menu.enter" />
        </Node>

        <Node id="prerace_menu" state="prerace_menu">
            <Entry id="enter" />
            <Entry id="enter_from_intro" />
            <Exit id="race" target="prerace_countdown.enter" />
            <Exit id="quit" target="quit_early.enter" />
        </Node>
        <Node id="prerace_countdown" state="prerace_countdown">
            <Entry id="enter" />
            <Exit id="exit" target="prerace_cleanup.enter" />
        </Node>
        <Node id="prerace_cleanup" state="prerace_cleanup">
            <Entry id="enter" />
            <Exit id="exit" target=".exit" />
        </Node>
		
		<Node id="quit_early" state="game_race_flow.clear_events_car_and_sponsorship_settings">
            <Entry id="enter" />
            <Exit id="exit" target="load_to_free_roam.enter"/>
        </Node>
        
		<Node id="load_to_free_roam" state="load_back_to_free_roam">
            <Entry id="enter" />
        </Node>
    </State>

    <!-- PreRace restart behaviour (play stripped down intro) -->
    <State id="PreRace_restart">
        <Entry id="enter" target="pre_race_restart_black_out.enter" />
        <Entry id="enter_no_loading_screen" target="prerace_prepare.enter_no_blackout" />				
        <Exit id="exit" />
        <!-- At the beginning, we prepare the menu cutscene rather than the intro as we go straight to menu -->
        <StateSubstitute state="game_race_flow.prepare_prerace_intro" substitute="game_race_flow.prepare_prerace_looping_cam_01"/>

        <!-- While in the whole of this state we need game control -->
        <Behaviour id="CGameControlWrapper" />

	    <Node id="pre_race_restart_black_out" state="global.black_out">
            <Entry id="enter" />
            <Exit id="exit" target="show_loading_screen.enter" />
        </Node>	
		
	    <Node id="show_loading_screen" state="global.show_loading_screen">
            <Entry id="enter" />
            <Exit id="exit" target="prerace_prepare.enter_no_blackout" />
        </Node>	
		
        <Node id="prerace_prepare" state="prerace_prepare">
            <Entry id="enter" />
            <Entry id="enter_no_blackout" />
            <Exit id="exit" target="prerace_menu.enter" />
        </Node>
        <Node id="prerace_menu" state="prerace_menu">
            <Entry id="enter" />
            <Exit id="race" target="prerace_countdown.enter" />
            <Exit id="quit" target="quit_early.enter" />
        </Node>
        <Node id="prerace_countdown" state="prerace_countdown">
            <Entry id="enter" />
            <Exit id="exit" target="prerace_cleanup.enter" />
        </Node>
        <Node id="prerace_cleanup" state="prerace_cleanup">
            <Entry id="enter" />
            <Exit id="exit" target=".exit" />
        </Node>
		
		<Node id="quit_early" state="game_race_flow.clear_events_car_and_sponsorship_settings">
            <Entry id="enter" />
            <Exit id="exit" target="load_to_free_roam.enter"/>
        </Node>

        <Node id="load_to_free_roam" state="load_back_to_free_roam">
            <Entry id="enter" />
        </Node>
    </State>

    <!-- Perform any required preparation before playing the postrace flow -->
    <State id="postrace_prepare">
        <Entry id="enter" target="show_empty_screen.enter" />
        <Exit id="exit" /> 

        <Node id="show_empty_screen" state="global.show_empty_screen">
            <Entry id="enter" />
            <Exit id="exit" target="disable_traffic_spawning.enter" />
        </Node>
        <!-- Disable spawning of traffic after crossing the finish line -->
        <Node id="disable_traffic_spawning" state="global.disable_traffic_spawning">
          <Entry id="enter" />
          <Exit id="exit" target="reset_hud_interface.enter"/>
        </Node>
        <Node id="reset_hud_interface" state="global.reset_hud_interface_and_bank_skills">
            <Entry id="enter" />
            <Exit id="exit" target="hide_greenline.enter"/>            
        </Node>
        <Node id="hide_greenline" state="global.disable_racing_line">
            <Entry id="enter" />
            <Exit id="exit" target=".exit"/>            
        </Node>
    </State>
    
    <!-- Perform any required cleanup before exiting the race -->
    <State id="postrace_cleanup">
        <Entry id="enter" target="ShouldLeaveCarAtRaceEnd.enter" />
        <Exit id="exit" />

        <Node id="ShouldLeaveCarAtRaceEnd" state="game_race_flow.ShouldLeaveCarAtRaceEnd">
            <Entry id="enter" />
            <Exit id="yes" target="store_car_position.enter" />
            <Exit id="no" target="stop_cutscene.enter"/>
        </Node>

        <Node id="store_car_position" state="global.store_car_position">
            <Entry id="enter" />
            <Exit id="exit" target="stop_cutscene.enter"/>
        </Node>

        <Node id="stop_cutscene" state="global.stop_cutscene">
            <Entry id="enter" />
            <Exit id="exit" target="show_greenline.enter"/>
        </Node>

        <Node id="show_greenline" state="global.enable_racing_line">
            <Entry id="enter" />
            <Exit id="exit" target="clear_events_car_and_sponsorship_settings.enter"/>
        </Node>

        <Node id="clear_events_car_and_sponsorship_settings" state="game_race_flow.clear_events_car_and_sponsorship_settings">
            <Entry id="enter" />
            <Exit id="exit" target=".exit"/>
        </Node>
       
    </State> 
  
    <!-- Perform any required cleanup before exiting the race -->
    <State id="postrace_results">
        <Entry id="enter" target="can_show_results_on_race_quit.enter" />
        <Exit id="done" /> 
		<Exit id="continue" /> 
        <Exit id="quit" />

        <Node id="can_show_results_on_race_quit" state="game_race_flow.IsRivalsFlow" >
            <Entry id="enter" />
            <Exit id="yes" target="check_for_first_place.enter" />
            <Exit id="no" target="check_for_race_quit.enter" />
        </Node>
        <Node id="check_for_race_quit" state="game_race_flow.check_for_race_quit" >
            <Entry id="enter" />
            <Exit id="yes" target="quit_race.enter" />
            <Exit id="no" target="results_screen_camera.enter" />
        </Node>
        <Node id="results_screen_camera" state="game_race_flow.postrace_looping_cam_01" >
            <Entry id="enter" />
            <Exit id="exit" target="check_for_first_place.enter" />
        </Node>
        <Node id="check_for_first_place" state="game_race_flow.check_for_first_place" >
          <Entry id="enter" />
          <Exit id="yes" target="award_achievement.enter" />
          <Exit id="no" target="show_post_race_screen.enter" />
        </Node>
        <Node id="award_achievement" state="award_achievement">
            <Entry id="enter" />
            <Exit id="exit" target="show_post_race_screen.enter" />
        </Node>
        <Node id="show_post_race_screen" state="UIShowScreens.ShowPostRaceFinishPositionScreen">
            <Entry id="enter" />
            <Exit id="done" target="show_post_race_results_screen.enter" />
        </Node>
		<Node id="show_post_race_results_screen" state="UIShowScreens.ShowRaceResultsScreen">
            <Entry id="enter" />
            <Exit id="continue" target="post_race_update_profile_to_rewards.enter" />
        </Node>
        <Node id="post_race_update_profile_to_rewards" state="post_race_update_profile">
            <Entry id="enter" />
            <Exit id="exit" target=".done" />
        </Node>
		<Node id="quit_race" state="game_race_flow.clear_events_car_and_sponsorship_settings">
            <Entry id="enter" />
            <Exit id="exit" target=".quit" />			
        </Node>
    </State>

    <State id="postrace_rewards">
        <Entry id="enter" target="check_if_we_can_show_rewards_screen.enter" />
        <Exit id="exit" />
        <Exit id="raceAgain" />
        
        <Node id="check_if_we_can_show_rewards_screen" state="global.did_player_get_any_rewards">
            <Entry id="enter" />
            <Exit id="yes" target="check_rewards_mode.enter"/>
            <Exit id="no" target=".exit"/>
        </Node>
        <Node id="check_rewards_mode" state="game_race_flow.IsRivalsFlow">
            <Entry id="enter" />
            <Exit id="yes" target="start_rivals_rewards_flow.enter"/>
            <Exit id="no" target="start_rewards_flow.enter"/>
        </Node>
        <Node id="start_rewards_flow" state="CareerRewardsFlow">
            <Entry id="enter" />
            <Exit id="exit" target=".exit"/>
        </Node>		
		<!--
		<Node id="destination_update_flow" state="UIShowScreens.ShowDestinationUpdateScreen">
            <Entry id="enter" />
            <Exit id="continue" target=".exit"/>
        </Node>
		-->
        <Node id="start_rivals_rewards_flow" state="RivalsRewardsFlow">
            <Entry id="enter" />
            <Exit id="exit" target=".exit"/>
            <Exit id="raceAgain" target=".raceAgain"/>
        </Node>
    </State>

    <State id="postrace_rivals">
        <Entry id="enter" target="check_if_we_are_in_rivals_flow.enter" />
        <Exit id="quit" /> 
        <Exit id="rivals" /> 

        <Node id="check_if_we_are_in_rivals_flow" state="game_race_flow.IsRivalsFlow">
            <Entry id="enter" />
            <Exit id="no" target="should_show_rival_offer.enter"/>
            <Exit id="yes" target="should_skip_get_in_event_car_check_screen.enter"/>
        </Node>

        <!-- start of end of post race career flow -->
        <Node id="should_show_rival_offer" state="game_race_flow.CanShowRivalOffer">
            <Entry id="enter" />
            <Exit id="yes" target="show_rival_offer.enter"/>
            <Exit id="no" target="was_reward_car_given.enter"/>
        </Node>
      
        <Node id="show_rival_offer" state="ShowRivalOffer">
          <Entry id="enter" />
          <Exit id="ok" target=".rivals"/>
          <Exit id="return" target="was_reward_car_given.enter"/>
        </Node>

        <!-- We don't want to show the 'get in event car' option if we gave a reward car -->
        <Node id="was_reward_car_given" state="ShouldShowRewardCarSequence">
          <Entry id="enter" />
          <Exit id="yes" target="quit_race.enter" />
          <Exit id="no" target="should_skip_get_in_event_car_check_screen.enter" />
        </Node>

        <!-- We don't want to show the 'get in event car' option at the end of the initial experience heat event-->
        <Node id="should_skip_get_in_event_car_check_screen" state="global.is_first_time_career">
          <Entry id="enter" />
          <Exit id="yes" target="store_freeroam_car.enter" />
          <Exit id="no" target="show_get_in_event_car_check_screen.enter" />
        </Node>

        <Node id="store_freeroam_car" state="global.set_free_roam_car">
          <Entry id="enter" />
          <Exit id="exit" target="quit_race.enter"/>
        </Node>
	
        <Node id="show_get_in_event_car_check_screen" state="UIShowScreens.ShowChangeToEventCarCheckScreen">
          <Entry id="enter" />
          <Exit id="done" target="is_rivals_flow.enter"/>
        </Node>
        
        <Node id="is_rivals_flow" state="game_race_flow.IsRivalsFlow">
            <Entry id="enter" />
            <Exit id="no" target="quit_race.enter"/>
            <Exit id="yes" target="fade_out.enter"/>
        </Node>
        
        <Node id="fade_out" state="global.fade_out_half_sec">
            <Entry id="enter" />
            <Exit id="exit" target="quit_race.enter" />
        </Node>
        <!-- end of end of post race career flow -->
		<Node id="quit_race" state="game_race_flow.clear_events_car_and_sponsorship_settings">
            <Entry id="enter" />
            <Exit id="exit" target=".quit" />			
        </Node>
    </State>
 
    <!-- State which encompasses all flow post vehicle finishing the race flow -->
    <!-- Postrace flow goes:

        postrace_prepare
        postrace_finishline
        postrace_results
        postrace_rewards
        postrace_rivals
        postrace_cleanup

    -->
    <State id="PostRace">
        <Entry id="enter" target="postrace_internal.enter" />
        <Exit id="exit" />
        <!-- While in the whole of this state we need game control -->
        <Behaviour id="CGameControlWrapper" />

        <Node id="postrace_internal" state="postrace_internal">
            <Entry id="enter" />
            <Exit id="exit" target=".exit" />
        </Node>
    </State>
    
    
    <State id="FinalNemesisChecks">
        <Entry id="enter" target="should_enter_final_nemesis_race.enter" />
        <Exit id="exit" />
        
        <Node id="should_enter_final_nemesis_race" state="game_race_flow.should_show_champion_sequence">
            <Entry id="enter" />
            <Exit id="yes" target="load_into_final_nemesis_race.enter"/>
            <Exit id="no" target=".exit"/>
        </Node>
        
        <Node id="load_into_final_nemesis_race" state="game_race_flow.LoadIntoFinalNemesisRace">
            <Entry id="enter" />
            <Exit id="exit" target=".exit"/>
        </Node>
    </State>
	
	<State id="black_out" >
		<Entry id="enter" />
		<Exit id="exit" />
		<Behaviour id="CFadeIn" fade_in="false">
			<Transition id="onReady" target=".exit" />
			<FadeOptions Duration="1.000000" HoldDuration="1.000000" CurveType="S" Color.x="0.000000" Color.y="0.000000" Color.z="0.000000" Color.w="0.000000"/>
		</Behaviour>
	</State>
    
    <State id="postrace_internal">
        <Entry id="enter" target="postrace_prepare.enter" />
        <Exit id="exit" />
        <Behaviour id="CDisablePlayerCarControlsWrapper" />
        <Behaviour id="CGetRivalForEvent" waitForRequests="false"/>
        
        <Node id="postrace_prepare" state="postrace_prepare">
            <Entry id="enter" />
            <Exit id="exit" target="check_if_we_are_in_rivals_flow.enter" />
        </Node>

        <!-- 
             There is always post race flow in rivals mode, however in single player races it only happens if
             we actually finish the race 
        -->
        <Node id="check_if_we_are_in_rivals_flow" state="game_race_flow.IsRivalsFlow">
            <Entry id="enter" />
            <Exit id="no" target="should_skip_postrace.enter"/>
            <Exit id="yes" target="rivals_postrace_camera.enter"/>
        </Node>
      
        <Node id="should_skip_postrace" state="game_race_flow.should_skip_postrace" >
            <Entry id="enter" />
            <Exit id="yes" target="postrace_cleanup.enter" />
            <Exit id="no" target="prepare_finishline_cutscene.enter" />
        </Node>
        
        <Node id="rivals_postrace_camera" state="game_race_flow.prepare_rivals_postrace_camera">
            <Entry id="enter" />
            <Exit id="exit" target="radiodj_post_race.enter" />
        </Node>
        
        <Node id="prepare_finishline_cutscene" state="game_race_flow.prepare_finishline_cutscene">
            <Entry id="enter" />
            <Exit id="exit" target="did_player_crossed_the_finish_line.enter" />
        </Node>

        <Node id="did_player_crossed_the_finish_line" state="game_race_flow.did_player_crossed_the_finish_line" >
            <Entry id="enter" />
            <Exit id="yes" target="play_finishline_cutscene.enter" />
            <Exit id="no" target="streaming_black_out.enter" />
        </Node>

        <Node id="streaming_black_out" state="global.black_out">
            <Entry id="enter" />
            <Exit id="exit" target="show_loading_screen.enter" />
        </Node>

        <Node id="show_loading_screen" state="global.show_loading_screen">
            <Entry id="enter" />
            <Exit id="exit" target="wait_for_streaming.enter" />
        </Node>

        <Node id="wait_for_streaming" state="global.wait_for_streaming">
            <Entry id="enter" />
            <Exit id="exit" target="play_finishline_cutscene.enter" />
        </Node>
        
        <Node id="play_finishline_cutscene" state="game_race_flow.play_finishline_cutscene">
            <Entry id="enter" />
            <Exit id="exit" target="load_postrace_transition_cutscene.enter" />
        </Node>
		
		<Node id="load_postrace_transition_cutscene" state="game_race_flow.load_postrace_transition_cutscene">
            <Entry id="enter" />
            <Exit id="exit" target="radiodj_post_race.enter" />
        </Node>
        
        <Node id="radiodj_post_race" state="radiodj.post_race">
            <Entry id="enter" />
            <Exit id="exit" target="postrace_results.enter" />
        </Node>
            
        <Node id="postrace_results" state="postrace_results">
          <Entry id="enter" />
          <Exit id="done" target="set_post_race_audio_snaphot.enter" />
          <Exit id="quit" target="postrace_cleanup.enter" />
        </Node>
        
        <Node id="set_post_race_audio_snaphot" state="game_race_flow.set_post_race_audio_snaphot">
          <Entry id="enter" />
          <Exit id="exit" target="postrace_rewards.enter" />
        </Node>
      
        <Node id="postrace_rewards" state="postrace_rewards">
            <Entry id="enter" />
            <Exit id="exit" target="final_nemesis_checks.enter" />
            <Exit id="raceAgain" target="set_audio_loading.enter" />
        </Node>
        
        <Node id="final_nemesis_checks" state="FinalNemesisChecks">
            <Entry id="enter" />
            <Exit id="exit" target="postrace_rivals.enter" />
        </Node>
        
        <Node id="postrace_rivals" state="postrace_rivals">
            <Entry id="enter" />
            <Exit id="quit" target="black_out.enter" />
            <Exit id="rivals" target="set_audio_loading.enter" />
        </Node>

        <Node id="black_out" state="global.black_out">
          <Entry id="enter" />
          <Exit id="exit" target="postrace_cleanup.enter" />
        </Node>
        
        <Node id="postrace_cleanup" state="postrace_cleanup">
            <Entry id="enter" />
			<Exit id="exit" target="load_back_to_free_roam.enter" />
        </Node>
        
        <Node id="set_audio_loading" state="Audio.loading">
            <Entry id="enter" />
            <Exit id="exit" target="load_into_rivals_race.enter" />
        </Node>
        
        <Node id="load_into_rivals_race" state="global.LoadIntoTimeTrialRace">
            <Entry id="enter" />
        </Node>
        
        <Node id="load_back_to_free_roam" state="load_back_to_free_roam">
            <Entry id="enter" />
        </Node>
		
		<Node id="map_flow" state="map.map_flow" >
            <Entry id="enter" />
			<Exit id="exit" target="load_back_to_free_roam.enter" />
        </Node>		
    </State>

    <State id="PrepareForRewardsFlow">
      <Entry id="enter" target="show_empty_screen.enter" />
      <Exit id="exit" />

      <Node id="show_empty_screen" state="global.show_empty_screen">
        <Entry id="enter" />
        <Exit id="exit" target="mute_car_audio.enter" />
      </Node>

      <Node id="mute_car_audio" state="Audio.mute_car_audio">
        <Entry id="enter" />
        <Exit id="exit" target="enable_compressed_heap.enter"/>
      </Node>

      <Node id="enable_compressed_heap" state="global.enable_compressed_heap">
          <Entry id="enter" />
          <Exit id="exit" target="hide_all_ai_cars.enter"/>
      </Node>

      <!-- Rimal - AI Cars must be disabled & hidden first!! Otherwise they still have control during the rewards cutscene -->
      <Node id="hide_all_ai_cars" state="game_race_flow.HideAllAICars">
          <Entry id="enter" />
          <Exit id="exit" target="apply_parking_brake.enter"/>
      </Node>

      <Node id="apply_parking_brake" state="global.enable_all_players_car_parking_brake">
          <Entry id="enter" />
          <Exit id="exit" target="remove_traffic.enter"/>
      </Node>

      <Node id="remove_traffic" state="global.disable_traffic_spawning_with_despawn">
          <Entry id="enter" />
          <Exit id="exit" target="place_car_for_rewards.enter" />
      </Node>

      <Node id="place_car_for_rewards" state="game_race_flow.place_car_for_rewards">
          <Entry id="enter" />
          <Exit id="exit" target="repair_damage.enter"/>
      </Node>

      <Node id="repair_damage" state="global.reset_car_damage_all_cars">
          <Entry id="enter" />
          <Exit id="exit" target="fade_for_car_placing.enter" />
      </Node>
	  
	  	  	  <Node id="fade_for_car_placing" state="black_out">
          <Entry id="enter" />
          <Exit id="exit" target=".exit"/>
      </Node>
    </State>
	
    
    <!-- Normal career race rewards flow -->
    <State id="CareerRewardsFlow">
      <Entry id="enter" target="prepare_for_rewards.enter" />
      <Exit id="exit" />

      <!-- PrepareForRewardsFlow does the profile save-->
      <Node id="prepare_for_rewards" state="PrepareForRewardsFlow">
        <Entry id="enter" />
        <Exit id="exit" target="should_show_earnings_screen.enter"/>
      </Node>
	  
	  <Node id="postrace_wait_for_streaming" state="global.wait_for_streaming">
          <Entry id="enter" />
        <Exit id="exit" target="should_show_earnings_screen.enter"/>
      </Node>

      <Node id="should_show_earnings_screen" state="global.did_player_get_credit_rewards">
          <Entry id="enter" />
          <Exit id="yes" target="postrace_earnings_camera.enter"/>
          <Exit id="no" target="postrace_points_camera.enter"/>
      </Node>

      <Node id="postrace_earnings_camera" state="game_race_flow.postrace_earnings_camera">
          <Entry id="enter" />
          <Exit id="exit" target="show_earnings_screen.enter" />
      </Node>
	  
	  
	  <!-- skSumo: For Anthem, we always show the XP Award sequence -->
      <Node id="show_earnings_screen" state="UIShowScreens.ShowEarningsBreakdownScreen">
        <Entry id="enter" />
        <Exit id="done" target="postrace_points_camera.enter"/>
      </Node>

      <Node id="postrace_points_camera" state="game_race_flow.postrace_careerpoints_camera">
          <Entry id="enter" />
          <Exit id="exit" target="show_career_points_screen.enter" />
      </Node>

      <Node id="show_career_points_screen" state="UIShowScreens.ShowPostRaceAnthemAwardXP">
        <Entry id="enter" />
        <Exit id="done" target="should_use_final_event_flow.enter"/>
      </Node>

	  <!-- If we in final event flow, just exit as the code deals with the FMV & credits. -->
     <Node id="should_use_final_event_flow" state="game_race_flow.IsAnthemFinalEvent">
        <Entry id="enter" />
        <Exit id="yes" target=".exit" />
        <Exit id="no" target="should_show_trophy_screen.enter" />
      </Node>
  
     <Node id="should_show_trophy_screen" state="game_race_flow.ShouldShowXPScreen">
        <Entry id="enter" />
        <Exit id="yes" target="postrace_normal_finish_camera.enter" />
        <Exit id="no" target="postrace_podium_finish_camera.enter" />
      </Node>
	  
	  <Node id="postrace_podium_finish_camera" state="game_race_flow.postrace_podium_finish_camera">
        <Entry id="enter" />
        <Exit id="exit" target="should_show_reward_car_sequence.enter"/>
      </Node>
	  
	  <Node id="postrace_normal_finish_camera" state="game_race_flow.postrace_normal_finish_camera">
        <Entry id="enter" />
        <Exit id="exit" target="show_trophy_screen.enter"/>
      </Node>	  
	  
      <Node id="show_trophy_screen" state="UIShowScreens.ShowPostRaceTrophyScreen">
		<Entry id="enter" />
		<Exit id="exit" target="should_show_reward_car_sequence.enter"/>
      </Node>
	  
      <Node id="should_show_reward_car_sequence" state="ShouldShowRewardCarSequence">
        <Entry id="enter" />
        <Exit id="yes" target="reward_car_sequence.enter" />
        <Exit id="no" target="should_show_car_tombola.enter" />
      </Node>
      
      <Node id="reward_car_sequence" state="RewardCarSequence">
        <Entry id="enter" />
        <Exit id="exit" target=".exit" />
      </Node>

      <Node id="should_show_car_tombola" state="game_race_flow.ShouldShowCarTombolaScreen">
        <Entry id="enter" />
        <Exit id="yes" target="show_car_tombola_screen.enter" />
        <Exit id="no" target=".exit" />
      </Node>

      <Node id="show_car_tombola_screen" state="UIShowScreens.ShowCareerCarTombolaScreen">
        <Entry id="enter" />
        <Exit id="exit" target=".exit" />
      </Node>     
    </State>

    <!-- Rivals race rewards flow -->
    <State id="RivalsRewardsFlow">
      <Entry id="enter" target="show_earnings_screen.enter" />
      <Exit id="exit" />
      <Exit id="raceAgain" />
      
     <Node id="show_earnings_screen" state="UIShowScreens.ShowEarningsBreakdownScreen_NoResPack">
        <Entry id="enter" />
        <Exit id="done" target="postrace_points_camera.enter"/>
        <Exit id="raceAgain" target="unset_default_rival.enter"/>
      </Node>

      <Node id="postrace_points_camera" state="game_race_flow.postrace_careerpoints_camera">
          <Entry id="enter" />
          <Exit id="exit" target="show_career_points_screen.enter" />
      </Node>

      <Node id="show_career_points_screen" state="UIShowScreens.ShowPostRaceAnthemAwardXP_NoResPack">
        <Entry id="enter" />
        <Exit id="done" target=".exit"/>
      </Node>		
		
	  <!--
	  <Node id="show_destination_update" state="UIShowScreens.ShowDestinationUpdateScreen">
        <Entry id="enter" />
        <Exit id="continue" target=".exit"/>
      </Node> 	  
      -->
	  
      <Node id="unset_default_rival" state="global.UnsetDefaultRival" >
        <Entry id="enter" />
        <Exit id="exit" target="show_time_trial_rivals_screen.enter" />
      </Node>

      <Node id="show_time_trial_rivals_screen" state="UIShowScreens.ShowRivalsVSScreen">
        <Entry id="enter" />
        <Exit id="back" target="show_earnings_screen.enter" />
        <Exit id="race" target="close_ghost.enter" />
        <Exit id="scoreboard" target="prepare_show_scoreboard.enter" />
      </Node>

      <Node id="prepare_show_scoreboard" state="global.config_select_rival_leaderboard">
        <Entry id="enter" />
        <Exit id="exit" target="show_scoreboard.enter" />
      </Node>

      <Node id="show_scoreboard" state="UIShowScreens.ShowSelectRivalLapTimeScoreboardScreen">
        <Entry id="enter" />
        <Exit id="exit" target="show_time_trial_rivals_screen.enter" />
        <Exit id="disconnected" target="show_earnings_screen.enter" />
      </Node>
      
      <Node id="close_ghost" state="global.CloseXboxLiveGhost">
        <Entry id="enter" />
        <Exit id="exit" target="fade_out.enter"/>
      </Node>
      
      <Node id="fade_out" state="global.fade_out_half_sec">
        <Entry id="enter" />
        <Exit id="exit" target=".raceAgain" />
      </Node>
    </State>

    <!-- Post race unlocks flow -->
    <State id="UnlocksFlow">
        <Entry id="enter" target="is_first_time.enter" />
        <Exit id="exit" />

        <Node id="is_first_time" state="global.is_first_time_career" >
          <Entry id="enter" />
          <Exit id="no" target="trigger_event_unlocks.enter" />
          <Exit id="yes" target=".exit" />
        </Node>
         
       <Node id="trigger_event_unlocks" state="global.trigger_career_event_unlocks_from_race_completion">
            <Entry id="enter" />
            <Exit id="exit" target=".exit"/>
        </Node>
    </State>
  
  <State id="HaveHeardRivalsVO" >
    <Entry id="enter" />
    <Exit id="true" />
    <Exit id="false" />
    <Behaviour id="CTestHorizonFlag" flag="heardRivalsVO" >
      <Transition id="onTrue" target=".true" />
      <Transition id="onFalse" target=".false" />
    </Behaviour>
  </State>

  <State id="PlayRivalsVO">
    <Entry id="enter" target=".exit" />
    <Exit id="exit" />
    <Behaviour id="CTriggerVO" trigger="RivalsIntro" delay="1.0" wait="false"/>
  </State>

  <State id="SetRivalsVOFlag" >
    <Entry id="enter" target=".exit" />
    <Exit id="exit" />
    <Behaviour id="CSetHorizonFlag" flag="heardRivalsVO" value="true" />
  </State>

  <State id="ShowRivalOffer">
      <Entry id="enter" target="have_heard_rivals_vo.enter"/>
      <Exit id="ok" />
      <Exit id="return" />

      <Node id="have_heard_rivals_vo" state="HaveHeardRivalsVO">
        <Entry id="enter" />
        <Exit id="true" target="show_empty_screen.enter" />
        <Exit id="false" target="play_rivals_vo.enter" />
      </Node>

      <Node id="play_rivals_vo" state="PlayRivalsVO">
        <Entry id="enter" />
        <Exit id="exit" target="set_rivals_vo_flag.enter"/>
      </Node>

      <Node id="set_rivals_vo_flag" state="SetRivalsVOFlag">
        <Entry id="enter" />
        <Exit id="exit" target="show_empty_screen.enter"/>
      </Node>

      <Node id="show_empty_screen" state="global.show_empty_screen">
        <Entry id="enter" />
        <Exit id="exit" target="postrace_rivals_camera.enter" />
      </Node>

      <Node id="postrace_rivals_camera" state="game_race_flow.postrace_rivals_camera">
        <Entry id="enter" />
        <Exit id="exit" target="show_rival_offer_screen.enter"/>
      </Node>

      <Node id="show_rival_offer_screen" state="UIShowScreens.ShowRivalOfferScreen">
        <Entry id="enter" />
        <Exit id="ok" target=".ok"/>
        <Exit id="return" target=".return"/>
      </Node>
    </State>
     
    <State id="car_finished">
        <Entry id="enter" target=".exit" />
        <Exit id="exit" />
        <Behaviour id="CCarFinishedRacing" finished_type="finished" />
    </State>    
	
    <State id="wait_for_end_condition">
        <Entry id="enter" />
        <Exit id="exit" />
        <Behaviour id="CWaitForEndCondition">
            <Transition id="onReady" target=".exit"/>
        </Behaviour>
    </State>
    
     <State id="wait_for_end_condition_and_beat_rival">
        <Entry id="enter" />
        <Exit id="exit" />
        <Exit id="beatRival" />
        <Behaviour id="CWaitForEndCondition">
            <Transition id="onReady" target=".exit"/>
        </Behaviour>
        <Behaviour id="CWaitForBeatRival">
            <Transition id="onReady" target=".beatRival"/>
        </Behaviour>
    </State>
    
    <State id="check_for_race_complete">
        <Entry id="enter" target="complete_check.enter"/>
        <Exit id="exit" />
        
        <Node id="complete_check" state="is_race_complete">
            <Entry id="enter" />
            <Exit id="yes" target=".exit" />
            <Exit id="no" target="wait_for_race_complete.enter" />
        </Node>
        
        <Node id="wait_for_race_complete" state="wait_for_race_complete">
            <Entry id="enter" />
            <Exit id="exit" target=".exit" />
        </Node>
    </State>
    
    <State id="is_race_complete">
        <Entry id="enter" />
        <Exit id="yes" />
        <Exit id="no" />
        <Behaviour id="CIsRaceComplete">
            <Transition id="yes" target=".yes"/>
            <Transition id="no" target=".no"/>
        </Behaviour>
    </State>
    
    <State id="wait_for_race_complete">
        <Entry id="enter" />
        <Exit id="exit" />
	
        <Behaviour id="CWaitForRaceComplete">
            <Transition id="onComplete" target=".exit"/>
        </Behaviour>
    </State>
    
    <State id="post_race_update_profile">
        <Entry id="enter" target=".exit" />
        <Exit id="exit" />
        <Behaviour id="CPostRaceUpdateProfile" />
    </State>

    <State id="load_back_to_rally_free_roam">
      <Entry id="enter" target="stop_ambient_race_sounds.enter" />

      <!-- TODO: Determine whether this can be encapsulated in the Audio state -->
      <Node id="stop_ambient_race_sounds" state="game_race_flow.disable_ambient_audio_param_in_race">
        <Entry id="enter" />
        <Exit id="exit" target="set_audio_loading.enter" />
      </Node>

      <Node id="set_audio_loading" state="Audio.loading">
        <Entry id="enter" />
        <Exit id="exit" target="start_freeroam_music.enter"/>
      </Node>

      <!-- We now switch back to freeroam music at start of load back to freeroam, rather than at the end -->
      <Node id="start_freeroam_music" state="Audio.play_freeroam_music_with_fades">
        <Entry id="enter"/>
        <Exit id="exit" target="load_into_rally_free_roam.enter"/>
      </Node>

      <Node id="load_into_rally_free_roam" state="global.load_into_rally_free_roam_no_intro">
        <Entry id="enter" />
      </Node>
    </State>
  
    <State id="load_back_to_horizon_free_roam">
      <Entry id="enter" target="stop_ambient_race_sounds.enter" />

      <!-- TODO: Determine whether this can be encapsulated in the Audio state -->
      <Node id="stop_ambient_race_sounds" state="game_race_flow.disable_ambient_audio_param_in_race">
        <Entry id="enter" />
        <Exit id="exit" target="restore_free_roam_car.enter" />
      </Node>

      <Node id="restore_free_roam_car" state="global.restore_free_roam_car">
        <Entry id="enter" />
        <Exit id="exit" target="set_audio_loading.enter" />
      </Node>

      <Node id="set_audio_loading" state="Audio.loading">
        <Entry id="enter" />
        <Exit id="exit" target="start_freeroam_music.enter"/>
      </Node>

      <!-- We now switch back to freeroam music at start of load back to freeroam, rather than at the end -->
      <Node id="start_freeroam_music" state="Audio.play_freeroam_music_with_fades">
        <Entry id="enter"/>
        <Exit id="exit" target="load_into_free_roam.enter"/>
      </Node>

      <Node id="load_into_free_roam" state="global.load_into_free_roam">
        <Entry id="enter" />
      </Node>
    </State>
  
    <State id="load_back_to_free_roam">
        <Entry id="enter" target="get_event_access_mode.enter" />

      <!-- Determine what sort of free roam to load back to, e.g. Horizon, Rally map -->
      <Node id="get_event_access_mode" state="global.get_event_access_mode_including_rally">
        <Entry id="enter" />
        <Exit id="raceCentral" target="load_back_to_horizon_free_roam.enter" />
        <Exit id="streetRaceHub" target="load_back_to_horizon_free_roam.enter" />
        <Exit id="freeRoamActivation" target="load_back_to_horizon_free_roam.enter" />
        <Exit id="none" target="load_back_to_horizon_free_roam.enter" />
        <Exit id="rallyFreeRoam" target="load_back_to_rally_free_roam.enter" />
      </Node>

      <Node id="load_back_to_horizon_free_roam" state="load_back_to_horizon_free_roam">
        <Entry id="enter" />
      </Node>
      
      <Node id="load_back_to_rally_free_roam" state="load_back_to_rally_free_roam">
        <Entry id="enter" />
      </Node>
    </State>
    
    <State id="ShouldShowRewardCarSequence">
        <Entry id="enter" />
        <Exit id="yes"/>
        <Exit id="no"/>
        <Behaviour id="CIsPendingCarReward">
            <Transition id="onPendingCarReward"    target=".yes" />
            <Transition id="onNoPendingCarReward"  target=".no" />
        </Behaviour>
    </State>

    <State id="RewardCarSequence">
        <Entry id="enter" target="show_reward_car_cutscene.enter"/>
        <Exit id="exit" />
        
        <Node id="show_reward_car_cutscene" state="game_race_flow.RewardCarCutscene">
            <Entry id="enter" />
            <Exit id="exit" target="show_reward_car_screen.enter" />
        </Node>
        <Node id="show_reward_car_screen" state="game_race_flow.ShowCarRewardScreen">
            <Entry id="enter" />
            <Exit id="done" target="show_empty_screen.enter"/>
        </Node>
        <Node id="show_empty_screen" state="global.show_empty_screen">
            <Entry id="enter" />
            <Exit id="exit" target="stop_cutscene.enter"/>
        </Node>
        <Node id="stop_cutscene" state="global.stop_cutscene">
            <Entry id="enter" />
            <Exit id="exit" target="show_player_car.enter"/>
        </Node>
        <!-- The player car can get hidden by the car reward sequence -->
        <Node id="show_player_car" state="global.show_player_car">
            <Entry id="enter" />
            <Exit id="exit" target=".exit"/>
        </Node>
    </State>
 
    <State id="queue_prerace_menu">
        <Entry id="enter" target=".exit" />
        <Exit id="exit" />
        <Behaviour id="CEnqueueCutscene" cutscene="prerace_looping_01" race_specific="true" />
    </State>
    <State id="award_achievement">
        <Entry id="enter" target=".exit" />
        <Exit id="exit" />
      <Behaviour id="CAwardAchievement" achievement="ACHIEVEMENT_H2_FIRST_OF_MANY" />
    </State>  
	<State id="set_radio_3d_on">
	    <Entry id="enter" target=".exit" />
		<Exit id="exit" />
		<Behaviour id="CEnableRadio3D" enable="true" ambientEvent="Default_Race_Music" station="Radio5_3d_PreRace" />
	</State>	
	<State id="set_radio_3d_off">
	    <Entry id="enter" target=".exit" />
		<Exit id="exit" />
		<Behaviour id="CEnableRadio3D" enable="false" />
	</State>
	
</StateGroup>       
</StateGroup>       
</StateGroup>       
</StateGroup>       
