<StateGroup id="multiplayer_co_op_challenge" >
	<State id="root">
        <Entry id="enter" target="show_invite_list.enter" />
        <Exit id="exit" />
		<Exit id="continue" />
		<Exit id="quit" />
		
		<Node id="show_invite_list" state="UIShowScreens.ShowCoOpChallengeInviteListScreen" >
			<Entry id="enter" />
			<Exit id="exit" target=".exit" />
			<Exit id="continue" target=".continue" />
			<Exit id="quit" target=".quit" />
		</Node>		
	</State>	
	
	<State id="wait_for_results">
		<Entry id="enter" />
		<Exit id="onSuccess" />
		<Exit id="onFail" />
		<Behaviour id="WaitForMissionResults">
		  <Transition id="onSuccess" target=".onSuccess"/>
		  <Transition id="onFail" target=".onFail"/>
		</Behaviour>
	  </State>
	  
	  <State id="wait_sec" >
		  <Entry id="enter" />
		  <Exit id="exit" />
		  <Behaviour id="CWaitForTime" time="10.0" >
			<Transition id="onReady" target=".exit" />
		  </Behaviour>
		</State>
	
	<State id="show_results_flow">
		<Entry id="enter" target="wait_for_results.enter" />
        <Exit id="fail" />
		<Exit id="success" />

		<Behaviour id="CShowPlayerListScreen" display_mode="results">
			<Transition id="onContinue" target=""/>
			<Transition id="onBack" target=""/>
		</Behaviour>
		
		<!---  Wait for players to sync here -->
		<Node id="wait_for_results" state="wait_for_results">
			<Entry id="enter"/>
			<Exit id="onFail" target=".fail"/>
			<Exit id="onSuccess" target=".success"/>
		</Node>
		
		<!-- wait an additional 2 secs -->
		<!--<Node id="wait_failed" state="wait_sec" >
			<Entry id="enter" />
			<Exit id="exit" target=".fail" />
		</Node>-->
		
		<!-- wait an additional 2 secs -->
		<!--<Node id="wait_success" state="wait_sec" >
			<Entry id="enter" />
			<Exit id="exit" target=".success" />
		</Node>-->
		
	</State>
</StateGroup>/State>
</StateGroup>/State>
</StateGroup>/State>
</StateGroup>