<StateGroup id="game_rally_intro_flow" >
         
    <!-- Flow which will setup a race -->
    <!--
    Overall flow is:

        PreRace
        WaitForFinished (i.e. the actual race)
        PostRace
    -->
    <State id="root">
        <Entry id="enter" target="wait_for_streaming.enter" />
        <Exit id="exit" />
		<StateSubstitute state="game_rally_race_flow.PreRace" substitute="PreRace" />
        <StateSubstitute state="game_rally_race_flow.DummyPostRaceReward" substitute="post_race_sequence" />

        <Node id="wait_for_streaming" state="global.wait_for_streaming">
            <Entry id="enter" />
            <Exit id="exit" target="play_intro.enter" />
        </Node>
        
		<Node id="play_intro" state="IntroVideo">
			<Entry id="enter"/>
			<Exit id="exit" target="race_flow.enter"/>
		</Node>
		
		<Node id="race_flow" state="game_rally_race_flow.root">
			<Entry id="enter" />
			<Exit id="exit" target=".exit" />
		</Node>
    </State>
	
	<State id="PlayIntro" >
		<Entry id="enter" />
		<Exit id="exit" />
		<Behaviour id="CShowMovieScreen" filename="GAME:\Media\UI\Videos\Splash_Intros\Forza_Tone_Rally.wmv" confirmskip="true">
		  <Transition id="onDone" target=".exit" />
		</Behaviour>
	</State>
	
	<State id="IntroVideo" >
        <Entry id="enter" target="pre_movie_prepare.enter"/>
        <Exit id="exit" />
        <Behaviour id="CGameControlWrapper" />

        <Node id="pre_movie_prepare" state="playmovie.pre_movie_prepare">
            <Entry id="enter" />
            <Exit id="exit" target="play_movie.enter"/>
        </Node>

        <Node id="play_movie" state="PlayIntro">
            <Entry id="enter" />
            <Exit id="exit" target="disable_render_swap.enter" />
        </Node>

        <Node id="disable_render_swap" state="global.render_stop_swap">
            <Entry id="enter" />
            <Exit id="exit" target="post_movie.enter" />
        </Node>
		
        <Node id="post_movie" state="playmovie.post_movie_prepare">
            <Entry id="enter" />
            <Exit id="exit" target=".exit"/>
        </Node>
    </State>

 
    <!-- State which encompasses all pre vehicle starting flow -->
    <!--
        Flow goes as such:

	PreracePrepare
	PreraceIntro
	PreraceMenu
	PreraceCountdown
	PreraceCleanup

    -->
    <State id="PreRace">
        <Entry id="enter" target="prerace_prepare.enter" />
        <Exit id="exit" />
        <!-- While in the whole of this state we need game control -->
        <Behaviour id="CGameControlWrapper" />
		
        <Node id="prerace_prepare" state="prerace_prepare">
            <Entry id="enter" />
            <Exit id="exit" target="prerace_countdown.enter" />
        </Node>
        <Node id="prerace_countdown" state="prerace_countdown">
            <Entry id="enter" />
            <Exit id="exit" target="prerace_cleanup.enter" />
        </Node>
        <Node id="prerace_cleanup" state="prerace_cleanup">
            <Entry id="enter" />
            <Exit id="exit" target=".exit" />
        </Node>
        <Node id="load_to_free_roam" state="load_back_to_free_roam">
            <Entry id="enter" />
        </Node>
    </State>
	
	<!-- Prepare the game state for performing the whole prerace sequence -->
    <State id="prerace_prepare">
        <Entry id="enter" target="black_out.enter" />
        <Exit id="exit" />
        <Node id="black_out" state="global.black_out">
            <Entry id="enter" />
            <Exit id="exit" target="block_pause_entry.enter" />
        </Node>
        <Node id="block_pause_entry" state="global.block_pause_entry">
            <Entry id="enter" />
            <Exit id="exit" target="unload_lod0_cars.enter" />
        </Node>
        <Node id="unload_lod0_cars" state="global.unload_lod0_cars">
            <Entry id="enter" />
            <Exit id="exit" target="release_car_parking_brake.enter" />
        </Node>
        <Node id="release_car_parking_brake" state="global.disable_all_players_car_parking_brake" >
            <Entry id="enter" />
            <Exit id="exit" target="Allow_AI_to_drive.enter" />
        </Node>
        <Node id="Allow_AI_to_drive" state="global.enable_AI">
            <Entry id="enter" />
            <Exit id="exit" target="disable_controls.enter" />
        </Node>
        <Node id="disable_controls" state="global.disable_car_control">
            <Entry id="enter" />
            <Exit id="exit" target="enable_ai_control.enter" />
        </Node>
        <Node id="enable_ai_control" state="global.enable_ai_player_car_control">
            <Entry id="enter" />
            <Exit id="exit" target="hide_racing_line.enter" />
        </Node>
        <Node id="hide_racing_line" state="global.disable_racing_line">
          <Entry id="enter" />
          <Exit id="exit" target="reset_hud_interface.enter" />
        </Node>
        <Node id="reset_hud_interface" state="global.reset_hud_interface">
          <Entry id="enter" />
          <Exit id="exit" target="wait_for_streaming.enter"/>
        </Node>
        <Node id="wait_for_streaming" state="global.wait_for_streaming">
            <Entry id="enter" />
            <Exit id="exit" target="wait_for_all_cars_loaded.enter" />
        </Node>
        <Node id="wait_for_all_cars_loaded" state="global.wait_for_all_cars_loaded" >
            <Entry id="enter" />
            <Exit id="exit" target="enable_ambient_pre_race.enter" />
        </Node>
        <Node id="enable_ambient_pre_race" state="game_race_flow.enable_ambient_audio_param_pre_race_ambience">
            <Entry id="enter" />
            <Exit id="exit" target="enable_ambient_race_sounds.enter"/>
        </Node>
        <Node id="enable_ambient_race_sounds" state="game_race_flow.enable_ambient_audio_param_in_race">
            <Entry id="enter" />
            <Exit id="exit" target="enable_ambient_audio_streaming.enter"/>
        </Node>
        <Node id="enable_ambient_audio_streaming" state="global.enable_ambient_audio_streaming">
            <Entry id="enter" />
            <Exit id="exit" target="set_radio_3d_on.enter"/>
        </Node>
        
         <Node id="set_radio_3d_on" state="set_radio_3d_on">
            <Entry id="enter" />
            <Exit id="exit" target="set_audio_exterior_prerace.enter" />
        </Node>         
        
        <Node id="set_audio_exterior_prerace" state="Audio.exterior_prerace">
            <Entry id="enter" />
            <Exit id="exit" target="snap_car_to_road.enter" />
        </Node>
        <!-- Position the car at its initial pos rather then current, in case its moved due a collision -->
        <Node id="snap_car_to_road" state="global.snap_all_cars_to_road_initial_position">
            <Entry id="enter" />
            <Exit id="exit" target="repair_damage.enter" />
        </Node>
        <Node id="repair_damage" state="global.reset_car_damage_all_cars">
            <Entry id="enter" />
            <Exit id="exit" target="show_empty_screen.enter" />
        </Node>
        <Node id="show_empty_screen" state="global.show_empty_screen_with_hud_resource">
            <Entry id="enter" />
            <Exit id="exit" target="enable_render_swap.enter" />
        </Node>
        <Node id="enable_render_swap" state="global.render_start_swap">
            <Entry id="enter" />
            <Exit id="exit" target=".exit" />
        </Node>
    </State>
	
	<State id="co_driver_pep_talk">
      <Entry id="enter" target=".exit" />
      <Exit id="exit" />
      <Behaviour id="CCoDriverPepTalk" />
    </State>
	
	<State id="prerace_countdown_flash">
        <Entry id="enter" target="white_flash.enter" />
        <Exit id="exit" />

	    <Node id="white_flash" state="global.white_flash">
            <Entry id="enter"/>
            <Exit id="exit" target="wait_one_frame.enter"/>
        </Node>
        <Node id="wait_one_frame" state="global.wait_one_frame" >
            <Entry id="enter" />
            <Exit id="exit" target=".exit" />
        </Node>
    </State>
	
	<!-- Show the prerace countdown before the race -->
    <State id="prerace_countdown">
        <Entry id="enter" target="start_race.enter" />
        <Exit id="exit" />

        <Node id="start_race" state="global.start_race" >
            <Entry id="enter" />
            <Exit id="exit" target="stop_ambient_music.enter" />
        </Node>
        
        <Node id="stop_ambient_music" state="game_race_flow.disable_ambient_audio_param_pre_race_ambience">
            <Entry id="enter" />
            <Exit id="exit" target="play321moment.enter" />
        </Node>
        <Node id="play321moment" state="game_race_flow.play321moment">
            <Entry id="enter" />
            <Exit id="exit" target="show_empty_screen_with_hud_resource.enter"/>
        </Node>
        <Node id="show_empty_screen_with_hud_resource" state="global.show_empty_screen_with_hud_resource">
            <Entry id="enter" />
            <Exit id="exit" target="co_driver_pep_talk.enter"/>
        </Node>
        <Node id="co_driver_pep_talk" state="co_driver_pep_talk">
          <Entry id="enter" />
          <Exit id="exit" target="set_audio_for_cutscene.enter"/>
        </Node>

        <Node id="set_audio_for_cutscene" state="exterior_racerally">
          <Entry id="enter" />
          <Exit id="exit" target="play_intro_cutscene.enter" />
        </Node>

        <Node id="play_intro_cutscene" state="intro_cutscene">
            <Entry id="enter"/>
            <Exit id="exit" target="wait_one_frame_before_cleanup.enter"/>
        </Node>
        <Node id="wait_one_frame_before_cleanup" state="global.wait_one_frame" >
            <Entry id="enter" />
            <Exit id="exit" target="wait_for_cutscene_countdown.enter" />
        </Node>
        <Node id="wait_for_cutscene_countdown" state="global.wait_for_cutscene_countdown">
            <Entry id="enter" />
            <Exit id="exit" target="reset_cam_to_player.enter" />
        </Node>
        <Node id="reset_cam_to_player" state="global.reset_camera_to_player" >
            <Entry id="enter" />
            <Exit id="exit" target="wait_for_camera_reset_to_player.enter" />
        </Node>
        <Node id="wait_for_camera_reset_to_player" state="game_race_flow.wait_for_camera_reset_to_player" >
            <Entry id="enter" />
            <Exit id="exit" target="white_flash.enter" />
        </Node>
        <Node id="white_flash" state="prerace_countdown_flash">
            <Entry id="enter"/>
            <Exit id="exit" target="show_hud_screen.enter"/>
        </Node>
        <Node id="show_hud_screen" state="global.show_hud_screen">
            <Entry id="enter" />
            <Exit id="exit" target="prepare_race.enter" />
        </Node>
        <Node id="prepare_race" state="global.prepare_race" >
            <Entry id="enter" />
            <Exit id="exit" target="load_finish_line_cutscene.enter" />
        </Node>
        <Node id="load_finish_line_cutscene" state="game_race_flow.load_finishline_cutscene">
            <Entry id="enter" />
            <Exit id="exit" target="lock_satnav_destination.enter"/>
        </Node>
        <Node id="lock_satnav_destination" state="global.lock_satnav_destination">
            <Entry id="enter" />
            <Exit id="exit" target="show_racingline.enter"/>
        </Node>
        <Node id="show_racingline" state="global.enable_racing_line">
            <Entry id="enter" />
            <Exit id="exit" target="set_audio_exterior_race.enter"/>
        </Node>
        <Node id="set_audio_exterior_race" state="exterior_racerally">
            <Entry id="enter" />
            <Exit id="exit" target=".exit" />
        </Node>
        
        
    </State>

    <!-- Audio exterior setup with the Rally specific snapshot -->
    <State id="exterior_racerally" >
      <Entry id="enter" target="disable_satnav_audio.enter" />
      <Exit id="exit" />

      <Node id="disable_satnav_audio" state="Audio.disable_satnav_audio" >
        <Entry id="enter" />
        <Exit id="exit" target="apply_mixer_snapshot_racerally.enter" />
      </Node>

      <Node id="apply_mixer_snapshot_racerally" state="Audio.apply_mixer_snapshot_racerally" >
        <Entry id="enter" />
        <Exit id="exit" target=".exit" />
      </Node>
    </State>
  
	<!-- Perform any required cleanup before starting the race -->
    <State id="prerace_cleanup">
        <Entry id="enter" target="start_driving.enter" />
        <Exit id="exit" />

        <Node id="start_driving" state="global.start_driving">
            <Entry id="enter" />
            <Exit id="exit" target ="enable_controls.enter" />
        </Node>
        <Node id="enable_controls" state="global.enable_car_control">
            <Entry id="enter" />
            <Exit id="exit" target="start_player_control.enter" />
        </Node>
        <Node id="start_player_control" state="global.disable_ai_player_car_control" >
            <Entry id="enter" />
            <Exit id="exit" target="disable_fast_travel.enter" />
        </Node>   
        <Node id="disable_fast_travel" state="global.disable_fast_travel">
            <Entry id="enter" />
            <Exit id="exit" target="unblock_pause_entry.enter" />
        </Node>
        <Node id="unblock_pause_entry" state="global.unblock_pause_entry">
            <Entry id="enter" />
          <Exit id="exit" target=".exit" />
        </Node>
    </State>
	<State id="load_back_to_free_roam">
        <Entry id="enter" target="stop_ambient_race_sounds.enter" />
        
        <!-- TODO: Determine whether this can be encapsulated in the Audio state -->
        <Node id="stop_ambient_race_sounds" state="game_race_flow.disable_ambient_audio_param_in_race">
            <Entry id="enter" />
            <Exit id="exit" target="set_audio_loading.enter" />
        </Node>
        
        <Node id="set_audio_loading" state="Audio.loading">
            <Entry id="enter" />
            <Exit id="exit" target="start_freeroam_music.enter"/>
        </Node>
		 
		<!-- We now switch back to freeroam music at start of load back to freeroam, rather than at the end -->
	    <Node id="start_freeroam_music" state="Audio.play_freeroam_music_with_fades">
            <Entry id="enter"/>
            <Exit id="exit" target="load_into_free_roam.enter"/>
        </Node>	

        <Node id="load_into_free_roam" state="global.load_into_rally_free_roam_no_intro">
            <Entry id="enter" />
        </Node>

    </State>
	
	<State id="set_radio_3d_on">
	    <Entry id="enter" target=".exit" />
		<Exit id="exit" />
		<Behaviour id="CEnableRadio3D" enable="true" ambientEvent="Default_Race_Music" station="Radio5_3d_PreRace" />
	</State>	
	<State id="set_radio_3d_off">
	    <Entry id="enter" target=".exit" />
		<Exit id="exit" />
		<Behaviour id="CEnableRadio3D" enable="false" />
	</State>

    <State id="intro_cutscene">
        <Entry id="enter" target="place_car.enter"/>
        <Exit id="exit"/>

        <Node id="place_car" state="place_car_for_intro">
            <Entry id="enter" />
            <Exit id="exit" target="load_cutscene.enter"/>
        </Node>
        <Node id="load_cutscene" state="load_intro_cutscene" >
            <Entry id="enter" />
            <Exit id="exit" target="play_sequence.enter" />
        </Node>
        <Node id="play_sequence" state="global.play_current_camera_sequence" >
            <Entry id="enter" />
            <Exit id="exit" target=".exit" />
        </Node>
    </State>

    <State id="load_intro_cutscene" >
        <Entry id="enter" target=".exit" />
        <Exit id="exit"/>
        <Behaviour id="CPrepareCutscene" cutscene="Initial_Experience_Cutscene_01" race_specific="true" />
    </State>

    <State id="place_car_for_intro">
        <Entry id="enter" target=".exit" />
        <Exit id="exit" />
        <Behaviour id="CPlaceCar" x="-874.55" y="62.34" z="-2129.54" rotation="-29.63" speedMPH="60.0" />
    </State>

    <State id="load_outro_cutscene" >
        <Entry id="enter" target=".exit" />
        <Exit id="exit"/>
        <Behaviour id="CPrepareCutscene" cutscene="RALLY_IE_Outro_01" race_specific="true" />
    </State>

    <State id="skip_next_loading_screen_save" >
      <Entry id="enter" target=".exit" />
      <Exit id="exit"/>
      <Behaviour id="CSkipNextDynamicTipLoadingScreenSave" />
    </State>
  
    <State id="post_race_sequence">
        <Entry id="enter" target="black_out.enter"/>
        <Exit id="exit" />
        
        <Node id="black_out" state="global.black_out">
            <Entry id="enter" />
            <Exit id="exit" target="load_outro_cutscene.enter" />
        </Node>

        <Node id="load_outro_cutscene" state="load_outro_cutscene">
            <Entry id="enter" />
            <Exit id="exit" target="play_outro_sequence.enter"/>
        </Node>

        <Node id="play_outro_sequence" state="global.play_current_camera_sequence">
            <Entry id="enter" />
            <Exit id="exit" target="play_post_race_vo.enter"/>
        </Node>

        <Node id="play_post_race_vo" state="post_race_VO">
            <Entry id="enter"/>
            <Exit id="exit" target="wait_for_cutscene_finish.enter"/>
        </Node>
        
        <Node id="wait_for_cutscene_finish" state="global.wait_for_current_camera_sequence">
            <Entry id="enter" />
            <Exit id="exit" target="skip_next_loading_screen_save.enter"/>
        </Node>
      
        <Node id="skip_next_loading_screen_save" state="skip_next_loading_screen_save">
          <Entry id="enter" />
          <Exit id="exit" target=".exit"/>
        </Node>
    </State>

    <State id="post_race_VO">
        <Entry id="enter" target="qualification_vo.enter"/>
        <Exit id="exit" />

        <Node id="qualification_vo" state="play_post_race_qualification_vo">
            <Entry id="enter" />
            <Exit id="exit" target="autoshow_vo.enter"/>
        </Node>
        
        <Node id="autoshow_vo" state="play_go_to_autoshow_vo">
            <Entry id="enter" />
            <Exit id="exit" target=".exit"/>
        </Node>        
    </State>
    
    <State id="play_post_race_qualification_vo">
        <Entry id="enter" target=".exit"/>
        <Exit id="exit" />
        <Behaviour id="CTriggerVO" trigger="PostraceHeatsQualification" wait="true"/>
    </State>
    <State id="play_go_to_autoshow_vo">
        <Entry id="enter" target=".exit"/>
        <Exit id="exit" />
        <Behaviour id="CTriggerVO" trigger="ToTheAutoshow" wait="false"/>
    </State>
</StateGroup>       
</StateGroup>       
</StateGroup>       
</StateGroup>       
