<StateGroup id="game_showcase_race_flow" >

  <!-- Flow which will setup a race -->
  <!--
    Overall flow is:

        PreRace
        WaitForFinished (i.e. the actual race)
        PostRace
    -->
  <State id="root">
    <Entry id="enter" target="pre_race.enter" />
    <Exit id="exit" />

    <Node id="pre_race" state="PreRace">
      <Entry id="enter" />
      <Exit id="exit" target="wait_for_finished.enter" />
    </Node>
    <Node id="wait_for_finished" state="game_festival_race_flow.race_flow">
      <Entry id="enter" />
      <Exit id="exit" target="post_race.enter" />
    </Node>
    <Node id="post_race" state="PostRace">
      <Entry id="enter" />
      <Exit id="exit" target=".exit" />
    </Node>
  </State>

  <State id="restart">
    <Entry id="enter" target="pre_race_restart.enter" />
    <Exit id="exit" />

    <Node id="pre_race_restart" state="PreRace_restart">
      <Entry id="enter" />
      <Exit id="exit" target="wait_for_finished.enter" />
    </Node>
    <Node id="wait_for_finished" state="game_festival_race_flow.race_flow">
      <Entry id="enter" />
      <Exit id="exit" target="post_race.enter" />
    </Node>
    <Node id="post_race" state="PostRace">
      <Entry id="enter" />
      <Exit id="exit" target=".exit" />
    </Node>
  </State>

  <State id="prepare_prerace_intro" >
    <Entry id="enter" target=".exit" />
    <Exit id="exit"/>
    <Behaviour id="CPrepareCutscene" cutscene="Showcase_Intro" race_specific="true" loop_bookmark="prerace_LOOP_END" />
  </State>

  <!-- Prepare the game state for performing the whole prerace sequence -->
  <State id="prerace_prepare">
    <Entry id="enter" target="black_out.enter" />
    <Exit id="exit" />
    <Node id="black_out" state="global.black_out">
      <Entry id="enter" />
      <Exit id="exit" target="disable_traffic_spawning.enter" />
    </Node>
    <Node id="disable_traffic_spawning" state="global.disable_traffic_spawning">
      <Entry id="enter" />
      <Exit id="exit" target="block_pause_entry.enter" />
    </Node>
    <Node id="block_pause_entry" state="global.block_pause_entry">
      <Entry id="enter" />
      <Exit id="exit" target="unload_lod0_cars.enter" />
    </Node>
    <Node id="unload_lod0_cars" state="global.unload_lod0_cars">
      <Entry id="enter" />
      <Exit id="exit" target="enable_car_parking_brake.enter" />
    </Node>
    <Node id="enable_car_parking_brake" state="global.enable_all_players_car_parking_brake">
      <Entry id="enter" />
      <Exit id="exit" target="Force_AI_to_idle.enter"/>
    </Node>
    <Node id="Force_AI_to_idle" state="global.disable_AI">
      <Entry id="enter" />
      <Exit id="exit" target="hide_racing_line.enter"/>
    </Node>
    <Node id="hide_racing_line" state="global.disable_racing_line">
      <Entry id="enter" />
      <Exit id="exit" target="prepare_prerace_intro.enter" />
    </Node>
    <Node id="prepare_prerace_intro" state="prepare_prerace_intro" >
      <Entry id="enter" />
      <Exit id="exit" target="wait_for_streaming.enter" />
    </Node>
    <Node id="wait_for_streaming" state="global.wait_for_streaming">
      <Entry id="enter" />
      <Exit id="exit" target="wait_for_all_cars_loaded.enter" />
    </Node>
    <Node id="wait_for_all_cars_loaded" state="global.wait_for_all_cars_loaded" >
      <Entry id="enter" />
      <Exit id="exit" target="enable_ambient_music.enter" />
    </Node>
    <Node id="enable_ambient_music" state="game_race_flow.enable_ambient_audio_param_pre_race_ambience">
      <Entry id="enter" />
      <Exit id="exit" target="enable_ambient_race_sounds.enter"/>
    </Node>
    <Node id="enable_ambient_race_sounds" state="game_race_flow.enable_ambient_audio_param_in_race">
      <Entry id="enter" />
      <Exit id="exit" target="enable_ambient_audio_streaming.enter"/>
    </Node>
    <Node id="enable_ambient_audio_streaming" state="global.enable_ambient_audio_streaming">
      <Entry id="enter" />
      <Exit id="exit" target="set_radio_3d_on.enter"/>
    </Node>

    <Node id="set_radio_3d_on" state="set_radio_3d_on">
      <Entry id="enter" />
      <Exit id="exit" target="set_audio_exterior_prerace.enter" />
    </Node>

    <Node id="set_audio_exterior_prerace" state="Audio.exterior_prerace">
      <Entry id="enter" />
      <Exit id="exit" target="snap_car_to_road.enter" />
    </Node>
    <!-- Position the car at its initial pos rather then current, in case its moved due a collision -->
    <Node id="snap_car_to_road" state="global.snap_all_cars_to_road_initial_position">
      <Entry id="enter" />
      <Exit id="exit" target="repair_damage.enter" />
    </Node>
    <Node id="repair_damage" state="global.reset_car_damage_all_cars">
      <Entry id="enter" />
      <Exit id="exit" target="show_empty_screen.enter" />
    </Node>
    <Node id="show_empty_screen" state="global.show_empty_screen_with_hud_resource">
      <Entry id="enter" />
      <Exit id="exit" target=".exit" />
    </Node>
  </State>



  <!-- Play the prerace intro cutscene
        
        Also show the title screen over the top -->
  <State id="prerace_intro">
    <Entry id="enter" target="prepare_prerace_intro.enter" />
    <Exit id="exit" />

    <Node id="prepare_prerace_intro" state="prepare_prerace_intro" >
      <Entry id="enter" />
      <Exit id="exit" target="play_prerace_intro.enter" />
    </Node>
    <Node id="play_prerace_intro" state="global.play_current_camera_sequence" >
      <Entry id="enter" />
      <Exit id="exit" target="pre_race_title.enter" />
    </Node>
    <Node id="pre_race_title" state="UIShowScreens.ShowTitleScreen">
      <Entry id="enter" />
      <Exit id="done" target="pre_race_screen_pre_wait.enter"/>
    </Node>
    <Node id="pre_race_screen_pre_wait" state="global.wait_for_cutscene_countdown">
      <Entry id="enter" />
      <Exit id="exit" target=".exit"/>
    </Node>
  </State>



  <!-- Show the prerace menu -->
  <State id="prerace_menu">
    <Entry id="enter" target="play_menu_looping_cutscene.enter" />
    <Entry id="enter_from_intro" target="pre_race_screen.enter" />
    <Exit id="race" />
	<Exit id="grid" />
    <Exit id="quit" />

    <Node id="play_menu_looping_cutscene" state="game_race_flow.prerace_looping_cam_01" >
      <Entry id="enter" />
      <Exit id="exit" target="pre_race_screen.enter" />
    </Node>

    <Node id="pre_race_screen" state="UIShowScreens.ShowPreRaceScreen">
      <Entry id="enter" />
      <Exit id="race" target="pre_race_show_empty_screen.enter"/>
	  <Exit id="grid" target="starting_grid.enter"/>
      <Exit id="quit" target=".quit"/>
    </Node>
    <Node id="pre_race_show_empty_screen" state="global.show_empty_screen_with_hud_resource">
      <Entry id="enter" />
      <Exit id="exit" target=".race"/>
    </Node>
	<Node id="starting_grid" state="UIShowScreens.ShowStartingGridScreen">
		<Entry id="enter" />
		<Exit id="quit" target="pre_race_screen.enter"/>
	</Node>
  </State>


  <!-- Do the custom state at start of countdown to handle airborne challenge requirements -->
  <State id="prerace_showcase_start_countdown">
    <Entry id="enter" target="on_showcase_countdown.enter" />
    <Exit id="exit" />

    <Node id="on_showcase_countdown" state="game_race_flow.OnShowcaseCountdown">
      <Entry id="enter" />
      <Exit id="exit" target=".exit" />
    </Node>
  </State>

  <State id="prepare_prerace_countdown" >
    <Entry id="enter" target=".exit" />
    <Exit id="exit"/>
    <Behaviour id="CPrepareCutscene" cutscene="GetReadyGo01" race_specific="true" />
  </State>

  <State id="load_finishline_cutscene">
    <Entry id="enter" target=".exit" />
    <Exit id="exit" />
    <Behaviour id="CLoadCutscene" cutscene="postrace_finishline" race_specific="true" />
  </State>

  <State id="prepare_finishline_cutscene">
    <Entry id="enter" target=".exit" />
    <Exit id="exit" />
    <Behaviour id="CPrepareCutscene" cutscene="postrace_finishline" race_specific="true" loop_bookmark="leaderboard_LOOP_END" />
  </State>


  <!-- Show the prerace countdown before the race -->
  <State id="prerace_countdown">
    <Entry id="enter" target="enable_brake.enter" />
    <Exit id="exit" />

    <Node id="enable_brake" state="global.enable_all_players_car_parking_brake">
      <Entry id="enter" />
      <Exit id="exit" target="stop_ambient_music.enter" />
    </Node>

    <Node id="stop_ambient_music" state="game_race_flow.disable_ambient_audio_param_pre_race_ambience">
      <Entry id="enter" />
      <Exit id="exit" target="play321moment.enter" />
    </Node>
    <Node id="play321moment" state="game_race_flow.play321moment">
      <Entry id="enter" />
      <Exit id="exit" target="show_empty_screen_with_hud_resource.enter"/>
    </Node>
    <Node id="show_empty_screen_with_hud_resource" state="global.show_hud_screen_start_hidden">
      <Entry id="enter" />
      <Exit id="exit" target="white_flash.enter"/>
    </Node>
    <Node id="white_flash" state="global.white_flash">
      <Entry id="enter"/>
      <Exit id="exit" target="wait_one_frame.enter"/>
    </Node>
    <Node id="wait_one_frame" state="global.wait_one_frame" >
      <Entry id="enter" />
      <Exit id="exit" target="prepare_prerace_countdown.enter" />
    </Node>
    <Node id="prepare_prerace_countdown" state="prepare_prerace_countdown" >
      <Entry id="enter" />
      <Exit id="exit" target="play_prerace_countdown.enter" />
    </Node>
    <Node id="play_prerace_countdown" state="game_race_flow.play_cutscene_and_wait_for_countdown" >
      <Entry id="enter" />
      <Exit id="exit" target="show_hud_screen.enter" />
    </Node>
	<!--
    <Node id="wait_for_camera_reset_to_player" state="game_race_flow.wait_for_camera_reset_to_player" >
      <Entry id="enter" />
      <Exit id="exit" target="show_hud_screen.enter" />
    </Node>
	-->
    <Node id="show_hud_screen" state="global.show_hud_screen">
      <Entry id="enter" />
      <Exit id="exit" target="prepare_race.enter" />
    </Node>
    <Node id="prepare_race" state="global.prepare_race" >
      <Entry id="enter" />
      <Exit id="exit" target="lock_satnav_destination.enter" />
    </Node>
    <!--
    <Node id="load_finish_line_cutscene" state="load_finishline_cutscene">
      <Entry id="enter" />
      <Exit id="exit" target="lock_satnav_destination.enter"/>
    </Node>
    -->
    <Node id="lock_satnav_destination" state="global.lock_satnav_destination">
      <Entry id="enter" />
      <Exit id="exit" target="show_racingline.enter"/>
    </Node>
    <Node id="show_racingline" state="global.enable_racing_line">
      <Entry id="enter" />
      <Exit id="exit" target="set_audio_exterior_race.enter"/>
    </Node>
    <Node id="set_audio_exterior_race" state="Audio.exterior_race">
      <Entry id="enter" />
      <Exit id="exit" target="Allow_AI_to_drive.enter" />
    </Node>
    <!-- Start the race -->

    <Node id="Allow_AI_to_drive" state="global.enable_AI">
      <Entry id="enter" />
      <Exit id="exit" target="start_race.enter" />
    </Node>
    <Node id="start_race" state="global.start_race" >
      <Entry id="enter" />
      <Exit id="exit" target="reset_camera_to_player.enter" />
    </Node>
	   <Node id="reset_camera_to_player" state="global.reset_camera_to_player" >
      <Entry id="enter" />
      <Exit id="exit" target="wait_for_end_of_countdown.enter" />
    </Node>
    <Node id="wait_for_end_of_countdown" state="game_race_flow.wait_for_end_of_countdown">
      <Entry id="enter" />
      <Exit id="exit" target=".exit" />
    </Node>

  </State>



  <!-- Perform any required cleanup before starting the race -->
  <State id="prerace_cleanup">
    <Entry id="enter" target="start_driving.enter" />
    <Exit id="exit" />

    <Node id="start_driving" state="global.start_driving">
      <Entry id="enter" />
      <Exit id="exit" target ="enable_traffic.enter" />
    </Node>
    <Node id="enable_traffic" state="global.enable_traffic_spawning">
      <Entry id="enter" />
      <Exit id="exit" target="release_car_parking_brake.enter" />
    </Node>
    <Node id="release_car_parking_brake" state="global.disable_all_players_car_parking_brake" >
      <Entry id="enter" />
      <Exit id="exit" target="disable_fast_travel.enter" />
    </Node>
    <Node id="disable_fast_travel" state="global.disable_fast_travel">
      <Entry id="enter" />
      <Exit id="exit" target="unblock_pause_entry.enter" />
    </Node>
    <Node id="unblock_pause_entry" state="global.unblock_pause_entry">
      <Entry id="enter" />
      <Exit id="exit" target="load_finish_line_cutscene.enter" />
    </Node>
    <Node id="load_finish_line_cutscene" state="load_finishline_cutscene">
      <Entry id="enter" />
      <Exit id="exit" target=".exit" />
    </Node>
  </State>



  <!-- State which encompasses all pre vehicle starting flow -->
  <!--
        Flow goes as such:

	PreracePrepare
	PreraceIntro
	PreraceMenu
	PreraceShowcaseStartCountdown
	PreraceCountdown
	PreraceCleanup

    -->
  <State id="PreRace">
    <Entry id="enter" target="prerace_prepare.enter" />
    <Exit id="exit" />
    <!-- While in the whole of this state we need game control -->
    <Behaviour id="CGameControlWrapper" />

    <Node id="prerace_prepare" state="prerace_prepare">
      <Entry id="enter" />
      <Exit id="exit" target="should_we_skip_prerace_intro.enter" />
    </Node>
    <Node id="should_we_skip_prerace_intro" state="game_race_flow.IsRivalsFlow">
      <Entry id="enter" />
      <Exit id="no" target="prerace_intro.enter" />
      <Exit id="yes" target="prerace_menu.enter" />
    </Node>
    <Node id="prerace_intro" state="prerace_intro">
      <Entry id="enter" />
      <Exit id="exit" target="prerace_menu.enter_from_intro" />
    </Node>
    <Node id="prerace_menu" state="prerace_menu">
      <Entry id="enter" />
      <Entry id="enter_from_intro" />
      <Exit id="race" target="prerace_showcase_start_countdown.enter" />
      <Exit id="quit" target="load_to_free_roam.enter" />
    </Node>

    <Node id="prerace_showcase_start_countdown" state="prerace_showcase_start_countdown">
      <Entry id="enter" />
      <Exit id="exit" target="prerace_countdown.enter" />
    </Node>

    <Node id="prerace_countdown" state="prerace_countdown">
      <Entry id="enter" />
      <Exit id="exit" target="prerace_cleanup.enter" />
    </Node>
    <Node id="prerace_cleanup" state="prerace_cleanup">
      <Entry id="enter" />
      <Exit id="exit" target=".exit" />
    </Node>
    <Node id="load_to_free_roam" state="load_back_to_free_roam">
      <Entry id="enter" />
    </Node>
  </State>

  <!-- PreRace restart behaviour (play stripped down intro) -->
  <State id="PreRace_restart">
    <Entry id="enter" target="prerace_prepare.enter" />
    <Exit id="exit" />
    <!-- At the beginning, we prepare the menu cutscene rather than the intro as we go straight to menu -->
    <StateSubstitute state="game_race_flow.prepare_prerace_intro" substitute="game_race_flow.prepare_prerace_looping_cam_01"/>

    <!-- While in the whole of this state we need game control -->
    <Behaviour id="CGameControlWrapper" />

    <Node id="prerace_prepare" state="prerace_prepare">
      <Entry id="enter" />
      <Exit id="exit" target="prerace_menu.enter" />
    </Node>
    <Node id="prerace_menu" state="prerace_menu">
      <Entry id="enter" />
      <Exit id="race" target="prerace_showcase_start_countdown.enter" />
      <Exit id="quit" target="load_to_free_roam.enter" />
    </Node>

    <Node id="prerace_showcase_start_countdown" state="prerace_showcase_start_countdown">
      <Entry id="enter" />
      <Exit id="exit" target="prerace_countdown.enter" />
    </Node>

    <Node id="prerace_countdown" state="prerace_countdown">
      <Entry id="enter" />
      <Exit id="exit" target="prerace_cleanup.enter" />
    </Node>
    <Node id="prerace_cleanup" state="prerace_cleanup">
      <Entry id="enter" />
      <Exit id="exit" target=".exit" />
    </Node>
    <Node id="load_to_free_roam" state="load_back_to_free_roam">
      <Entry id="enter" />
    </Node>
  </State>

  <!-- Perform any required cleanup before exiting the race -->
  <State id="postrace_cleanup">
    <Entry id="enter" target=".exit" />
    <Exit id="exit" />
  </State>

  <!-- State which encompasses all flow post vehicle finishing the race flow -->
  <!-- Postrace flow goes:

        postrace_prepare
        postrace_finishline
        postrace_results
        postrace_rewards
        postrace_rivals
        postrace_cleanup

    -->
  <State id="PostRace">
    <Entry id="enter" target="preload_earnings_cutscene.enter" />
    <Exit id="exit" />

    <StateSubstitute state="game_race_flow.prepare_finishline_cutscene" substitute="prepare_finishline_cutscene"/>
    

    <!-- While in the whole of this state we need game control -->
    <Behaviour id="CGameControlWrapper" />

    <!-- pre load the earnings cutscene, as it uses animated objects -->
    <Node id="preload_earnings_cutscene" state="game_race_flow.load_postrace_earnings_cutscene">
      <Entry id="enter" />
      <Exit id="exit" target="postrace_internal.enter" />
    </Node>

    <Node id="postrace_internal" state="game_festival_race_flow.postrace_internal">
      <Entry id="enter" />
      <Exit id="exit" target=".exit" />
    </Node>
  </State>



  <!-- Normal career race rewards flow -->
  <State id="CareerRewardsFlow">
    <Entry id="enter" target="event_unlocks.enter" />
    <Exit id="exit" />

    <Node id="event_unlocks" state="UnlocksFlow">
      <Entry id="enter" />
      <Exit id="exit" target="prepare_for_rewards.enter"/>
    </Node>

    <!-- PrepareForRewardsFlow does the profile save-->
    <Node id="prepare_for_rewards" state="game_festival_race_flow.PrepareForRewardsFlow">
      <Entry id="enter" />
      <Exit id="exit" target="should_show_earnings_screen.enter"/>
    </Node>

    <Node id="should_show_earnings_screen" state="global.did_player_get_credit_rewards">
      <Entry id="enter" />
      <Exit id="yes" target="postrace_earnings_camera.enter"/>
      <Exit id="no" target="should_show_reward_car_sequence.enter"/>
    </Node>

    <Node id="postrace_earnings_camera" state="game_race_flow.postrace_earnings_camera">
      <Entry id="enter" />
      <Exit id="exit" target="show_earnings_screen.enter" />
    </Node>

    <Node id="show_earnings_screen" state="UIShowScreens.ShowEarningsBreakdownScreen">
      <Entry id="enter" />
      <Exit id="done" target="should_show_reward_car_sequence.enter"/>
    </Node>

    <Node id="should_show_reward_car_sequence" state="ShouldShowRewardCarSequence">
      <Entry id="enter" />
      <Exit id="yes" target="reward_car_sequence.enter" />
      <Exit id="no" target=".exit" />
    </Node>

    <Node id="reward_car_sequence" state="RewardCarSequence">
      <Entry id="enter" />
      <Exit id="exit" target=".exit" />
    </Node>

  </State>

  <!-- Post race unlocks flow -->
  <State id="UnlocksFlow">
    <Entry id="enter" target="trigger_event_unlocks.enter" />
    <Exit id="exit" />

    <Node id="trigger_event_unlocks" state="global.trigger_career_event_unlocks_from_race_completion">
      <Entry id="enter" />
      <Exit id="exit" target=".exit"/>
    </Node>
  </State>

  <State id="car_finished">
    <Entry id="enter" target=".exit" />
    <Exit id="exit" />
    <Behaviour id="CCarFinishedRacing" finished_type="finished" />
  </State>

  <State id="wait_for_end_condition">
    <Entry id="enter" />
    <Exit id="exit" />
    <Behaviour id="CWaitForEndCondition">
      <Transition id="onReady" target=".exit"/>
    </Behaviour>
  </State>

  <State id="check_for_race_complete">
    <Entry id="enter" target="complete_check.enter"/>
    <Exit id="exit" />

    <Node id="complete_check" state="is_race_complete">
      <Entry id="enter" />
      <Exit id="yes" target=".exit" />
      <Exit id="no" target="wait_for_race_complete.enter" />
    </Node>

    <Node id="wait_for_race_complete" state="wait_for_race_complete">
      <Entry id="enter" />
      <Exit id="exit" target=".exit" />
    </Node>
  </State>

  <State id="is_race_complete">
    <Entry id="enter" />
    <Exit id="yes" />
    <Exit id="no" />
    <Behaviour id="CIsRaceComplete">
      <Transition id="yes" target=".yes"/>
      <Transition id="no" target=".no"/>
    </Behaviour>
  </State>

  <State id="check_for_race_quit">
    <Entry id="enter" />
    <Exit id="yes" />
    <Exit id="no" />
    <Behaviour id="CIsRaceQuit">
      <Transition id="yes" target=".yes"/>
      <Transition id="no" target=".no"/>
    </Behaviour>
  </State>

  <State id="wait_for_race_complete">
    <Entry id="enter" />
    <Exit id="exit" />

    <Behaviour id="CWaitForRaceComplete">
      <Transition id="onComplete" target=".exit"/>
    </Behaviour>
  </State>

  <State id="post_race_update_profile">
    <Entry id="enter" target=".exit" />
    <Exit id="exit" />
    <Behaviour id="CPostRaceUpdateProfile" />
  </State>

  <State id="load_back_to_free_roam">
    <Entry id="enter" target="stop_ambient_race_sounds.enter" />
    <Behaviour id="CMusicDucking" duck="false"/>
    <Behaviour id="CMuteCarAudio" mute="false"/>

    <!-- TODO: Determine whether this can be encapsulated in the Audio state -->
    <Node id="stop_ambient_race_sounds" state="game_race_flow.disable_ambient_audio_param_in_race">
      <Entry id="enter" />
      <Exit id="exit" target="set_audio_loading.enter" />
    </Node>

    <Node id="set_audio_loading" state="Audio.loading">
      <Entry id="enter" />
      <Exit id="exit" target="start_freeroam_music.enter"/>
    </Node>

    <!-- We now switch back to freeroam music at start of load back to freeroam, rather than at the end -->
    <Node id="start_freeroam_music" state="Audio.play_freeroam_music_with_fades">
      <Entry id="enter"/>
      <Exit id="exit" target="load_into_free_roam.enter"/>
    </Node>

    <Node id="load_into_free_roam" state="global.load_into_free_roam">
      <Entry id="enter" />
    </Node>

  </State>

  <State id="ShouldShowRewardCarSequence">
    <Entry id="enter" />
    <Exit id="yes"/>
    <Exit id="no"/>
    <Behaviour id="CIsPendingCarReward">
      <Transition id="onPendingCarReward"    target=".yes" />
      <Transition id="onNoPendingCarReward"  target=".no" />
    </Behaviour>
  </State>

  <State id="RewardCarSequence">
    <Entry id="enter" target="show_reward_car_cutscene.enter"/>
    <Exit id="exit" />

    <Node id="show_reward_car_cutscene" state="game_race_flow.RewardCarCutscene">
      <Entry id="enter" />
      <Exit id="exit" target="show_reward_car_screen.enter" />
    </Node>
    <Node id="show_reward_car_screen" state="game_race_flow.ShowCarRewardScreen">
      <Entry id="enter" />
      <Exit id="done" target="show_empty_screen.enter"/>
    </Node>
    <Node id="show_empty_screen" state="global.show_empty_screen">
      <Entry id="enter" />
      <Exit id="exit" target="stop_cutscene.enter"/>
    </Node>
    <Node id="stop_cutscene" state="global.stop_cutscene">
      <Entry id="enter" />
      <Exit id="exit" target="show_player_car.enter"/>
    </Node>
    <!-- The player car can get hidden by the car reward sequence -->
    <Node id="show_player_car" state="global.show_player_car">
      <Entry id="enter" />
      <Exit id="exit" target=".exit"/>
    </Node>
  </State>

  <State id="set_radio_3d_on">
    <Entry id="enter" target=".exit" />
    <Exit id="exit" />
    <Behaviour id="CEnableRadio3D" enable="true" ambientEvent="Default_Race_Music" station="Radio5_3d_PreRace" />
  </State>
  <State id="set_radio_3d_off">
    <Entry id="enter" target=".exit" />
    <Exit id="exit" />
    <Behaviour id="CEnableRadio3D" enable="false" />
  </State>
</StateGroup>
tate>
</StateGroup>
tate>
</StateGroup>
tate>
</StateGroup>
