<StateGroup id="game_start_free_roam" >

	<!-- Anthem 360 States -->
	<State id="disable_ai_player_car_control_IE">
		<Entry id="enter" target=".exit" />
		<Exit id="exit" />
		<Behaviour id="CDisableAIPlayerCarControlsIE" enable="true" />
	</State>

	<State id="enable_ai_player_car_control_IE">
		<Entry id="enter" target=".exit" />
		<Exit id="exit" />
		<Behaviour id="CDisableAIPlayerCarControlsIE" enable="false" />
	</State>
	
	<!-- =============== -->
	<State id="CHasReachedFestival" >
		<Entry id="enter" />
		<Exit id="true" />
		<Exit id="false" />
		<Behaviour id="CTestHorizonFlag" flag="arrivedAtFestival" >
			<Transition id="onTrue" target=".true" />
			<Transition id="onFalse" target=".false" />
		</Behaviour>
	</State>
	<!-- =============== -->

	<!-- =============== -->
	<State id="CBlockFreeRoamToShowMap" >
		<Entry id="enter" />
		<Exit id="true" />
		<Exit id="false" />
		<Behaviour id="CTestHorizonFlag" flag="shouldBlockFreeRoamToShowMap" >
			<Transition id="onTrue" target=".true" />
			<Transition id="onFalse" target=".false" />
		</Behaviour>
	</State>
	<!-- =============== -->
	
	<!-- ==================================== -->
	<State id="ClearBlockFreeRoamToShowMap" >
		<Entry id="enter" target=".exit" />
		<Exit id="exit" />
		<Behaviour id="CSetHorizonFlag" flag="shouldBlockFreeRoamToShowMap" value="false" />
	</State>
	<!-- ==================================== -->	
	
	<!-- ==================================== -->
	<State id="SetPostBlockFreeRoamToShowMap" >
		<Entry id="enter" target=".exit" />
		<Exit id="exit" />
		<Behaviour id="CSetHorizonFlag" flag="postBlockFreeRoamToShowMap" value="true" />
	</State>
	<!-- ==================================== -->		

	<!-- =============== -->
	<State id="ForceFestivalTrigger">
		<Entry id="enter" target=".exit" />
		<Exit id="exit"/>
		<Behaviour id="CForceFestivalTrigger" />
	</State>
	<!-- =============== -->

	<!-- =============== -->
	<!-- Special state flow for initial experience when festival has already been reached-->
	<State id="SkipToFestival">
		<Entry id="enter" target="turn_on_IE_driver_assists.enter" />
		<Exit id="exit" />
		<Behaviour id="CGameControlWrapper" />

		<!-- Turn on the assists, because they store off the current assists in the class and then get reset at the start of the festival -->
		<Node id="turn_on_IE_driver_assists" state="SetAssistsForIE" >
			<Entry id="enter" />
			<Exit id="exit" target="force_festival_trigger.enter" />
		</Node>	
		
		<!-- Act as if the player has driven into the festival trigger sphere: -->
		<Node id="force_festival_trigger" state="ForceFestivalTrigger">
			<Entry id="enter" />
			<Exit id="exit" target=".exit"/>
		</Node>
	</State>
	<!-- =============== -->

	<!-- =============== -->
	<State id="RestoreGameElementsForInitialExperience">
		<Entry id="enter" target=".exit" />
		<Exit id="exit"/>
		<Behaviour id="CRestoreGameElementsForInitialExperience" />
	</State>
	<!-- =============== -->

	<!-- =============== -->
	<State id="SetTimeToIntialExperienceStartTime">
		<Entry id="enter" target=".exit" />
		<Exit id="exit" />
		<Behaviour id="CSetTimeOfDay">
			<Attribute id="time" value="33300" />
		</Behaviour>
	</State>
	<!-- =============== -->

	<!-- =============== -->
	<State id="SetTimeForInitialExperience">
		<Entry id="enter" target="set_time.enter" />
		<Exit id="exit" />
		<Behaviour id="CGameControlWrapper" />

		<Node id="set_time" state="SetTimeToIntialExperienceStartTime">
			<Entry id="enter" />
			<Exit id="exit" target="lock_time_of_day.enter"/>
		</Node>

		<Node id="lock_time_of_day" state="global.lock_time_of_day">
			<Entry id="enter" />
			<Exit id="exit" target=".exit"/>
		</Node>
	</State>
	<!-- =============== -->

	<!-- =============== -->
	<State id="LoadIERoute">
		<Entry id="enter" target=".exit" />
		<Exit id="exit" />
		<Behaviour id="CLoadRoute">
			<Attribute id="route_id" value="3333" />
		</Behaviour>
	</State>
	<!-- =============== -->

	<!-- =============== -->
	<State id="EnsureCarIsIECar" >
		<Entry id="enter"/>
		<Exit id="did_change"/>
		<Exit id="did_not_change"/>
		<Behaviour id="CSetCarForInitialExperience" >
			<Transition id="did_change" target=".did_change" />
			<Transition id="did_not_change" target=".did_not_change" />
		</Behaviour>
	</State>
	<!-- =============== -->

	<!-- =============== -->
	<State id="RemoveNonIECars" >
		<Entry id="enter" target=".exit" />
		<Exit id="exit"/>
		<Behaviour id="CRemoveExtraCarsForInitialExperience" />
	</State>
	<!-- =============== -->
	
	<!-- =============== -->
	<State id="PlaceCarForInitialExperienceStart" >
		<Entry id="enter" target=".exit" />
		<Exit id="exit" />
		<Behaviour id="CPlacePlayerCarForInitialExperienceStart" />
	</State>
	<!-- =============== -->

	<!-- =============== -->
	<State id="SetPlayerCarForInitialExperienceStartSpeed" >
		<Entry id="enter" target=".exit" />
		<Exit id="exit" />
		<Behaviour id="CSetPlayerCarForInitialExperienceStartSpeed" />
	</State>
	<!-- =============== -->
	
	<!-- =============== -->
	<State id="PlayFMV_Tone" >
		<Entry id="enter" />
		<Exit id="exit" />
		<Behaviour id="CShowMovieScreen" filename="GAME:\Media\UI\Videos\Anthem\ToneVideo.wmv" confirmskip="true">
			<Transition id="onDone" target=".exit" />
		</Behaviour>
	</State>
	<!-- =============== -->

	<!-- =============== -->
	<State id="CHasSeenFerryCutscene" >
		<Entry id="enter" />
		<Exit id="true" />
		<Exit id="false" />
		<Behaviour id="CTestHorizonFlag" flag="seenFerryCutscene" >
			<Transition id="onTrue" target=".true" />
			<Transition id="onFalse" target=".false" />
		</Behaviour>
	</State>
	<!-- =============== -->

	<!-- =============== -->
	<State id="SetHasSeenFerryCutscene" >
		<Entry id="enter" target=".exit" />
		<Exit id="exit" />
		<Behaviour id="CSetInitialExperienceFlag" flag="seenFerryCutscene" value="true" />
	</State>
	<!-- =============== -->

	<!-- =============== -->
	<State id="PlayFMV_Ferry" >
		<Entry id="enter" />
		<Exit id="exit" />
		<Behaviour id="CShowMovieScreen" filename="GAME:\Media\UI\Videos\Anthem\Ferry.wmv" confirmskip="true">
			<Transition id="onDone" target=".exit" />
		</Behaviour>
	</State>
	<!-- =============== -->

	<!-- =============== -->
	<!-- FMV setup, playback, restore -->
	<State id="HandleInitialExperience_FMV_Playback_Tone" >
		<Entry id="enter" target="pre_movie_prepare.enter"/>
		<Exit id="exit" />
		<Behaviour id="CGameControlWrapper" />

		<Node id="pre_movie_prepare" state="playmovie.pre_movie_prepare">
			<Entry id="enter" />
			<Exit id="exit" target="play_fmv_tone.enter"/>
		</Node>

		<Node id="play_fmv_tone" state="PlayFMV_Tone">
			<Entry id="enter" />
			<Exit id="exit" target="post_movie.enter" />
		</Node>

<!-- save/flag update removed
		<Node id="set_has_seen_ferry_cutscene" state="SetHasSeenFerryCutscene">
			<Entry id="enter" />
			<Exit id="exit" target="save_profile.enter" />
		</Node>

		<Node id="save_profile" state="global.save_profile" >
			<Entry id="enter" />
			<Exit id="exit" target="post_movie.enter" />
		</Node>
-->
		<Node id="post_movie" state="playmovie.post_movie_restore_simple">
			<Entry id="enter" />
			<Exit id="exit" target=".exit"/>
		</Node>

	</State>
	<!-- =============== -->
	
	<!-- =============== -->
	<!-- FMV setup, playback, restore -->
	<State id="HandleInitialExperience_FMV_Playback_Ferry" >
		<Entry id="enter" target="pre_movie_prepare.enter"/>
		<Exit id="exit" />
		<Behaviour id="CGameControlWrapper" />

		<Node id="pre_movie_prepare" state="playmovie.pre_movie_prepare">
			<Entry id="enter" />
			<Exit id="exit" target="play_fmv.enter"/>
		</Node>
		
		<Node id="play_fmv" state="PlayFMV_Ferry">
			<Entry id="enter" />
			<Exit id="exit" target="post_movie.enter" />
		</Node>
<!-- save/flag update removed
		<Node id="set_has_seen_ferry_cutscene" state="SetHasSeenFerryCutscene">
			<Entry id="enter" />
			<Exit id="exit" target="save_profile.enter" />
		</Node>

		<Node id="save_profile" state="global.save_profile" >
			<Entry id="enter" />
			<Exit id="exit" target="post_movie.enter" />
		</Node>
-->
		<Node id="post_movie" state="playmovie.post_movie_restore_simple">
			<Entry id="enter" />
			<Exit id="exit" target=".exit"/>
		</Node>

	</State>
	<!-- =============== -->

	<!-- =============== -->
	<State id="PrepareInitialExperienceCutscene_Intro" >
		<Entry id="enter" target=".exit" />
		<Exit id="exit"/>
		<Behaviour id="CPrepareCutscene" cutscene="ie_car_reveal_placeholder" />
	</State>
	<!-- =============== -->

	<!-- =============== -->
	<State id="SetInitialExperienceRadioPlaylist">
		<Entry id="enter" target=".exit" />
		<Exit id="exit"/>
		<Behaviour id="CSetRadioPlaylist" startWithFirstTrack="true" normalBehaviourAfterListPlayed="true" startAtBeginningOfTrack="true" track1="HZ2_R1_BombayBicycleClub_Luna" track2="HZ2_R1_Chromeo_ComeAlive"/>
	</State>
	<!-- =============== -->

	<!-- =============== -->
	<State id="SetAssistsForIE">
		<Entry id="enter" target=".exit" />
		<Exit id="exit" />
		<Behaviour id="CRestoreReplaceAssistsForIE" enable="true"/>
	</State>
	<!-- =============== -->
	
	<!-- =============== -->
	<State id="SetInitialExperienceFirstDriveDestination">
		<Entry id="enter" target=".exit" />
		<Exit id="exit" />
		<Behaviour id="CSetInitialExperienceFirstDriveDestination"/>
	</State>
	<!-- =============== -->

	<!-- =============== -->
	<State id="ClearLoadingIntoInitialExperienceFlag">
		<Entry id="enter" target=".exit" />
		<Exit id="exit" />
		<Behaviour id="CClearLoadingIntoInitialExperienceFlag" enable="false" />
	</State>
	<!-- =============== -->

	<!-- =============== -->
	<State id="UnmuteCarAudioCollisions">
		<Entry id="enter" target=".exit" />
		<Exit id="exit" />
		<Behaviour id="CMuteCarAudio" mute="false"/>
	</State>
	<!-- =============== -->

	<!-- =============== -->
	<State id="ActivateInitialExperienceTutor">
		<Entry id="enter" target=".exit" />
		<Exit id="exit" />
		<Behaviour id="CActivateInitialExperienceTutor"/>
	</State>
	<!-- =============== -->

	<!-- =============== -->
	<State id="EnableInitialExperienceTriggerZones">
		<Entry id="enter" target=".exit" />
		<Exit id="exit" />
		<Behaviour id="CEnableInitialExperienceTriggerZones" enable="true"/>
	</State>
	<!-- =============== -->
	<State id="StartInitialDriveVoTriggerTimers">
		<Entry id="enter" target=".exit" />
		<Exit id="exit" />
		<Behaviour id="CStartInitialDriveVoTimers"/>
	</State>
	<!-- =============== -->
	<!-- =============== -->
	<!-- End of Anthem 360 States -->

	<!-- =============== -->
	<!-- =============== -->


	<!-- =============== -->
	<!-- DLC Alert Flow states: -->
	<State id="ShouldShowDLCAlertPopup">
		<Entry id="enter" />
		<Exit id="yes" />
		<Exit id="no" />
		<Behaviour id="CShouldShowDLCAlertPopup" >
			<Transition id="yes" target=".yes" />
			<Transition id="no" target=".no" />
		</Behaviour>
	</State>

	<State id="DLCAlertFlow">
		<Entry id="enter" target="shouldShowDLCAlertPopup.enter" />
		<Exit id="exit" />
		<Exit id="reloadFreeRoam" />

		<!-- While in the whole of this state we need game control -->
		<Behaviour id="CGameControlWrapper" />

		<Node id="shouldShowDLCAlertPopup" state="ShouldShowDLCAlertPopup">
			<Entry id="enter" />
			<Exit id="yes" target="showDLCAlertPopup.enter" />
			<Exit id="no" target=".exit" />
		</Node>

		<Node id="showDLCAlertPopup" state="UIShowScreens.ShowInGameDLCAlert">
			<Entry id="enter" />
			<Exit id="exit" target=".exit" />
			<Exit id="reloadFreeRoam" target=".reloadFreeRoam" />
		</Node>
	</State>
	<!-- =============== -->

	<!-- =============== -->
	<State id="ShouldStartExistingFlow">
		<Entry id="enter" target="get_event_access_mode.enter" />
		<Exit id="yes" />
		<Exit id="no" />

		<Node id="get_event_access_mode" state="global.get_event_access_mode">
			<Entry id="enter" />
			<Exit id="raceCentral" target=".yes" />
			<Exit id="streetRaceHub" target=".yes" />
			<Exit id="freeRoamActivation" target=".no" />
			<Exit id="none" target=".no" />
		</Node>
	</State>

	<State id="StartExistingFlow">
		<Entry id="enter" target="get_event_access_mode.enter" />
		<Exit id="flow" />
		<Exit id="freeRoam" />

		<Node id="get_event_access_mode" state="global.get_event_access_mode">
			<Entry id="enter" />
			<Exit id="raceCentral" target="start_race_central.from_race_central" />
			<Exit id="streetRaceHub" target="start_street_race_hub.enter" />
			<Exit id="freeRoamActivation" target=".freeRoam" />
			<Exit id="none" target=".freeRoam" />
		</Node>

		<Node id="start_race_central" state="race_central.menu_flow">
			<Entry id="from_race_central" />
			<Exit id="flow" target=".flow" />
			<Exit id="freeRoam" target=".freeRoam" />
		</Node>

		<Node id="start_street_race_hub" state="activate_street_race_hub">
			<Entry id="enter" target=".exit"/>
			<Exit id="exit" target=".freeRoam" />
		</Node>
	</State>
	<!-- =============== -->

	<State id="WristbandReminderVO">
		<Entry id="enter" target=".exit" />
		<Exit id="exit" />
		<Behaviour id="CTriggerVO" trigger="WristbandReminder" wait="false"/>
	</State>

	<State id="ClearMapEventUnlockID">
		<Entry id="enter" target=".exit" />
		<Exit id="exit" />
		<Behaviour id="CClearPendingEventUnlockID"/>
	</State>

	<!-- =============== -->

	<State id="PrepareFreeRoam">
		<Entry id="skip_intro_enter" target="set_audio_loading.enter" />
		<Entry id="intro_enter" target="jump_to_race_start.intro_enter"/>
		<Exit id="exit" />

		<Node id="set_audio_loading" state="Audio.loading">
			<Entry id="enter" />
			<Exit id="exit" target="unload_lod0_cars.enter"/>
		</Node>
		<Node id="unload_lod0_cars" state="global.unload_lod0_cars">
			<Entry id="enter" />
			<Exit id="exit" target="should_wait_for_streaming.enter" />
		</Node>

		<node id="should_wait_for_streaming" state="global.get_event_access_mode">
			<Entry id="enter" />
			<Exit id="raceCentral" target="wait_for_streaming.enter" />
			<Exit id="streetRaceHub" target="wait_for_all_cars_loaded.enter" />
			<Exit id="freeRoamActivation" target="wait_for_streaming.enter" />
			<Exit id="none" target="wait_for_streaming.enter" />
		</node>

		<Node id="wait_for_streaming" state="global.wait_for_streaming">
			<Entry id="enter" />
			<Exit id="exit" target="wait_for_all_cars_loaded.enter" />
		</Node>
		<Node id="wait_for_all_cars_loaded" state="global.wait_for_all_cars_loaded" >
			<Entry id="enter" />
			<Exit id="exit" target="should_block_freeroam_to_show_map.enter" />
		</Node>


		<!--	===========================================	-->
		<!-- If the game is waiting for a return to free-roam (post event loading has finished) then exit now, otherwise continue as normal -->
		<Node id="should_block_freeroam_to_show_map" state="CBlockFreeRoamToShowMap" >
			<Entry id="enter" />
			<Exit id="true" target="clear_block_free_roam_flag.enter" />
			<Exit id="false" target="finish_free_roam_prep.enter" />
		</Node>
		
		<Node id="clear_block_free_roam_flag" state="ClearBlockFreeRoamToShowMap" >
			<Entry id="enter" />
			<Exit id="exit" target="set_post_block_free_roam_flag.enter" />
		</Node>
				
		<Node id="set_post_block_free_roam_flag" state="SetPostBlockFreeRoamToShowMap" >
			<Entry id="enter" />
			<Exit id="exit" target=".exit" />
		</Node>

		<!-- Continue to part 2 of the setup if the CBlockFreeRoamToShowMap flag test returned false -->
		<Node id="finish_free_roam_prep" state="PrepareFreeRoam_Part2" >
			<Entry id="enter" />
			<Exit id="exit" target=".exit" />
		</Node>

		<Node id="jump_to_race_start" state="PrepareFreeRoam_Part2" >
			<Entry id="enter"/>
			<Entry id="intro_enter"/>
			<Exit id="exit" target=".exit" />
		</Node>
		<!--	===========================================	-->
	</State>
	<!-- =============== -->
	
	<State id="PrepareFreeRoam_Part2">
		<Entry id="enter" target="is_radio_required.enter" />
		<Entry id="intro_enter" target="prepare_race.enter" />
		<Exit id="exit" />
		
		<Node id="is_radio_required" state="global.is_radio_required">
			<Entry id="enter" />
			<Exit id="yes" target="is_radio_lock_required.enter" />
			<Exit id="no" target="enable_ambient_audio_streaming.enter" />
		</Node>

		<Node id="is_radio_lock_required" state="global.is_radio_lock_required" >
			<Entry id="enter" />
			<Exit id="no" target="radiodj_enable.enter" />
			<Exit id="yes" target="radiodj_disable.enter" />
		</Node>

		<!-- Used for First Time Flow only (prior to Dak's) -->
		<Node id="radiodj_disable" state="Audio.disable_radio_dj">
			<Entry id="enter" />
			<Exit id="exit" target="radioswitching_disable.enter" />
		</Node>

		<Node id="radioswitching_disable" state="Audio.disable_radio_station_switching">
			<Entry id="enter" />
			<Exit id="exit" target="radio_silent_idents_enable.enter" />
		</Node>

		<Node id="radio_silent_idents_enable" state="Audio.enable_radio_silent_idents">
			<Entry id="enter" />
			<Exit id="exit" target="set_radio_playlist.enter" />
		</Node>

		<Node id="set_radio_playlist" state="SetInitialExperienceRadioPlaylist" >
			<Entry id="enter" />
			<Exit id="exit" target="snap_car_to_road.enter" />
		</Node>

		<Node id="radiodj_enable" state="Audio.enable_radio_dj">
			<Entry id="enter" />
			<Exit id="exit" target="radioswitching_enable.enter" />
		</Node>
		<Node id="radioswitching_enable" state="Audio.enable_radio_station_switching">
			<Entry id="enter" />
			<Exit id="exit" target="radio_silent_idents_disable.enter" />
		</Node>
		<Node id="radio_silent_idents_disable" state="Audio.disable_radio_silent_idents">
			<Entry id="enter" />
			<Exit id="exit" target="start_radio.enter" />
		</Node>

		<Node id="should_show_end_game" state="ShouldShowEndGame" >
			<Entry id="enter" />
			<Exit id="yes" target="enable_ambient_audio_streaming.enter" />
			<Exit id="no" target="start_radio.enter" />
		</Node>

		<Node id="start_radio" state="Audio.play_freeroam_music">
			<Entry id="enter"/>
			<Exit id="exit" target="enable_ambient_audio_streaming.enter"/>
		</Node>
		<Node id="enable_ambient_audio_streaming" state="global.enable_ambient_audio_streaming">
			<Entry id="enter"/>
			<Exit id="exit" target="snap_car_to_road.enter"/>
		</Node>
		<Node id="snap_car_to_road" state="global.snap_all_cars_to_road">
			<Entry id="enter" />
			<Exit id="exit" target="should_start_existing_flow.enter" />
		</Node>

		<!-- If we are coming from an existing flow, then jump into it -->
		<!-- Example: We come from a race central race, so now we will display the race central menu flow again from here -->
		<Node id="should_start_existing_flow" state="ShouldStartExistingFlow">
			<Entry id="enter" />
			<Exit id="yes" target="set_audio_exterior_freeroam.enter" />
			<Exit id="no" target="map_event_unlock_flow.enter" />
		</Node>

		<Node id="set_audio_exterior_freeroam" state="Audio.exterior_freeroam">
			<Entry id="enter" />
			<Exit id="exit" target="start_existing_flow.enter" />
		</Node>

		<!-- If after jumping into the existing flow we decide to come back, then we can continue preparing free roam -->
		<Node id="start_existing_flow" state="StartExistingFlow">
			<Entry id="enter" />
			<Exit id="freeRoam" target="prepare_race.enter" />
			<Exit id="flow" target=".exit" />
		</Node>

		<!-- Opens the map screen if there are new career events to show (nemesis/final events) -->
		<Node id="map_event_unlock_flow" state="map_event_unlock_flow">
			<Entry id="enter" />
			<Exit id="exit" target="clear_event_unlock_flag.enter" />
		</Node>

		<Node id="clear_event_unlock_flag" state="ClearMapEventUnlockID">
			<Entry id="enter" />
			<Exit id="exit" target="should_show_car_challenge_video.enter" />
		</Node>

		<Node id="should_show_car_challenge_video" state="global.should_show_car_challenge_intro">
			<Entry id="enter" />
			<Exit id="yes" target="show_car_challenge_video.enter" />
			<Exit id="no" target="end_game_flow.enter" />
		</Node>

		<Node id="show_car_challenge_video" state="car_challenges.video">
			<Entry id="enter" />
			<Exit id="exit" target="prepare_race.enter" />
		</Node>

		<Node id="end_game_flow" state="end_game_flow">
			<Entry id="enter" />
			<Exit id="exit" target="set_audio_exterior_freeroam_post_map.enter" />
		</Node>

		<Node id="set_audio_exterior_freeroam_post_map" state="Audio.exterior_freeroam">
			<Entry id="enter" />
			<Exit id="exit" target="enable_and_spawn_traffic.enter" />
		</Node>

		<Node id="enable_and_spawn_traffic" state="global.enable_traffic_spawning_with_initial_spawn">
			<Entry id="enter" />
			<Exit id="exit" target="black_out.enter" />
		</Node>
		<Node id="black_out" state="global.black_out">
			<Entry id="enter" />
			<Exit id="exit" target="show_empty_screen.enter" />
		</Node>
		<Node id="show_empty_screen" state="global.show_empty_screen_with_hud_resource">
			<Entry id="enter" />
			<Exit id="exit" target="disable_compressed_heap.enter" />
		</Node>

		<Node id="disable_compressed_heap" state="global.disable_compressed_heap" >
			<Entry id="enter" />
			<Exit id="exit" target="show_skills.enter" />
		</Node>

		<Node id="show_skills" state="global.should_show_skills_flow">
			<Entry id="enter" />
			<Exit id="yes" target="dlc_alert_flow.enter" />
			<Exit id="no" target="initial_experience_game_elements.enter" />
		</Node>

		<Node id="initial_experience_game_elements" state="RestoreGameElementsForInitialExperience">
			<Entry id="enter" />
			<Exit id="exit" target="dlc_alert_flow.enter" />
		</Node>

<!--
		<Node id="skills_flow" state="PopularitySkillsFlow">
			<Entry id="enter" />
			<Exit id="exit" target="show_hud_screen.enter" />
		</Node>

		<Node id="fade_in" state="global.fade_in">
			<Entry id="enter" />
			<Exit id="exit" target="dlc_alert_flow.enter" />
		</Node>
-->

		<Node id="dlc_alert_flow" state="DLCAlertFlow">
			<Entry id="enter" />
			<Exit id="exit" target="prepare_race.enter" />
			<Exit id="reloadFreeRoam" target="reloadFreeRoam.enter" />
		</Node>
<!--
		<Node id="show_hud_screen" state="global.show_hud_screen">
			<Entry id="enter" />
			<Exit id="exit" target="prepare_race.enter" />
		</Node>
-->		
		<Node id="prepare_race" state="global.prepare_race" >
			<Entry id="enter" />
			<Exit id="exit" target="start_race.enter" />
		</Node>
		<Node id="start_race" state="global.start_race" >
			<Entry id="enter" />
			<Exit id="exit" target="start_driving.enter" />
		</Node>
		<Node id="start_driving" state="global.start_driving" >
			<Entry id="enter" />
			<Exit id="exit" target="unmute_car_audio.enter" />
		</Node>
		<Node id="unmute_car_audio" state="Audio.unmute_car_audio">
			<Entry id="enter" />
			<Exit id="exit" target="release_car_parking_brake.enter" />
		</Node>
		<Node id="release_car_parking_brake" state="global.disable_car_parking_brake" >
			<Entry id="enter" />
			<Exit id="exit" target="enable_fast_travel.enter" />
		</Node>
		<Node id="enable_fast_travel" state="global.enable_fast_travel" >
			<Entry id="enter" />
			<Exit id="exit" target="unblock_pause_entry.enter" />
		</Node>
		<Node id="unblock_pause_entry" state="global.unblock_pause_entry">
			<Entry id="enter" />
			<Exit id="exit" target="discover_festival.enter" />
		</Node>

		<Node id="reloadFreeRoam" state="global.load_into_free_roam">
			<Entry id="enter" />
		</Node>

		<Node id="discover_festival" state="global.discover_festival_ring" >
			<Entry id="enter" />
			<Exit id="exit" target="is_first_time.enter" />
		</Node>
		
		<Node id="is_first_time" state="global.is_first_time_career" >
			<Entry id="enter" />
			<Exit id="no" target="trigger_event_unlocks_from_popularity.enter" />
			<Exit id="yes" target="show_hud_screen.enter" />
		</Node>

		<Node id="trigger_event_unlocks_from_popularity" state="global.trigger_career_event_unlocks_from_popularity">
			<Entry id="enter" />
			<Exit id="exit" target="headline_event_unlocked.enter" />
		</Node>

		<Node id="headline_event_unlocked" state="global.should_show_headline_event_unlock" >
			<Entry id="enter" />
			<Exit id="yes" target="set_headline_event_dest.enter" />
			<Exit id="no" target="should_set_gps_to_wristband_collect.enter" />
		</Node>

		<Node id="set_headline_event_dest" state="set_headline_event_dest" >
			<Entry id="enter" />
			<Exit id="exit" target="set_show_career_progress_message.enter" />
		</Node>

		<Node id="set_show_career_progress_message" state ="global.set_show_career_progress_message">
			<Entry id="enter" />
			<Exit id="exit" target="show_hud_screen.enter" />
		</Node>

		<Node id="should_set_gps_to_wristband_collect" state="global.should_set_gps_to_wristband_collect" >
			<Entry id="enter" />
			<Exit id="yes" target="radiodj_special_wristband.enter" />
			<Exit id="no" target="is_new_wristband_available.enter" />
		</Node>

		<Node id="radiodj_special_wristband" state="radiodj.special_wristband">
			<Entry id="enter" />
			<Exit id="exit" target="has_satnav_destination.enter"/>
		</Node>

		<Node id="has_satnav_destination" state="global.has_satnav_destination">
			<Entry id="enter" />
			<Exit id="yes" target="show_hud_screen.enter" />
			<Exit id="no" target="set_race_central_dest.enter" />
		</Node>

		<Node id="set_race_central_dest" state="set_race_central_dest" >
			<Entry id="enter" />
			<Exit id="exit" target="show_hud_screen.enter" />
		</Node>

		<Node id="is_new_wristband_available" state="global.is_new_wristband_available">
			<Entry id="enter" />
			<Exit id="yes" target="play_wristband_reminder_vo.enter" />
			<Exit id="no" target="show_hud_screen.enter" />
		</Node>

		<Node id="play_wristband_reminder_vo" state="WristbandReminderVO" >
			<Entry id="enter" />
			<Exit id="exit" target="show_hud_screen.enter" />
		</Node>
		
		<Node id="show_hud_screen" state="global.show_hud_screen">
			<Entry id="enter" />
			<Exit id="exit" target="fade_in.enter" />
		</Node>
	
		<Node id="fade_in" state="global.fade_in">
			<Entry id="enter" />
			<Exit id="exit" target=".exit" />
		</Node>

	</State>
	<!-- =============== -->

	<State id="set_headline_event_dest">
		<Entry id="enter" target="unlock_satnav.enter" />
		<Exit id="exit" />
		<Behaviour id="CGameControlWrapper" />

		<Node id="unlock_satnav" state="global.unlock_satnav_destination" >
			<Entry id="enter" />
			<Exit id="exit" target="set_dest.enter" />
		</Node>

		<Node id="set_dest" state="set_headline_event_as_dest">
			<Entry id="enter" />
			<Exit id="exit" target="show_line.enter" />
		</Node>

		<Node id="show_line" state="global.enable_racing_line" >
			<Entry id="enter" />
			<Exit id="exit" target=".exit" />
		</Node>
	</State>

	<State id="set_headline_event_as_dest">
		<Entry id="enter" target=".exit" />
		<Exit id="exit" />
		<Behaviour id="CSetSatNavDestination" destination_object="HEADLINE_EVENT">
		</Behaviour>
	</State>

	<State id="set_race_central_dest">
		<Entry id="enter" target="unlock_satnav.enter" />
		<Exit id="exit" />
		<Behaviour id="CGameControlWrapper" />

		<Node id="unlock_satnav" state="global.unlock_satnav_destination" >
			<Entry id="enter" />
			<Exit id="exit" target="set_dest.enter" />
		</Node>

		<Node id="set_dest" state="set_race_central_as_dest">
			<Entry id="enter" />
			<Exit id="exit" target="show_line.enter" />
		</Node>

		<Node id="show_line" state="global.enable_racing_line" >
			<Entry id="enter" />
			<Exit id="exit" target=".exit" />
		</Node>
	</State>

	<State id="set_race_central_as_dest">
		<Entry id="enter" target=".exit" />
		<Exit id="exit" />
		<Behaviour id="CSetSatNavDestination" destination_object="festival_02">
		</Behaviour>
	</State>

	<State id="setup_blend_camera">
		<Entry id="enter" target=".exit" />
		<Exit id="exit" />
		<Behaviour id="CInitialiseBlendCutsceneCamera" cutscene="intro" />
	</State>

	<State id="blend_camera_from_wait" >
		<Entry id="enter" />
		<Exit id="exit" />
		<Behaviour id="CBlendCameraEvent" blendFrom="3.5" ease="true" >
			<Transition id="onComplete" target=".exit" />
		</Behaviour>
	</State>

	<State id="set_time_to_start_time">
		<Entry id="enter" target=".exit" />
		<Exit id="exit" />
		<Behaviour id="CSetTimeOfDay">
			<Attribute id="time" value="33300" />
		</Behaviour>
	</State>

	<State id="place_car_post_credits" >
		<Entry id="enter" target=".exit" />
		<Exit id="exit" />
		<Behaviour id="CPlaceCar" x="-836.63" y="-5.93" z="-250.65" rotation="-63.13" />
	</State>

	<!-- ==================================================== -->
	<!-- ==================================================== -->

	<!-- Special state flow for initial experience -->
	<State id="InitialExperienceFlowAnthem">
		<Entry id="enter" target="set_audio_loading.enter" />
		<Exit id="exit" />

		<!-- Sub state 1: -->
		<Node id="set_audio_loading" state="Audio.loading">
			<Entry id="enter" />
			<Exit id="exit" target="set_time.enter"/>
		</Node>


		<!-- Set time for IE -->
		<Node id="set_time" state="SetTimeForInitialExperience">
			<Entry id="enter" />
			<Exit id="exit" target="load_route.enter" />
		</Node>

		<!-- Load IE route -->
		<Node id="load_route" state="LoadIERoute" >
			<Entry id="enter" />
			<Exit id="exit" target="clear_loading_into_ie_flag.enter" />
		</Node>

		<!-- The loading into IE flag stops async car loading which blocks the player car changing -->
		<Node id="clear_loading_into_ie_flag" state="ClearLoadingIntoInitialExperienceFlag">
			<Entry id="enter" />
			<Exit id="exit" target="set_car.enter" />
		</Node>

		<!--	===========================================	-->
		<!-- Make sure IE car is loaded. If not load now, otherwise place car -->
		<Node id="set_car" state="EnsureCarIsIECar" >
			<Entry id="enter" />
			<Exit id="did_change" target="reload_car.enter" />
			<Exit id="did_not_change" target="place_car_anthem_initial_drive.enter" />
		</Node>

		<Node id="reload_car" state="global.load_player_choices_car" >
			<Entry id="enter" />
			<Exit id="exit" target="place_car_anthem_initial_drive.enter" />
		</Node>

		<Node id="place_car_anthem_initial_drive" state="PlaceCarForInitialExperienceStart" >
			<Entry id="enter" />
			<Exit id="exit" target="turn_on_IE_driver_assists.enter" />
		</Node>

		<Node id="turn_on_IE_driver_assists" state="SetAssistsForIE" >
			<Entry id="enter" />
			<Exit id="exit" target="wait_for_streaming.enter" />
		</Node>
		<!--	===========================================	-->
		<Node id="wait_for_streaming" state="global.wait_for_streaming">
			<Entry id="enter" />
			<Exit id="exit" target="remove_non_ie_cars.enter" />
		</Node>

		<Node id="remove_non_ie_cars" state="RemoveNonIECars" >
			<Entry id="enter" />
			<Exit id="exit" target="has_seen_ferry_cutscene.enter" />		
		</Node>	

		<!--	===========================================	-->
		<!-- If the Player has seen the ferry cutscene already, then skip it -->
		<Node id="has_seen_ferry_cutscene" state="CHasSeenFerryCutscene" >
			<Entry id="enter" />
			<Exit id="true" target="radiodj_disable.enter" />
			<Exit id="false" target="play_intro_tone.enter" />
		</Node>
		<!--	===========================================	-->
		
		<!--	===========================================	-->
		<!--	Play initial 'Tone' intro FMV-->
		<Node id="play_intro_tone" state="HandleInitialExperience_FMV_Playback_Tone">
			<Entry id="enter"/>
			<Exit id="exit" target="play_intro_ferry.enter"/>
		</Node>
		<!--	===========================================	-->

		<!--	===========================================	-->
		<!--	Play initial Ferry intro FMV-->
		<Node id="play_intro_ferry" state="HandleInitialExperience_FMV_Playback_Ferry">
			<Entry id="enter"/>
			<Exit id="exit" target="radiodj_disable.enter"/>
		</Node>
		<!--	===========================================	-->

		<!--	===========================================	-->
		<!--	Intro Cutscene setup, playback and wait -->

		<!--
		<Node id="show_empty_screen_for_intro_cutscene" state="global.show_empty_screen" >
			<Entry id="enter" />
			<Exit id="exit" target="set_has_seen_ferry_cutscene.enter" />
		</Node>

				<Node id="prepare_ie_intro_cutscene" state="PrepareInitialExperienceCutscene_Intro">
					<Entry id="enter" />
					<Exit id="exit" target="pre_intro_cutscene_fade_in.enter" />
				</Node>

		<Node id="pre_intro_cutscene_fade_in" state="global.fade_in">
			<Entry id="enter" />
			<Exit id="exit" target="play_current_camera_and_wait.enter" />
		</Node>

		<Node id="play_current_camera_and_wait" state="global.play_current_camera_sequence_and_wait">
			<Entry id="enter" />
			<Exit id="exit" target="set_has_seen_ferry_cutscene.enter" />
		</Node>
-->
		<!--	===========================================	-->

		<!--	===========================================	-->
		<!-- Used for First Time Flow only (prior to Dak's) -->
		<Node id="radiodj_disable" state="Audio.disable_radio_dj">
			<Entry id="enter" />
			<Exit id="exit" target="radioswitching_disable.enter" />
		</Node>
		<Node id="radioswitching_disable" state="Audio.disable_radio_station_switching">
			<Entry id="enter" />
			<Exit id="exit" target="radio_silent_idents_enable.enter" />
		</Node>
		<Node id="radio_silent_idents_enable" state="Audio.enable_radio_silent_idents">
			<Entry id="enter" />
			<Exit id="exit" target="set_radio_playlist.enter" />
		</Node>

		<Node id="set_radio_playlist" state="SetInitialExperienceRadioPlaylist" >
			<Entry id="enter" />
			<Exit id="exit" target="unlock_satnav.enter" />
		</Node>
		<!-- End of radio switching block - Used for First Time Flow only (prior to Dak's) -->
		<!--	===========================================	-->

		<!--	===========================================	-->
		<!--	Set up sat nav destination -->
		<Node id="unlock_satnav" state="global.unlock_satnav_destination" >
			<Entry id="enter" />
			<Exit id="exit" target="set_dest.enter" />
		</Node>

		<Node id="set_dest" state="SetInitialExperienceFirstDriveDestination" >
			<Entry id="enter" />
			<Exit id="exit" target="enable_ai_take_over.enter" />
		</Node>

		<Node id="enable_ai_take_over" state="enable_ai_player_car_control_IE" >
			<Entry id="enter" />
			<Exit id="exit" target="start_race.enter" />
		</Node>
<!--	===========================================	-->
		
		<Node id="start_race" state="global.start_race" >
			<Entry id="enter" />
			<Exit id="exit" target="start_driving.enter" />
		</Node>

		<Node id="start_driving" state="global.start_driving" >
			<Entry id="enter" />
			<Exit id="exit" target="no_civ.enter" />
		</Node>

		<Node id="no_civ" state="global.disable_traffic_spawning_with_despawn">
			<Entry id="enter" />
			<Exit id="exit" target="allow_loading.enter" />
		</Node>

		<Node id="allow_loading" state="global.enable_traffic_loading">
			<Entry id="enter" />
			<Exit id="exit" target="unmute_cars.enter" />
		</Node>

		<Node id="unmute_cars" state="Audio.unmute_car_audio">
			<Entry id="enter" />
			<Exit id="exit" target="unmute_car_collisions.enter" />
		</Node>

		<Node id="unmute_car_collisions" state="UnmuteCarAudioCollisions">
			<Entry id="enter" />
			<Exit id="exit" target="set_audio_exterior_freeroam.enter" />
		</Node>

		<Node id="set_audio_exterior_freeroam" state="Audio.exterior_freeroam">
			<Entry id="enter" />
			<Exit id="exit" target="set_audio_snapshot_opening.enter" />
		</Node>

		<Node id="set_audio_snapshot_opening" state="Audio.apply_mixer_snapshot_freeroam">
			<Entry id="enter" />
			<Exit id="exit" target="play_freeroam_music.enter"/>
		</Node>

		<Node id="play_freeroam_music" state="Audio.play_freeroam_music">
			<Entry id="enter"/>
			<Exit id="exit" target="enable_ambient_audio_streaming.enter"/>
		</Node>

		<Node id="enable_ambient_audio_streaming" state="global.enable_ambient_audio_streaming">
			<Entry id="enter"/>
			<Exit id="exit" target="show_empty_screen_with_hud.enter"/>
		</Node>

		<Node id="show_empty_screen_with_hud" state="global.show_empty_screen_with_hud_resource" >
			<Entry id="enter" />
			<Exit id="exit" target="activate_tutor.enter" />
		</Node>

		<Node id="activate_tutor" state="ActivateInitialExperienceTutor" >
			<Entry id="enter" />
			<Exit id="exit" target="enable_controls.enter" />
		</Node>

		<Node id="enable_controls" state="global.enable_car_control">
			<Entry id="enter" />
			<Exit id="exit" target="allow_civ.enter" />
		</Node>

		<Node id="allow_civ" state="global.enable_traffic_spawning">
			<Entry id="enter" />
			<Exit id="exit" target="enable_festival_traffic.enter" />
		</Node>

		<!-- Added by Sumo AMC -->
		<Node id="reset_traffic_so_it_loads" state="global.reset_traffic_not_festival">
			<Entry id="enter" />
			<Exit id="exit" target="enable_festival_traffic.enter" />
		</Node>

		<Node id="enable_festival_traffic" state="global.enable_festival_traffic_spawning">
			<Entry id="enter" />
			<Exit id="exit" target="reset_mulligan.enter" />
		</Node>

		<Node id="reset_mulligan" state="global.reset_mulligan">
			<Entry id="enter" />
			<Exit id="exit" target="enable_racing_line.enter" />
		</Node>

		<Node id="enable_racing_line" state="global.enable_racing_line">
			<Entry id="enter" />
			<Exit id="exit" target="reset_cam_to_player.enter" />
		</Node>
		
		<Node id="reset_cam_to_player" state="global.reset_camera_to_player" >
			<Entry id="enter" />
			<Exit id="exit" target="wait_before_fade.enter" />
		</Node>
		
		<Node id="wait_before_fade" state="global.wait_for_streaming" >
			<Entry id="enter" />
			<Exit id="exit" target="snap_cars_to_road.enter" />
		</Node>
		
		<Node id="snap_cars_to_road" state="global.snap_all_cars_to_road" >
			<Entry id="enter" />
			<Exit id="exit" target="reset_cam_to_player_again.enter" />
		</Node>
		
		<Node id="reset_cam_to_player_again" state="global.reset_camera_to_player" >
			<Entry id="enter" />
			<Exit id="exit" target="release_car_parking_brake.enter" />
		</Node>
		
		<Node id="release_car_parking_brake" state="global.disable_car_parking_brake" >
			<Entry id="enter" />
			<Exit id="exit" target="get_car_to_rolling_speed.enter" />
		</Node>
		
		<Node id="get_car_to_rolling_speed" state="SetPlayerCarForInitialExperienceStartSpeed" >
			<Entry id="enter" />
			<Exit id="exit" target="fade_in.enter" />
		</Node>
	  
		<Node id="fade_in" state="global.fade_in_long">
			<Entry id="enter" />
			<Exit id="exit" target="show_hud_screen.enter" />
		</Node>
	
		<Node id="show_hud_screen" state="global.show_hud_screen">
			<Entry id="enter" />
			<Exit id="exit" target="unblock_pause_entry.enter" />
		</Node>
		
		<Node id="unblock_pause_entry" state="global.unblock_pause_entry">
			<Entry id="enter" />
			<Exit id="exit" target="enable_initial_experience_triggers.enter" />
		</Node>

		<Node id="enable_initial_experience_triggers" state="EnableInitialExperienceTriggerZones">
			<Entry id="enter" />
			<Exit id="exit" target="start_initial_drive_vo_trigger_timers.enter" />
		</Node>
		
		<Node id="start_initial_drive_vo_trigger_timers" state="StartInitialDriveVoTriggerTimers">
			<Entry id="enter" />
			<Exit id="exit" target="enable_map_discovery.enter" />
		</Node>

		<Node id="enable_map_discovery" state="global.enable_map_discovery" >
			<Entry id="enter" />
			<Exit id="exit" target="start_ie_dj.enter" />
		</Node>

		<Node id="start_ie_dj" state="play_dj_speech">
		  <Entry id="enter" />
		  <Exit id="exit" target="set_ie_dj2.enter" />
		</Node>
		
		<Node id="set_ie_dj2" state="set_dj_speech2">
		  <Entry id="enter" />
		  <Exit id="exit" target="wait_for_autodrive_to_end.enter" />
		</Node>

		<Node id="wait_for_autodrive_to_end" state="global.wait_17_sec">
		  <Entry id="enter" />
		  <Exit id="exit" target="disable_ai_take_over.enter" />
		</Node>
		
		<Node id="disable_ai_take_over" state="disable_ai_player_car_control_IE" >
			<Entry id="enter" />
			<Exit id="exit" target=".exit" />
		</Node>
		
	</State>
	<!-- End of Special state flow for initial experience -->

  <State id="play_dj_speech">
    <Entry id="enter" target=".exit" />
    <Exit id="exit"/>
    <Behaviour id="CRadioDJImmediate" gameplayEvent="DJOffTheBoat" timeDelay="0.0" />
  </State>
  
  <State id="set_dj_speech2">
    <Entry id="enter" target=".exit" />
    <Exit id="exit"/>
    <Behaviour id="CRadioDJSpecial" gameplayEvent="DJInitialE" timeDelayMin="0.0" timeDelayMax="0.0" misc="0" enabled="true" topPriority="true" />
  </State>

	<!-- Flow which will setup a free roam game -->
	<State id="setup_free_roam">
		<Entry id="enter" target="update_map_icon_data.enter" />
		<Exit id="exit" />
		<!-- While in the whole of this state we need game control -->
		<Behaviour id="CGameControlWrapper" />

		<Node id="update_map_icon_data" state="global.update_map_icon_data">
			<Entry id="enter" />
			<Exit id="exit" target="should_start_existing_flow.enter" />
		</Node>

		<!-- We do not need an intro cutscene if we are coming from an existing flow -->
		<Node id="should_start_existing_flow" state="ShouldStartExistingFlow">
			<Entry id="enter" />
			<Exit id="yes" target="should_skip_place_car.enter" />
			<Exit id="no" target="block_pause_entry.enter" />
		</Node>

		<Node id="block_pause_entry" state="global.block_pause_entry">
			<Entry id="enter" />
			<Exit id="exit" target="should_skip_intro.enter" />
		</Node>

		<!-- If "launch" commandline is set then we should skip the intro and go straight to car on track -->
		<Node id="should_skip_intro" state="global.is_debug_launch_set">
			<Entry id="enter" />
			<Exit id="yes" target="place_car.enter" />
			<Exit id="no" target="is_multi_player.enter" />
		</Node>

		<Node id="is_multi_player" state="global.is_in_multiplayer" >
			<Entry id="enter" />
			<Exit id="yes" target="prepare_free_roam.skip_intro_enter" />
			<Exit id="no" target="is_first_time.enter" />
		</Node>

		<Node id="is_first_time" state="global.is_first_time_career" >
			<Entry id="enter" />
			<Exit id="yes" target="has_reached_first_destination.enter" />
			<Exit id="no" target="place_car.enter" />
		</Node>

		<Node id="has_reached_first_destination" state="CHasReachedFirstDestination" >
			<Entry id="enter" />
			<Exit id="true" target="place_car.enter" />
			<Exit id="false" target="has_reached_festival.enter" />
		</Node>

		<node id="should_skip_place_car" state="global.get_event_access_mode">
			<Entry id="enter" />
			<Exit id="raceCentral" target="place_car.enter" />
			<Exit id="streetRaceHub" target="enable_map_discovery.enter" />
			<Exit id="freeRoamActivation" target="place_car.enter" />
			<Exit id="none" target="place_car.enter" />
		</node>

		<Node id="place_car" state="global.restore_car_position" >
			<Entry id="enter" />
			<Exit id="exit" target="enable_map_discovery.enter" />
		</Node>

		<Node id="enable_map_discovery" state="global.enable_map_discovery" >
			<Entry id="enter" />
			<Exit id="exit" target="prepare_free_roam.skip_intro_enter" />
		</Node>

		<!--	===========================================	-->
		<!-- If the Player has already reached the festival, skip most of this state -->
		<Node id="has_reached_festival" state="CHasReachedFestival" >
			<Entry id="enter" />
			<Exit id="true" target="clear_loading_into_ie_flag.enter" />
			<Exit id="false" target="ie_flow_anthem.enter" />
		</Node>
		<!--	===========================================	-->

		<Node id="ie_flow_anthem" state="InitialExperienceFlowAnthem" >
			<Entry id="enter" />
			<Exit id="exit" target=".exit" />
		</Node>

		<!-- ========================================== -->
		<!-- When reloading a partially-completed Initial experience, jump straight to the festival by forcing a trigger -->

		<!-- The loading into IE flag stops async car loading which blocks the player car changing -->
		<Node id="clear_loading_into_ie_flag" state="ClearLoadingIntoInitialExperienceFlag">
			<Entry id="enter" />
			<Exit id="exit" target="skip_to_festival.enter" />
		</Node>

		<Node id="skip_to_festival" state="SkipToFestival">
			<Entry id="enter" />
			<Exit id="exit" target=".exit" />
		</Node>
		<!-- ========================================== -->

		<Node id="prepare_free_roam" state="PrepareFreeRoam">
			<Entry id="intro_enter" />
			<Entry id="skip_intro_enter" />
			<Exit id="exit" target=".exit" />
		</Node>

	</State>

	<State id="root">
		<Entry id="enter" target="setup_free_roam.enter" />
		<Exit id="exit" />

		<Node id="setup_free_roam" state="setup_free_roam">
			<Entry id="enter" />
			<Exit id="exit" target=".exit" />
		</Node>
	</State>

	<!-- States specific to starting free roam -->
	<State id="CHasReachedFirstDestination" >
		<Entry id="enter" />
		<Exit id="true" />
		<Exit id="false" />
		<Behaviour id="CTestHorizonFlag" flag="reachedFirstDestination" >
			<Transition id="onTrue" target=".true" />
			<Transition id="onFalse" target=".false" />
		</Behaviour>
	</State>
	
	<State id="ShouldShowEndGame" >
		<Entry id="enter" />
		<Exit id="yes" />
		<Exit id="no" />
		<Behaviour id="CPendingEndGameSequence" >
			<Transition id="yes" target=".yes" />
			<Transition id="no" target=".no" />
		</Behaviour>
	</State>

	<!-- Handles unlocking new events and opening the map screen to show them -->
	<State id="map_event_unlock_flow">
		<Entry id="enter" target="should_trigger_events_unlock.enter" />
		<Exit id="exit" />

		<Node id="should_trigger_events_unlock" state="global.completed_last_event" >
			<Entry id="enter" />
			<Exit id="yes" target="trigger_events_unlock.enter" />
			<Exit id="no" target="should_show_map_event_unlock.enter" />
		</Node>

		<Node id="trigger_events_unlock" state="TriggerEventsUnlock" >
			<Entry id="enter" />
			<Exit id="exit" target="should_show_map_event_unlock.enter" />
		</Node>
		
		<Node id="should_show_map_event_unlock" state="global.should_show_map_event_unlock" >
			<Entry id="enter" />
			<Exit id="yes" target="set_audio_paused.enter" />
			<Exit id="no" target=".exit" />
		</Node>

		<Node id="set_audio_paused" state="Audio.apply_mixer_snapshot_paused" >
			<Entry id="enter" />
			<Exit id="exit" target="pause_game.enter" />
		</Node>

		<Node id="pause_game" state="global.pause_game" >
			<Entry id="enter" />
			<Exit id="exit" target="load_map.enter" />
		</Node>

		<Node id="load_map" state="map.load_map" >
			<Entry id="enter" />
			<Exit id="exit" target="headline_event_unlocked.enter" />
		</Node>

		<Node id="headline_event_unlocked" state="global.should_show_headline_event_unlock" >
			<Entry id="enter" />
			<Exit id="yes" target="set_headline_event_dest.enter" />
			<Exit id="no" target="map_screen.enter" />
		</Node>

		<Node id="set_headline_event_dest" state="set_headline_event_dest" >
			<Entry id="enter" />
			<Exit id="exit" target="map_screen.enter" />
		</Node>

		<Node id="map_screen" state="map.map_screen" >
			<Entry id="enter" />
			<Exit id="exit" target="should_lock_map.enter" />
			<Exit id="exit_to_game" target="should_lock_map.enter" />
			<Exit id="fast_travel" target="should_lock_map_fast_travel.enter" />
			<Exit id="ambientLeaderboard" target="." />
			<Exit id="lapRaceLeaderboard" target="." />
		</Node>

		<Node id="should_lock_map_fast_travel" state="global.map_locked_for_first_time_career" >
			<Entry id="enter" />
			<Exit id="yes" target="map_screen.enter" />
			<Exit id="no" target="save_profile_then_fast_travel.enter" />
		</Node>

		<Node id="should_lock_map" state="global.map_locked_for_first_time_career" >
			<Entry id="enter" />
			<Exit id="yes" target="map_screen.enter" />
			<Exit id="no" target="save_profile.enter" />
		</Node>

		<Node id="save_profile" state="global.save_profile" >
			<Entry id="enter" />
			<Exit id="exit" target="unload_map_to_empty_scene.enter" />
		</Node>

		<Node id="unload_map_to_empty_scene" state="map.unload_map_to_empty_scene" >
			<Entry id="enter" />
			<Exit id="exit" target="unpause_game.enter" />
		</Node>

		<Node id="save_profile_then_fast_travel" state="global.save_profile" >
			<Entry id="enter" />
			<Exit id="exit" target="unload_map_fast_travel.enter" />
		</Node>

		<Node id="unload_map_fast_travel" state="map.unload_map_to_empty_scene" >
			<Entry id="enter" />
			<Exit id="exit" target="perform_fast_travel.enter" />
		</Node>

		<Node id="perform_fast_travel" state="fasttravel.perform_fast_travel">
			<Entry id="enter" />
			<Exit id="exit" target=".exit" />
		</Node>

		<Node id="unpause_game" state="global.unpause_game" >
			<Entry id="enter" />
			<Exit id="exit" target="set_audio_snapshot_freeroam.enter"/>
		</Node>	
		
		<Node id="set_audio_snapshot_freeroam" state="Audio.apply_mixer_snapshot_freeroam">
			<Entry id="enter" />
			<Exit id="exit" target=".exit"/>
		</Node>
	</State>

	<State id="end_game_flow">
		<Entry id="enter" target="should_show_end_game.enter" />
		<Exit id="exit" />

		<Node id="should_show_end_game" state="ShouldShowEndGame" >
			<Entry id="enter" />
			<Exit id="yes" target="clear_end_game_flag.enter" />
			<Exit id="no" target=".exit" />
		</Node>

		<Node id="clear_end_game_flag" state="ClearEndGameFlag" >
			<Entry id="enter" />
			<Exit id="exit" target="radiodj_disable.enter" />
		</Node>

		<Node id="radiodj_disable" state="Audio.disable_radio_dj">
			<Entry id="enter" />
			<Exit id="exit" target="radioswitching_disable.enter" />
		</Node>

		<Node id="radioswitching_disable" state="Audio.disable_radio_station_switching">
			<Entry id="enter" />
			<Exit id="exit" target="radio_silent_idents_enable.enter" />
		</Node>

		<Node id="radio_silent_idents_enable" state="Audio.enable_radio_silent_idents">
			<Entry id="enter" />
			<Exit id="exit" target="set_play_list.enter" />
		</Node>

		<Node id="set_play_list" state="RadioPlayListForCredits" >
			<Entry id="enter" />
			<Exit id="exit" target="start_radio.enter" />
		</Node>

		<Node id="start_radio" state="Audio.play_freeroam_music">
			<Entry id="enter"/>
			<Exit id="exit" target="enable_ambient_audio.enter"/>
		</Node>

		<Node id="enable_ambient_audio" state="global.enable_ambient_audio_streaming">
			<Entry id="enter"/>
			<Exit id="exit" target="disable_controls.enter"/>
		</Node>

		<Node id="disable_controls" state="global.disable_car_control">
			<Entry id="enter"/>
			<Exit id="exit" target="show_credits.enter"/>
		</Node>

		<Node id="show_credits" state="ShowTeamCredits" >
			<Entry id="enter" />
			<Exit id="exit" target="enable_controls.enter" />
		</Node>

		<Node id="enable_controls" state="global.enable_car_control">
			<Entry id="enter"/>
			<Exit id="exit" target="radiodj_enable.enter"/>
		</Node>

		<Node id="radiodj_enable" state="Audio.enable_radio_dj">
			<Entry id="enter" />
			<Exit id="exit" target="radioswitching_enable.enter" />
		</Node>

		<Node id="radioswitching_enable" state="Audio.enable_radio_station_switching">
			<Entry id="enter" />
			<Exit id="exit" target="radio_silent_idents_disable.enter" />
		</Node>

		<Node id="radio_silent_idents_disable" state="Audio.disable_radio_silent_idents">
			<Entry id="enter" />
			<Exit id="exit" target=".exit" />
		</Node>
	</State>

	<!-- Map screen fast travel exit state-->
	<State id="enable_presentation_fast_travel">
		<Entry id="enter" target="enable_presentationrender.enter" />
		<Exit id="exit" />

		<node id="enable_presentationrender" state="global.enable_presentationrender">
			<Entry id="enter" />
			<Exit id="exit" target="perform_fast_travel.enter" />
		</node>

		<Node id="perform_fast_travel" state="fasttravel.perform_fast_travel">
			<Entry id="enter" />
			<Exit id="exit" target=".exit" />
		</Node>
	</State>

	<State id="PrepeareSkillsCutscene">
		<Entry id="enter" target=".exit" />
		<Exit id="exit" />
		<Behaviour id="CPrepareCutscene" cutscene="Skills_Unlock" race_specific="false"/>
	</State>

	<State id="PlayPopularityVO">
		<Entry id="enter" target=".exit" />
		<Exit id="exit" />
		<Behaviour id="CTriggerVO" trigger="RedRockSkillsIntro" wait="false"/>
	</State>

 <!--
	<State id="ShowPopularitySpinner">
		<Entry id="enter" target=".exit" />
		<Exit id="exit" />
		<Behaviour id="CShowPopularityTutorial">
			<Attribute id="show" value="true" />
		</Behaviour>
	</State>

	<State id="HidePopularitySpinner">
		<Entry id="enter" target=".exit" />
		<Exit id="exit" />
		<Behaviour id="CShowPopularityTutorial">
			<Attribute id="show" value="false" />
		</Behaviour>
	</State>


	<State id="SetTargetTimeOfDayPostPlaneRace">
		<Entry id="enter" target=".exit" />
		<Exit id="exit" />
		<Behaviour id="CSetTimeOfDayPostPlaneRace" />
	</State>

	<State id="SetTimeOfDayPostPlaneRace">
		<Entry id="enter" target=".exit" />
		<Exit id="exit" />
		<Behaviour id="CSetTimeOfDay" >
			<Attribute id="time" value="67200" />
		</Behaviour>
	</State>

	<State id="PopularitySkillsFlow">
		<Entry id="enter" target="unlock_time.enter" />
		<Exit id="exit" />
		<Behaviour id="CGameControlWrapper" />

		<Node id="unlock_time" state="global.unlock_time_of_day">
			<Entry id="enter" />
			<Exit id="exit" target="set_time.enter" />
		</Node>

		<Node id="set_time" state="SetTimeOfDayPostPlaneRace">
			<Entry id="enter" />
			<Exit id="exit" target="lock_time.enter" />
		</Node>

		<Node id="lock_time" state="global.lock_time_of_day">
			<Entry id="enter" />
			<Exit id="exit" target="remove_traffic_cars.enter" />
		</Node>

		<Node id="remove_traffic_cars" state="global.wait_for_traffic_not_festival_to_be_removed">
			<Entry id="enter" />
			<Exit id="exit" target="prepare_skills_tutorial_cutscene.enter"/>
		</Node>
	-->
		<!-- pgGeorgeS Design have requested that we do not show the popularity bar at this point in the flow -->
	<!--
		<Node id="show_skills_hud" state="UIShowScreens.ShowPopularityBarDemoScreen">
			<Entry id="enter" />
			<Exit id="exit" target="show_popularity_tutorial.enter" />
		</Node>

		<Node id="show_popularity_tutorial" state="ShowPopularitySpinner">
			<Entry id="enter" />
			<Exit id="exit" target="prepare_skills_tutorial_cutscene.enter" />
		</Node>

		<Node id="prepare_skills_tutorial_cutscene" state="PrepeareSkillsCutscene">
			<Entry id="enter" />
			<Exit id="exit" target="play_popularity_vo.enter" />
		</Node>

		<Node id="play_popularity_vo" state="PlayPopularityVO">
			<Entry id="enter" />
			<Exit id="exit" target="play_cutscene.enter" />
		</Node>

		<Node id="play_cutscene" state="global.play_current_camera_sequence_and_wait">
			<Entry id="enter" />
			<Exit id="exit" target="reset_camera.enter" />
		</Node>

		<Node id="reset_camera" state="global.reset_camera_to_player">
			<Entry id="enter" />
			<Exit id="exit" target="hide_popularity_tutorial.enter" />
		</Node>

		<Node id="hide_popularity_tutorial" state="HidePopularitySpinner">
			<Entry id="enter" />
			<Exit id="exit" target="set_time_post_plane_race.enter" />
		</Node>

		<Node id="set_time_post_plane_race" state="SetTargetTimeOfDayPostPlaneRace">
			<Entry id="enter" />
			<Exit id="exit" target="show_hud.enter" />
		</Node>

		<Node id="show_hud" state="global.show_hud_screen">
			<Entry id="enter" />
			<Exit id="exit" target="enable_traffic_spawning.enter" />
		</Node>

		<Node id="enable_traffic_spawning" state="global.enable_traffic_spawning">
			<Entry id="enter" />
			<Exit id="exit" target="reset_civ_traffic.enter" />
		</Node>

		<Node id="reset_civ_traffic" state="global.reset_traffic_not_festival">
			<Entry id="enter" />
			<Exit id="exit" target=".exit" />
		</Node>
	</State>
-->

	<State id="TriggerEventsUnlock">
		<Entry id="enter" target="is_first_time.enter" />
		<Exit id="exit" />

		<Node id="is_first_time" state="global.is_first_time_career" >
			<Entry id="enter" />
			<Exit id="no" target="trigger_event_unlocks.enter" />
			<Exit id="yes" target=".exit" />
		</Node>

		<Node id="trigger_event_unlocks" state="global.trigger_career_event_unlocks_from_race_completion">
			<Entry id="enter" />
			<Exit id="exit" target=".exit"/>
		</Node>
	</State>

	<State id="activate_street_race_hub">
		<Entry id="enter" target=".exit" />
		<Exit id="exit" />
		<Behaviour id="CActivateStreetRaceHub" />
	</State>

	<!-- GAME END CUTSCENE -->

	<State id="ClearEndGameFlag">
		<Entry id="enter" target=".exit" />
		<Exit id="exit" />
		<Behaviour id="CSetPendingEndGameSequence" set="false" />
	</State>

	<State id="PrepareGameEndCutscene">
		<Entry id="enter" target=".exit" />
		<Exit id="exit" />
		<Behaviour id="CPrepareCutscene" cutscene="Game_Ending" />
	</State>

	<!-- TEAM CREDITS STATES -->

	<State id="PlayTeamCreditsCutscene" >
		<Entry id="enter" />
		<Exit id="exit" />
		<Behaviour id="CTeamCreditsScreen" wait="true" >
			<Transition id="onDone" target=".exit" />
		</Behaviour>
	</State>

	<State id="RadioPlayListForCredits">
		<Entry id="enter" target=".exit" />
		<Exit id="exit"/>
		<Behaviour id="CSetRadioPlaylist" startWithFirstTrack="true" normalBehaviourAfterListPlayed="true" startAtBeginningOfTrack="true" track1="R1_Encore" track2="R2_Awake" track3="R2_LifeIsLife"/>
	</State>

	<State id="SetSatnavTeamCredits" >
		<Entry id="enter" target=".exit"/>
		<Exit id="exit" />
		<Behaviour id="CSetSatNavDestination" destination_object="average_speed_12_left1"/>
	</State>

	<State id="SetCreditsTime" >
		<Entry id="enter" target=".exit"/>
		<Exit id="exit" />
		<Behaviour id="CSetTimeOfDay">
			<Attribute id="time" value="57600" />
		</Behaviour>
	</State>

	<State id="PrepareTeamCreditsCutscene" >
		<Entry id="enter" target=".exit"/>
		<Exit id="exit" />
		<Behaviour id="CPrepareCutscene" cutscene="Game_Credits" />
	</State>

	<State id="CancelRadioPlaylist" >
		<Entry id="enter" target=".exit"/>
		<Exit id="exit" />
		<Behaviour id="CCancelRadioPlaylist" />
	</State>

	<State id="ShowTeamCredits">
		<Entry id="enter" target="prepare_cutscene_black_out.enter" />
		<Exit id="exit" />

		<Node id="prepare_cutscene_black_out" state="global.black_out">
			<Entry id="enter" />
			<Exit id="exit" target="set_credits_time.enter" />
		</Node>

		<Node id="set_credits_time" state="SetCreditsTime">
			<Entry id="enter" />
			<Exit id="exit" target="remove_traffic_cars.enter" />
		</Node>

		<Node id="remove_traffic_cars" state="global.wait_for_traffic_not_festival_to_be_removed">
			<Entry id="enter" />
			<Exit id="exit" target="prepare_credits_cutscene.enter"/>
		</Node>

		<Node id="prepare_credits_cutscene" state="PrepareTeamCreditsCutscene">
			<Entry id="enter" />
			<Exit id="exit" target="wait_for_streaming.enter" />
		</Node>

		<Node id="wait_for_streaming" state="global.wait_for_streaming">
			<Entry id="enter" />
			<Exit id="exit" target="show_empty.enter" />
		</Node>

		<Node id="show_empty" state="global.show_empty_screen">
			<Entry id="enter" />
			<Exit id="exit" target="hide_racing_line.enter" />
		</Node>

		<Node id="hide_racing_line" state="global.disable_racing_line">
			<Entry id="enter" />
			<Exit id="exit" target="set_destination.enter" />
		</Node>

		<Node id="set_destination" state="SetSatnavTeamCredits">
			<Entry id="enter" />
			<Exit id="exit" target="enable_ai.enter" />
		</Node>

		<Node id="enable_ai" state="global.enable_AI">
			<Entry id="enter" />
			<Exit id="exit" target="enable_ai_takeover.enter" />
		</Node>

		<Node id="enable_ai_takeover" state="global.enable_ai_player_car_control">
			<Entry id="enter" />
			<Exit id="exit" target="set_audio_free_roam.enter" />
		</Node>

		<Node id="set_audio_free_roam" state="Audio.apply_mixer_snapshot_freeroam">
			<Entry id="enter" />
			<Exit id="exit" target="play_cutscene.enter" />
		</Node>

		<Node id="play_cutscene" state="PlayTeamCreditsCutscene">
			<Entry id="enter" />
			<Exit id="exit" target="black_out.enter" />
		</Node>

		<Node id="black_out" state="global.black_out">
			<Entry id="enter" />
			<Exit id="exit" target="set_audio_loading.enter" />
		</Node>

		<Node id="set_audio_loading" state="Audio.apply_mixer_snapshot_loading">
			<Entry id="enter" />
			<Exit id="exit" target="show_loading.enter" />
		</Node>

		<Node id="show_loading" state="global.show_loading_screen">
			<Entry id="enter" />
			<Exit id="exit" target="disable_ai_takeover.enter" />
		</Node>

		<Node id="disable_ai_takeover" state="global.disable_ai_player_car_control">
			<Entry id="enter" />
			<Exit id="exit" target="place_car_at_race_central.enter" />
		</Node>

		<Node id="place_car_at_race_central" state="place_car_post_credits">
			<Entry id="enter" />
			<Exit id="exit" target="clear_satnav.enter" />
		</Node>

		<Node id="clear_satnav" state="global.clear_satnav_destination">
			<Entry id="enter" />
			<Exit id="exit" target="show_racing_line.enter" />
		</Node>

		<Node id="show_racing_line" state="global.enable_racing_line">
			<Entry id="enter" />
			<Exit id="exit" target="reset_cam.enter" />
		</Node>

		<Node id="reset_cam" state="global.reset_camera_to_player">
			<Entry id="enter" />
			<Exit id="exit" target="wait_for_streaming2.enter" />
		</Node>

		<Node id="wait_for_streaming2" state="global.wait_for_streaming">
			<Entry id="enter" />
			<Exit id="exit" target="enable_traffic_spawning.enter" />
		</Node>

		<Node id="enable_traffic_spawning" state="global.enable_traffic_spawning">
			<Entry id="enter" />
			<Exit id="exit" target="reset_civ_traffic.enter" />
		</Node>

		<Node id="reset_civ_traffic" state="global.reset_traffic_not_festival">
			<Entry id="enter" />
			<Exit id="exit" target="set_audio_free_roam2.enter" />
		</Node>

		<Node id="set_audio_free_roam2" state="Audio.apply_mixer_snapshot_freeroam">
			<Entry id="enter" />
			<Exit id="exit" target="blackout2.enter" />
		</Node>

		<Node id="blackout2" state="global.black_out">
			<Entry id="enter" />
			<Exit id="exit" target="clear_playlist.enter" />
		</Node>

		<Node id="clear_playlist" state="CancelRadioPlaylist">
			<Entry id="enter" />
			<Exit id="exit" target="fade_in.enter" />
		</Node>

		<Node id="fade_in" state="global.fade_in">
			<Entry id="enter" />
			<Exit id="exit" target=".exit" />
		</Node>
	</State>

	<!-- Old Horizon Initial Experience Flow states (kept for reference): -->

<!--
	<State id="set_radio_playlist">
		<Entry id="enter" target=".exit" />
		<Exit id="exit"/>
		<Behaviour id="CSetRadioPlaylist" startWithFirstTrack="true" normalBehaviourAfterListPlayed="true" startAtBeginningOfTrack="true" track1="R1_Everyday" track2="R1_ThePower"/>
	</State>

	<State id="set_time_for_first_time_career">
		<Entry id="enter" target="set_time.enter" />
		<Exit id="exit" />
		<Behaviour id="CGameControlWrapper" />

		<Node id="set_time" state="set_time_to_start_time">
			<Entry id="enter" />
			<Exit id="exit" target="lock_time_of_day.enter"/>
		</Node>

		<Node id="lock_time_of_day" state="global.lock_time_of_day">
			<Entry id="enter" />
			<Exit id="exit" target=".exit"/>
		</Node>
	</State>

	<State id="ensure_car_is_viper" >
		<Entry id="enter"/>
		<Exit id="did_change"/>
		<Exit id="did_not_change"/>
		<Behaviour id="CSetCarForInitialDrive" >
			<Transition id="did_change" target=".did_change" />
			<Transition id="did_not_change" target=".did_not_change" />
		</Behaviour>
	</State>

	<State id="play_initial_dj_speech">
		<Entry id="enter" target=".exit" />
		<Exit id="exit"/>
		<Behaviour id="CRadioDJImmediate" gameplayEvent="IntroCutscene" timeDelay="12.5" />
	</State>

	<State id="prepare_intro_camera" >
		<Entry id="enter" target=".exit" />
		<Exit id="exit"/>
		<Behaviour id="CPrepareCutscene" cutscene="Opening_Cutscene" />
	</State>

	<State id="play_intro_camera">
		<Entry id="enter" target="play_camera.enter" />
		<Exit id="exit"/>

		<Behaviour id="CFadeIn" fade_in="true">
				<FadeOptions Duration="2.000000" HoldDuration="0.000000" CurveType="S" Color.x="0.000000" Color.y="0.000000" Color.z="0.000000" Color.w="0.000000"/>
		</Behaviour>

		<Node id="play_camera" state="global.play_current_camera_sequence">
				<Entry id="enter" />
				<Exit id="exit" target=".exit" />
		</Node>
	</State>

	<State id="place_car_initial_drive" >
		<Entry id="enter" target=".exit" />
		<Exit id="exit" />
		<Behaviour id="CPlaceCar" x="-1361.97" y="47.32" z="1881.99" rotation="94.07" />
	</State>

	<State id="set_dest_for_initial_drive">
		<Entry id="enter" target=".exit" />
		<Exit id="exit" />
		<Behaviour id="CSetDestForInitialDrive"/>
	</State>

	<State id="disable_first_time_triggers">
		<Entry id="enter" target=".exit" />
		<Exit id="exit" />
		<Behaviour id="CEnableInitialExperienceTriggers" enable="false"/>
	</State>

	<State id="enable_first_time_triggers">
		<Entry id="enter" target=".exit" />
		<Exit id="exit" />
		<Behaviour id="CEnableInitialExperienceTriggers" enable="true"/>
	</State>

	<State id="ActivateTutor">
		<Entry id="enter" target=".exit" />
		<Exit id="exit" />
		<Behaviour id="CActivateDrivingTutor"/>
	</State>
	<State id="disable_ai_player_car_control_IE">
		<Entry id="enter" target=".exit" />
		<Exit id="exit" />
		<Behaviour id="CDisableAIPlayerCarControlsIE" enable="true" />
	</State>

	<State id="enable_ai_player_car_control_IE">
		<Entry id="enter" target=".exit" />
		<Exit id="exit" />
		<Behaviour id="CDisableAIPlayerCarControlsIE" enable="false" />
	</State>

	<State id="ClearLoadingIntorIeFlag">
		<Entry id="enter" target=".exit" />
		<Exit id="exit" />
		<Behaviour id="CClearLoadingIntorIeFlag" enable="false" />
	</State>

	<State id="mute_car_audio_collisions">
		<Entry id="enter" target=".exit" />
		<Exit id="exit" />
		<Behaviour id="CMuteCarAudio" mute="true"/>
	</State>

	<State id="unmute_car_audio_collisions">
		<Entry id="enter" target=".exit" />
		<Exit id="exit" />
		<Behaviour id="CMuteCarAudio" mute="false"/>
	</State>

	<State id="set_assists_for_IE">
		<Entry id="enter" target=".exit" />
		<Exit id="exit" />
		<Behaviour id="CRestoreReplaceAssistsForIE"/>
	</State>

	<State id="PreloadDiner">
		<Entry id="enter" target=".exit" />
		<Exit id="exit" />
		<Behaviour id="CPreloadDinerCutscene"/>
	</State>
-->

	<!-- Sequence which releases the car and starts the free roam -->
	<!-- Old version of intro_flow from Horizon - just use for reference -->

<!--
	<State id="intro_flow">
		<Entry id="enter" target="set_audio_loading.enter" />
		<Exit id="exit" />

		<Node id="set_audio_loading" state="Audio.loading">
			<Entry id="enter" />
			<Exit id="exit" target="mute_cars.enter"/>
		</Node>

		<Node id="disable_satnav_audio" state="Audio.disable_satnav_audio">
			<Entry id="enter" />
			<Exit id="exit" target="mute_cars.enter" />
		</Node>

		<Node id="mute_cars" state="Audio.mute_car_audio">
			<Entry id="enter" />
			<Exit id="exit" target="disable_racing_line.enter" />
		</Node>

		<Node id="disable_racing_line" state="global.disable_racing_line">
			<Entry id="enter" />
			<Exit id="exit" target="mute_car_collisions.enter" />
		</Node>

		<Node id="mute_car_collisions" state="mute_car_audio_collisions">
			<Entry id="enter" />
			<Exit id="exit" target="radiodj_disable.enter" />
		</Node>

		<Node id="radiodj_disable" state="Audio.disable_radio_dj">
			<Entry id="enter" />
			<Exit id="exit" target="radioswitching_disable.enter" />
		</Node>

		<Node id="radioswitching_disable" state="Audio.disable_radio_station_switching">
			<Entry id="enter" />
			<Exit id="exit" target="radio_silent_idents_enable.enter" />
		</Node>

		<Node id="radio_silent_idents_enable" state="Audio.enable_radio_silent_idents">
			<Entry id="enter" />
			<Exit id="exit" target="set_radio_playlist.enter" />
		</Node>

		<Node id="set_radio_playlist" state="set_radio_playlist" >
			<Entry id="enter" />
			<Exit id="exit" target="set_time.enter" />
		</Node>

		<Node id="set_time" state="set_time_for_first_time_career">
			<Entry id="enter" />
			<Exit id="exit" target="setup_blend_camera.enter" />
		</Node>

		<Node id="setup_blend_camera" state="setup_blend_camera">
			<Entry id="enter" />
			<Exit id="exit" target="disable_initial_experience_triggers.enter" />
		</Node>

		<Node id="disable_initial_experience_triggers" state="disable_first_time_triggers">
			<Entry id="enter" />
			<Exit id="exit" target="load_route.enter" />
		</Node>

		<Node id="load_route" state="LoadIERoute" >
			<Entry id="enter" />
			<Exit id="exit" target="set_car.enter" />
		</Node>

		<Node id="set_car" state="ensure_car_is_viper" >
			<Entry id="enter" />
			<Exit id="did_change" target="reload_car.enter" />
			<Exit id="did_not_change" target="place_car.enter" />
		</Node>

		<Node id="reload_car" state="global.load_player_choices_car" >
			<Entry id="enter" />
			<Exit id="exit" target="place_car.enter" />
		</Node>

		<Node id="place_car" state="place_car_initial_drive" >
			<Entry id="enter" />
			<Exit id="exit" target="unlock_satnav.enter" />
		</Node>

		<Node id="unlock_satnav" state="global.unlock_satnav_destination" >
			<Entry id="enter" />
			<Exit id="exit" target="set_dest.enter" />
		</Node>

		<Node id="set_dest" state="set_dest_for_initial_drive" >
			<Entry id="enter" />
			<Exit id="exit" target="enable_ai_take_over.enter" />
		</Node>

		<Node id="enable_ai_take_over" state="enable_ai_player_car_control_IE" >
			<Entry id="enter" />
			<Exit id="exit" target="start_race.enter" />
		</Node>

		<Node id="start_race" state="global.start_race" >
			<Entry id="enter" />
			<Exit id="exit" target="start_driving.enter" />
		</Node>

		<Node id="start_driving" state="global.start_driving" >
			<Entry id="enter" />
			<Exit id="exit" target="prepare_intro.enter" />
		</Node>

		<Node id="prepare_intro" state="prepare_intro_camera" >
			<Entry id="enter" />
			<Exit id="exit" target="wait_for_streaming.enter" />
		</Node>
		<Node id="wait_for_streaming" state="global.wait_for_streaming">
			<Entry id="enter" />
			<Exit id="exit" target="disable_controls.enter" />
		</Node>

		<Node id="disable_controls" state="global.disable_car_control">
			<Entry id="enter" />
			<Exit id="exit" target="clear_loading_into_ie_flag.enter" />
		</Node>

		<Node id="clear_loading_into_ie_flag" state="ClearLoadingIntorIeFlag">
			<Entry id="enter" />
			<Exit id="exit" target="no_civ.enter" />
		</Node>

		<Node id="no_civ" state="global.disable_traffic_spawning_with_despawn">
			<Entry id="enter" />
			<Exit id="exit" target="allow_loading.enter" />
		</Node>

		<Node id="allow_loading" state="global.enable_traffic_loading">
			<Entry id="enter" />
			<Exit id="exit" target="unmute_cars.enter" />
		</Node>

		<Node id="unmute_cars" state="Audio.unmute_car_audio">
			<Entry id="enter" />
			<Exit id="exit" target="unmute_car_collisions.enter" />
		</Node>

		<Node id="unmute_car_collisions" state="unmute_car_audio_collisions">
			<Entry id="enter" />
			<Exit id="exit" target="disable_festival_traffic_spawning.enter" />
		</Node>

		<Node id="disable_festival_traffic_spawning" state="global.disable_festival_traffic_spawning">
			<Entry id="enter" />
			<Exit id="exit" target="set_audio_exterior_freeroam.enter" />
		</Node>

		<Node id="set_audio_exterior_freeroam" state="Audio.exterior_freeroam">
			<Entry id="enter" />
			<Exit id="exit" target="set_audio_snapshot_opening.enter" />
		</Node>

		<Node id="set_audio_snapshot_opening" state="Audio.apply_mixer_opening_cutscene">
			<Entry id="enter" />
			<Exit id="exit" target="play_freeroam_music.enter"/>
		</Node>

		<Node id="play_freeroam_music" state="Audio.play_freeroam_music">
			<Entry id="enter"/>
			<Exit id="exit" target="enable_ambient_audio_streaming.enter"/>
		</Node>

		<Node id="enable_ambient_audio_streaming" state="global.enable_ambient_audio_streaming">
			<Entry id="enter"/>
			<Exit id="exit" target="play_initial_dj_speech.enter"/>
		</Node>

		<Node id="play_initial_dj_speech" state="play_initial_dj_speech">
			<Entry id="enter"/>
			<Exit id="exit" target="black_out.enter"/>
		</Node>

		<Node id="black_out" state="global.black_out" >
			<Entry id="enter" />
			<Exit id="exit" target="show_empty_screen_with_hud.enter" />
		</Node>

		<Node id="show_empty_screen_with_hud" state="global.show_empty_screen_with_hud_resource" >
			<Entry id="enter" />
			<Exit id="exit" target="intro.enter" />
		</Node>

		<Node id="intro" state="play_intro_camera" >
			<Entry id="enter" />
			<Exit id="exit" target="wait_for_camera.enter" />
		</Node>

		<Node id="wait_for_camera" state="global.wait_for_current_camera_sequence" >
			<Entry id="enter" />
			<Exit id="exit" target="activate_tutor.enter" />
		</Node>

		<Node id="activate_tutor" state="ActivateTutor" >
			<Entry id="enter" />
			<Exit id="exit" target="enable_controls.enter" />
		</Node>

		<Node id="enable_controls" state="global.enable_car_control">
			<Entry id="enter" />
			<Exit id="exit" target="human_takeover.enter" />
		</Node>

		<Node id="human_takeover" state="disable_ai_player_car_control_IE" >
			<Entry id="enter" />
			<Exit id="exit" target="allow_civ.enter" />
		</Node>

		<Node id="allow_civ" state="global.enable_traffic_spawning">
			<Entry id="enter" />
			<Exit id="exit" target="no_festival.enter" />
		</Node>

		<Node id="no_festival" state="global.disable_festival_traffic_spawning">
			<Entry id="enter" />
			<Exit id="exit" target="reset_mulligan.enter" />
		</Node>

		<Node id="reset_mulligan" state="global.reset_mulligan">
			<Entry id="enter" />
			<Exit id="exit" target="enable_racing_line.enter" />
		</Node>

		<Node id="enable_racing_line" state="global.enable_racing_line">
			<Entry id="enter" />
			<Exit id="exit" target="reset_cam_to_player.enter" />
		</Node>

		<Node id="reset_cam_to_player" state="global.reset_camera_to_player" >
			<Entry id="enter" />
			<Exit id="exit" target="white_out.enter" />
		</Node>

		<Node id="white_out" state="global.white_flash" >
			<Entry id="enter" />
			<Exit id="exit" target="show_hud_screen.enter" />
		</Node>

		<Node id="show_hud_screen" state="global.show_hud_screen">
			<Entry id="enter" />
			<Exit id="exit" target="unblock_pause_entry.enter" />
		</Node>

		<Node id="unblock_pause_entry" state="global.unblock_pause_entry">
			<Entry id="enter" />
			<Exit id="exit" target="enable_initial_experience_triggers.enter" />
		</Node>

		<Node id="enable_initial_experience_triggers" state="enable_first_time_triggers">
			<Entry id="enter" />
			<Exit id="exit" target="enable_map_discovery.enter" />
		</Node>

		<Node id="enable_map_discovery" state="global.enable_map_discovery" >
			<Entry id="enter" />
			<Exit id="exit" target=".exit" />
		</Node>
	</State>
-->
</StateGroup>e>
-->
</StateGroup>e>
-->
</StateGroup>e>
-->
</StateGroup>