<StateGroup id="game_start" >

    <State id="wait_for_loading_complete">
        <Entry id="enter" />
        <Exit id="exit" />
        <Behaviour id="CWaitForLoadingComplete">
            <Transition id="exit" target=".exit" />
        </Behaviour>
    </State>
        
    <!-- Entry Point -->
    <State id="Root">
        <Entry id="enter" target="wait_for_loading_complete.enter" />
        <Exit id="exit" />
        
        <!-- Wait for the loading of the game to finish -->
        <Node id="wait_for_loading_complete" state="wait_for_loading_complete">
            <Entry id="enter" />
            <Exit id="exit" target="unlock_initial_events.enter" />
        </Node>
		
        <Node id="unlock_initial_events" state="UnlockInitialRallyEvents">
            <Entry id="enter" />
            <Exit id="exit" target="rally_free_roam_setup.enter" />
        </Node>
		
        <Node id="rally_free_roam_setup" state="game_start_rally_free_roam.root">
            <Entry id="enter" />
            <Exit id="exit" target=".exit" />
        </Node>
    </State>
      
    <!-- Entry Point -->
    <State id="Restart">
        <Entry id="enter" target="wait_for_loading_complete.enter" />
        <Exit id="exit" />
        
        <!-- Wait for the loading of the game to finish -->
        <Node id="wait_for_loading_complete" state="wait_for_loading_complete">
            <Entry id="enter" />
            <Exit id="exit" target="rally_free_roam_setup.enter" />
        </Node>
		
        <Node id="rally_free_roam_setup" state="game_start_rally_free_roam.root">
            <Entry id="enter" />
            <Exit id="exit" target=".exit" />
        </Node>
    </State>

    <State id="UnlockInitialRallyEvents" >
        <Entry id="enter" target=".exit"/>
        <Exit id="exit" />
        <Behaviour id="CInitialiseEventUnlocksRally"/>
    </State>
</StateGroup>       
</StateGroup>       
</StateGroup>       
</StateGroup>       
