<StateGroup id="game_nemesis_race_flow" >
    <State id="root">
        <Entry id="enter" target="pre_race.enter" />
        <Exit id="exit" />

		<StateSubstitute state="radiodj.post_race" substitute="radiodj.festival_beat_nemesis" />
        <StateSubstitute state="game_festival_race_flow.CareerRewardsFlow" substitute="NemesisRewardsFlow"/>
        <StateSubstitute state="game_race_flow.postrace_rewardcar_transition_and_loop_cam_01" substitute="postrace_nemesis_rewardcar_cam"/>
		<StateSubstitute state="game_festival_race_flow.set_radio_3d_on" substitute="set_radio_3d_on" />
        <StateSubstitute state="game_festival_race_flow.prerace_countdown_flash" substitute="global.black_out"/>
        
        <Node id="pre_race" state="PreRace">
            <Entry id="enter" />
            <Exit id="exit" target="wait_for_cutscene_cleanup.enter" />
        </Node>
        <Node id="wait_for_cutscene_cleanup" state="global.wait_for_cutscene_countdown_or_race_end" >
            <Entry id="enter" />
            <Exit id="exit" target="enable_traffic.enter" />
            <Exit id="race_end" target="post_race.enter" />
        </Node>
        <Node id="enable_traffic" state="global.enable_traffic_spawning">
            <Entry id="enter" />
            <Exit id="exit" target="wait_for_finished.enter" />
        </Node>
        <Node id="wait_for_finished" state="game_festival_race_flow.race_flow">
            <Entry id="enter" />
            <Exit id="exit" target="post_race.enter" />
        </Node>
		<Node id="post_race" state="game_festival_race_flow.PostRace">
            <Entry id="enter" />
            <Exit id="exit" target=".exit" />
        </Node>
    </State>

  
	
    <State id="restart">
        <Entry id="enter" target="remove_traffic.enter" />
        <Exit id="exit" />

		<StateSubstitute state="radiodj.post_race" substitute="radiodj.festival_beat_nemesis" />	
		<StateSubstitute state="game_festival_race_flow.set_radio_3d_on" substitute="set_radio_3d_on" />		
		
        <Node id="remove_traffic" state="global.wait_for_traffic_cars_to_be_removed">
            <Entry id="enter" />
            <Exit id="exit" target="reset_traffic_cars.enter" />
        </Node>
	
	    <Node id="reset_traffic_cars" state="global.reset_traffic_cars">
            <Entry id="enter" />
            <Exit id="exit" target="force_satnav_recalculation.enter" />
        </Node>

        <Node id="force_satnav_recalculation" state="global.force_satnav_recalculation">
            <Entry id="enter" />
            <Exit id="exit" target="pre_race.enter" />
        </Node>

        <Node id="pre_race" state="game_festival_race_flow.PreRace_restart">
            <Entry id="enter" />
            <Exit id="exit" target="wait_for_cutscene_cleanup.enter" />
        </Node>
        <Node id="wait_for_cutscene_cleanup" state="global.wait_for_cutscene_countdown_or_race_end" >
            <Entry id="enter" />
            <Exit id="exit" target="enable_traffic.enter" />
            <Exit id="race_end" target="post_race.enter" />
        </Node>
        <Node id="enable_traffic" state="global.enable_traffic_spawning">
            <Entry id="enter" />
            <Exit id="exit" target="wait_for_finished.enter" />
        </Node>
        <Node id="wait_for_finished" state="game_festival_race_flow.race_flow">
            <Entry id="enter" />
            <Exit id="exit" target="post_race.enter" />
        </Node>
		
        <Node id="post_race" state="game_festival_race_flow.PostRace">
            <Entry id="enter" />
            <Exit id="exit" target=".exit" />
        </Node>
    </State>

	 
	
    <!-- State which encompasses all pre vehicle starting flow -->
    <!--
        Flow goes as such:

	PreracePrepare
	PreraceIntro
    PreraceMenu
    ( No Nemesis Callout in Street Race )
	PreraceCountdown
	PreraceCleanup

    -->
    <State id="PreRace">
        <Entry id="enter" target="prerace_prepare.enter" />
        <Exit id="exit" />
        <!-- While in the whole of this state we need game control -->
        <Behaviour id="CGameControlWrapper" />

        <Node id="prerace_prepare" state="game_festival_race_flow.prerace_prepare">
            <Entry id="enter" />
            <Exit id="exit" target="should_we_skip_prerace_intro.enter" />
        </Node>
        <Node id="should_we_skip_prerace_intro" state="game_race_flow.IsRivalsFlow">
            <Entry id="enter" />
            <Exit id="no" target="prerace_intro.enter" />
            <Exit id="yes" target="prerace_menu.enter" />
        </Node>
        <Node id="prerace_intro" state="prerace_intro">
            <Entry id="enter" />
            <Exit id="exit" target="prerace_menu.enter" />
        </Node>
        <Node id="prerace_menu" state="game_festival_race_flow.prerace_menu">
            <Entry id="enter" />
            <Entry id="enter_from_intro" />
            <Exit id="race" target="prerace_countdown.enter" />
            <Exit id="quit" target="load_to_free_roam.enter" />
        </Node>
        <Node id="prerace_countdown" state="game_festival_race_flow.prerace_countdown">
            <Entry id="enter" />
            <Exit id="exit" target="prerace_cleanup.enter" />
        </Node>
        <Node id="prerace_cleanup" state="game_festival_race_flow.prerace_cleanup">
            <Entry id="enter" />
            <Exit id="exit" target=".exit" />
        </Node>
        <Node id="load_to_free_roam" state="game_festival_race_flow.load_back_to_free_roam">
            <Entry id="enter" />
        </Node>
    </State>

    <!-- Play the prerace intro cutscene
        
        ( Don't show the title screen over the top ) -->
    <State id="prerace_intro">
        <Entry id="enter" target="prepare_prerace_intro.enter" />
        <Exit id="exit" />

        <Node id="prepare_prerace_intro" state="game_race_flow.prepare_prerace_intro" >
            <Entry id="enter" />
            <Exit id="exit" target="play_prerace_intro.enter" />
        </Node>
        <Node id="play_prerace_intro" state="global.play_current_camera_sequence" >
            <Entry id="enter" />
            <Exit id="exit" target="pre_race_screen_pre_wait.enter" />
        </Node>
        <Node id="pre_race_screen_pre_wait" state="global.wait_for_cutscene_countdown">
            <Entry id="enter" />
            <Exit id="exit" target=".exit"/>
        </Node>
    </State>


    <State id="postrace_earnings_camera_dummy">
        <Entry id="enter" target=".exit" />
        <Exit id="exit" />
    </State>

    <State id="NemesisRewardsFlow">
        <Entry id="enter" target="event_unlocks.enter" />
        <Exit id="exit" />

        <Node id="event_unlocks" state="game_festival_race_flow.UnlocksFlow">
            <Entry id="enter" />
            <Exit id="exit" target="prepare_for_rewards.enter"/>
        </Node>

        <Node id="prepare_for_rewards" state="PrepareForRewardsFlow">
            <Entry id="enter" />
            <Exit id="exit" target="should_show_earnings_screen.enter"/>
        </Node>

        <Node id="should_show_earnings_screen" state="global.did_player_get_credit_rewards">
            <Entry id="enter" />
            <Exit id="yes" target="postrace_earnings_camera.enter"/>
            <Exit id="no" target="should_show_points_screen.enter"/>
        </Node>

        <Node id="postrace_earnings_camera" state="game_race_flow.postrace_earnings_camera">
            <Entry id="enter" />
            <Exit id="exit" target="show_earnings_screen.enter" />
        </Node>

        <Node id="show_earnings_screen" state="UIShowScreens.ShowEarningsBreakdownScreen">
            <Entry id="enter" />
            <Exit id="done" target="should_show_points_screen.enter"/>
        </Node>

        <Node id="should_show_points_screen" state="game_race_flow.ShouldShowXPScreen">
            <Entry id="enter" />
            <Exit id="yes" target="postrace_careerpoints_camera.enter" />
            <Exit id="no" target="should_show_reward_car_sequence.enter" />
        </Node>

        <Node id="postrace_careerpoints_camera" state="game_race_flow.postrace_careerpoints_camera">
            <Entry id="enter" />
            <Exit id="exit" target="show_career_points_screen.enter" />
        </Node>

        <Node id="show_career_points_screen" state="UIShowScreens.ShowPostRaceCareerPointsScreen">
            <Entry id="enter" />
            <Exit id="done" target="should_show_reward_car_sequence.enter"/>
        </Node>

        <Node id="should_show_reward_car_sequence" state="game_festival_race_flow.ShouldShowRewardCarSequence">
            <Entry id="enter" />
            <Exit id="yes" target="reward_car_sequence.enter" />
            <Exit id="no" target=".exit" />
        </Node>

        <Node id="reward_car_sequence" state="game_festival_race_flow.RewardCarSequence">
            <Entry id="enter" />
            <Exit id="exit" target="is_final_nemesis_race.enter" />
        </Node>

        <Node id="is_final_nemesis_race" state="game_race_flow.IsFinalNemesisRace">
            <Entry id="enter" />
            <Exit id="yes" target="set_end_game_flag.enter" />
            <Exit id="no" target=".exit" />
        </Node>

        <Node id="set_end_game_flag" state="SetEndGameFlag">
          <Entry id="enter" />
          <Exit id="exit" target=".exit" />
        </Node>
    </State>

    <State id="SetEndGameFlag">
      <Entry id="enter" target=".exit" />
      <Exit id="exit" />
      <Behaviour id="CSetPendingEndGameSequence" set="true" />
    </State>

    <!-- This version does not hide the AI cars, as the nemesis car needs to be visible in the cutscenes -->
    <State id="PrepareForRewardsFlow">
        <Entry id="enter" target="show_empty_screen.enter" />
        <Exit id="exit" />

        <Node id="show_empty_screen" state="global.show_empty_screen">
            <Entry id="enter" />
            <Exit id="exit" target="mute_car_audio.enter" />
        </Node>

        <Node id="mute_car_audio" state="Audio.mute_car_audio">
            <Entry id="enter" />
            <Exit id="exit" target="enable_compressed_heap.enter"/>
        </Node>

        <Node id="enable_compressed_heap" state="global.enable_compressed_heap">
          <Entry id="enter" />
          <Exit id="exit" target="apply_parking_brake.enter"/>
        </Node>

        <Node id="apply_parking_brake" state="global.enable_all_players_car_parking_brake">
            <Entry id="enter" />
            <Exit id="exit" target="disable_ai.enter"/>
        </Node>

        <Node id="disable_ai" state="global.disable_AI">
            <Entry id="enter" />
            <Exit id="exit" target="remove_traffic.enter" />
        </Node>

        <Node id="remove_traffic" state="global.disable_traffic_spawning_with_despawn">
            <Entry id="enter" />
            <Exit id="exit" target="place_car_for_rewards.enter" />
        </Node>

        <Node id="place_car_for_rewards" state="game_race_flow.place_car_for_rewards">
            <Entry id="enter" />
            <Exit id="exit" target="repair_damage.enter"/>
        </Node>

        <Node id="repair_damage" state="global.reset_car_damage_all_cars">
            <Entry id="enter" />
            <Exit id="exit" target=".exit" />
        </Node>
    </State>

    <State id="postrace_nemesis_rewardcar_cam">
        <Entry id="enter" />
        <Exit id="exit" />
        <Behaviour id="CShowNemesisCarRewardSequence" cutscene="postrace_rewardcar_transition_01">
           <Transition id="onDone" target=".exit" />
        </Behaviour>
    </State>
	<State id="set_radio_3d_on">
	    <Entry id="enter" target=".exit" />
		<Exit id="exit" />
		<Behaviour id="CEnableRadio3D" enable="true" ambientEvent="Default_Race_Music" station="Radio9_3d_Streetrace" />
	</State>	
	<State id="set_radio_3d_off">
	    <Entry id="enter" target=".exit" />
		<Exit id="exit" />
		<Behaviour id="CEnableRadio3D" enable="false" />
	</State>		
  
</StateGroup>
	
  
</StateGroup>
	
  
</StateGroup>
	
  
</StateGroup>
