<StateGroup id="game_start_rally_free_roam" >

    <state id="remove_player_car">
        <entry id="enter" target=".exit"/>
        <exit id="exit"/>
        <behaviour id="CRemovePlayerCarWhilePaused" />
    </state>

    <State id="load_bg_movie" >
        <Entry id="enter" target="show_loading_screen.enter" />
        <Exit id="exit" />

      <Node id="show_loading_screen" state="global.show_loading_screen">
        <Entry id="enter"/>
        <Exit id="exit" target="wait_3_sec.enter"/>
      </Node>

      <Node id="wait_3_sec" state="global.wait_3_sec">
        <Entry id="enter"/>
        <Exit id="exit" target="unload_background.enter"/>
      </Node>

      <!--Ensure there's room in the streaming heap to load the movie-->
      <Node id="unload_background" state="InGameUI.unload_background">
        <Entry id="enter" />
        <Exit id="exit" target="show_bg_movie.enter" />
      </Node>

      <Node id="show_bg_movie" state="show_bg_movie">
        <Entry id="enter" />
        <Exit id="exit" target=".exit" />
      </Node>

    </State>

  <State id="show_bg_movie" >
    <Entry id="enter" target=".exit" />
    <Exit id="exit" />
    <Behaviour id="CShowBackgroundMovie" />
  </State>

  <State id="ClearMapEventUnlockID">
        <Entry id="enter" target=".exit" />
        <Exit id="exit" />
        <Behaviour id="CClearPendingEventUnlockID"/>
    </State>

    <State id="HasSeenInitialIntro" >
      <Entry id="enter" />
      <Exit id="yes" />
      <Exit id="no" />
      <Behaviour id="CHasCompletedRallyInitialFlow" >
        <Transition id="yes" target=".yes" />
        <Transition id="no" target=".no" />
      </Behaviour>
    </State>
  
    <State id="SetHasSeenInitialIntro" >
      <Entry id="enter" target=".exit"/>
      <Exit id="exit" />
      <Behaviour id="CSetHasSeenRallyIntro" set="true"/>
    </State>
  
    <!-- Flow which will setup a free roam game -->
    <State id="setup_free_roam">
        <Entry id="enter" target="update_map_icon_data.enter" />
        <Exit id="exit" />
        <!-- While in the whole of this state we need game control -->
        <Behaviour id="CGameControlWrapper" />

      <Behaviour id="CEnablePresentationRenderWrapper" >
        <Attribute id="enable" value="false" />
        <Attribute id="shadows" value="false" />
        <Attribute id="shadowHeap" value="false" />
      </Behaviour>

      <Node id="update_map_icon_data" state="global.update_map_icon_data">
            <Entry id="enter" />
            <Exit id="exit" target="discover_festival.enter" />
        </Node>

        <Node id="discover_festival" state="global.discover_festival_ring" >
            <Entry id="enter" />
            <Exit id="exit" target="set_audio_loading.enter" />
        </Node>

        <Node id="set_audio_loading" state="Audio.loading">
            <Entry id="enter" />
            <Exit id="exit" target="unload_lod0_cars.enter"/>
        </Node>
      
        <Node id="unload_lod0_cars" state="global.unload_lod0_cars">
            <Entry id="enter" />
            <Exit id="exit" target="set_audio_for_rally_hub.enter" />
        </Node>

        <Node id="set_audio_for_rally_hub" state="set_audio_for_rally_hub">
          <Entry id="enter" />
          <Exit id="exit" target="map_event_unlock_flow.enter"/>
        </Node>
      
        <!-- Opens the map screen if there are new career events to show (nemesis/final events) -->
        <Node id="map_event_unlock_flow" state="map_event_unlock_flow">
            <Entry id="enter" />
            <Exit id="exit" target="clear_event_unlock_flag.enter" />
        </Node>

        <Node id="clear_event_unlock_flag" state="ClearMapEventUnlockID">
            <Entry id="enter" />
            <Exit id="exit" target="unload_to_splash_audio.enter" />
        </Node>

        <Node id="unload_to_splash_audio" state="Audio.to_lobby_or_title">
            <Entry id="enter" />
            <Exit id="exit" target="unload_to_splash.enter" />
        </Node>
        <Node id="unload_to_splash" state="unload_to_splash">
            <Entry id="enter" />
        </Node>
    </State>

  
  <State id="set_audio_for_rally_hub">
      
      <Entry id="enter" target="set_normal_eq.enter" />
      <Exit id="exit" />

      <Node id="set_normal_eq" state="set_normal_eq">
        <Entry id="enter"/>
        <Exit id="exit" target="enable_ambient_audio_streaming.enter" />
      </Node>

      <Node id="enable_ambient_audio_streaming" state="global.enable_ambient_audio_streaming">
        <Entry id="enter"/>
        <Exit id="exit" target="start_radio.enter" />
      </Node>
      
      <Node id="start_radio" state="Audio.play_freeroam_music_with_fades" >
        <Entry id="enter" />
        <Exit id="exit" target="force_radio_station.enter" />
      </Node>

      <Node id="force_radio_station" state="rally_hub_radio" >
        <Entry id="enter" />
        <Exit id="exit" target="disable_dj.enter" />
      </Node>

      <Node id="disable_dj" state="Audio.disable_radio_dj" >
        <Entry id="enter" />
        <Exit id="exit" target="apply_mixer_snapshot.enter" />
      </Node>

      <Node id="apply_mixer_snapshot" state="Audio.apply_mixer_snapshot_ui_exterior" >
        <Entry id="enter" />
        <Exit id="exit" target="radio_silent_idents_disable.enter" />
      </Node>

      <Node id="radio_silent_idents_disable" state="Audio.disable_radio_silent_idents">
        <Entry id="enter" />
        <Exit id="exit" target=".exit" />
      </Node>

  </State>

  <!-- pgIanM - Looked into trying to play a 3D station as 2D, but the RadioSystem is too fragile to support that at this stage. Falling back on standard 2D radio station. -->
  <State id="rally_hub_radio">
    <Entry id="enter" target=".exit" />
    <Exit id="exit" />
    <Behaviour id="CSetRadioStation" station="bass_arena" show_hud="false"/>
  </State>

  <State id="set_normal_eq">
    <Entry id="enter" target=".exit" />
    <Exit id="exit" />
    <Behaviour id="CSetNormalEQ" />
  </State>

  <State id="unload_to_splash">
        <Entry id="enter" />
        <Behaviour id="CUnloadToPreGame" destination="splash" />
    </State>

    <State id="root">
        <Entry id="enter" target="setup_free_roam.enter" />
        <Exit id="exit" />

        <Node id="setup_free_roam" state="setup_free_roam">
            <Entry id="enter" />
            <Exit id="exit" target=".exit" />
        </Node>

    </State>

    <State id="post_functional_location">
        <Entry id="enter" target="show_empty_scene.enter" />
        <Exit id="exit" />

        <Node id="show_empty_scene" state="global.show_empty_screen">
            <Entry id="enter" />
            <Exit id="exit" target="unload_background.enter" />
        </Node>

        <Node id="unload_background" state="InGameUI.unload_background">
            <Entry id="enter" />
            <Exit id="exit" target="disable_compressed_heap.enter" />
        </Node>

        <Node id="disable_compressed_heap" state="global.disable_compressed_heap">
            <Entry id="enter" />
            <Exit id="exit" target=".exit" />
        </Node>

        <!--Node id="enable_streaming" state="global.enable_streaming">
          <Entry id="enter" />
          <Exit id="exit" target=".exit" />
        </Node>

        <Node id="disable_thumb_manager" state="global.disable_thumbnail_manager">
            <Entry id="enter" />
            <Exit id="exit" target=".exit" />
        </Node-->
    </State>
    
    <State id="dummy_exit">
        <Entry id="enter" target=".exit" />
        <Entry id="enterForLoading" target=".exit" />
        <Exit id="exit" />

        <!--Node id="disable_thumb_manager" state="global.disable_thumbnail_manager">
            <Entry id="enter" />
            <Exit id="exit" target=".exit" />
        </Node-->

    </State>

    <State id="prepare_for_load">
      <Entry id="enter" target="set_audio_loading.enter" />
      <Exit id="exit" />

      <Node id="set_audio_loading" state="Audio.loading" >
        <Entry id="enter" />
        <Exit id="exit" target="unload_background.enter" />
      </Node>
      <Node id="unload_background" state="InGameUI.unload_background">
        <Entry id="enter"/>
        <Exit id="exit" target=".exit"/>
      </Node>
    </State>

    <State id="load_after_return_from_pre_event_autoshow">
      <Entry id="enter" target="load_bg_movie.enter" />
      <Exit id="exit" />

      <Node id="load_bg_movie" state="load_bg_movie">
        <Entry id="enter" />
        <Exit id="exit" target="return_audio_to_rally_hub.enter" />
      </Node>

      <Node id="return_audio_to_rally_hub" state="set_audio_for_rally_hub">
        <Entry id="enter" />
        <Exit id="exit" target=".exit" />
      </Node>
    </State>
  
    <State id="rally_hub">
      <entry id="enter" target="set_audio_for_rally_hub.enter"/>
      <entry id="enter_skip_audio_setup" target="should_trigger_events_unlock.enter"/>
      <exit id="exitToLoadRivals"/>
      <exit id="exitToLoadEvent"/>
      <exit id="exitToOutpost"/>
      <exit id="exitBack"/>

      <StateSubstitute state="career_event_activations.rally_rivals_post_autoshow" substitute="load_after_return_from_pre_event_autoshow" />
      
      <Behaviour id="CCollectRallyUnlocks"/>
      
      <Node id="set_audio_for_rally_hub" state="set_audio_for_rally_hub">
        <Entry id="enter" />
        <Exit id="exit" target="should_trigger_events_unlock.enter"/>
      </Node>

      <Node id="should_trigger_events_unlock" state="global.completed_last_event" >
        <Entry id="enter" />
        <Exit id="yes" target="trigger_events_unlock.enter" />
        <Exit id="no" target="has_seen_first_ticket.enter" />
      </Node>

      <Node id="trigger_events_unlock" state="TriggerEventsUnlock" >
        <Entry id="enter" />
        <Exit id="exit" target="clear_event_unlock_flag.enter" />
      </Node>

      <Node id="clear_event_unlock_flag" state="ClearMapEventUnlockID" >
        <Entry id="enter" />
        <Exit id="exit" target="has_seen_first_ticket.enter" />
      </Node>

        <Node id="has_seen_first_ticket" state="HasSeenFirstTicket">
            <Entry id="enter"/>
            <Exit id="yes" target="reset_for_event_activation.enter"/>
            <Exit id="no" target="first_time_hub_flow.enter"/>
        </Node>

        <Node id="first_time_hub_flow" state="first_time_hub_flow">
            <Entry id="enter"/>
            <Exit id="exit" target="reset_for_event_activation.enter"/>
        </Node>

      <Node id="reset_for_event_activation" state="global.reset_for_event_activation">
        <Entry id="enter"/>
        <Exit id="exit" target="rally_event_entry_flow.enter" />
      </Node>
      
      <Node id="rally_event_entry_flow" state="career_event_activations.rally_event_entry_flow" >
        <Entry id="enter" />
        <Entry id="enterToMyCars" />
        <Exit id="okCareer" target="prepare_to_load_to_event.enter" />
        <Exit id="okRivals" target="rally_rivals_flow.enter" />
        <Exit id="purchaseCar" target="go_to_autoshow.enter" />
        <Exit id="return" target=".exitBack" />
        <Exit id="outpost" target=".exitToOutpost" />
      </Node>

      <Node id="rally_rivals_flow" state="career_event_activations.rally_rivals_flow">
        <Entry id="enter" />
        <Exit id="back" target="rally_event_entry_flow.enter" />
        <Exit id="race" target=".exitToLoadRivals" />
      </Node>

      <Node id="go_to_autoshow" state="career_event_activations.CarPurchaseFlow">
        <Entry id="enter" />
        <Exit id="exit" target="load_afterReturnFromAutoshow.enter" />
        <Exit id="exitToRace" target=".exitToLoadEvent" />
        <Exit id="exitToMyCars" target="load_afterReturnFromAutoshowUpgradeCancel.enter" />
      </Node>

      <Node id="load_afterReturnFromAutoshow" state="load_after_return_from_pre_event_autoshow">
        <Entry id="enter" />
        <Exit id="exit" target="rally_event_entry_flow.enter" />
      </Node>
      
      <Node id="load_afterReturnFromAutoshowUpgradeCancel" state="load_after_return_from_pre_event_autoshow">
        <Entry id="enter" />
        <Exit id="exit" target="rally_event_entry_flow.enterToMyCars" />
      </Node>

      <Node id="prepare_to_load_to_event" state="career_event_activations.prepare_to_load_from_ticket" >
        <Entry id="enter" />
        <Exit id="exit" target=".exitToLoadEvent" />
      </Node>
    </State>

    <State id="load_rally_race">
        <Entry id="enter" />
        <Behaviour id="CLoadIntoRallyRace" >
            <Attribute id="resource_package" value="CareerLoading" />
        </Behaviour>
    </State>

    <!-- Handles unlocking new events and opening the map screen to show them -->
    <State id="map_event_unlock_flow">
        <Entry id="enter" target="start_race.enter" />
        <Exit id="exit" />

      <!-- We need to make the map load in the background layer -->
        <StateSubstitute state="global.show_empty_screen_with_hud_resource" substitute="InGameUI.unload_background" />
        <StateSubstitute state="global.wait_for_player_car_unloaded" substitute="remove_player_car" />
      
        <StateSubstitute state="global.reset_camera_to_player" substitute="global.dummy_state" />
        <!--With the game being paused, we need to force the player's car to unload-->
        <StateSubstitute state="InGameUI.exit" substitute="dummy_exit" />

      <Behaviour id="CEnableThumbnailManagerWrapper" enabled="true" />

        <Node id="start_race" state="global.start_race" >
            <Entry id="enter" />
            <Exit id="exit" target="start_driving.enter" />
        </Node>
        <Node id="start_driving" state="global.start_driving" >
            <Entry id="enter" />
            <Exit id="exit" target="pause_game.enter" />
        </Node>

        <Node id="pause_game" state="global.pause_game" >
            <Entry id="enter" />
            <Exit id="exit" target="set_audio.enter" />
        </Node>

        <Node id="set_audio" state="Audio.apply_mixer_snapshot_ui_exterior" >
            <Entry id="enter" />
            <Exit id="exit" target="disable_streaming.enter" />
        </Node>

        <Node id="disable_streaming" state="global.disable_streaming" >
          <Entry id="enter" />
          <Exit id="exit" target="enable_compressed_heap.enter" />
        </Node>

        <Node id="enable_compressed_heap" state="global.enable_compressed_heap">
          <Entry id="enter" />
          <Exit id="exit" target="first_time_autoshow_check.enter" />
        </Node>

        <Node id="first_time_autoshow_check" state="first_time_autoshow_flow">
            <Entry id="enter" />
            <Exit id="exit" target="load_bg_movie.enter"/>
        </Node>

        <Node id="load_bg_movie" state="show_bg_movie" >
            <Entry id="enter" />
            <Exit id="exit" target="rally_hub.enter" />
        </Node>

        
        <!-- TODO: make this point to the 'is_rivals_mode_enabled' part of career_event_activations to enable rivals -->
        <Node id="rally_hub" state="rally_hub" >
          <Entry id="enter" />
          <Entry id="enter_skip_audio_setup" />
          <Exit id="exitBack" target=".exit" />
          <Exit id="exitToOutpost" target="rally_outpost.enter" />
          <Exit id="exitToLoadEvent" target="post_functional_location_career_race.enter" />
          <Exit id="exitToLoadRivals" target="post_functional_location_rivals_race.enter" />
        </Node>

        <Node id="post_functional_location_career_race" state="post_functional_location">
          <Entry id="enter" />
          <Exit id="exit" target="prepare_for_load_to_career_race.enter" />
        </Node>
        <Node id="prepare_for_load_to_career_race" state="prepare_for_load">
          <Entry id="enter" />
          <Exit id="exit" target="load_into_event.enter" />
        </Node>
        <Node id="load_into_event" state="load_rally_race" >
          <Entry id="enter" />
        </Node>

        <Node id="post_functional_location_rivals_race" state="post_functional_location">
          <Entry id="enter" />
          <Exit id="exit" target="prepare_for_load_to_rivals_race.enter" />
        </Node>
        <Node id="prepare_for_load_to_rivals_race" state="prepare_for_load">
          <Entry id="enter" />
          <Exit id="exit" target="load_into_rivals_race.enter" />
        </Node>
        <Node id="load_into_rivals_race" state="global.LoadIntoTimeTrialRace" >
          <Entry id="enter" />
        </Node>
      
        <node id="rally_outpost" state="rally_outpost">
            <Entry id="enter" />
            <Exit id="exit" target="rally_hub.enter_skip_audio_setup" />
            <Exit id="exit_from_interior" target="rally_hub.enter" />
        </node>

        <Node id="race_set_audio_paused" state="Audio.apply_mixer_snapshot_paused" >
            <Entry id="enter" />
            <Exit id="exit" target="should_show_postchamp_mapseq.enter" />
        </Node>

        <Node id="should_show_postchamp_mapseq" state="global.should_show_rally_postchamp_mapseq" >
          <Entry id="enter" />
          <Exit id="yes" target="show_postchamp_mapseq.enter" />
          <Exit id="no" target="rally_hub.enter" />
        </Node>

        <Node id="show_postchamp_mapseq" state="show_postchamp_mapseq">
          <Entry id="enter" />
          <Exit id="exit" target="rally_hub.enter" />
        </Node>

    </State>

    <State id="TriggerEventsUnlock">
        <Entry id="enter" target="trigger_event_unlocks.enter" />
        <Exit id="exit" />

        <Node id="trigger_event_unlocks" state="global.trigger_rally_event_unlocks">
            <Entry id="enter" />
            <Exit id="exit" target=".exit"/>
        </Node>
    </State>

    <State id="show_postchamp_mapseq">
      <Entry id="enter" target="postchamp_vo.enter" />
      <Exit id="exit" />

      <Node id="postchamp_vo" state="global.rally_postchamp_map_vo">
        <Entry id="enter" />
        <Exit id="exit" target="set_postchamp_mapseq_done.enter"/>
      </Node>

      <Node id="set_postchamp_mapseq_done" state="global.set_rally_postchamp_mapseq_done">
        <Entry id="enter" />
        <Exit id="exit" target=".exit"/>
      </Node>
      
    </State>

  <State id="rally_outpost_screen" >
    <Entry id="enter" />
    <Entry id="back" />
    <Exit id="exit" />
    <Exit id="changeCar" />
    <Exit id="autoshow" />
    <Exit id="workshop" />
    <Exit id="paintshop" />

    <Behaviour id="CParentTransition">
      <Transition id="onParent" target=".exit" />
    </Behaviour>

    <Behaviour id="CShowRallyOutpostScreen" >
      <Attribute id="resource_package" value="GasStation" />
      <EntryFlag id="ifEnterBack" entry="back" />
      <Transition id="onDone" target=".exit" />
      <Transition id="onChangeCar" target=".changeCar" />
      <Transition id="onAutoshow" target=".autoshow" />
      <Transition id="onWorkshop" target=".workshop" />
      <Transition id="onPaintshop" target=".paintshop" />
    </Behaviour>
  </State>
  
    <state id="remove_player_car_livery">
    	<entry id="enter" target=".exit"/>
    	<exit id="exit"/>
      <behaviour id="CRemovePlayerCarLivery" />
    </state>
  <State id="rally_outpost">
    <Entry id="enter" target="gas_station_movie.enter" />
    <Exit id="exit" />
    <Exit id="exit_from_interior" />

    <!--With the game being paused, we need to force the player's car to unload-->
    <!--<StateSubstitute state="autoshows.pre_enter" substitute="global.dummy_state" />-->
    <!--<StateSubstitute state="autoshows.ExitCleanUp" substitute="global.dummy_state" />-->

    <Behaviour id="CInGasStation" />

    <!-- Show the top-level gas station menu, which can go to any of the other menus -->
    <Node id="gas_station_movie" state="rally_outpost_screen" >
      <Entry id="enter" />
      <Entry id="back" />
      <Exit id="exit" target=".exit" />
      <Exit id="changeCar" target="changeCar.enter" />
      <Exit id="autoshow" target="autoshow_flow.enter" />
      <Exit id="workshop" target="workshop_flow.enterDirectToInt" />
      <Exit id="paintshop" target="paintshop_flow.enterDirectToInt" />
    </Node>

    <!-- Show the top-level gas station menu in the interior view, which can go to any of the other menus -->
    <Node id="gas_station_autoshow" state="rally_outpost_screen" >
      <Entry id="enter" />
      <Entry id="back" />
      <Exit id="exit" target="load_bg_movie.enter" />
      <Exit id="changeCar" target="changeCarInt.enter" />
      <Exit id="autoshow" target="autoshow_flow.enter" />
      <Exit id="workshop" target="workshop_flow.enterDirectToIntFromAutoshow" />
      <Exit id="paintshop" target="paintshop_flow.enterDirectToIntFromAutoshow" />
    </Node>

    <!-- Show the top-level gas station menu in the interior view, which can go to any of the other menus -->
    <Node id="gas_station_paintshop" state="rally_outpost_screen" >
      <Entry id="enter" />
      <Entry id="back" />
      <Exit id="exit" target="load_bg_movie.enter" />
      <Exit id="changeCar" target="changeCarInt_ps.enter" />
      <Exit id="autoshow" target="autoshow_flow.enterFromWorkshop" />
      <Exit id="workshop" target="workshop_flow.enterDirectToIntFromPaintshop" />
      <Exit id="paintshop" target="paintshop_flow.enterDirectToInt" />
    </Node>

    <!-- Show the top-level gas station menu in the interior view, which can go to any of the other menus -->
    <Node id="gas_station_workshop" state="rally_outpost_screen" >
      <Entry id="enter" />
      <Entry id="back" />
      <Exit id="exit" target="load_bg_movie.enter" />
      <Exit id="changeCar" target="changeCarInt_ws.enter" />
      <Exit id="autoshow" target="autoshow_flow.enterFromWorkshop" />
      <Exit id="workshop" target="workshop_flow.enterDirectToInt" />
      <Exit id="paintshop" target="paintshop_flow.enterDirectToIntFromWorkshop" />
    </Node>

    <Node id="load_bg_movie" state="load_bg_movie" >
      <Entry id="enter" />
      <Exit id="exit" target=".exit_from_interior" />
    </Node>

    <!-- Jump into the workshop flow -->
    <Node id="workshop_flow" state="workshops.flow" >
      <Entry id="enter" />
      <Entry id="enterDirectToInt" />
      <Entry id="enterDirectToIntFromPaintshop" />
      <Entry id="enterDirectToIntFromAutoshow" />
      <Exit id="exit" target="gas_station_workshop.back" />
    </Node>

    <!-- Jump into the paintshop flow -->
    <Node id="paintshop_flow" state="paintshop.flow" >
      <Entry id="enter" />
      <Entry id="enterDirectToInt" />
      <Entry id="enterDirectToIntFromWorkshop" />
      <Entry id="enterDirectToIntFromAutoshow" />
      <Exit id="exit" target="remove_livery.enter" />
    </Node>
    <node id="remove_livery" state="remove_player_car_livery">
      <entry id="enter"/>
      <exit id="exit" target="gas_station_paintshop.back"/>
    </node>


    <Node id="autoshow_flow" state="autoshows.autoshow">
      <Entry id="enter" />
      <Entry id="enterDirectToInt" />
      <Entry id="enterFromWorkshop" />
      <Exit id="exit" target="reset_stored_car_information.enter" />
    </Node>
    <Node id="reset_stored_car_information" state="global.reset_stored_car_information" >
      <Entry id="enter" />
      <Exit id="exit" target="is_homespace_loaded.enter" />
    </Node>
    <Node id="is_homespace_loaded" state="InGameUI.is_background_loaded">
      <entry id="enter"/>
      <exit id="yes" target="gas_station_autoshow.back"/>
      <exit id="no" target="gas_station_movie.back"/>
    </Node>

    <Node id="changeCar" state="changeCar_exterior_flow" >
      <Entry id="enter" />
      <Entry id="back" />
      <Exit id="exit" target="gas_station_movie.back" />
      <Exit id="viewCar" target="viewCarFromChangeCarPrepare.enter" />
    </Node>
    <Node id="changeCarInt" state="InGameUI.changeCar_interior_flow" >
      <Entry id="enter" />
      <Entry id="back" />
      <Exit id="exit" target="gas_station_autoshow.back" />
      <Exit id="viewCar" target="viewCarFromChangeCar.enter" />
    </Node>
    <Node id="changeCarInt_ws" state="InGameUI.changeCar_interior_flow" >
      <Entry id="enter" />
      <Entry id="back" />
      <Exit id="exit" target="gas_station_workshop.back" />
      <Exit id="viewCar" target="viewCarFromChangeCar.enter" />
    </Node>
    <Node id="changeCarInt_ps" state="InGameUI.changeCar_interior_flow" >
      <Entry id="enter" />
      <Entry id="back" />
      <Exit id="exit" target="gas_station_paintshop.back" />
      <Exit id="viewCar" target="viewCarFromChangeCar.enter" />
    </Node>
      
      <Node id="viewCarFromChangeCarPrepare" state="gas_stations.loadAutoshowInterior" >
          <Entry id="enter" />
          <Exit id="exit" target="viewCarFromChangeCar.enter" />
      </Node>
      <Node id="viewCarFromChangeCar" state="UIShowScreens.ShowViewCarScreen">
          <Entry id="enter" />
          <Exit id="exit" target="changeCarInt.back" />
      </Node>

  </State>

    <State id="changeCar_exterior_flow" >
        <Entry id="enter" target="changeCar.enter"/>
        <Entry id="back" target="changeCar.back"/>
        <Exit id="exit" />
        <Exit id="exitReload" />
        <Exit id="viewCar" />

        <Behaviour id="CParentTransition">
            <Transition id="onParent" target=".exit" />
        </Behaviour>

        <Node id="changeCar" state="InGameUI.ShowChangeCarScreenExterior" >
            <Entry id="enter" />
            <Entry id="back" />
            <Exit id="exit" target=".exit" />
            <Exit id="view" target=".viewCar" />
        </Node>

    </State>

    <State id="HasSeenFirstTicket">
        <Entry id="enter"/>
        <Exit id="yes"/>
        <Exit id="no"/>
        <Behaviour id="CHasSeenInitialRallyTicket" >
            <Transition id="yes" target=".yes"/>
            <Transition id="no" target=".no"/>
        </Behaviour>
    </State>
    
    <State id="SetHasSeenFirstTicket">
        <Entry id="enter" target=".exit" />
        <Exit id="exit" />
        <Behaviour id="CSetHasSeenInitialRallyTicket" set="true"/>
    </State>
    
    <State id="RallyStructureTutorialVO">
        <Entry id="enter" target=".exit" />
        <Exit id="exit" />
        <Behaviour id="CTriggerVO" trigger="ChampionshipStructure" wait="true"/>
    </State>

    <State id="CoDriverTutorialVO">
      <Entry id="enter" target=".exit" />
      <Exit id="exit" />
      <Behaviour id="CTriggerVO" trigger="CoDriverIntro" wait="true"/>
    </State>

    <State id="disable_race_select_help">
        <Entry id="enter" target=".exit" />
        <Exit id="exit" />
        <Behaviour id="CDisableRallyRaceSelectHelpBar" disable="true" />
    </State>
    <State id="enable_race_select_help">
        <Entry id="enter" target=".exit" />
        <Exit id="exit" />
        <Behaviour id="CDisableRallyRaceSelectHelpBar" disable="false" />
    </State>
    
    <State id="first_time_hub_flow">
        <Entry id="enter" target="show_rally_description.enter"/>
        <Exit id="exit"/>

        <Node id="show_rally_description" state="UIShowScreens.LoadRallyHubScreen" >
            <Entry id="enter" />
            <Exit id="exit" target="disable_help_bar.enter"/>
            <Exit id="okCareer" target="disable_help_bar.enter" />
            <Exit id="okRivals" target="disable_help_bar.enter" />
            <Exit id="selectCar" target="disable_help_bar.enter" />
            <Exit id="purchaseCar" target="disable_help_bar.enter" />
            <Exit id="return" target="disable_help_bar.enter" />
            <Exit id="outpost" target="disable_help_bar.enter" />
        </Node>

        <Node id="disable_help_bar" state="disable_race_select_help">
            <Entry id="enter"/>
            <Exit id="exit" target="PlayVO.enter"/>
        </Node>
        
        <Node id="PlayVO" state="RallyStructureTutorialVO">
            <Entry id="enter"/>
            <Exit id="exit" target="wait_a_bit.enter"/>
        </Node>
      
        <Node id="wait_a_bit" state="global.wait_half_sec">
            <Entry id="enter"/>
            <Exit id="exit" target="PlayVOAdditional.enter"/>
        </Node>

        <Node id="PlayVOAdditional" state="CoDriverTutorialVO">
            <Entry id="enter"/>
            <Exit id="exit" target="enable_help_bar.enter"/>
        </Node>

        <Node id="enable_help_bar" state="enable_race_select_help">
            <Entry id="enter"/>
            <Exit id="exit" target="set_seen_hub_tutorial.enter"/>
        </Node>

        <Node id="set_seen_hub_tutorial" state="SetHasSeenFirstTicket">
            <Entry id="enter"/>
            <Exit id="exit" target="trigger_microsave.enter"/>
        </Node>

        <Node id="trigger_microsave" state="global.micro_save">
            <Entry id="enter"/>
            <Exit id="exit" target=".exit"/>
        </Node>
    </State>

    <State id="SetRestrictionsForAutoshow" >
        <Entry id="enter" target=".exit" />
        <Exit id="exit"/>
        <Behaviour id="CSetRestrictionsForFirstRallyAutoshow" enable="true" />
    </State>

    <State id="ClearRestrictionsForAutoshow" >
        <Entry id="enter" target=".exit" />
        <Exit id="exit"/>
        <Behaviour id="CSetRestrictionsForFirstRallyAutoshow" enable="false" />
    </State>

    <State id="first_time_autoshow_interior">
      <Entry id="enter" target="autoshow.enterDirectToInt" />
      <Exit id="exit" />
    
      <Behaviour id="CInAutoshow" />

      <Node id="autoshow" state="autoshows.autoshow">
        <Entry id="enterDirectToInt" />
        <Exit id="exit" target=".exit" />
        <Exit id="exitToRace" target=".exit" />
      </Node>
    </State>

    <State id="first_time_autoshow_flow">
        <Entry id="enter" target="has_seen_initial_intro.enter"/>
        <Exit id="exit"/>

        <!-- There's already a loading screen -->
        <StateSubstitute state="InGameUI.loading_screen_to_functional_location" substitute="global.dummy_state" />
      
        <Node id="has_seen_initial_intro" state="HasSeenInitialIntro">
            <Entry id="enter"/>
            <Exit id="yes" target=".exit"/>
            <Exit id="no" target="set_has_seen_initial_intro.enter"/>
        </Node>

        <Node id="set_has_seen_initial_intro" state="SetHasSeenInitialIntro">
          <Entry id="enter"/>
          <Exit id="exit" target="set_initial_autoshow_restrictions.enter"/>
        </Node>
      
        <Node id="set_initial_autoshow_restrictions" state="SetRestrictionsForAutoshow">
            <Entry id="enter"/>
            <Exit id="exit" target="go_to_autoshow.enter"/>
        </Node>

        <Node id="go_to_autoshow" state="first_time_autoshow_interior">
            <Entry id="enter" />
            <Exit id="exit" target="clear_initial_autoshow_restrictions.enter" />
        </Node>

        <Node id="clear_initial_autoshow_restrictions" state="ClearRestrictionsForAutoshow">
            <Entry id="enter"/>
            <Exit id="exit" target="show_loading_screen.enter"/>
        </Node>

        <Node id="show_loading_screen" state="global.show_loading_screen">
            <Entry id="enter"/>
            <Exit id="exit" target="load_afterReturnFromAutoshow.enter"/>
        </Node>

        <Node id="load_afterReturnFromAutoshow" state="InGameUI.unload_background">
            <Entry id="enter" />
            <Exit id="exit" target=".exit" />
        </Node>
    </State>
</StateGroup>
tate>
</StateGroup>
tate>
</StateGroup>
tate>
</StateGroup>
