<StateGroup id="game_start_race" >
	<!-- Flow which will setup a race -->
	<State id="root">
		<Entry id="enter" target="is_lobby_exiting.enter" />
		<Exit id="exit" />

		<Behaviour id="CWaitForDisconnection">
			<Transition id="live_disconnection" target="disconnected.live" />
			<Transition id="lsp_disconnection" target="disconnected.lsp" />
			<Transition id="network_disconnection" target="disconnected.game" />
		</Behaviour>

		<Node id="disconnected" state="multiplayer_disconnection.disconnected" >
			<Entry id="game" />
			<Entry id="lsp" />
			<Entry id="live" />
			<Entry id="unload" />
		</Node>
		<Node id="is_lobby_exiting" state="global.is_lobby_exiting">
			<Entry id="enter" />
			<Exit id="yes" target="disconnected.unload" />
			<Exit id="no" target="is_party_going_back.enter" />
		</Node>
		<Node id="is_party_going_back" state="global.is_party_going_back">
			<Entry id="enter" />
			<Exit id="yes" target="quit_and_remain_in_party.enter" />
			<Exit id="no" target="pre_race.enter" />
		</Node>
		<Node id="quit_and_remain_in_party" state="quit_to_party_lobby_remain_in_party">
			<Entry id="enter" />
		</Node>
		<Node id="pre_race" state="PreRace">
			<Entry id="enter" />
			<Exit id="exit" target="wait_for_race_complete_mp.enter" />
		</Node>
		<Node id="wait_for_race_complete_mp" state="wait_for_race_complete_mp">
			<Entry id="enter" />
			<Exit id="race_complete" target="post_race_internal.enter_race_complete" />
			<Exit id="player_complete" target="post_race_internal.enter_player_complete" />
			<Exit id="player_retired" target="post_race_internal.enter_player_retired" />
		</Node>
		<Node id="post_race_internal" state="post_race_internal">
			<Entry id="enter_race_complete" />
			<Entry id="enter_player_complete" />
			<Entry id="enter_player_retired" />

			<Exit id="exit" target=".exit" />
			<Exit id="quit" target="quit.enter" />
		</Node>
		<Node id="quit" state="QuitToNewParty">
			<Entry id="enter" />
		</Node>
	</State>

	<State id="quit_to_party_lobby_remain_in_party">
		<Entry id="enter" target="black_out.enter" />

		<Behaviour id="CGameControlWrapper" force_take_control="true" />

		<Node id="black_out" state="global.black_out" >
			<Entry id="enter" />
			<Exit id="exit" target="show_empty_screen.enter" />
		</Node>
		<Node id="show_empty_screen" state="global.show_empty_screen" >
			<Entry id="enter" />
			<Exit id="exit" target="to_lobby_audio.enter" />
		</Node>
		<Node id="to_lobby_audio" state="Audio.to_lobby_or_title">
			<Entry id="enter" />
			<Exit id="exit" target="party_lobby_unload.enter" />
		</Node>
		<Node id="party_lobby_unload" state="global.quit_and_remain_in_party">
			<Entry id="enter" />
		</Node>
	</State>

	<!-- State which encompasses all pre vehicle starting flow -->
	<State id="PreRace">
		<Entry id="enter" target="download_race_multipliers.enter" />
		<Exit id="exit" />
		<!-- While in the whole of this state we need game control -->
		<Behaviour id="CGameControlWrapper" force_take_control="true" />
		<Behaviour id="CParentTransition">
			<Transition id="onParent" target=".exit" />
		</Behaviour>

		<Node id="download_race_multipliers" state="global.download_race_multipliers">
			<Entry id="enter" />
			<Exit id="exit" target="intro_sequence.enter"/>
		</Node>
		<Node id="intro_sequence" state="intro_sequence">
			<Entry id="enter" />
			<Exit id="exit" target="prerace_countdown.enter"/>
		</Node>
		<Node id="prerace_countdown" state="prerace_countdown">
			<Entry id="enter" />
			<Exit id="exit" target=".exit" />
		</Node>
	</State>

	<!-- This is the introduction sequence before the race actually starts-->
	<State id="intro_sequence">
		<Entry id="enter" target="mute_car_audio.enter" />
		<Exit id="exit"/>

		<Behaviour id="CParentTransition">
			<Transition id="onParent" target=".exit" />
		</Behaviour>

		<Node id="mute_car_audio" state="Audio.mute_car_audio">
			<Entry id="enter" />
			<Exit id="exit" target="block_pause_entry.enter" />
		</Node>
		<Node id="block_pause_entry" state="global.block_pause_entry">
			<Entry id="enter" />
			<Exit id="exit" target="unload_lod0_cars.enter" />
		</Node>
		<Node id="unload_lod0_cars" state="global.unload_lod0_cars">
			<Entry id="enter" />
			<Exit id="exit" target="enable_car_parking_brake.enter" />
		</Node>
		<Node id="enable_car_parking_brake" state="global.enable_all_players_car_parking_brake">
			<Entry id="enter" />
			<Exit id="exit" target="hide_racing_line.enter"/>
		</Node>
		<Node id="hide_racing_line" state="global.disable_racing_line">
			<Entry id="enter" />
			<Exit id="exit" target="lock_satnav_destination.enter" />
		</Node>
		<Node id="lock_satnav_destination" state="global.lock_satnav_destination">
			<Entry id="enter" />
			<Exit id="exit" target="disable_satnav_voice.enter"/>
		</Node>
		<Node id="disable_satnav_voice" state="Audio.disable_satnav_audio">
			<Entry id="enter" />
			<Exit id="exit" target="disable_traffic_spawning.enter" />
		</Node>
		<Node id="disable_traffic_spawning" state="global.disable_traffic_spawning">
			<Entry id="enter" />
			<Exit id="exit" target="prepare_sync_cam.enter"/>
		</Node>
		<Node id="prepare_sync_cam" state="prepare_sync_cam" >
			<Entry id="enter" />
			<Exit id="exit" target="wait_for_all_cars_loaded.enter" />
		</Node>
		<Node id="wait_for_all_cars_loaded" state="global.wait_for_all_cars_loaded" >
			<Entry id="enter" />
			<Exit id="exit" target="wait_for_streaming.enter" />
		</Node>
		<Node id="wait_for_streaming" state="global.wait_for_streaming">
			<Entry id="enter" />
			<Exit id="exit" target="snap_all_cars_to_road.enter" />
		</Node>
		<Node id="snap_all_cars_to_road" state="global.snap_all_cars_to_road_initial_position">
			<Entry id="enter" />
			<Exit id="exit" target="disable_radio_dj.enter" />
		</Node>
		<Node id="disable_radio_dj" state="Audio.disable_radio_dj">
			<Entry id="enter"/>
			<Exit id="exit" target="disable_radio_station_switching.enter"/>
		</Node>
		<Node id="disable_radio_station_switching" state="Audio.disable_radio_station_switching">
			<Entry id="enter"/>
			<Exit id="exit" target="play_race_music.enter"/>
		</Node>
		<Node id="play_race_music" state="Audio.play_race_music" >
			<Entry id="enter" />
			<Exit id="exit" target="enable_silent_idents.enter" />
		</Node>
		<Node id="enable_silent_idents" state="Audio.enable_radio_silent_idents" >
			<Entry id="enter" />
			<Exit id="exit" target="enable_ambient_audio_streaming.enter" />
		</Node>
		<Node id="enable_ambient_audio_streaming" state="global.enable_ambient_audio_streaming">
			<Entry id="enter" />
			<Exit id="exit" target="sync_time_of_day.enter"/>
		</Node>
		<Node id="sync_time_of_day" state="global.net_sync_time_of_day">
			<Entry id="enter" />
			<Exit id="exit" target="set_free_roam_car.enter" />
		</Node>
		<Node id="set_free_roam_car" state="global.set_free_roam_car">
		  <Entry id="enter"/>
		  <Exit id="exit" target="black_out.enter" />
		</Node>
		<Node id="black_out" state="global.black_out">
			<Entry id="enter" />
			<Exit id="exit" target="is_rally.enter" />
		</Node>
		<Node id="is_rally" state="global.is_in_rally_race">
			<Entry id="enter"/>
			<Exit id="yes" target="repair_damage.enter" />
			<Exit id="no" target="enable_map_discovery.enter" />
		</Node>
		<Node id="enable_map_discovery" state="global.enable_map_discovery">
			<Entry id="enter" />
			<Exit id="exit" target="repair_damage.enter" />
		</Node>
		<Node id="repair_damage" state="global.reset_car_damage_all_cars">
			<Entry id="enter" />
			<Exit id="exit" target="set_audio_exterior_prerace.enter" />
		</Node>
		<Node id="set_audio_exterior_prerace" state="Audio.exterior_prerace">
			<Entry id="enter" />
			<Exit id="exit" target="show_empty_screen.enter" />
		</Node>
		<Node id="show_empty_screen" state="global.show_empty_screen_with_hud_resource">
			<Entry id="enter" />
			<Exit id="exit" target="play_sync_cam.enter" />
		</Node>
		<Node id="play_sync_cam" state="play_sync_cam" >
			<Entry id="enter" />
			<Exit id="exit" target="disable_car_control.enter" />
		</Node>
		<Node id="disable_car_control" state="global.disable_car_control">
			<Entry id="enter" />
			<Exit id="exit" target="wait_for_all_players_to_have_loaded.enter"/>
		</Node>
		<Node id="wait_for_all_players_to_have_loaded" state="wait_for_all_players_to_have_loaded" >
			<Entry id="enter" />
			<Exit id="exit" target=".exit" />
		</Node>
	</State>

	<!-- Show the prerace countdown before the race -->
	<State id="prerace_countdown">
		<Entry id="enter" target="load_prerace_countdown.enter" />
		<Exit id="exit" />

		<Node id="load_prerace_countdown" state="load_prerace_countdown">
			<Entry id="enter" />
			<Exit id="exit" target="stop_ambient_music.enter" />
		</Node>
		<Node id="stop_ambient_music" state="game_race_flow.disable_ambient_audio_param_pre_race_ambience">
			<Entry id="enter" />
			<Exit id="exit" target="render_ready.enter" />
		</Node>
		<Node id="render_ready" state="render_ready">
			<Entry id="enter" />
			<Exit id="exit" target="wait_for_network_start.enter"/>
		</Node>
		<Node id="wait_for_network_start" state="global.wait_for_network_race_start">
			<Entry id="enter" />
			<Exit id="exit" target="unmute_car_audio.enter" />
		</Node>
		<Node id="unmute_car_audio" state="Audio.unmute_car_audio">
			<Entry id="enter" />
			<Exit id="exit" target="play321moment.enter" />
		</Node>
		<Node id="play321moment" state="game_race_flow.play321moment">
			<Entry id="enter" />
			<Exit id="exit" target="show_empty_screen_with_hud_resource.enter"/>
		</Node>
		<Node id="show_empty_screen_with_hud_resource" state="global.show_hud_screen_start_hidden">
			<Entry id="enter" />
			<Exit id="exit" target="prepare_prerace_countdown.enter"/>
		</Node>
		<Node id="prepare_prerace_countdown" state="game_race_flow.prepare_prerace_countdown" >
			<Entry id="enter" />
			<Exit id="exit" target="play_prerace_countdown.enter" />
		</Node>
		<Node id="play_prerace_countdown" state="game_race_flow.play_cutscene_and_wait_for_countdown" >
			<Entry id="enter" />
			<Exit id="exit" target="enable_car_control.enter" />
		</Node>
		<!--
		<Node id="wait_for_camera_reset_to_player" state="game_race_flow.wait_for_camera_reset_to_player" >
			<Entry id="enter" />
			<Exit id="exit" target="enable_car_control.enter" />
		</Node>
		-->
		<Node id="enable_car_control" state="global.enable_car_control">
			<Entry id="enter" />
			<Exit id="exit" target="show_hud_screen.enter"/>
		</Node>
		<Node id="show_hud_screen" state="global.show_hud_screen">
			<Entry id="enter" />
			<Exit id="exit" target="prepare_race.enter" />
		</Node>
		<Node id="prepare_race" state="global.prepare_race" >
			<Entry id="enter" />
			<Exit id="exit" target="show_racingline.enter" />
		</Node>
		<Node id="show_racingline" state="global.enable_racing_line">
			<Entry id="enter" />
			<Exit id="exit" target="set_audio_exterior_race.enter"/>
		</Node>
		<Node id="set_audio_exterior_race" state="Audio.exterior_race">
			<Entry id="enter" />
			<Exit id="exit" target="start_race.enter" />
		</Node>
		<Node id="start_race" state="global.start_race" >
			<Entry id="enter" />
			<Exit id="exit" target="wait_for_end_of_countdown.enter" />
		</Node>
		<Node id="wait_for_end_of_countdown" state="wait_for_end_of_countdown">
			<Entry id="enter" />
			<Exit id="exit" target ="reset_camera_to_player.enter" />
		</Node>
		<Node id="reset_camera_to_player" state="global.reset_camera_to_player" >
			<Entry id="enter" />
			<Exit id="exit" target="disable_fast_travel.enter" />
		</Node>
		<Node id="disable_fast_travel" state="global.disable_fast_travel">
			<Entry id="enter" />
			<Exit id="exit" target="unblock_pause_entry.enter" />
		</Node>
		<Node id="unblock_pause_entry" state="global.unblock_pause_entry">
			<Entry id="enter" />
			<Exit id="exit" target="release_car_parking_brake.enter" />
		</Node>
		<Node id="release_car_parking_brake" state="global.disable_all_players_car_parking_brake" >
			<Entry id="enter" />
			<Exit id="exit" target="start_driving.enter" />
		</Node>
		<Node id="start_driving" state="global.start_driving">
			<Entry id="enter" />
			<Exit id="exit" target ="store_start_race_timer.enter" />
		</Node>
		<Node id="store_start_race_timer" state="store_start_race_timer">
			<Entry id="enter" />
			<Exit id="exit" target=".exit" />
		</Node>
	</State>

	<!-- This state encompasses the entire online post race flow -->
	<State id="post_race_internal">
		<Entry id="enter_race_complete" target="race_complete.enter" />
		<Entry id="enter_player_complete" target="player_complete.enter" />
		<Entry id="enter_player_retired" target="player_retired.enter" />
		<Exit id="quit" />
		<Exit id="exit" />

		<!-- While in the whole of this state we need game control -->
		<Behaviour id="CGameControlWrapper" force_take_control="true"/>
		<Behaviour id="CParentTransition">
			<Transition id="onParent" target=".exit" />
		</Behaviour>

		<Node id="player_complete" state="PlayerFinished">
			<Entry id="enter" />
			<Exit id="exit" target="show_results_and_wait_to_start_rewards.enter"/>
			<Exit id="quit" target=".quit"/>
		</Node>
		<Node id="race_complete" state="RaceFinished">
			<Entry id="enter" />
			<Exit id="exit" target="show_results_and_wait_to_start_rewards.enter"/>
		</Node>
		<Node id="player_retired" state="PlayerRetired">
			<Entry id="enter" />
			<Exit id="exit" target="show_results_and_wait_for_players_synchronized.enter"/>
			<Exit id="quit" target=".quit"/>
		</Node>
		<Node id="show_results_and_wait_to_start_rewards" state="show_results_and_wait_to_start_rewards">
			<Entry id="enter" />
			<Exit id="exit" target="should_show_multistage_results.enter" />
			<Exit id="quit" target=".quit" />
		</Node>
		<Node id="should_show_multistage_results" state="should_show_multistage_results">
			<Entry id="enter" />
			<Exit id="yes" target="show_multistage_results.enter" />
			<Exit id="no" target="is_server_accessible.enter" />
		</Node>
		<Node id="show_multistage_results" state="show_multistage_results">
			<Entry id="enter" />
			<Exit id="exit" target="is_server_accessible.enter" />
			<Exit id="quit" target=".quit" />
		</Node>
		<!--
		 In case we have been disconnected from lsp and we are suppoused to display the race rewards, we will not display
		 the race rewards, instead we tell the player about the lsp disconnection and then they will wait on the results screen
		-->
		<Node id="is_server_accessible" state="global.is_server_accessible">
			<Entry id="enter" />
			<Exit id="yes" target="post_race_rewards.enter" />
			<Exit id="no" target="enable_lsp_disconnection_message_in_online_game.enter" />
		</Node>
		<Node id="enable_lsp_disconnection_message_in_online_game" state="global.enable_lsp_disconnection_message_in_online_game">
			<Entry id="enter" />
			<Exit id="exit" target="show_results_and_wait_for_players_synchronized.enter" />
		</Node>
		<!-- Only retired players use this node, as they have no rewards -->
		<Node id="show_results_and_wait_for_players_synchronized" state="show_results_and_wait_for_players_synchronized">
			<Entry id="enter" />
			<Exit id="exit" target=".exit"/>
			<Exit id="quit" target=".quit"/>
		</Node>
		<Node id="post_race_rewards" state="PostRaceRewards">
			<Entry id="enter" />
			<Exit id="exit" target="destination_standings.enter" />
			<Exit id="quit" target=".quit" />
		</Node>
		<Node id="destination_standings" state="UIShowScreens.ShowDestinationStandings">
			<Entry id="enter" />
			<Exit id="continue" target="is_last_race.enter"/>
		</Node>
		<Node id="is_last_race" state="global.is_last_race_of_destination">
			<Entry id="enter" />
			<Exit id="yes" target="wait_sync_destination_standings_last_race.enter"/>
			<Exit id="no" target="wait_for_all_players_synchronized.enter"/>
		</Node>
		<Node id="wait_sync_destination_standings_last_race" state="wait_sync_destination_standings_last_race">
			<Entry id="enter" />
			<Exit id="exit" target="destination_finished.enter"/>
		</Node>
		<Node id="destination_finished" state="DestinationFinished">
			<Entry id="enter" />
			<Exit id="exit" target="wait_to_return_to_lobby_last_race.enter"/>
		</Node>
		<Node id="wait_for_all_players_synchronized" state="wait_for_all_players_synchronized">
			<Entry id="enter" />
			<Exit id="exit" target=".exit"/>
			<Exit id="quit" target=".quit"/>
		</Node>
		<Node id="wait_to_return_to_lobby_last_race" state="wait_to_return_to_lobby_last_race">
			<Entry id="enter" />
			<Exit id="exit" target=".exit"/>
			<Exit id="quit" target=".quit"/>
		</Node>
	</State>

	<State id="PlayerFinished">
		<Entry id="enter" target="prepare_post_race.enter" />
		<Exit id="exit" />
		<Exit id="quit" />

		<Behaviour id="CParentTransition">
			<Transition id="onParent" target=".exit" />
		</Behaviour>

		<Node id="prepare_post_race" state="prepare_post_race">
			<Entry id="enter" />
			<Exit id="exit" target ="is_playground_game_mode.enter" />
		</Node>
		<Node id="is_playground_game_mode" state="is_playground_game_mode">
			<Entry id="enter" />
			<Exit id="yes" target="postrace_prepare_cockpit.enter" /> <!-- No finish line, let's use the cockpit cam -->
			<Exit id="no" target="is_comparing_best_laps.enter" />
		</Node>
		<Node id="is_comparing_best_laps" state="game_race_flow.IsComparingBestLaps">
			<Entry id="enter" />
			<Exit id="yes" target="postrace_prepare_cockpit.enter" /> <!-- Player may be far from finish line, let's use the cockpit cam -->
			<Exit id="no" target="postrace_finishline.enter" /> <!-- Standard race, use the finish line cam -->
		</Node>
		<Node id="postrace_prepare_cockpit" state="postrace_cockpit_cam">
			<Entry id="enter" />
			<Exit id="exit" target="show_finishing_screen_and_wait_for_race_complete.enter" />
		</Node>
		<!--
		 Online circuit, P2P and street races skip the finish position screen, since we can't really know our final position at this point.
		 (due to poor networking conditions cases). We just go to the results screen straight away and wait for being able to start the
		 rewards sequence.
		 Playground games can however display the final position at this point, since everybody finishes the game in sync at the same time
		 in these types of games.
		-->
		<Node id="postrace_finishline" state="game_race_flow.finishline_cutscene">
			<Entry id="enter" />
			<Exit id="exit" target=".exit" />
		</Node>
		<Node id="show_finishing_screen_and_wait_for_race_complete" state="show_finishing_screen_and_wait_for_race_complete">
			<Entry id="enter" />
			<Exit id="done" target=".exit" />
			<Exit id="quit" target=".quit" />
		</Node>
	</State>

	<State id="RaceFinished">
		<Entry id="enter" target="prepare_post_race.enter" />
		<Exit id="exit" />

		<Node id="prepare_post_race" state="prepare_post_race">
			<Entry id="enter" />
			<Exit id="exit" target="postrace_prepare_cockpit.enter"/>
		</Node>
		<Node id="postrace_prepare_cockpit" state="postrace_cockpit_cam">
			<Entry id="enter" />
			<Exit id="exit" target=".exit" />
		</Node>
	</State>

	<State id="DestinationFinished">
		<Entry id="enter" target="destination_rewards.enter" />
		<Exit id="exit" />

		<Behaviour id="CGameControlWrapper" />

		<Node id="destination_rewards" state="UIShowScreens.ShowDestinationRewards">
			<Entry id="enter" />
			<Exit id="exit" target="acquire_game_control.enter"/>
		</Node>
		<Node id="acquire_game_control" state="global.attempt_acquire_game_control">
			<Entry id="enter" />
			<Exit id="success" target="wait_for_lobby_voting_ready.enter" />
			<Exit id="failure" target=".exit" />
		</Node>
		<Node id="wait_for_lobby_voting_ready" state="wait_for_lobby_voting_ready">
			<Entry id="enter" />
			<Exit id="exit" target="show_destination_vote.enter"/>
		</Node>
		<Node id="show_destination_vote" state="UIShowScreens.ShowDestinationVote">
			<Entry id="enter" />
			<Exit id="exit" target=".exit"/>
			<Exit id="quit" target="quit_session_flow.enter"/>
		</Node>
		
		<Node id="quit_session_flow" state="quit_session_flow">
			<Entry id="enter" />
		</Node>
	</State>
	
	<State id="quit_session_flow">
		<Entry id="enter" target="quit_race.enter" />
		
		<Node id="quit_race" state="global.quit_race_mp" >
			<Entry id="enter" />
			<Exit id="exit" target="load_back_to_horizon_free_roam.enter" />
		</Node>

		<Node id="load_back_to_horizon_free_roam" state="load_back_to_horizon_free_roam">
		  <Entry id="enter" />
		</Node>
	</State>
	
	<State id="load_back_to_horizon_free_roam">
		<Entry id="enter" target="stop_ambient_race_sounds.enter" />

		<Node id="stop_ambient_race_sounds" state="Audio.disable_ambient_audio_param_pre_race_ambience">
		  <Entry id="enter" />
		  <Exit id="exit" target="restore_free_roam_car.enter" />
		</Node>

		<Node id="restore_free_roam_car" state="global.restore_free_roam_car">
		  <Entry id="enter" />
		  <Exit id="exit" target="set_audio_loading.enter" />
		</Node>

		<Node id="set_audio_loading" state="Audio.loading">
		  <Entry id="enter" />
		  <Exit id="exit" target="start_freeroam_music.enter"/>
		</Node>

		<!-- We now switch back to freeroam music at start of load back to freeroam, rather than at the end -->
		<Node id="start_freeroam_music" state="Audio.play_freeroam_music_with_fades">
		  <Entry id="enter"/>
		  <Exit id="exit" target="load_into_free_roam.enter"/>
		</Node>

		<Node id="load_into_free_roam" state="global.load_into_free_roam">
		  <Entry id="enter" />
		</Node>
	</State>

	<State id="QuitToNewParty">
		<Entry id="enter" target="quit_to_new_party.enter" />
		<!-- While in the whole of this state we need game control -->
		<Behaviour id="CGameControlWrapper" />

		<Node id="quit_to_new_party" state="global.quit_to_new_party">
			<Entry id="enter" />
		</Node>
	</State>

	<State id="PlayerRetired">
		<Entry id="enter" target="prepare_post_race.enter" />
		<Exit id="exit" />
		<Exit id="quit" />

		<Node id="prepare_post_race" state="prepare_post_race">
			<Entry id="enter" />
			<Exit id="exit" target="postrace_prepare_cockpit.enter"/>
		</Node>
		<Node id="postrace_prepare_cockpit" state="postrace_cockpit_cam">
			<Entry id="enter" />
			<Exit id="exit" target="post_race_update_profile.enter" />
		</Node>
		<Node id="post_race_update_profile" state="post_race_update_profile">
			<Entry id="enter" />
			<Exit id="exit" target=".exit" />
		</Node>
	</State>

	<State id="prepare_post_race">
		<Entry id="enter" target="mute_car_audio.enter" />
		<Exit id="exit" />

		<Node id="mute_car_audio" state="Audio.mute_car_audio">
			<Entry id="enter" />
			<Exit id="exit" target="reset_hud_interface.enter"/>
		</Node>
		<Node id="reset_hud_interface" state="global.reset_hud_interface_and_bank_skills">
			<Entry id="enter" />
			<Exit id="exit" target="disable_racing_line.enter"/>
		</Node>
		<Node id="disable_racing_line" state="global.disable_racing_line">
			<Entry id="enter" />
			<Exit id="exit" target="disable_car_control.enter"/>
		</Node>
		<Node id="disable_car_control" state="global.disable_car_control">
			<Entry id="enter" />
			<Exit id="exit" target="show_empty_screen.enter"/>
		</Node>
		<Node id="show_empty_screen" state="global.show_empty_screen">
			<Entry id="enter" />
			<Exit id="exit" target="change_audio_to_ui.enter" />
		</Node>
		<Node id="change_audio_to_ui" state="Audio.apply_mixer_snapshot_ui_exterior">
			<Entry id="enter" />
			<Exit id="exit" target=".exit" />
		</Node>
	</State>

	<!-- State which encompasses all post race rewards flow -->
	<State id="PostRaceRewards">
		<Entry id="enter" target="post_race_update_profile.enter" />
		<Exit id="exit" />
		<Exit id="quit" />

		<Behaviour id="CParentTransition">
			<Transition id="onParent" target=".exit" />
		</Behaviour>

		<Node id="post_race_update_profile" state="post_race_update_profile">
			<Entry id="enter" />
			<Exit id="exit" target="show_credits_screen.enter" />
		</Node>
		<!-- This may no longer be neccessary - we don't need to remove opponent cars as the internal cutscene does not require it-->
		<Node id="prepare_for_rewards_flow" state="PrepareForRewardsFlow">
			<Entry id="enter" />
			<Exit id="exit" target="show_xp_screen.enter"/>
		</Node>
		<Node id="show_credits_screen" state="UIShowScreens.ShowEarningsBreakdownScreen">
			<Entry id="enter" />
			<Exit id="done" target="show_xp_screen.enter"/>
		</Node>
		<Node id="show_xp_screen" state="show_xp_screen">
			<Entry id="enter" />
			<Exit id="exit" target=".exit"/>
		</Node>
	</State>

	<!-- State that is entered at the end of the post race flow to exit back to the lobby -->
	<State id="PostRace_Exiting">
		<Entry id="enter" target="show_empty_screen_post_results.enter" />
		<Exit id="exit" />

		<Node id="show_empty_screen_post_results" state="global.show_empty_screen" >
			<Entry id="enter" />
			<Exit id="exit" target="fade_to_load.enter" />
		</Node>
		<Node id="fade_to_load" state="global.fade_out" >
			<Entry id="enter" />
			<Exit id="exit" target="set_audio_to_lobby.enter" />
		</Node>
		<Node id="set_audio_to_lobby" state="Audio.to_lobby_or_title" >
			<Entry id="enter" />
			<Exit id="exit" target="is_last_race.enter" />
		</Node>
		<Node id="is_last_race" state="global.is_last_race_of_destination">
			<Entry id="enter" />
			<Exit id="yes" target="check_whether_eligible_for_current_hopper.enter"/>
			<Exit id="no" target="check_whether_enough_network_players.enter"/>
		</Node>
		<Node id="check_whether_enough_network_players" state="check_whether_enough_network_players">
			<Entry id="enter" />
			<Exit id="yes" target="continue_online_roadtrip.enter" />
			<Exit id="no" target="load_back_to_lobby.enter" />
		</Node>
		<!-- is_last_race: yes -->
		<Node id="check_whether_eligible_for_current_hopper" state="check_whether_eligible_for_current_hopper">
			<Entry id="enter" />
			<Exit id="yes" target="load_back_to_lobby.enter" />
			<Exit id="no" target="unload_to_party_lobby.enter" />
		</Node>
			<!-- check_whether_eligible_for_current_hopper: yes -->
		<Node id="load_back_to_lobby" state="load_back_to_lobby">
			<Entry id="enter" />
			<Exit id="exit" target=".exit" />
		</Node>
			<!-- check_whether_eligible_for_current_hopper: no -->
		<Node id="unload_to_party_lobby" state="unload_to_party_lobby">
			<Entry id="enter" />
		</Node>
		<!-- is_last_race:no -->
		<Node id="continue_online_roadtrip" state="continue_online_roadtrip">
			<Entry id="enter" />
			<Exit id="exit" target=".exit" />
		</Node>
	</State>

	<State id="PrepareForRewardsFlow">
		<Entry id="enter" target="show_empty_screen.enter" />
		<Exit id="exit" />
		<Behaviour id="CSaveProfile" />

		<Node id="show_empty_screen" state="global.show_empty_screen">
			<Entry id="enter" />
			<Exit id="exit" target="remove_all_opponent_cars.enter" />
		</Node>
		<Node id="remove_all_opponent_cars" state="DisableAndHideAllOpponentCars">
			<Entry id="enter" />
			<Exit id="exit" target=".exit"/>
		</Node>
	</State>

	<!-- Wait while results screen is shown -->
	<State id="wait_for_all_players_synchronized">
		<Entry id="enter" target="should_go_to_next_heat.enter" />
		<Exit id="exit"/>
		<Exit id="quit"/>

		<Behaviour id="CParentTransition">
			<Transition id="onParent" target=".quit" />
		</Behaviour>

		<Node id="should_go_to_next_heat" state="global.should_go_to_next_heat">
			<Entry id="enter" />
			<Exit id="yes" target="wait_for_next_heat.enter" />
			<Exit id="no" target="wait_to_exit.enter" />
		</Node>
		<Node id="wait_for_next_heat" state="wait_for_next_heat">
			<Entry id="enter" />
			<Exit id="exit" target="set_heats_score.enter" />
			<Exit id="quit" target=".quit" />
		</Node>
		<Node id="set_heats_score" state="global.set_heats_score">
			<Entry id="enter" />
			<Exit id="exit" target="set_to_loading_into_game.enter"/>
		</Node>
		<Node id="set_to_loading_into_game" state="set_to_loading_into_game_status">
			<Entry id="enter" />
			<Exit id="exit" target="update_player_levels.enter" />
		</Node>
		<Node id="update_player_levels" state="update_player_levels">
			<Entry id="enter" />
			<Exit id="exit" target="go_to_next_heat.enter" />
		</Node>
		<Node id="go_to_next_heat" state="UIShowScreens.LoadNextMultiStageRace">
			<Entry id="enter" />
			<Exit id="exit" target=".exit"/>
		</Node>
		<Node id="wait_to_exit" state="Wait_to_return_to_lobby">
			<Entry id="enter" />
			<Exit id="exit" target=".exit" />
			<Exit id="quit" target=".quit" />
		</Node>
	</State>

	<State id="update_player_levels" >
		<Entry id="enter" target=".exit" />
		<Exit id="exit" />
		<Behaviour id="CUpdatePlayerLevels" />
	</State>

	<State id="wait_minimum_time_for_heat" >
		<Entry id="enter" />
		<Exit id="exit" />
		<Behaviour id="CWaitForTime" time="2.0" >
			<Transition id="onReady" target=".exit" />
		</Behaviour>
		<Behaviour id="CParentTransition">
			<Transition id="onParent" target=".exit" />
		</Behaviour>
	</State>

	<State id="wait_minimum_time_return_lobby" >
		<Entry id="enter" />
		<Exit id="exit" />
		<Behaviour id="CWaitForTime" time="2.0" >
			<Transition id="onReady" target=".exit" />
		</Behaviour>
		<Behaviour id="CParentTransition">
			<Transition id="onParent" target=".exit" />
		</Behaviour>
	</State>

	<!-- Shows the results screen for a minimum time and waits until all players are ready to go into the next heat -->
	<State id="wait_for_next_heat">
		<Entry id="enter" target="wait_for_minimum_time.enter" />
		<Exit id="exit"/>
		<Exit id="quit"/>

		<Node id="wait_for_minimum_time" state="wait_minimum_time_for_heat">
			<Entry id="enter" />
			<Exit id="exit" target="wait_for_next_heat.enter"/>
		</Node>
		<Node id="wait_for_next_heat" state="global.wait_for_next_heat">
			<Entry id="enter" />
			<Exit id="exit" target="wait_until_all_players_waiting_for_next_heat.enter"/>
		</Node>
		<Node id="wait_until_all_players_waiting_for_next_heat" state="global.wait_until_all_players_waiting_for_next_heat">
			<Entry id="enter" />
			<Exit id="ready" target="enable_car_control.enter"/>
		</Node>
		<Node id="enable_car_control" state="global.enable_car_control">
			<Entry id="enter" />
			<Exit id="exit" target="prepare_go_to_next_heat.enter" />
		</Node>
		<Node id="prepare_go_to_next_heat" state="global.go_to_next_heat">
			<Entry id="enter" />
			<Exit id="exit" target=".exit"/>
		</Node>
	</State>

	<State id="wait_for_all_players_to_have_loaded">
		<Entry id="enter" target="wait_for_minimum_time.enter" />
		<Exit id="exit" />

		<Behaviour id="CParentTransition">
			<Transition id="onParent" target=".exit" />
		</Behaviour>

		<Node id="wait_for_minimum_time" state="wait_minimum_time_return_lobby">
			<Entry id="enter" />
			<Exit id="exit" target="set_to_in_game_status.enter"/>
		</Node>
		<Node id="set_to_in_game_status" state="set_to_in_game_status">
			<Entry id="enter" />
			<Exit id="exit" target="wait_for_all_to_have_loaded_to_in_game.enter" />
		</Node>
		<Node id="wait_for_all_to_have_loaded_to_in_game" state="global.wait_for_all_to_have_loaded_to_in_game">
			<Entry id="enter" />
			<Exit id="exit" target="kick_failed_load_players.enter"/>
		</Node>
		<Node id="kick_failed_load_players" state="global.kick_failed_load_players">
			<Entry id="enter" />
			<Exit id="exit" target=".exit"/>
		</Node>
	</State>

	<!-- Shows the results screen for a minimum time and waits until all players are ready to return to the lobby before exiting -->
	<State id="Wait_to_return_to_lobby">
		<Entry id="enter" target="wait_for_minimum_time.enter" />
		<Exit id="exit"/>
		<Exit id="quit"/>

		<Behaviour id="CParentTransition">
			<Transition id="onParent" target=".quit" />
		</Behaviour>

		<Node id="wait_for_minimum_time" state="wait_minimum_time_return_lobby">
			<Entry id="enter" />
			<Exit id="exit" target="set_player_ready_to_return_to_lobby.enter"/>
		</Node>
		<Node id="is_last_race" state="global.is_last_race_of_destination">
			<Entry id="enter" />
			<Exit id="yes" target="post_race_exiting.enter"/>
			<Exit id="no" target="set_player_ready_to_return_to_lobby.enter"/>
		</Node>
		<Node id="set_player_ready_to_return_to_lobby" state="set_player_ready_to_return_to_lobby">
			<Entry id="enter" />
			<Exit id="exit" target="wait_for_all_players_ready_to_return_to_lobby.enter"/>
		</Node>
		<Node id="wait_for_all_players_ready_to_return_to_lobby" state="global.wait_for_all_players_ready_to_return_to_lobby">
			<Entry id="enter" />
			<Exit id="exit" target="post_race_exiting.enter"/>
		</Node>
		<Node id="post_race_exiting" state="PostRace_Exiting">
			<Entry id="enter" />
			<Exit id="exit" target=".exit" />
		</Node>
	</State>
	
	<State id="wait_to_return_to_lobby_last_race">
		<Entry id="enter" target="wait_for_minimum_time.enter" />
		<Exit id="exit"/>
		<Exit id="quit"/>

		<Behaviour id="CParentTransition">
			<Transition id="onParent" target=".quit" />
		</Behaviour>

		<Node id="wait_for_minimum_time" state="wait_minimum_time_return_lobby">
			<Entry id="enter" />
			<Exit id="exit" target="post_race_exiting.enter"/>
		</Node>
		<Node id="post_race_exiting" state="PostRace_Exiting">
			<Entry id="enter" />
			<Exit id="exit" target=".exit" />
		</Node>
	</State>

	<State id="wait_for_lobby_voting_ready">
		<Entry id="enter" />
		<Exit id="exit"/>
		<Behaviour id="CWaitForLobbyVotingReady">
			<Transition id="onReady" target=".exit"/>
		</Behaviour>
	</State>

	<State id="wait_sync_destination_standings_last_race">
		<Entry id="enter" target="wait_for_minimum_time.enter" />
		<Exit id="exit"/>
		<Exit id="quit"/>

		<Behaviour id="CParentTransition">
			<Transition id="onParent" target=".quit" />
		</Behaviour>

		<Node id="wait_for_minimum_time" state="wait_minimum_time_return_lobby">
			<Entry id="enter" />
			<Exit id="exit" target="set_player_ready_to_return_to_lobby.enter"/>
		</Node>
		<Node id="set_player_ready_to_return_to_lobby" state="set_player_ready_to_return_to_lobby">
			<Entry id="enter" />
			<Exit id="exit" target="wait_for_all_players_ready_to_return_to_lobby.enter"/>
		</Node>
		<Node id="wait_for_all_players_ready_to_return_to_lobby" state="global.wait_for_all_players_ready_to_return_to_lobby">
			<Entry id="enter" />
			<Exit id="exit" target=".exit" />
		</Node>
	</State>

	<State id="set_player_ready_to_return_to_lobby">
		<Entry id="enter" target=".exit" />
		<Exit id="exit"/>
		<Behaviour id="CSetPlayerReadyToReturnToLobby" />
	</State>

	<!-- These states have been declared outside of the ui_show_screens xml, as they show the scene and immediately exit the state -->
	<State id="show_xp_screen">
		<Entry id="enter" />
		<Exit id="exit"/>
		<Behaviour id="CShowPostRaceXPScreen" >
			<Attribute id="resource_package" value="PostOnlineEvent" />
			<Transition id="onDone" target=".exit"/>
		</Behaviour>
		<Behaviour id="CParentTransition">
			<Transition id="onParent" target=".exit" />
		</Behaviour>
	</State>

	<State id="did_player_level_up">
		<Entry id="enter" />
		<Exit id="yes" />
		<Exit id="no" />
		<Behaviour id="CWillPlayerLevelUp">
			<Transition id="yes" target=".yes"/>
			<Transition id="no" target=".no"/>
		</Behaviour>
	</State>

	<State id="prepare_sync_cam" >
		<Entry id="enter" target=".exit" />
		<Exit id="exit"/>
		<Behaviour id="CPrepareCutscene" cutscene="prerace_intro_cams" race_specific="true" random_cuts="true" random_cut_limit="1" random_initial_cut="13"/>
	</State>

	<State id="prepare_intro_camera" >
		<Entry id="enter" target=".exit" />
		<Exit id="exit"/>
		<Behaviour id="CPrepareCutscene" cutscene="prerace_countdown" />
	</State>

	<State id="set_to_in_game_status" >
		<Entry id="enter" target=".exit" />
		<Exit id="exit" />
		<Behaviour id="CSetPlayerToInGame" />
	</State>

	<State id="set_to_loading_into_game_status" >
		<Entry id="enter" target=".exit" />
		<Exit id="exit" />
		<Behaviour id="CSetPlayerToLoadingIntoGame" />
	</State>

	<State id="wait_for_end_of_countdown">
		<Entry id="enter" />
		<Exit id="exit" />
		<Behaviour id="CWaitForCameraSequence" >
			<Transition id="onEndCountdown" target=".exit" />
		</Behaviour>
		<Behaviour id="CParentTransition">
			<Transition id="onParent" target=".exit" />
		</Behaviour>
	</State>

	<State id="car_finished">
		<Entry id="enter" target=".exit" />
		<Exit id="exit" />
		<Behaviour id="CCarFinishedRacing" finished_type="finished" />
	</State>

	<State id="wait_for_end_condition">
		<Entry id="enter" />
		<Exit id="exit" />
		<Behaviour id="CWaitForEndCondition">
			<Transition id="onReady" target=".exit"/>
		</Behaviour>
	</State>

	<State id="play_sync_cam">
		<Entry id="enter" target=".exit" />
		<Exit id="exit"/>

		<Behaviour id="CFadeIn" fade_in="true">
			<FadeOptions Duration="1.000000" HoldDuration="0.000000" CurveType="S" Color.x="0.000000" Color.y="0.000000" Color.z="0.000000" Color.w="0.000000"/>
		</Behaviour>

		<Behaviour id="CPlayCameraSequence" wait="false" />
	</State>

	<State id="play_intro_camera">
		<Entry id="enter" target="play_camera.enter" />
		<Exit id="exit"/>

		<Behaviour id="CFadeIn" fade_in="true">
			<FadeOptions Duration="2.000000" HoldDuration="0.000000" CurveType="S" Color.x="0.000000" Color.y="0.000000" Color.z="0.000000" Color.w="0.000000"/>
		</Behaviour>

		<Node id="play_camera" state="global.play_current_camera_sequence_and_wait">
			<Entry id="enter" />
			<Exit id="exit" target=".exit" />
		</Node>
	</State>

	<State id="is_race_complete">
		<Entry id="enter" />
		<Exit id="yes" />
		<Exit id="no" />
		<Behaviour id="CIsRaceComplete">
			<Transition id="yes" target=".yes"/>
			<Transition id="no" target=".no"/>
		</Behaviour>
	</State>

	<State id="wait_for_race_complete_mp">
		<Entry id="enter" />
		<Exit id="player_complete" />
		<Exit id="player_retired" />
		<Exit id="race_complete" />

		<Behaviour id="CWaitForRaceCompleteMP">
			<Transition id="onPlayerComplete" target=".player_complete"/>
			<Transition id="onPlayerRetired" target=".player_retired"/>
			<Transition id="onRaceComplete" target=".race_complete"/>
		</Behaviour>
	</State>

	<State id="show_results_and_wait_to_start_rewards">
		<Entry id="enter" target="wait_for_race_complete.enter" />
		<Exit id="exit" />
		<Exit id="quit" />

		<Behaviour id="CShowRaceResultsScreen">
			<Transition id="onContinue" target=".exit"/>
			<Transition id="onQuit" target=".quit" />
			<Attribute id="inputActiveWhilstEntered" value="true" />
		</Behaviour>

		<Node id="wait_for_race_complete" state="wait_for_race_complete">
			<Entry id="enter" />
			<Exit id="exit" target="wait_minimum_time_on_results.enter" />
		</Node>
		<Node id="wait_minimum_time_on_results" state="wait_minimum_time_on_results">
			<Entry id="enter" />
			<Exit id="exit" target=".exit" />
		</Node>
	</State>

	<State id="show_results_and_wait_for_players_synchronized">
		<Entry id="enter" target="wait_for_race_complete.enter" />
		<Exit id="exit" />
		<Exit id="quit" />

		<Behaviour id="CShowRaceResultsScreen">
			<Transition id="onContinue" target=".exit"/>
			<Transition id="onQuit" target=".quit" />
			<Attribute id="inputActiveWhilstEntered" value="true" />
		</Behaviour>
		<Behaviour id="CParentTransition">
			<Transition id="onParent" target=".exit" />
		</Behaviour>

		<Node id="wait_for_race_complete" state="wait_for_race_complete">
			<Entry id="enter" />
			<Exit id="exit" target="wait_for_all_players_synchronized.enter" />
		</Node>
		<Node id="wait_for_all_players_synchronized" state="wait_for_all_players_synchronized">
			<Entry id="enter" />
			<Exit id="exit" target=".exit" />
			<Exit id="quit" target=".quit" />
		</Node>
	</State>

	<State id="wait_minimum_time_on_finishing_screen" >
		<Entry id="enter" />
		<Exit id="exit" />
		<Behaviour id="CWaitForTime" time="3.0" >
			<Transition id="onReady" target=".exit" />
		</Behaviour>
		<Behaviour id="CParentTransition">
			<Transition id="onParent" target=".exit" />
		</Behaviour>
	</State>

	<State id="wait_minimum_time_on_results" >
		<Entry id="enter" />
		<Exit id="exit" />
		<Behaviour id="CWaitForTime" time="8.0" >
			<Transition id="onReady" target=".exit" />
		</Behaviour>
		<Behaviour id="CParentTransition">
			<Transition id="onParent" target=".exit" />
		</Behaviour>
	</State>

	<State id="wait_for_race_complete" >
		<Entry id="enter" />
		<Exit id="exit" />
		<Behaviour id="CWaitForRaceComplete">
			<Transition id="onComplete" target=".exit"/>
		</Behaviour>
		<Behaviour id="CParentTransition">
			<Transition id="onParent" target=".exit" />
		</Behaviour>
	</State>

	<State id="show_multistage_results">
		<Entry id="enter" target="show_empty_screen.enter" />
		<Exit id="exit" />
		<Exit id="quit" />

		<Node id="show_empty_screen" state="global.show_empty_screen">
			<Entry id="enter" />
			<Exit id="exit" target="show_multistage_results_for_minimum_time.enter" />
		</Node>
		<Node id="show_multistage_results_for_minimum_time" state="show_multistage_results_for_minimum_time">
			<Entry id="enter" />
			<Exit id="exit" target=".exit" />
			<Exit id="quit" target=".quit" />
		</Node>
	</State>

	<State id="show_multistage_results_for_minimum_time">
		<Entry id="enter" target="wait_minimum_time_on_multistage_results.enter" />
		<Exit id="exit" />
		<Exit id="quit" />

		<Behaviour id="CShowRaceResultsScreen" multistage="true">
			<Transition id="onContinue" target=".exit"/>
			<Transition id="onQuit" target=".quit" />
			<Attribute id="inputActiveWhilstEntered" value="true" />
		</Behaviour>

		<Node id="wait_minimum_time_on_multistage_results" state="wait_minimum_time_on_multistage_results">
			<Entry id="enter" />
			<Exit id="exit" target=".exit" />
		</Node>
	</State>

	<State id="wait_minimum_time_on_multistage_results" >
		<Entry id="enter" />
		<Exit id="exit" />
		<Behaviour id="CWaitForTime" time="4.0" >
			<Transition id="onReady" target=".exit" />
		</Behaviour>
		<Behaviour id="CParentTransition">
			<Transition id="onParent" target=".exit" />
		</Behaviour>
	</State>

	<State id="show_finishing_screen_and_wait_for_race_complete">
		<Entry id="enter" target="wait_minimum_time_on_finishing_screen.enter"/>
		<Exit id="done"/>
		<Exit id="quit"/>

		<Behaviour id="CShowPostRaceFinishPositionScreen" >
			<Transition id="onDone" target=".done"/>
			<Transition id="onQuit" target=".quit"/>
			<Attribute id="inputActiveWhilstEntered" value="true" />
			<Attribute id="screen_delay" value="3" />
		</Behaviour>
		<Behaviour id="CParentTransition">
			<Transition id="onParent" target=".done" />
		</Behaviour>

		<Node id="wait_minimum_time_on_finishing_screen" state="wait_minimum_time_on_finishing_screen">
			<Entry id="enter" />
			<Exit id="exit" target="wait_for_race_complete.enter" />
		</Node>
		<Node id="wait_for_race_complete" state="wait_for_race_complete">
			<Entry id="enter" />
			<Exit id="exit" target=".done" />
		</Node>
	</State>

	<State id="post_race_update_profile">
		<Entry id="enter" target=".exit" />
		<Exit id="exit" />
		<Behaviour id="CPostRaceUpdateProfile" />
	</State>

	<State id="check_whether_enough_network_players">
		<Entry id="enter" />
		<Exit id="yes" />
		<Exit id="no" />
		<Behaviour id="CCheckWhetherEnoughNetworkPlayers">
			<Transition id="yes" target=".yes"/>
			<Transition id="no" target=".no"/>
		</Behaviour>
	</State>

	<State id="check_whether_eligible_for_current_hopper">
		<Entry id="enter" />
		<Exit id="yes" />
		<Exit id="no" />
		<Behaviour id="CCheckWhetherEligibleForCurrentHopper">
			<Transition id="yes" target=".yes"/>
			<Transition id="no" target=".no"/>
		</Behaviour>
	</State>

	<State id="is_playground_game_mode">
		<Entry id="enter"/>
		<Exit id="yes"/>
		<Exit id="no"/>
		<Behaviour id="CIsPlaygroundGameMode" >
			<Transition id="yes" target=".yes"/>
			<Transition id="no" target=".no"/>
		</Behaviour>
	</State>

	<State id="is_playground_arena_based_mode">
		<Entry id="enter"/>
		<Exit id="yes"/>
		<Exit id="no"/>
		<Behaviour id="CIsPlaygroundGameMode" >
			<Attribute id="arena_mode_only" value="true" />
			<Transition id="yes" target=".yes"/>
			<Transition id="no" target=".no"/>
		</Behaviour>
	</State>

	<State id="unload_to_party_lobby">
		<Entry id="enter" />
		<Behaviour id="CUnloadToPreGame" destination="party_lobby" />
		<Behaviour id="CExitOnlineSession" />
	</State>

	<State id="load_back_to_lobby">
		<Entry id="enter" />
		<Behaviour id="CUnloadToPreGame" destination="race_lobby" />
	</State>

	<State id="continue_online_roadtrip">
		<Entry id="enter" target="continue_online_roadtrip.enter" />
		<Exit id="exit"/>

		<Node id="continue_online_roadtrip" state="UIShowScreens.ContinueOnlineRoadtrip">
			<Entry id="enter" />
			<Exit id="exit" target="root.enter"/>
		</Node>
		<Node id="clean_up" state="clean_up" >
			<Entry id="enter" />
			<Exit id="exit" target="root.enter" />
		</Node>
		<Node id="root" state="root">
			<Entry id="enter" />
			<Exit id="exit" target=".exit" />
		</Node>
	</State>

	<State id="DisableAndHideAllOpponentCars" >
		<Entry id="enter" target=".exit"/>
		<Exit id="exit" />
		<Behaviour id="CDisableOpponentCars" />
	</State>

	<State id="render_ready">
		<Entry id="enter" target=".exit"/>
		<Exit id="exit" />
		<Behaviour id="CRenderReady" />
	</State>

	<State id="store_start_race_timer">
		<Entry id="enter" target=".exit"/>
		<Exit id="exit" />
		<Behaviour id="CStoreStartRaceTime" />
	</State>

	<State id="load_prerace_countdown">
		<Entry id="enter" target=".exit" />
		<Exit id="exit" />
		<Behaviour id="CLoadCutscene" cutscene="prerace_countdown" race_specific="true" />
	</State>

	<State id="postrace_cockpit_cam">
		<Entry id="enter" target="is_playground_arena_based_mode.enter" />
		<Exit id="exit" />

		<Node id="is_playground_arena_based_mode" state="is_playground_arena_based_mode">
			<Entry id="enter" />
			<Exit id="yes" target="playground_arena_end_flow_flash.enter" />
			<Exit id="no" target="play_normal_cockpit_cam.enter" />
		</Node>
		<Node id="play_normal_cockpit_cam" state="game_race_flow.cockpit_prepare_cutscene">
			<Entry id="enter" />
			<Exit id="exit" target=".exit" />
		</Node>
		<Node id="playground_arena_end_flow_flash" state="global.white_flash">
			<Entry id="enter" />
			<Exit id="exit" target="stop_car_immediately.enter" />
		</Node>
		<Node id="stop_car_immediately" state="global.stop_car_immediately">
			<Entry id="enter" />
			<Exit id="exit" target="enable_car_parking_brake.enter" />
		</Node>
		<Node id="enable_car_parking_brake" state="global.enable_car_parking_brake">
			<Entry id="enter" />
			<Exit id="exit" target="play_steady_cockpit_cam.enter" />
		</Node>
		<Node id="play_steady_cockpit_cam" state="postrace_prepare_cockpit_steady">
			<Entry id="enter" />
			<Exit id="exit" target=".exit" />
		</Node>
	</State>

	<State id="postrace_prepare_cockpit_steady">
		<Entry id="enter" />
		<Exit id="exit" />
		<Behaviour id="CPrepareCutscene" cutscene="Cockpit_Cam_Steady_Activate" race_specific="true" />
		<Behaviour id="CPlayCameraSequence" wait="false">
			<Transition id="onReady" target=".exit" />
		</Behaviour>
	</State>

	<State id="is_rally_event" >
		<Entry id="enter" />
		<Exit id="yes" />
		<Exit id="no" />

		<Behaviour id="CDetermineEventTypePreset">
			<Transition id="onNone" target=".no" />
			<Transition id="onFestivalRace" target=".no" />
			<Transition id="onStreetRace" target=".no" />
			<Transition id="onExhibition" target=".no" />
			<Transition id="onMission" target=".no" />
			<Transition id="onNemesisRace" target=".no" />
			<Transition id="onHeadline" target=".no" />
			<Transition id="onRally" target=".yes" />
		</Behaviour>
	</State>

	<State id="is_first_heat" >
		<Entry id="enter" />
		<Exit id="yes" />
		<Exit id="no" />

		<Behaviour id="CGetCurrentHeat">
			<Transition id="first" target=".yes" />
			<Transition id="last" target=".no" />
			<Transition id="intermediate" target=".no" />
			<Transition id="first_and_only" target=".yes" />
		</Behaviour>
	</State>

	<!-- Show the multistage results if we are in a rally and we're not in the first heat -->
	<State id="should_show_multistage_results" >
		<Entry id="enter" target="is_rally_event.enter" />
		<Exit id="yes" />
		<Exit id="no" />

		<Node id="is_rally_event" state="is_rally_event">
			<Entry id="enter" />
			<Exit id="yes" target="is_first_heat.enter" />
			<Exit id="no" target=".no" />
		</Node>
		<Node id="is_first_heat" state="is_first_heat">
			<Entry id="enter" />
			<Exit id="yes" target=".no" />
			<Exit id="no" target=".yes" />
		</Node>
	</State>

	<State id="clean_up">
		<Entry id="enter" target="is_background_loaded.enter" />
		<Entry id="enterForLoading" target="disable_compressed_heap.enter" />
		<Exit id="exit" />

		<Node id="is_background_loaded" state="InGameUI.is_background_loaded">
			<Entry id="enter"/>
			<Exit id="yes" target="show_loading_screen.enter"/>
			<Exit id="no" target="reload_decision.enter"/>
		</Node>
		<Node id="show_loading_screen" state="global.show_loading_screen" >
			<Entry id="enter" />
			<Exit id="exit" target="start_freeroam_music.enter" />
		</Node>
		<!-- We now switch back to freeroam music at start of load back to freeroam, rather than at the end -->
		<Node id="start_freeroam_music" state="Audio.play_freeroam_music_with_fades">
			<Entry id="enter"/>
			<Exit id="exit" target="consume_reload_decision.enter"/>
		</Node>
		<Node id="consume_reload_decision" state="InGameUI.reload_decision">
			<Entry id="enter" />
			<Exit id="exit" target="exit_reload_track_and_npc_cars.enter" />
			<Exit id="exitReload" target="exit_reload_track_and_npc_cars.enter" />
		</Node>
		<Node id="exit_reload_track_and_npc_cars" state="InGameUI.exit_reload_track_and_npc_cars" >
			<Entry id="enter" />
			<Exit id="exit" target="exit_reload_player_car.enter" />
		</Node>
		<Node id="reload_decision" state="InGameUI.reload_decision">
			<Entry id="enter" />
			<Exit id="exit" target="exit_cutscene.enter" />
			<Exit id="exitReload" target="reload_players_car.enter" />
		</Node>
		<Node id="reload_players_car" state="InGameUI.reload_player_car">
			<Entry id="enter" />
			<Exit id="exit" target="set_audio_exterior_ui.enter" />
		</Node>
		<Node id="exit_reload_player_car" state="InGameUI.exit_reload_player_car" >
			<Entry id="enter" />
			<Exit id="exit" target="set_audio_exterior_ui.enter" />
		</Node>
		<Node id="set_audio_exterior_ui" state="Audio.exterior_ui" >
			<Entry id="enter" />
			<Exit id="exit" target="exit_cutscene.enter" />
		</Node>
		<Node id="exit_cutscene" state="InGameUI.cutscene_exit_activity" >
			<Entry id="enter" />
			<Exit id="exit" target="show_remote_cars.enter" />
		</Node>
		<Node id="show_remote_cars" state="global.show_remote_cars">
			<Entry id="enter" />
			<Exit id="exit" target="unmute_car_audio.enter" />
		</Node>
		<Node id="unmute_car_audio" state="Audio.unmute_car_audio" >
			<Entry id="enter" />
			<Exit id="exit" target="disable_thumb_manager.enter" />
		</Node>
		<Node id="disable_thumb_manager" state="global.disable_thumbnail_manager">
			<Entry id="enter" />
			<Exit id="exit" target="set_audio_exterior_freeroam.enter" />
		</Node>
		<Node id="set_audio_exterior_freeroam" state="Audio.exterior_freeroam">
			<Entry id="enter" />
			<Exit id="exit" target="disable_compressed_heap.enter" />
		</Node>
		<Node id="disable_compressed_heap" state="global.disable_compressed_heap">
			<Entry id="enter" />
			<Exit id="exit" target="enable_traffic_spawning.enter" />
		</Node>
		<Node id="enable_traffic_spawning" state="global.enable_traffic_spawning">
			<Entry id="enter" />
			<Exit id="exit" target="enable_car_control.enter" />
		</Node>
		<Node id="enable_car_control" state="global.enable_car_control" >
			<Entry id="enter" />
			<Exit id="exit" target="disable_parking_brake.enter" />
		</Node>
		<Node id="disable_parking_brake" state="global.disable_car_parking_brake" >
			<Entry id="enter" />
			<Exit id="exit" target="enable_rumble.enter" />
		</Node>
		<Node id="enable_rumble" state="global.enable_rumble_and_forcefeedback" >
			<Entry id="enter" />
			<Exit id="exit" target="unblock_pause_entry.enter" />
		</Node>
		<Node id="unblock_pause_entry" state="global.unblock_pause_entry" >
			<Entry id="enter" />
			<Exit id="exit" target="reset_mulligan.enter" />
		</Node>
		<Node id="reset_mulligan" state="global.reset_mulligan" >
			<Entry id="enter" />
			<Exit id="exit" target="enable_satnav_audio.enter" />
		</Node>
		<Node id="enable_satnav_audio" state="Audio.enable_satnav_audio" >
			<Entry id="enter" />
			<Exit id="exit" target=".exit" />
		</Node>
	</State>
</StateGroup>/State>
</StateGroup>/State>
</StateGroup>/State>
</StateGroup>