<StateGroup id="game_start" >

    <State id="wait_for_loading_complete">
        <Entry id="enter" />
        <Exit id="exit" />
        <Behaviour id="CWaitForLoadingComplete">
            <Transition id="exit" target=".exit" />
        </Behaviour>
    </State>
	
	<State id="has_seen_rally_intro">
		<Entry id="enter"/>
		<Exit id="yes" />
		<Exit id="no" />
		<Behaviour id="CHasCompletedRallyInitialFlow">
			<Transition id="yes" target=".yes" />
			<Transition id="no" target=".no" />
		</Behaviour>
	</State>
	
    <!-- Entry Point -->
    <State id="Root">
        <Entry id="enter" target="wait_for_loading_complete.enter" />
        <Exit id="exit" />
        
        <!-- Wait for the loading of the game to finish -->
        <Node id="wait_for_loading_complete" state="wait_for_loading_complete">
            <Entry id="enter" />
            <Exit id="exit" target="has_seen_intro.enter" />
        </Node>
		<Node id="has_seen_intro" state="has_seen_rally_intro">
			<Entry id="enter"/>
			<Exit id="yes" target="rally_race_setup.enter" />
			<Exit id="no" target="rally_intro_setup.enter" />
		</Node>
		<Node id="rally_race_setup" state="game_rally_race_flow.root">
            <Entry id="enter" />
            <Exit id="exit" target=".exit" />
        </Node>
		<Node id="rally_intro_setup" state="game_rally_intro_flow.root">
            <Entry id="enter" />
            <Exit id="exit" target=".exit" />
        </Node>
    </State>
      
    <!-- Entry Point -->
    <State id="Restart">
        <Entry id="enter" target="wait_for_loading_complete.enter" />
        <Exit id="exit" />
        
        <!-- Wait for the loading of the game to finish -->
        <Node id="wait_for_loading_complete" state="wait_for_loading_complete">
            <Entry id="enter" />
            <Exit id="exit" target="is_rally_restart.enter" />
        </Node>
        
        <!-- Use the root flow for multi stage transitions, so that we get the correct intro cutscenes-->
        <Node id="is_rally_restart" state="game_race_flow.IsRestart">
            <Entry id="enter" />
            <Exit id="yes" target="rally_race_setup_restart.enter" />
            <Exit id="no" target="rally_race_setup_root.enter" />
        </Node>
		
		<Node id="rally_race_setup_restart" state="game_rally_race_flow.restart">
            <Entry id="enter" />
            <Exit id="exit" target=".exit" />
        </Node>

        <Node id="rally_race_setup_root" state="game_rally_race_flow.root">
            <Entry id="enter" />
            <Exit id="exit" target=".exit" />
        </Node>
    </State>
</StateGroup>       
</StateGroup>       
</StateGroup>       
</StateGroup>       