<StateGroup id="game_start_multiplayer_playground" >

  <State id="has_freeroam_ended">
    <Entry id="enter" />
    <Exit id="yes" />
    <Exit id="no" />
    <Behaviour id="CIsFreeRoamSessionOver">
      <Transition id="yes" target=".yes" />
      <Transition id="no" target=".no" />
    </Behaviour>
  </State>

  <State id="unlock_festival_locations">
    <Entry id="enter" target=".exit" />
    <Exit id="exit" />
    <Behaviour id="CUnlockMPFestivalLocations" />
  </State>

  <State id="finished_freeroam">
    <Entry id="enter" target=".exit" />
    <Exit id="exit" />
    <Behaviour id="CCarFinishedRacing" finished_type="Finished" />
  </State>

  <State id="set_car_to_joining_session">
    <Entry id="enter" target=".exit"/>
    <Exit id="exit" />
    <Behaviour id="CSetCarToJoiningSession" />
  </State>

  <State id="snap_local_car_to_road">
    <Entry id="enter" target=".exit" />
    <Exit id="exit" />
    <Behaviour id="CSnapCarToRoad" position_mode="CurrentPosition" reset_all_player_cars="false" />
  </State>

  <State id="should_start_existing_flow">
    <Entry id="enter" target="is_race_central_flow.enter" />
    <Exit id="yes" />
    <Exit id="no" />

    <Node id="is_race_central_flow" state="global.is_race_central_flow">
      <Entry id="enter" />
      <Exit id="no" target=".no" />
      <Exit id="yes" target=".yes" />
    </Node>
  </State>

  <State id="start_existing_flow">
    <Entry id="enter" target="is_race_central_flow.enter" />
    <Exit id="flow" />
    <Exit id="freeRoam" />

    <Node id="is_race_central_flow" state="global.is_race_central_flow">
      <Entry id="enter" />
      <Exit id="no" target=".freeRoam" />
      <Exit id="yes" target="start_race_central.from_race_central" />
    </Node>

    <Node id="start_race_central" state="race_central.menu_flow">
      <Entry id="from_race_central" />
      <Exit id="flow" target=".flow" />
      <Exit id="freeRoam" target=".freeRoam" />
    </Node>
  </State>

  <State id="prepare_free_roam">
    <Entry id="skip_intro_enter" target="set_car_to_joining_session.enter" />
    <Entry id="intro_enter" target="prepare_race.enter" />
    <Exit id="exit" />
    <Exit id="exitFinished" />

    <Node id="set_car_to_joining_session" state="set_car_to_joining_session">
      <Entry id="enter" />
      <Exit id="exit" target="unload_lod0_cars.enter" />
    </Node>
    <Node id="unload_lod0_cars" state="global.unload_lod0_cars">
      <Entry id="enter" />
      <Exit id="exit" target="wait_for_streaming.enter" />
    </Node>
    <Node id="wait_for_streaming" state="global.wait_for_streaming">
      <Entry id="enter" />
      <Exit id="exit" target="wait_for_all_cars_loaded.enter" />
    </Node>
    <Node id="wait_for_all_cars_loaded" state="global.wait_for_all_cars_loaded" >
      <Entry id="enter" />
      <Exit id="exit" target="snap_car_to_road.enter" />
    </Node>
    <Node id="snap_car_to_road" state="snap_local_car_to_road">
      <Entry id="enter" />
      <Exit id="exit" target="unlock_festival_locations.enter" />
    </Node>
    <Node id="unlock_festival_locations" state="unlock_festival_locations">
      <Entry id="enter" />
      <Exit id="exit" target="should_start_existing_flow.enter" />
    </Node>
    <Node id="should_start_existing_flow" state="should_start_existing_flow">
      <Entry id="enter" />
      <Exit id="yes" target="start_existing_flow.enter" />
      <Exit id="no" target="set_to_in_game_status.enter" />
    </Node>
    <Node id="start_existing_flow" state="start_existing_flow">
      <Entry id="enter" />
      <Exit id="freeRoam" target="show_hud_screen.enter" />
      <Exit id="flow" target=".exit" />
    </Node>
    <Node id="set_to_in_game_status" state="set_to_in_game_status">
      <Entry id="enter" />
      <Exit id="exit" target="sync_time_of_day.enter" />
    </Node>
    <Node id="sync_time_of_day" state="global.net_sync_time_of_day">
      <Entry id="enter" />
      <Exit id="exit" target="set_free_roam_car.enter" />
    </Node>
    <Node id="set_free_roam_car" state="global.set_free_roam_car">
      <Entry id="enter"/>
      <Exit id="exit" target="black_out.enter"/>
    </Node>
    <Node id="black_out" state="global.black_out">
      <Entry id="enter" />
      <Exit id="exit" target="show_empty_screen.enter" />
    </Node>
    <Node id="show_empty_screen" state="global.show_empty_screen_with_hud_resource">
      <Entry id="enter" />
      <Exit id="exit" target="set_audio_freeroam.enter" />
    </Node>
    <Node id="set_audio_freeroam" state="Audio.apply_mixer_snapshot_freeroam">
      <Entry id="enter" />
      <Exit id="exit" target="enable_ambient_audio.enter" />
    </Node>
    <Node id="enable_ambient_audio" state="global.enable_ambient_audio_streaming">
      <Entry id="enter" />
      <Exit id="exit" target="fade_in.enter" />
    </Node>
    <Node id="fade_in" state="global.fade_in">
      <Entry id="enter" />
      <Exit id="exit" target="has_freeroam_ended.enter" />
    </Node>
    <Node id="has_freeroam_ended" state="has_freeroam_ended">
      <Entry id="enter" />
      <Exit id="yes" target="finished_freeroam.enter" />
      <Exit id="no" target="show_hud_screen.enter" />
    </Node>
    <Node id="finished_freeroam" state="finished_freeroam" >
      <Entry id="enter" />
      <Exit id="exit" target=".exitFinished" />
    </Node>
    <Node id="show_hud_screen" state="global.show_hud_screen">
      <Entry id="enter" />
      <Exit id="exit" target="prepare_race.enter" />
    </Node>
    <Node id="prepare_race" state="global.prepare_race" >
      <Entry id="enter" />
      <Exit id="exit" target="enable_map_discovery.enter" />
    </Node>
    <Node id="enable_map_discovery" state="global.enable_map_discovery" >
      <Entry id="enter" />
      <Exit id="exit" target="render_ready.enter" />
    </Node>
    <Node id="render_ready" state="render_ready">
      <Entry id="enter" />
      <Exit id="exit" target="start_race.enter"/>
    </Node>
    <Node id="start_race" state="global.start_race" >
      <Entry id="enter" />
      <Exit id="exit" target="start_driving.enter" />
    </Node>
    <Node id="start_driving" state="global.start_driving" >
      <Entry id="enter" />
      <Exit id="exit" target="unmute_car_audio.enter" />
    </Node>
    <Node id="unmute_car_audio" state="Audio.unmute_car_audio">
      <Entry id="enter" />
      <Exit id="exit" target="release_car_parking_brake.enter" />
    </Node>
    <Node id="release_car_parking_brake" state="global.disable_car_parking_brake" >
      <Entry id="enter" />
      <Exit id="exit" target="enable_fast_travel.enter" />
    </Node>
    <Node id="enable_fast_travel" state="global.enable_fast_travel" >
      <Entry id="enter" />
      <Exit id="exit" target="unblock_pause_entry.enter" />
    </Node>
    <Node id="unblock_pause_entry" state="global.unblock_pause_entry">
      <Entry id="enter" />
      <Exit id="exit" target=".exit" />
    </Node>
  </State>

  <State id="prepare_intro_camera" >
    <Entry id="enter" target=".exit" />
    <Exit id="exit"/>
    <Behaviour id="CPrepareCutscene" cutscene="intro" />
  </State>


  <State id="play_intro_camera">
    <Entry id="enter" target="play_camera.enter" />
    <Exit id="exit"/>

    <Behaviour id="CFadeIn" fade_in="true">
      <FadeOptions Duration="2.000000" HoldDuration="0.000000" CurveType="S" Color.x="0.000000" Color.y="0.000000" Color.z="0.000000" Color.w="0.000000"/>
    </Behaviour>

    <Node id="play_camera" state="global.play_current_camera_sequence_and_wait">
      <Entry id="enter" />
      <Exit id="exit" target=".exit" />
    </Node>
  </State>

  <State id="setup_blend_camera">
    <Entry id="enter" target=".exit" />
    <Exit id="exit" />
    <Behaviour id="CInitialiseBlendCutsceneCamera" cutscene="intro" />
  </State>

  <State id="blend_camera_from_wait" >
    <Entry id="enter" />
    <Exit id="exit" />
    <Behaviour id="CBlendCameraEvent" blendFrom="3.5" ease="true" >
      <Transition id="onComplete" target=".exit" />
    </Behaviour>
  </State>

  <!-- Flow which will setup a free roam game -->
  <State id="setup_free_roam">
    <Entry id="enter" target="should_start_existing_flow.enter" />
    <Exit id="exit" />
    <Exit id="exitFinished" />
    <!-- While in the whole of this state we need game control -->
    <Behaviour id="CGameControlWrapper" />

    <Node id="should_start_existing_flow" state="should_start_existing_flow">
      <Entry id="enter" />
      <Exit id="yes" target="place_car.enter" />
      <Exit id="no" target="block_pause_entry.enter" />
    </Node>

    <Node id="block_pause_entry" state="global.block_pause_entry">
      <Entry id="enter" />
      <Exit id="exit" target="enable_and_spawn_traffic.enter" />
    </Node>
    <Node id="enable_and_spawn_traffic" state="global.enable_traffic_spawning_with_initial_spawn">
      <Entry id="enter" />
      <Exit id="exit" target="should_skip_intro.enter" />
    </Node>

    <!-- If "launch" commandline is set then we should skip the intro and go straight to car on track -->
    <Node id="should_skip_intro" state="global.is_debug_launch_set">
      <Entry id="enter" />
      <Exit id="yes" target="intro_skipped.enter" />
      <Exit id="no" target="intro_skipped.enter" />
    </Node>

    <Node id="place_car" state="global.restore_car_position" >
      <Entry id="enter" />
      <Exit id="exit" target="intro_skipped.enter" />
    </Node>

    <Node id="intro_skipped" state="intro_skipped">
      <Entry id="enter"/>
      <Exit id="exit" target="prepare_free_roam.skip_intro_enter"/>
    </Node>

    <Node id="prepare_free_roam" state="prepare_free_roam">
      <Entry id="intro_enter" />
      <Entry id="skip_intro_enter" />
      <Exit id="exit" target =".exit" />
      <Exit id="exitFinished" target=".exitFinished" />
    </Node>

  </State>

  <State id="root">
    <Entry id="enter" target="is_lobby_exiting.enter" />
    <Exit id="exit" />

    <Behaviour id="CWaitForDisconnection">
      <Transition id="live_disconnection" target="disconnected.live" />
      <Transition id="lsp_disconnection" target="disconnected.lsp" />
      <Transition id="network_disconnection" target="disconnected.game" />
    </Behaviour>
    <Node id="disconnected" state="multiplayer_disconnection.disconnected" >
      <Entry id="game" />
      <Entry id="lsp" />
      <Entry id="live" />
      <Entry id="unload" />
    </Node>

    <Node id="is_lobby_exiting" state="global.is_lobby_exiting">
      <Entry id="enter" />
      <Exit id="yes" target="disconnected.unload" />
      <Exit id="no" target="is_party_going_back.enter" />
    </Node>

    <Node id="is_party_going_back" state="global.is_party_going_back">
      <Entry id="enter" />
      <Exit id="yes" target="quit_and_remain_in_party.enter" />
      <Exit id="no" target="setup_free_roam.enter" />
    </Node>

    <Node id="quit_and_remain_in_party" state="quit_to_party_lobby_remain_in_party">
      <Entry id="enter" />
    </Node>

    <Node id="setup_free_roam" state="setup_free_roam">
      <Entry id="enter" />
      <Exit id="exit" target="wait_for_race_complete_mp.enter" />
      <Exit id="exitFinished" target="wait_for_all_players_synchronized.enter" />
    </Node>

    <Node id="wait_for_race_complete_mp" state="wait_for_race_complete_mp">
      <Entry id="enter" />
      <Exit id="player_finished" target="wait_for_all_players_synchronized.enter" />
      <Exit id="race_complete" target="wait_for_all_players_synchronized.enter" />
      <Exit id="player_retired" target="wait_for_all_players_synchronized.enter" />
      <Exit id="host_ready_to_return_to_lobby" target="wait_for_all_players_synchronized.enter" />
    </Node>

    <Node id="wait_for_all_players_synchronized" state="wait_for_all_players_synchronized">
      <Entry id="enter" />
      <Exit id="exit" target=".exit"/>
      <Exit id="quit" target="quit.enter"/>
    </Node>

    <Node id="quit" state="QuitToNewParty">
      <Entry id="enter" />
    </Node>
  </State>

  <State id="quit_to_party_lobby_remain_in_party">
    <Entry id="enter" target="black_out.enter" />

    <Behaviour id="CGameControlWrapper" force_take_control="true" />

    <Node id="black_out" state="global.black_out" >
      <Entry id="enter" />
      <Exit id="exit" target="show_empty_screen.enter" />
    </Node>

    <Node id="show_empty_screen" state="global.show_empty_screen" >
      <Entry id="enter" />
      <Exit id="exit" target="to_lobby_audio.enter" />
    </Node>

    <Node id="to_lobby_audio" state="Audio.to_lobby_or_title">
      <Entry id="enter" />
      <Exit id="exit" target="party_lobby_unload.enter" />
    </Node>

    <Node id="party_lobby_unload" state="global.quit_and_remain_in_party">
      <Entry id="enter" />
    </Node>
  </State>

  <!-- Contains stuff that needs to happen that usually happens in the intro -->
  <State id="intro_skipped">
    <Entry id="enter" target="disable_radio_dj.enter"/>
    <Exit id="exit"/>

    <Node id="disable_radio_dj" state="Audio.disable_radio_dj">
      <Entry id="enter"/>
      <Exit id="exit" target="enable_radio_station_switching.enter"/>
    </Node>
    <Node id="enable_radio_station_switching" state="Audio.enable_radio_station_switching">
      <Entry id="enter"/>
      <Exit id="exit" target="enable_silent_idents.enter"/>
    </Node>
    <Node id="enable_silent_idents" state="Audio.enable_radio_silent_idents" >
      <Entry id="enter" />
      <Exit id="exit" target="start_radio.enter" />
    </Node>
    <Node id="start_radio" state="Audio.play_race_music">
      <Entry id="enter"/>
      <Exit id="exit" target=".exit"/>
    </Node>
  </State>

  <!-- States specific to starting free roam -->
  <State id="set_to_in_game_status" >
    <Entry id="enter" target=".exit" />
    <Exit id="exit" />
    <Behaviour id="CSetPlayerToInGame" />
  </State>

  <State id="intro_complete" >
    <Entry id="enter" target=".exit" />
    <Exit id="exit" />
    <Behaviour id="CSetHorizonFlag" flag="enteredFirstHeat" value="true" />
  </State>

  <State id="set_player_ready_to_return_to_lobby">
    <Entry id="enter" target=".exit" />
    <Exit id="exit"/>
    <Behaviour id="CSetPlayerReadyToReturnToLobby" />
  </State>

  <State id="QuitToNewParty">
    <Entry id="enter" target="quit_to_new_party.enter" />
    <!-- While in the whole of this state we need game control -->
    <Behaviour id="CGameControlWrapper" />

    <Node id="quit_to_new_party" state="global.quit_to_new_party">
      <Entry id="enter" />
    </Node>
  </State>

  <State id="wait_for_race_complete_mp">
    <Entry id="enter" />
    <Exit id="player_finished" />
    <Exit id="player_retired" />
    <Exit id="race_complete" />
    <Exit id="host_ready_to_return_to_lobby" />

    <Behaviour id="CWaitForRaceCompleteMP">
      <Transition id="onPlayerComplete" target=".player_finished"/>
      <Transition id="onPlayerRetired" target=".player_retired"/>
      <Transition id="onRaceComplete" target=".race_complete"/>
    </Behaviour>

    <Behaviour id="CIsFreeRoamSessionOver">
      <Transition id="yes" target=".host_ready_to_return_to_lobby" />
    </Behaviour>
  </State>

  <!-- Show results screen and wait -->
  <State id="wait_for_all_players_synchronized">
    <Entry id="enter" target="wait_to_exit.enter" />
    <Exit id="exit"/>
    <Exit id="quit"/>
    <!-- While in the whole of this state we need game control -->
    <Behaviour id="CGameControlWrapper" force_take_control="true" />
    <Behaviour id="CParentTransition">
      <Transition id="onParent" target=".exit" />
    </Behaviour>

    <Node id="wait_to_exit" state="Wait_to_return_to_lobby">
      <Entry id="enter" />
      <Exit id="exit" target=".exit" />
      <Exit id="quit" target=".quit" />
    </Node>
  </State>

  <State id="wait_minimum_time_return_lobby" >
    <Entry id="enter" />
    <Exit id="exit" />
    <Behaviour id="CWaitForTime" time="3.0" >
      <Transition id="onReady" target=".exit" />
    </Behaviour>

    <Behaviour id="CParentTransition">
      <Transition id="onParent" target=".exit" />
    </Behaviour>
  </State>

  <State id="Wait_to_return_to_lobby">
    <Entry id="enter" target="change_audio_to_ui.enter" />
    <Exit id="exit"/>
    <Exit id="quit"/>

    <Behaviour id="CShowPostRaceFinish" />
    <Behaviour id="CParentTransition">
      <Transition id="onParent" target=".exit" />
    </Behaviour>

    <Node id="change_audio_to_ui" state="Audio.apply_mixer_snapshot_ui_exterior">
      <Entry id="enter" />
      <Exit id="exit" target="wait_for_minimum_time.enter" />
    </Node>

    <Node id="wait_for_minimum_time" state="wait_minimum_time_return_lobby">
      <Entry id="enter" />
      <Exit id="exit" target="set_player_ready_to_return_to_lobby.enter"/>
    </Node>

    <Node id="set_player_ready_to_return_to_lobby" state="set_player_ready_to_return_to_lobby">
      <Entry id="enter" />
      <Exit id="exit" target="wait_for_all_players_ready_to_return_to_lobby.enter"/>
    </Node>

    <Node id="wait_for_all_players_ready_to_return_to_lobby" state="global.wait_for_all_players_ready_to_return_to_lobby">
      <Entry id="enter" />
      <Exit id="exit" target="post_race_exiting.enter"/>
    </Node>

    <Node id="post_race_exiting" state="PostRace_Exiting">
      <Entry id="enter" />
      <Exit id="exit" target=".exit" />
    </Node>
  </State>

  <State id="PostRace_Exiting">
    <Entry id="enter" target="show_empty_screen_post_results.enter" />
    <Exit id="exit" />
    <!-- While in the whole of this state we need game control -->
    <Behaviour id="CGameControlWrapper" />
    <Behaviour id="CParentTransition">
      <Transition id="onParent" target=".exit" />
    </Behaviour>

    <Node id="show_empty_screen_post_results" state="global.show_empty_screen" >
      <Entry id="enter" />
      <Exit id="exit" target="fade_to_load.enter" />
    </Node>

    <Node id="fade_to_load" state="global.fade_out" >
      <Entry id="enter" />
      <Exit id="exit" target="audio_to_party_lobby.enter" />
    </Node>

    <Node id="audio_to_party_lobby" state="Audio.to_lobby_or_title">
      <Entry id="enter" />
      <Exit id="exit" target="load_back_to_lobby.enter" />
    </Node>

    <Node id="load_back_to_lobby" state="load_back_to_lobby">
      <Entry id="enter" />
    </Node>
  </State>

  <State id="load_back_to_lobby">
    <Entry id="enter" />
    <Behaviour id="CUnloadToPreGame" destination="race_lobby" />
  </State>

  <State id="render_ready">
    <Entry id="enter" target=".exit"/>
    <Exit id="exit" />
    <Behaviour id="CRenderReady" />
  </State>

</StateGroup>
te>

</StateGroup>
te>

</StateGroup>
te>

</StateGroup>
