<StateGroup id="game_race_flow" >
    <State id="IsRivalsFlow">
        <Entry id="enter"/> 
        <Exit id="yes"/>
        <Exit id="no"/> 
        <Behaviour id="CIsTimeTrialFlow" > 
            <Transition id="yes" target=".yes"/>
            <Transition id="no" target=".no"/>
        </Behaviour> 
    </State>
    
    <State id="IsRivalLoaded">
        <Entry id="enter"/> 
        <Exit id="yes"/>
        <Exit id="no"/> 
        <Behaviour id="CIsRivalLoaded" > 
            <Transition id="yes" target=".yes"/>
            <Transition id="no" target=".no"/>
        </Behaviour> 
    </State>

    <State id="IsRestart">
      <Entry id="enter"/>
      <Exit id="yes"/>
      <Exit id="no"/>
      <Behaviour id="CIsRestart" >
        <Transition id="yes" target=".yes"/>
        <Transition id="no" target=".no"/>
      </Behaviour>
    </State>

  <State id="IsComparingBestLaps">
      <Entry id="enter"/>
      <Exit id="yes"/>
      <Exit id="no"/>
      <Behaviour id="CIsComparingBestLaps" >
        <Transition id="yes" target=".yes"/>
        <Transition id="no" target=".no"/>
      </Behaviour>
    </State>
    
    <State id="check_for_race_quit">
        <Entry id="enter" />
        <Exit id="yes" />
        <Exit id="no" />
        <Behaviour id="CIsRaceQuit">
            <Transition id="yes" target=".yes"/>
            <Transition id="no" target=".no"/>
        </Behaviour>
    </State>
    
    <State id="ShouldShowXPScreen">
        <Entry id="enter"/> 
        <Exit id="yes"/>
        <Exit id="no"/> 
        <Behaviour id="CIsCareerXPEvent" > 
            <Transition id="yes" target=".yes"/>
            <Transition id="no" target=".no"/>
        </Behaviour> 
    </State>

    <State id="ShouldShowCarTombolaScreen">
      <Entry id="enter"/>
      <Exit id="yes"/>
      <Exit id="no"/>
      <Behaviour id="CIsCareerCarTombolaEvent" >
        <Transition id="yes" target=".yes"/>
        <Transition id="no" target=".no"/>
      </Behaviour>
    </State>

    <State id="ShouldLeaveCarAtRaceEnd">
        <Entry id="enter"/>
        <Exit id="yes"/>
        <Exit id="no"/>
        <Behaviour id="CShouldLeaveCarAtRaceEnd" >
            <Transition id="yes" target=".yes"/>
            <Transition id="no" target=".no"/>
        </Behaviour>
    </State>
  
    <State id="HideAllAICars" >
        <Entry id="enter" target="disable_ai.enter"/>
        <Exit id="exit" />
        <Node id="disable_ai" state="global.disable_AI">
            <Entry id="enter" />
            <Exit id="exit" target="hide_ai_cars.enter" />
        </Node>
        
        <Node id="hide_ai_cars" state="global.hide_ai_cars">
            <Entry id="enter" />
            <Exit id="exit" target=".exit" />
        </Node>
    </State>
    
    <!-- 
         This state decides whether we have to skip the single player race post race flow or not
         If retire or quit, skip the post race flow, which means going straight away to the loading screen
    -->
    <State id="should_skip_postrace">
      <Entry id="enter" target="check_for_race_quit.enter" />
      <Exit id="yes" />
      <Exit id="no" />
      
      <Node id="check_for_race_quit" state="check_for_race_quit" >
        <Entry id="enter" />
        <Exit id="yes" target=".yes" />
        <Exit id="no" target=".no" />
      </Node>
    </State>
    
    <State id="rivals_finishing_using_cockpit">
        <Entry id="enter" target="is_comparing_best_laps.enter" />
        <Exit id="yes" />
        <Exit id="no" />

        <Node id="is_comparing_best_laps" state="IsComparingBestLaps">
          <Entry id="enter" />
          <Exit id="yes" target=".yes" />
          <Exit id="no" target="check_for_race_quit.enter" />
        </Node>

        <Node id="check_for_race_quit" state="check_for_race_quit" >
          <Entry id="enter" />
          <Exit id="yes" target=".yes" />
          <Exit id="no" target=".no" />
        </Node>
    </State>
    
    <!-- 
         This state should decide if we need to show the finish line cutscene or the cockpit cutscene for rivals races,
         and apply the corresponding audio snapshot
    -->
    <State id="prepare_rivals_postrace_camera">
        <Entry id="enter" target="rivals_finishing_using_cockpit.enter" />
        <Exit id="exit" />

        <Node id="rivals_finishing_using_cockpit" state="rivals_finishing_using_cockpit">
          <Entry id="enter" />
          <Exit id="yes" target="postrace_cockpit.enter" />
          <Exit id="no" target="postrace_finishline.enter" />
        </Node>

        <Node id="postrace_cockpit" state="cockpit_prepare_cutscene">
          <Entry id="enter" />
          <Exit id="exit" target="set_audio_snapshot_to_exterior_ui.enter" />
        </Node>

        <Node id="postrace_finishline" state="finishline_cutscene">
          <Entry id="enter" />
          <Exit id="exit" target="set_audio_snapshot_to_exterior_ui.enter" />
        </Node>
      
        <Node id="set_audio_snapshot_to_exterior_ui" state="Audio.apply_mixer_snapshot_paused_multiplayer">
            <Entry id="enter" />
            <Exit id="exit" target=".exit"/>
        </Node>
    </State>
    
    <State id="prepare_single_player_postrace_camera">
      <Entry id="enter" target="postrace_finishline.enter" />
      <Exit id="exit" />

      <Node id="postrace_finishline" state="finishline_cutscene">
        <Entry id="enter" />
        <Exit id="exit" target=".exit" />
      </Node>
    </State>
    
    <State id="set_post_race_audio_snaphot">
      <Entry id="enter" target="check_if_we_are_in_rivals_flow.enter" />
      <Exit id="exit" />
      
      <Node id="check_if_we_are_in_rivals_flow" state="IsRivalsFlow">
        <Entry id="enter" />
        <Exit id="no" target="set_audio_snapshot.enter"/>
        <Exit id="yes" target="rivals_finishing_using_cockpit.enter"/>
      </Node>
      
      <Node id="rivals_finishing_using_cockpit" state="rivals_finishing_using_cockpit">
        <Entry id="enter" />
        <Exit id="yes" target=".exit" />
        <Exit id="no" target="set_audio_snapshot.enter" />
      </Node>
        
      <Node id="set_audio_snapshot" state="Audio.exterior_ui">
        <Entry id="enter" />
        <Exit id="exit" target=".exit"/>
      </Node>
    </State>

    <!-- Audio Params -->


    <State id="enable_ambient_audio_param_in_race">
        <Entry id="enter" target=".exit"/>
        <Exit id="exit" />
        <Behaviour id="CSetAmbientAudioParameter" name="InRace" value="1" />
    </State>
    
    <State id="disable_ambient_audio_param_in_race">
        <Entry id="enter" target=".exit"/>
        <Exit id="exit" />
        <Behaviour id="CSetAmbientAudioParameter" name="InRace" value="0" />
    </State>
    
    <State id="enable_ambient_audio_param_pre_race_ambience">
        <Entry id="enter" target=".exit"/>
        <Exit id="exit" />
        <Behaviour id="CSetAmbientAudioParameter" name="PreRaceAmbience" value="1" />
    </State>
    
    <State id="disable_ambient_audio_param_pre_race_ambience">
        <Entry id="enter" target=".exit"/>
        <Exit id="exit" />
        <Behaviour id="CSetAmbientAudioParameter" name="PreRaceAmbience" value="0" />
    </State>



    <State id="ShowCarRewardScreen">
        <Entry id="enter"/> 
        <Exit id="done"/> 
        <Behaviour id="CShowUIScreen_CareerCarReward" >
            <Attribute id="resource_package" value="PostCareerEvent" />
            <Transition id="onDone" target=".done"/>
        </Behaviour> 
    </State>

    <State id="play321moment" >
        <Entry id="enter" target=".exit"/>
        <Exit id="exit" />
        <!--<Behaviour id="CPlayAudioCue" fmodGroup="UIInGame/UI/HUD" fmodEvent="321Start" />-->
    </State>



    <!-- Nemesis -->


    <State id="IsNemesisInEvent">
        <Entry id="enter"/> 
        <Exit id="yes"/>
        <Exit id="no"/> 
        <Behaviour id="CIsNemesisInEvent"> 
            <Transition id="yes" target=".yes"/>
            <Transition id="no" target=".no"/>
        </Behaviour>        
    </State>

    <State id="IsNemesisInEventIgnoreIfLowerWristband">
        <Entry id="enter"/>
        <Exit id="yes"/>
        <Exit id="no"/>
        <Behaviour id="CIsNemesisInEvent" check_wristband="true" >
            <Transition id="yes" target=".yes"/>
            <Transition id="no" target=".no"/>
        </Behaviour>
    </State>
    
    <State id="ShowNemesisSequence">
        <Entry id="enter"/> 
        <Exit id="exit"/> 
        <Behaviour id="CShowPreRaceNemesisSequence" cutscene="nemesis_show"> 
            <Transition id="onDone" target=".exit"/>
        </Behaviour> 
    </State>   
    
    <State id="PrepareNemesisCallout">
        <Entry id="enter" target=".exit"/> 
        <Exit id="exit"/> 
        <Behaviour id="CPreparePreRaceNemesisSequence" cutscene="nemesis_show" /> 
    </State>

    <State id="CleanupNemesisCallout">
        <Entry id="enter" target=".exit"/>
        <Exit id="exit"/>
        <Behaviour id="CCleanupPreRaceNemesisSequence" cutscene="nemesis_show" />
    </State>
    
    <State id="PrepareNemesisCalloutSequence">
        <Entry id="enter" target="check_for_nemesis.enter"/>
        <Exit id="exit"/>
        <Node id="check_for_nemesis" state="IsNemesisInEventIgnoreIfLowerWristband" >
            <Entry id="enter" />
            <Exit id="yes" target="prepare_nemesis_sequence.enter" />
            <Exit id="no" target=".exit" />
        </Node>
        <Node id="prepare_nemesis_sequence" state="PrepareNemesisCallout">
            <Entry id="enter" />
            <Exit id="exit" target=".exit" />
        </Node>
    </State>
    
    <State id="NemesisCalloutSequence">
        <Entry id="enter" target="check_for_nemesis.enter"/>
		    <Exit id="exit"/>
        <Node id="check_for_nemesis" state="IsNemesisInEventIgnoreIfLowerWristband" >
            <Entry id="enter" />
            <Exit id="yes" target="show_nemesis_sequence.enter" />
            <Exit id="no" target=".exit" />
        </Node>
        <Node id="show_nemesis_sequence" state="ShowNemesisSequence">
            <Entry id="enter" />
            <Exit id="exit" target="wait_half_second.enter" />
        </Node>
        <Node id="wait_half_second" state="global.wait_half_sec">
            <Entry id="enter" />
            <Exit id="exit" target=".exit"/>
        </Node>
    </State>

    <State id="ShouldShowNemesisChallenge">
        <Entry id="enter"/>
        <Exit id="yes"/>
        <Exit id="no"/>
        <Behaviour id="CShouldShowNemesisChallenge" >
            <Transition id="yes" target=".yes"/>
            <Transition id="no" target=".no"/>
        </Behaviour>
    </State>

    <State id="NemesisChallengeSequence">
        <Entry id="enter" target="check_for_nemesis_challenge.enter"/>
        <Exit id="exit"/>
        <Node id="check_for_nemesis_challenge" state="ShouldShowNemesisChallenge" >
            <Entry id="enter" />
            <Exit id="yes" target="show_nemesis_challenge.enter" />
            <Exit id="no" target=".exit" />
        </Node>
        <Node id="show_nemesis_challenge" state="ShowNemesisChallengeSequence">
            <Entry id="enter" />
            <Exit id="exit" target="nemesis_show_empty_screen.enter" />
        </Node>
        <Node id="nemesis_show_empty_screen" state="global.show_empty_screen">
            <Entry id="enter" />
            <Exit id="exit" target=".exit"/>
        </Node>
    </State>

    <State id="ShowNemesisChallengeSequence">
        <Entry id="enter"/>
        <Exit id="exit"/>
        <Behaviour id="CShowNemesisChallengeSequence" cutscene="nemesis_show" positionNode="post_race_location_00">
            <Transition id="onDone" target=".exit"/>
        </Behaviour>
    </State>

    <State id="IsFinalNemesisRace">
        <Entry id="enter"/>
        <Exit id="yes"/>
        <Exit id="no"/>
        <Behaviour id="CIsFinalNemesisRace" >
            <Transition id="yes" target=".yes"/>
            <Transition id="no" target=".no"/>
        </Behaviour>
    </State>

    <State id="IsAnthemFinalEvent">
        <Entry id="enter"/>
        <Exit id="yes"/>
        <Exit id="no"/>
        <Behaviour id="CIsFinalEvent" >
            <Transition id="yes" target=".yes"/>
            <Transition id="no" target=".no"/>
        </Behaviour>
    </State>
	
    <State id="did_player_crossed_the_finish_line">
        <Entry id="enter" />
        <Exit id="yes" />
        <Exit id="no" />
        <Behaviour id="CIsRaceFinished">
            <Transition id="yes" target=".yes"/>
            <Transition id="no" target=".no"/>
        </Behaviour>
    </State>
    
    <State id="CanShowRivalOffer">
        <Entry id="enter" target="is_first_time.enter" />
		<Exit id="yes"/>
        <Exit id="no"/>

        <Node id="is_first_time" state="global.is_first_time_career" >
          <Entry id="enter" />
          <Exit id="no" target="did_player_crossed_the_finish_line.enter" />
          <Exit id="yes" target=".no" />
        </Node>
        
        <!-- Did the player actually finished / reach the end line of the race ? -->
        <Node id="did_player_crossed_the_finish_line" state="did_player_crossed_the_finish_line" >
            <Entry id="enter" />
            <Exit id="yes" target="is_on_live.enter" />
            <Exit id="no" target=".no" />
        </Node>
        
        <!-- Are we connected to xbox live? We need to be...-->
        <Node id="is_on_live" state="global.is_player_connected_to_live" >
            <Entry id="enter" />
            <Exit id="yes" target="can_access_to_servers.enter" />
            <Exit id="no" target="can_access_to_servers.enter" />
        </Node>
        
        <!-- Can we access to the servers?-->
        <Node id="can_access_to_servers" state="global.is_server_accessible" >
            <Entry id="enter" />
            <Exit id="yes" target="can_access_server_to_get_rival.enter" />
            <Exit id="no" target="can_access_server_to_get_rival.enter" />
        </Node>
        
        <!-- Are we allowed to get a rival from the servers?-->
        <Node id="can_access_server_to_get_rival" state="global.can_access_server_to_get_rival" >
            <Entry id="enter" />
            <Exit id="yes" target="is_rivals_flow.enter" />
            <Exit id="no" target=".no" />
        </Node>
        
        <!-- Are we in Rivals Flow? We need to be in normal career race event flow... -->
        <Node id="is_rivals_flow" state="game_race_flow.IsRivalsFlow" >
            <Entry id="enter" />
            <Exit id="yes" target=".no" />
            <Exit id="no" target="is_rival_loaded.enter" />
        </Node>
        
        <!-- Is there a recommended rival (by the server)? -->
        <Node id="is_rival_loaded" state="game_race_flow.IsRivalLoaded" >
            <Entry id="enter" />
            <Exit id="yes" target="is_correct_rival_data_loaded.enter" />
            <Exit id="no" target=".no" />
        </Node>
        
        <!-- Is the loaded rival data correct? -->
        <Node id="is_correct_rival_data_loaded" state="global.is_correct_rival_data_loaded" >
            <Entry id="enter" />
            <Exit id="yes" target=".yes" />
            <Exit id="no" target=".no" />
        </Node>
        
        <!-- pgDiego: In the current design we do not need to check if the rival is a friend with a better time -->
        <!-- Is the recommended rival (by the server) a friend? It needs to be-->
        <Node id="is_friend_rival_loaded" state="global.is_friend_rival_loaded" >
            <Entry id="enter" />
            <Exit id="yes" target="did_player_have_leaderboard_entry.enter" />
            <Exit id="no" target=".no" />
        </Node>
        
        <!-- pgDiego: In the current design we do not need check if this is the first time we race... -->
        <!-- Did we have a time posted to the career race event leaderboard before starting it? If we did not, everything is good...-->
        <Node id="did_player_have_leaderboard_entry" state="global.DidPlayerHaveCareerRaceEventLeaderboardEntryBeforeStart" >
            <Entry id="enter" />
            <Exit id="yes" target=".no" />
            <Exit id="no" target=".yes" />
        </Node>
    </State>

  
    <!-- Showcases -->

    <State id="OnShowcaseCountdown">
      <Entry id="enter" target=".exit" />
      <Exit id="exit"/>
      <Behaviour id="COnShowcaseCountdown"/>
    </State>

  <!-- pgDiego: All showcases can offer a rival in the current game design, so we can probably remove this state at some point -->
  <State id="ShowcaseNeedsRivalScreen">
    <Entry id="enter"/>
    <Exit id="yes"/>
    <Exit id="no"/>
    <Behaviour id="CShowcaseNeedsRivalScreen" >
      <Transition id="yes" target=".yes"/>
      <Transition id="no" target=".no"/>
    </Behaviour>
  </State>

    <!-- Headline Event -->
    <State id="should_show_champion_sequence">
      <Entry id="enter"/>
      <Exit id="yes"/>
      <Exit id="no"/>
      <Behaviour id="CShouldShowChampionSequence" >
          <Transition id="yes" target=".yes"/>
          <Transition id="no" target=".no"/>
      </Behaviour>
    </State>
    
    <State id="LoadIntoFinalNemesisRace">
        <Entry id="enter" target="set_career_event_mode.enter" />
        <Exit id="exit" />

        <Node id="set_career_event_mode" state="global.set_career_event_free_roam_activation_point_access_mode" >
            <Entry id="enter" />
            <Exit id="exit" target="set_event_id.enter" />
        </Node>

        <Node id="set_event_id" state="SetEventIdFinalNemesis" >
            <Entry id="enter" />
            <Exit id="exit" target="reset_for_event_activation.enter" />
        </Node>

        <Node id="reset_for_event_activation" state="global.reset_for_event_activation">
            <Entry id="enter"/>
            <Exit id="exit" target="load_into_event.enter"/>
        </Node>

        <Node id="load_into_event" state="load_into_event" >
            <Entry id="enter" />
            <Exit id="exit" target=".exit" />
        </Node>
    </State>

    <State id="SetEventIdFinalNemesis" >
        <Entry id="enter" target=".exit"/>
        <Exit id="exit" />
        <Behaviour id="CSetCareerEventId" final_nemesis_race="true"/>
    </State>

    <State id="load_into_event">
        <Entry id="enter" target=".exit"/>
        <Exit id="exit" />
        <Behaviour id="CLoadIntoCareerRace">
            <Attribute id="resource_package" value="CareerLoading" />
        </Behaviour>
    </State>
  
    <!-- Cutscenes -->
    
    <State id="prepare_prerace_intro" >
        <Entry id="enter" target=".exit" />
        <Exit id="exit"/>
        <Behaviour id="CPrepareCutscene" cutscene="prerace_intro_cams" race_specific="true" random_cuts="true" random_cut_limit="4" random_initial_cut="13"/>
    </State>

    <State id="prepare_prerace_intro_rally" >
        <Entry id="enter" target=".exit" />
        <Exit id="exit"/>
        <Behaviour id="CPrepareCutscene" cutscene="prerace_intro_rally" race_specific="true" />
    </State>
    
    <State id="prepare_prerace_countdown" >
        <Entry id="enter" target=".exit" />
        <Exit id="exit"/>
        <!--<Behaviour id="CPrepareCutscene" cutscene="prerace_countdown_01" race_specific="true" />-->
		<Behaviour id="CPrepareCutscene" cutscene="GetReadyGo01" race_specific="true" />
    </State>

    <State id="prepare_prerace_looping_cam_01"> 
        <Entry id="enter" target=".exit" />
        <Exit id="exit"/>
        <Behaviour id="CPrepareCutscene" cutscene="prerace_looping_01" race_specific="true" />
    </State>

    <State id="prerace_looping_cam_01"> 
        <Entry id="enter" />
        <Exit id="exit"/>

        <Behaviour id="CPrepareCutscene" cutscene="prerace_looping_01" race_specific="true" />
        <Behaviour id="CPlayCameraSequence" wait="false">
            <Transition id="onReady" target=".exit" />
        </Behaviour>
    </State>

    <State id="load_finishline_cutscene">
        <Entry id="enter" target=".exit" />
        <Exit id="exit" />
        <!--<Behaviour id="CLoadCutscene" cutscene="PostRace_Finishline_01" race_specific="true" />-->
		<Behaviour id="CLoadCutscene" cutscene="postrace_finishline" race_specific="true" />
    </State>
	
	<State id="load_postrace_transition_cutscene">
        <Entry id="enter" target=".exit" />
        <Exit id="exit" />
        <!--<Behaviour id="CLoadCutscene" cutscene="PostRace_Finishline_01" race_specific="true" />-->
		<Behaviour id="CLoadCutscene" cutscene="postrace_transition_01" race_specific="true" />
    </State>

    <State id="prepare_finishline_cutscene">
        <Entry id="enter" target=".exit" />
        <Exit id="exit" />
        <!--<Behaviour id="CPrepareCutscene" cutscene="PostRace_Finishline_01" race_specific="true" loop_bookmark="finishline_LOOP_START" />-->
		<Behaviour id="CPrepareCutscene" cutscene="postrace_finishline" race_specific="true" random_cuts="false" random_cut_limit="0" iterate_target_car="false" cuts_per_target_car="3" initial_cuts_on_player="3" />
    </State>

    <State id="play_finishline_cutscene">
        <Entry id="enter" />
        <Exit id="exit" />
        <Behaviour id="CPlayCameraSequence" wait="false">
            <Transition id="onReady" target=".exit" />
        </Behaviour>
    </State>
    
    <State id="finishline_cutscene">
        <Entry id="enter" />
        <Exit id="exit" />
        <!--<Behaviour id="CPrepareCutscene" cutscene="PostRace_Finishline_01" race_specific="true" loop_bookmark="finishline_LOOP_START" />-->
		<Behaviour id="CPrepareCutscene" cutscene="postrace_finishline" race_specific="true" />
        <Behaviour id="CPlayCameraSequence" wait="false">
            <Transition id="onReady" target=".exit" />
        </Behaviour>
    </State>
    
    <State id="cockpit_prepare_cutscene">
        <Entry id="enter" />
        <Exit id="exit" />
        <Behaviour id="CPrepareCutscene" cutscene="Cockpit_Cam_Activate" race_specific="true" />
        <Behaviour id="CPlayCameraSequence" wait="false">
            <Transition id="onReady" target=".exit" />
        </Behaviour>
    </State>
    
    <State id="postrace_transition_cam_01">
        <Entry id="enter" />
        <Exit id="exit" />
        <!--<Behaviour id="CPrepareCutscene" cutscene="PostRace_Rewards_Complete_01"  race_specific="true" loop_bookmark="Rewards_LOOP_START" />-->   
        <Behaviour id="CPrepareCutscene" cutscene="postrace_transition_01" race_specific="true" />
        <Behaviour id="CPlayCameraSequence" wait="false">
            <Transition id="onReady" target=".exit" />
        </Behaviour>
    </State>

    <State id="postrace_transition_cam_02">
        <Entry id="enter" />
        <Exit id="exit" />
		<!--<Behaviour id="CPrepareCutscene" cutscene="PostRace_Rewards_Complete_01" race_specific="true" start_bookmark="XP_START" loop_bookmark="XP_LOOP_START" />-->
        <Behaviour id="CPrepareCutscene" cutscene="postrace_transition_02" race_specific="true" />
      <Behaviour id="CPlayCameraSequence" wait="false">
            <Transition id="onReady" target=".exit" />
        </Behaviour>
    </State>
    
    <State id="postrace_transition_cam_03">
        <Entry id="enter" />
        <Exit id="exit" />
      <!--<Behaviour id="CPrepareCutscene" cutscene="PostRace_Rewards_Complete_01"  race_specific="false" start_bookmark="Rivals_START" loop_bookmark="Rivals_LOOP_START"/>-->
      <Behaviour id="CPrepareCutscene" cutscene="postrace_transition_03" race_specific="false" />
        <Behaviour id="CPlayCameraSequence" wait="false">
            <Transition id="onReady" target=".exit" />
        </Behaviour>
    </State>

    <State id="postrace_transition_cam_04">
        <Entry id="enter" />
        <Exit id="exit" />
        <Behaviour id="CPrepareCutscene" cutscene="postrace_transition_04" race_specific="true" />
        <Behaviour id="CPlayCameraSequence" wait="false">
            <Transition id="onReady" target=".exit" />
        </Behaviour>
    </State>

    <State id="postrace_transition_cam_05">
        <Entry id="enter" />
        <Exit id="exit" />
      <Behaviour id="CPrepareCutscene" cutscene="postrace_transition_05" race_specific="false" />
        <Behaviour id="CPlayCameraSequence" wait="false">
            <Transition id="onReady" target=".exit" />
        </Behaviour>
    </State>

    <State id="postrace_transition_cam_06">
        <Entry id="enter" />
        <Exit id="exit" />
      <Behaviour id="CPrepareCutscene" cutscene="postrace_transition_06" race_specific="false" />
        <Behaviour id="CPlayCameraSequence" wait="false">
            <Transition id="onReady" target=".exit" />
        </Behaviour>
    </State>
    
    <State id="postrace_rewardcar_transition_and_loop_cam_01">
        <Entry id="enter" />
        <Exit id="exit" />
        <Behaviour id="CShowPostRaceCarRewardSequence" cutscene="postrace_rewardcar_transition_01" cutscene_transition="postrace_rewardcar_transition_01" cutscene_looping="postrace_rewardcar_looping_01" positionNode="post_race_location_00" >
            <Transition id="onDone" target=".exit" />
        </Behaviour>
    </State>

    <State id="postrace_rewardcar_looping_cam">
        <Entry id="enter" />
        <Exit id="exit"/>

        <Behaviour id="CPrepareCutscene" cutscene="postrace_rewardcar_looping_01" />
        <Behaviour id="CPlayCameraSequence" wait="false">
            <Transition id="onReady" target=".exit" />
        </Behaviour>
    </State>
        
    <State id="postrace_looping_cam_01">
        <Entry id="enter" target=".exit" />
        <Exit id="exit" />
        <!--<Behaviour id="CEnqueueCutscene" cutscene="PostRace_Finishline_01"  race_specific="true" />-->
		<Behaviour id="CEnqueueCutscene" cutscene="postrace_finishline"  race_specific="true" />
    </State> 

    <State id="postrace_looping_cam_02">
        <Entry id="enter" target=".exit"/>
        <Exit id="exit" />
        <!--<Behaviour id="CEnqueueCutscene" cutscene="PostRace_Finishline_01"  race_specific="true" />-->
		<Behaviour id="CEnqueueCutscene" cutscene="postrace_finishline"  race_specific="true" />
    </State> 

    <State id="postrace_looping_cam_03">
        <Entry id="enter" target=".exit"/>
        <Exit id="exit" />
        <!--<Behaviour id="CEnqueueCutscene" cutscene="PostRace_Finishline_01"  race_specific="true" />-->
		<Behaviour id="CEnqueueCutscene" cutscene="postrace_finishline"  race_specific="true" />
    </State>
    
    <State id="postrace_looping_cam_04">
        <Entry id="enter" target=".exit"/>
        <Exit id="exit" />
        <!--<Behaviour id="CEnqueueCutscene" cutscene="PostRace_Finishline_01"  race_specific="true" />-->
		<Behaviour id="CEnqueueCutscene" cutscene="postrace_finishline"  race_specific="true" />
    </State>
    
    <State id="RewardCarCutscene">
        <Entry id="enter" target="transition.enter"/>
        <Exit id="exit" />
        
        <Node id="transition" state="postrace_rewardcar_transition_and_loop_cam_01">
            <Entry id="enter" />
            <Exit id="exit" target=".exit"/>
        </Node>
    </State>

    <State id="wait_for_vo">
      <Entry id="enter" />
      <Exit id="exit" />
      <Behaviour id="CWaitForVO" >
        <Transition id="onReady" target=".exit" />
      </Behaviour>
    </State>

    <State id="wait_for_end_of_countdown">
        <Entry id="enter" />
        <Exit id="exit" />
        <Behaviour id="CWaitForCameraSequence" >
            <Transition id="onEndCountdown" target=".exit" />
        </Behaviour>
    </State>
    
    <State id="wait_for_camera_reset_to_player">
        <Entry id="enter" />
        <Exit id="exit" />
        <Behaviour id="CWaitForCameraResetToPlayer" >
            <Transition id="onReady" target=".exit" />
        </Behaviour>
    </State>

    <State id="play_cutscene_and_wait_for_countdown">
        <Entry id="enter" />
        <Exit id="exit" />
        <Behaviour id="CPlayCameraSequence" wait="false">
            <Transition id="onCountdown" target=".exit" />
        </Behaviour>
        <Behaviour id="CParentTransition">
            <Transition id="onParent" target=".exit" />
        </Behaviour>
    </State>

    <State id="load_postrace_earnings_cutscene">
        <Entry id="enter" target=".exit"/>
        <Exit id="exit" />
        <Behaviour id="CLoadCutscene" cutscene="postrace_transition_01"  race_specific="true" />
    </State>
    
    <State id="postrace_earnings_camera">
        <Entry id="enter" target="transition.enter"/>
        <Exit id="exit" />
        
        <Node id="transition" state="postrace_transition_cam_01">
            <Entry id="enter" />
            <Exit id="exit" target=".exit"/>
        </Node>
    </State>
    
    <State id="postrace_careerpoints_camera">
        <Entry id="enter" target="transition.enter"/>
        <Exit id="exit" />
        
        <Node id="transition" state="postrace_transition_cam_02">
            <Entry id="enter" />
            <Exit id="exit" target=".exit"/>
        </Node>
    </State>

    <State id="postrace_rivals_camera">
        <Entry id="enter" target="transition.enter"/>
        <Exit id="exit" />
        
        <Node id="transition" state="postrace_transition_cam_03">
            <Entry id="enter" />
            <Exit id="exit" target=".exit"/>
        </Node>
        
        <Node id="loop" state="postrace_looping_cam_04">
            <Entry id="enter" />
            <Exit id="exit" target=".exit"/>
        </Node>
    </State>

	<State id="postrace_podium_finish_camera">
        <Entry id="enter" target="transition.enter"/>
        <Exit id="exit" />
        
        <Node id="transition" state="postrace_transition_cam_05">
            <Entry id="enter" />
            <Exit id="exit" target=".exit"/>
        </Node>
    </State>
	
    <State id="postrace_normal_finish_camera">
        <Entry id="enter" target="transition.enter"/>
        <Exit id="exit" />
        
        <Node id="transition" state="postrace_transition_cam_06">
            <Entry id="enter" />
            <Exit id="exit" target=".exit"/>
        </Node>
    </State>
	
    <State id="place_car_for_rewards">
        <Entry id="enter" target=".exit" />
        <Exit id="exit" />
        <Behaviour id="CPlaceCarAtLocation" location_name="finish_line"/>
    </State>
<!--
    <State id="clear_enforced_race_class">
        <Entry id="enter" target=".exit" />
        <Exit id="exit"/>
        <Behaviour id="CClearEnforcedCarClass" />
    </State>
-->

    <State id="clear_events_car_and_sponsorship_settings">
        <Entry id="enter" target=".exit" />
        <Exit id="exit"/>
        <Behaviour id="CClearEventCarAndSponsorshipSettings" />
    </State>

  
    <State id="check_for_first_place">
      <Entry id="enter" />
      <Exit id="yes" />
      <Exit id="no" />
      <Behaviour id="CIsFirstPlace">
        <Transition id="yes" target=".yes"/>
        <Transition id="no" target=".no"/>
      </Behaviour>
    </State>


</StateGroup>       
</StateGroup>       
</StateGroup>       
</StateGroup>       
