<StateGroup id="gas_stations" >

  <State id="enter_from_activation_point" >
    <Entry id="enter" target="enter.enter"/>
    <Exit id="exit" />

    <Node id="enter" state="InGameUI.enter">
      <Entry id="enter" />
      <Exit id="exit" target=".exit" />
    </Node>
  </State>
  
  <State id="enter_from_end_of_mission" >
    <Entry id="enter" target="enter.enter"/>
    <Exit id="exit" />
    
    <Node id="enter" state="InGameUI.enter">
      <Entry id="enter" />
      <Exit id="exit" target=".exit" />
    </Node>
  </State>
  
  <State id="root">
    <Entry id="enter" target="test_game_control.enter" />
    <Entry id="enter_from_mission_end" target="enter_from_mission_end.enter" />
    <Exit id="exit" />

    <!-- pgPaulP added custscene to the gas stations functional location -->
    <StateSubstitute state="InGameUI.prepare_for_cutscene_enter_activity" substitute="prepare_for_pre_screen_camera_sequence" />
    <StateSubstitute state="InGameUI.cutscene_enter_activity" substitute="pre_screen_camera_sequence" />
    <StateSubstitute state="InGameUI.cutscene_exit_activity" substitute="post_screen_camera_sequence" />
    
    <Behaviour id="CGameControlWrapper" allow_failure="true"/>
    <Behaviour id="CInGasStation" />

    <!-- Allow the player to be dragged out of the workshop -->
    <Behaviour id="CCheckForGameControl">
        <Transition id="onReleaseGameControl" />
    </Behaviour>

    <Node id="test_game_control" state="global.test_game_control" >
      <Entry id="enter" />
      <Exit id="has_control" target="enter.enter" />
      <Exit id="does_not_have_control" target=".exit" />
    </Node>   
        
    <Node id="enter" state="enter_from_activation_point">
      <Entry id="enter" />
      <Exit id="exit" target="gas_station.enter" />
    </Node>
    
    <Node id="enter_from_mission_end" state="enter_from_end_of_mission">
      <Entry id="enter" />
      <Exit id="exit" target="gas_station_mission_select.enter" />
    </Node>

    <Node id="prepare_for_pre_screen_camera_sequence" state="prepare_for_pre_screen_camera_sequence">
      <Entry id="enter" />
      <Exit id="exit" target="pre_screen_camera_sequence.enter" />
    </Node>
    
    <Node id="pre_screen_camera_sequence" state="pre_screen_camera_sequence">
      <Entry id="enter" />
      <Exit id="exit" target="gas_station.back" />
    </Node>

    <!-- Show the top-level gas station menu, which can go to any of the other menus -->
    <Node id="gas_station" state="gas_station_screen" >
      <Entry id="enter" />
      <Entry id="back" />
      <Exit id="exit" target="unload_cutscenes.enter" />
      <Exit id="changeCar" target="changeCar.enter" />
      <Exit id="mission" target="gas_station_mission_select.enter" />
      <Exit id="workshop" target="workshop_flow.enterDirectToInt" />
      <Exit id="paintshop" target="paintshop_flow.enterDirectToInt" />
    </Node>

    <!-- Show the top-level gas station menu in the interior view, which can go to any of the other menus -->
    <Node id="gas_station_int" state="gas_station_screen" >
      <Entry id="enter" />
      <Entry id="back" />
      <Exit id="exit" target="unload_cutscenes.enter" />
      <Exit id="changeCar" target="changeCarInt.enter" />
      <Exit id="mission" target="gas_station_mission_select_int.enter" />
      <Exit id="workshop" target="workshop_flow.enterDirectToIntFromPaintshop" />
      <Exit id="paintshop" target="paintshop_flow.enterDirectToIntFromWorkshop" />
    </Node>

    <!-- Show the top-level gas station menu in the interior view, which can go to any of the other menus -->
    <Node id="gas_station_int_ps" state="gas_station_screen" >
      <Entry id="enter" />
      <Entry id="back" />
      <Exit id="exit" target="unload_cutscenes.enter" />
      <Exit id="changeCar" target="changeCarInt_ps.enter" />
      <Exit id="mission" target="gas_station_mission_select_int_ps.enter" />
      <Exit id="workshop" target="workshop_flow.enterDirectToIntFromPaintshop" />
      <Exit id="paintshop" target="paintshop_flow.enterDirectToInt" />
    </Node>

    <!-- Show the top-level gas station menu in the interior view, which can go to any of the other menus -->
    <Node id="gas_station_int_ws" state="gas_station_screen" >
      <Entry id="enter" />
      <Entry id="back" />
      <Exit id="exit" target="unload_cutscenes.enter" />
      <Exit id="changeCar" target="changeCarInt_ws.enter" />
      <Exit id="mission" target="gas_station_mission_select_int_ws.enter" />
      <Exit id="workshop" target="workshop_flow.enterDirectToInt" />
      <Exit id="paintshop" target="paintshop_flow.enterDirectToIntFromWorkshop" />
    </Node>


    <!-- Jump into the workshop flow -->
    <Node id="workshop_flow" state="workshops.flow" >
      <Entry id="enter" />
      <Entry id="enterDirectToInt" />
      <Entry id="enterDirectToIntFromPaintshop" />
      <Exit id="exit" target="gas_station_int_ws.enter" />
    </Node>

    <!-- Jump into the paintshop flow -->
    <Node id="paintshop_flow" state="paintshop.flow" >
      <Entry id="enter" />
      <Entry id="enterDirectToInt" />
      <Entry id="enterDirectToIntFromWorkshop" />
      <Exit id="exit" target="gas_station_int_ps.enter" />
    </Node>

    <!-- Show the top-level gas station menu, which can go to any of the other menus -->
    <Node id="gas_station_mission_select" state="gas_station_mission_select_screen" >
      <Entry id="enter" />
      <Exit id="back" target="gas_station.enter" />
      <Exit id="missionSelected" target="start_mission_flow.enter" />
    </Node>

    <!-- Show the top-level gas station menu in the interior view, which can go to any of the other menus -->
    <Node id="gas_station_mission_select_int" state="gas_station_mission_select_screen" >
      <Entry id="enter" />
      <Exit id="back" target="gas_station_int.enter" />
      <Exit id="missionSelected" target="start_mission_flow.enterFromInt" />
    </Node>
    <Node id="gas_station_mission_select_int_ws" state="gas_station_mission_select_screen" >
      <Entry id="enter" />
      <Exit id="back" target="gas_station_int_ws.enter" />
      <Exit id="missionSelected" target="start_mission_flow.enterFromInt" />
    </Node>
    <Node id="gas_station_mission_select_int_ps" state="gas_station_mission_select_screen" >
      <Entry id="enter" />
      <Exit id="back" target="gas_station_int_ps.enter" />
      <Exit id="missionSelected" target="start_mission_flow.enterFromInt" />
    </Node>

    <Node id="changeCar" state="InGameUI.changeCar_exterior_flow" >
      <Entry id="enter" />
      <Entry id="back" />
      <Exit id="exit" target="gas_station.back" />
      <Exit id="exitReload" target="prepare_for_pre_screen_camera_sequence.enter" />
      <Exit id="viewCar" target="viewCarFromChangeCarPrepare.enter" />
    </Node>

    <Node id="changeCarInt" state="InGameUI.changeCar_interior_flow" >
      <Entry id="enter" />
      <Entry id="back" />
      <Exit id="exit" target="gas_station_int.back" />
      <Exit id="viewCar" target="viewCarFromChangeCar.enter" />
    </Node>    
    <Node id="changeCarInt_ws" state="InGameUI.changeCar_interior_flow" >
      <Entry id="enter" />
      <Entry id="back" />
      <Exit id="exit" target="gas_station_int_ws.back" />
      <Exit id="viewCar" target="viewCarFromChangeCar.enter" />
    </Node>
    <Node id="changeCarInt_ps" state="InGameUI.changeCar_interior_flow" >
      <Entry id="enter" />
      <Entry id="back" />
      <Exit id="exit" target="gas_station_int_ps.back" />
      <Exit id="viewCar" target="viewCarFromChangeCar.enter" />
    </Node>

    <Node id="viewCarFromChangeCarPrepare" state="loadAutoshowInterior" >
      <Entry id="enter" />
      <Exit id="exit" target="viewCarFromChangeCar.enter" />
    </Node>

    <Node id="viewCarFromChangeCar" state="UIShowScreens.ShowViewCarScreen">
      <Entry id="enter" />
      <Exit id="exit" target="changeCarInt.back" />
    </Node>    

    <Node id="unload_cutscenes" state="unload_cutscenes">
      <Entry id="enter" />
      <Exit id="exit" target="exitBack.enter" />
    </Node>

    <Node id="exitBack" state="InGameUI.exit">
        <Entry id="enter" />
        <Exit id="exit" target="should_show_car_challenge_video.enter" />
    </Node>
    <Node id="should_show_car_challenge_video" state="global.should_show_car_challenge_intro">
      <Entry id="enter" />
      <Exit id="yes" target="show_car_challenge_video.enter" />
      <Exit id="no" target=".exit" />
    </Node>
    <Node id="show_car_challenge_video" state="car_challenges.video">
      <Entry id="enter" />
      <Exit id="exit" target=".exit" />
    </Node>

    <Node id="start_mission_flow" state="start_mission_flow" >
      <Entry id="enter" />
      <Entry id="enterFromInt" />
      <Exit id="exit" target=".exit" />
    </Node>
  </State>

  <State id="gas_station_screen" >
    <Entry id="enter" />
    <Entry id="back" />
    <Exit id="exit" />
    <Exit id="changeCar" />
    <Exit id="mission" />
    <Exit id="workshop" />
    <Exit id="paintshop" />
    
    <Behaviour id="CParentTransition">
      <Transition id="onParent" target=".exit" />
    </Behaviour>
    
    <Behaviour id="CShowGasStationScreen" >
      <Attribute id="resource_package" value="GasStation" />
      <EntryFlag id="ifEnterBack" entry="back" />
      <Transition id="onDone" target=".exit" />
      <Transition id="onChangeCar" target=".changeCar" />
      <Transition id="onMission" target=".mission" />
      <Transition id="onWorkshop" target=".workshop" />
      <Transition id="onPaintshop" target=".paintshop" />
    </Behaviour>
  </State>

  <State id="gas_station_mission_select_screen" >
    <Entry id="enter" />
    <Exit id="back" />
    <Exit id="missionSelected" />
    <Behaviour id="CShowGasStationMissionSelectScreen" >
      <Attribute id="resource_package" value="GasStation" />
      <Transition id="onBack" target=".back" />
      <Transition id="onMissionSelected" target=".missionSelected" />
    </Behaviour>
  </State>
	
  <State id="start_mission_flow" >
    <Entry id="enter" target="show_loading_screen.enter" />
    <Entry id="enterFromInt" target="show_loading_screen_int.enter" />
	  <Exit id="exit" />

    <Node id="show_loading_screen_int" state="global.show_loading_screen" >
      <Entry id="enter" />
      <Exit id="exit" target="exit_reload_track_and_npc_cars.enter" />
  </Node>

    <Node id="exit_reload_track_and_npc_cars" state="InGameUI.exit_reload_track_and_npc_cars" >
      <Entry id="enter" />
      <Exit id="exit" target="enable_presentationrender.enter" />
    </Node>

    <Node id="enable_presentationrender" state="global.enable_presentationrender" >
      <Entry id="enter" />
      <Exit id="exit" target="disable_thumb_manager.enter" />
    </Node>

    <!--
    ??
    <Node id="enable_traffic_spawning" state="global.enable_traffic_spawning">
      <Entry id="enter" />
      <Exit id="exit" target="enable_car_control.enter" />
    </Node>

    ??
    <Node id="enable_car_control" state="global.enable_car_control" >
      <Entry id="enter" />
      <Exit id="exit" target="unmute_car_audio.enter" />
    </Node>

    ??
    <Node id="unmute_car_audio" state="Audio.unmute_car_audio">
      <Entry id="enter" />
      <Exit id="exit" target="disable_parking_brake.enter" />
    </Node>

    ??
    <Node id="disable_parking_brake" state="global.disable_car_parking_brake" >
      <Entry id="enter" />
      <Exit id="exit" target="unblock_pause_entry.enter" />
    </Node>

    ??
    <Node id="unblock_pause_entry" state="global.unblock_pause_entry" >
      <Entry id="enter" />
      <Exit id="exit" target="reset_mulligan.enter" />
    </Node>

    ??
    <Node id="enable_satnav_audio" state="Audio.enable_satnav_audio" >
      <Entry id="enter" />
      <Exit id="exit" target=".exit" />
    </Node>
    -->
    
    <Node id="show_loading_screen" state="global.show_loading_screen" >
	    <Entry id="enter" />
	    <Exit id="exit" target="disable_thumb_manager.enter" />
	  </Node>
  	
	  <Node id="disable_thumb_manager" state="global.disable_thumbnail_manager">
	    <Entry id="enter" />
	    <Exit id="exit" target="disable_compressed_heap.enter" />
	  </Node>
  	
	  <Node id="disable_compressed_heap" state="global.disable_compressed_heap">
	    <Entry id="enter" />
        <Exit id="exit" target="load_cutscenes.enter" />
    </Node>

      <Node id="load_cutscenes" state="load_cutscenes">
          <Entry id="enter" />
          <Exit id="exit" target="stop_cutscene.enter" />
      </Node>

    <!-- stop the cutscene here in case we are switching cars. This prevents a crash from an invalid car lookup -->
    <Node id="stop_cutscene" state="global.stop_cutscene" >
        <Entry id="enter" />
        <Exit id="exit" target="start_mission.enter" />
    </Node>

	  <Node id="start_mission" state="start_mission" >
      <Entry id="enter" />
      <Exit id="exit" target=".exit" />
    </Node>
  </State>

  <State id="start_mission" >
    <Entry id="enter" target=".exit" />
    <Exit id="exit" />
    <Behaviour id="CStartSelectedMissionFlow" />
  </State>

    <State id="load_cutscenes" >
        <Entry id="enter" target=".exit" />
        <Exit id="exit" />
        <Behaviour id="CLoadPRHubCutscenes" cutsceneFile="TO_BE_SUBSTITUTED" />
    </State>

    <State id="unload_cutscenes" >
        <Entry id="enter" target=".exit" />
        <Exit id="exit" />
        <Behaviour id="CUnloadPRHubCutscenes" />
    </State>

  <!-- ================================================================ -->
  <!-- Load Autoshow Interior Flow -->
  <!-- ================================================================ -->
  <State id="loadAutoshowInterior" >
    <Entry id="enter" target="show_loading.enter"/>
    <Exit id="exit" />

    <Node id="show_loading" state="global.show_loading_screen_nopackage">
      <Entry id="enter" />
      <Exit id="exit" target="mute_music.enter" />
    </Node>

    <Node id="mute_music" state="Audio.mute_music" >
      <Entry id="enter" />
      <Exit id="exit" target="showAutoshowInterior.enter" />
    </Node>

    <Node id="showAutoshowInterior" state="InGameUI.show_homespace_autoshow" >
      <Entry id="enter" />
      <Exit id="exit" target=".exit" />
    </Node>
  </State>
 
  <State id="prepare_activation_cutscene">
    <Entry id="enter" target=".exit" />
    <Exit id="exit" />
    <Behaviour id="CPrepareCutscene" cutscene="Outpost_activate_intro" race_specific="false" />
  </State>
  
  <State id="play_activation_cutscene">
    <Entry id="enter" target=".exit" />
    <Exit id="exit" />
    <Behaviour id="CPlayCameraSequence" wait="true">
	  <Transition id="onCountdown" target=".exit" />
	</Behaviour>
  </State>

  <State id="show_empty_screen_gasstation" >
    <Entry id="enter" target=".exit" />
    <Exit id="exit" />
    <Behaviour id="CShowEmptyScreen" >
      <Attribute id="resource_package" value="gasstation" />
    </Behaviour>
  </State>

  <!-- ================================================================ -->
  <!-- CAMERA SEQUENCES -->
  <!-- ================================================================ -->
  <State id="prepare_for_pre_screen_camera_sequence">
    <Entry id="enter" target="show_empty_screen.enter" />
    <Exit id="exit" />

    <Node id="show_empty_screen" state="show_empty_screen_gasstation" >
    <Entry id="enter" />
    <Exit id="exit" target="prepare_activation_cutscene.enter" />
    </Node>

    <Node id="prepare_activation_cutscene" state="prepare_activation_cutscene">
      <Entry id="enter" />
      <Exit id="exit" target=".exit" />
    </Node>
  </State>
  
  <State id="pre_screen_camera_sequence">
    <Entry id="enter" target="play_activation_cutscene.enter" />
    <Exit id="exit" />

    <Node id="play_activation_cutscene" state="play_activation_cutscene" >
      <Entry id="enter" />
      <Exit id="exit" target=".exit" />
    </Node>
  </State>

  <State id="prepare_post_screen_cutscene">
    <Entry id="enter" target=".exit" />
    <Exit id="exit" />
    <Behaviour id="CPrepareCutscene" cutscene="fasttravel_cam" />
  </State>

  <State id="post_screen_camera_sequence">
    <Entry id="enter" target="prepare_cutscene.enter" />
    <Exit id="exit" />

    <Node id="prepare_cutscene" state="prepare_post_screen_cutscene">
      <Entry id="enter" />
      <Exit id="exit" target="prepare_cutscene_black_out.enter" />
    </Node>

    <Node id="prepare_cutscene_black_out" state="global.black_out">
      <Entry id="enter" />
      <Exit id="exit" target="set_audio_exterior_freeroam.enter" />
    </Node>

    <Node id="set_audio_exterior_freeroam" state="Audio.exterior_freeroam">
      <Entry id="enter" />
      <Exit id="exit" target="show_empty_screen.enter" />
    </Node>

    <Node id="show_empty_screen" state="global.show_empty_screen" >
      <Entry id="enter" />
      <Exit id="exit" target="play_cutscene.enter" />
    </Node>

    <Node id="play_cutscene" state="global.play_current_camera_sequence_and_wait">
      <Entry id="enter" />
      <Exit id="exit" target="reset_camera.enter" />
    </Node>

    <Node id="reset_camera" state="global.reset_camera_to_player" >
      <Entry id="enter" />
      <Exit id="exit" target=".exit" />
    </Node>
  </State>

</StateGroup>
te>

</StateGroup>
te>

</StateGroup>
te>

</StateGroup>
