<StateGroup id="InGameUI" >

	<!-- This set of states allows different in-game UIs to use the same flow -->
    <!-- Start your flow with the enter state.  During your flow, use the show_homespace
    states when you need the background scene. End your state flow with the exit state -->

    <!-- PUBLIC STATES -->
    <!-- InGameUI.enter -->
    <!-- InGameUI.prepare_background -->
    <!-- InGameUI.exit -->
    <!-- InGameUI.show_homespace_common -->
    <!-- InGameUI.show_homespace_autoshow -->
    <!-- InGameUI.show_homespace_workshop -->
    <!-- InGameUI.show_homespace_livery_editor -->
    <!-- InGameUI.show_homespace_group_editor -->
	
	<!-- =============== -->
	<State id="CBlockFreeRoamAfterIEGarage" >
		<Entry id="enter" />
		<Exit id="true" />
		<Exit id="false" />
		<Behaviour id="CTestHorizonFlag" flag="shouldBlockFreeRoamAfterIEGarage" >
			<Transition id="onTrue" target=".true" />
			<Transition id="onFalse" target=".false" />
		</Behaviour>
	</State>
	<!-- =============== -->
	
	<!-- ==================================== -->
	<State id="ClearBlockFreeRoamAfterIEGarage" >
		<Entry id="enter" target=".exit" />
		<Exit id="exit" />
		<Behaviour id="CSetHorizonFlag" flag="shouldBlockFreeRoamAfterIEGarage" value="false" />
	</State>
	<!-- ==================================== -->	
	
    <!-- ================================================================ -->
    <!-- PREPARE ENTER CUTSCENE OVERRIDE STATE -->
    <!-- ================================================================ -->
    <State id="prepare_for_cutscene_enter_activity">
        <Entry id="enter" target=".exit" />
        <Exit id="exit" />
    </State>
    
    <!-- ================================================================ -->
    <!-- CAR PLACEMENT PRIOR TO THE ENTRY CUTSCENE -->
    <!-- ================================================================ -->
    <State id="place_car_for_cutscene_enter_activity">
        <Entry id="enter" target=".exit" />
        <Exit id="exit" />
    </State>

    <!-- ================================================================ -->
    <!-- ENTER CUTSCENE OVERRIDE STATE -->
    <!-- ================================================================ -->
    <State id="cutscene_enter_activity">
        <Entry id="enter" target="show_empty_screen.enter" />
        <Exit id="exit" />
        <!--Behaviour id="TODO: activity-sensitive cutscene entrance trigger"-->
        <Node id="show_empty_screen" state="global.show_empty_screen" >
            <Entry id="enter" />
            <Exit id="exit" target=".exit" />
        </Node>
    </State>

    <!-- ================================================================ -->
    <!-- EXIT CUTSCENE OVERRIDE STATE -->
    <!-- ================================================================ -->
    <State id="cutscene_exit_activity">
        <Entry id="enter" target="show_empty_screen.enter" />
        <Exit id="exit" />
        <!--Behaviour id="TODO: activity-sensitive cutscene exit trigger"-->
        <Node id="show_empty_screen" state="global.show_empty_screen_with_hud_resource" >
            <Entry id="enter" />
            <Exit id="exit" target="stop_cutscene.enter" />
        </Node>
        <Node id="stop_cutscene" state="global.stop_cutscene" >
            <Entry id="enter" />
            <Exit id="exit" target="reset_camera.enter" />
        </Node>
        <Node id="reset_camera" state="global.reset_camera_to_player" >
            <Entry id="enter" />
            <Exit id="exit" target=".exit" />
        </Node>
    </State>

    <!-- ================================================================ -->
    <!-- RELOAD PLAYERS CAR CUTSCENE OVERRIDE  -->
    <!-- ================================================================ -->
    <State id="cutscene_post_reload_car">
        <Entry id="enter" target="show_empty_screen.enter" />
        <Exit id="exit" />
        <!--Behaviour id="TODO: activity-sensitive cutscene exit trigger"-->
        <Node id="show_empty_screen" state="global.show_empty_screen" >
            <Entry id="enter" />
            <Exit id="exit" target=".exit" />
        </Node>
    </State>


    <!-- ================================================================ -->
    <!-- INGAME UI ENTRY FLOW -->
    <!-- ================================================================ -->
    <State id="enter">
        <Entry id="enter" target="mute_car_audio.enter" />
        <Exit id="exit" />

        <Node id="mute_car_audio" state="Audio.mute_car_audio" >
			<Entry id="enter" />
			<Exit id="exit" target="hide_remote_cars.enter" />
		</Node>
		
		<Node id="hide_remote_cars" state="hide_remote_cars">
            <Entry id="enter" />
            <Exit id="exit" target="enable_parking_brake.enter" />
        </Node>
		
		<Node id="enable_parking_brake" state="global.enable_car_parking_brake" >
            <Entry id="enter" />
            <Exit id="exit" target="reset_hud_interface_and_bank_skills.enter" />
        </Node>

        <Node id="reset_hud_interface_and_bank_skills" state="global.reset_hud_interface_and_bank_skills" >
            <Entry id="enter" />
            <Exit id="exit" target="enter_no_parking_brake.enter" />
        </Node>

        <Node id="enter_no_parking_brake" state="enter_no_parking_brake" >
            <Entry id="enter" />
            <Exit id="exit" target="repair_car.enter" />
        </Node>

        <Node id="repair_car" state="global.reset_car_damage">
            <Entry id="enter" />
            <Exit id="exit" target="store_car_position.enter"/>
        </Node>
		
		<Node id="store_car_position" state="global.store_car_position" >
            <Entry id="enter" />
            <Exit id="exit" target=".exit" />
        </Node>
        
    </State>


  <!-- ================================================================ -->
  <!-- INGAME UI ENTRY FLOW -->
  <!-- When not showing a cutscene, eg when entering state that used-->
  <!-- to be activated from in game, but is now from pause menu-->
  <!-- ================================================================ -->
  <State id="enter_nocutscene">
    <Entry id="enter" target="mute_car_audio.enter" />
    <Exit id="exit" />

    <Node id="mute_car_audio" state="Audio.mute_car_audio" >
      <Entry id="enter" />
      <Exit id="exit" target="hide_remote_cars.enter" />
    </Node>

    <Node id="hide_remote_cars" state="hide_remote_cars">
      <Entry id="enter" />
      <Exit id="exit" target="enable_parking_brake.enter" />
    </Node>

    <Node id="enable_parking_brake" state="global.enable_car_parking_brake" >
      <Entry id="enter" />
      <Exit id="exit" target="reset_hud_interface_and_bank_skills.enter" />
    </Node>

    <Node id="reset_hud_interface_and_bank_skills" state="global.reset_hud_interface_and_bank_skills" >
      <Entry id="enter" />
      <Exit id="exit" target="enter_no_parking_brake.enter" />
    </Node>

    <Node id="enter_no_parking_brake" state="enter_no_parking_brake_no_cutscene" >
      <Entry id="enter" />
      <Exit id="exit" target="repair_car.enter" />
    </Node>

    <Node id="repair_car" state="global.reset_car_damage">
      <Entry id="enter" />
      <Exit id="exit" target="store_car_position.enter"/>
    </Node>

    <Node id="store_car_position" state="global.store_car_position" >
      <Entry id="enter" />
      <Exit id="exit" target=".exit" />
    </Node>

  </State>

	<!-- Use this for places we do not want the car to be stopped, or for the player's car position to be saved -->
    <State id="enter_no_parking_brake">
        <Entry id="enter" target="disable_satnav_audio.enter" />
        <Exit id="exit" />        
		
		<Node id="disable_satnav_audio" state="Audio.disable_satnav_audio" >
            <Entry id="enter" />
            <Exit id="exit" target="block_pause_entry.enter" />
        </Node>

        <Node id="block_pause_entry" state="global.block_pause_entry" >
            <Entry id="enter" />
            <Exit id="exit" target="disable_traffic_spawning.enter" />
        </Node>

        <Node id="disable_traffic_spawning" state="global.disable_traffic_spawning">
          <Entry id="enter" />
          <Exit id="exit" target="enable_compressed_heap.enter" />
        </Node>

        <Node id="enable_compressed_heap" state="global.enable_compressed_heap">
          <Entry id="enter" />
          <Exit id="exit" target="disable_car_control.enter" />
        </Node>

        <Node id="disable_car_control" state="global.disable_car_control" >
            <Entry id="enter" />
            <Exit id="exit" target="disable_rumble.enter" />
        </Node>

        <Node id="disable_rumble" state="global.disable_rumble_and_forcefeedback" >
            <Entry id="enter" />
            <Exit id="exit" target="set_audio_exterior_ui.enter" />
        </Node>
        
        <Node id="set_audio_exterior_ui" state="Audio.exterior_ui" >
            <Entry id="enter" />
            <Exit id="exit" target="hide_remote_cars.enter" />
        </Node>

        <Node id="hide_remote_cars" state="hide_remote_cars">
            <Entry id="enter" />
            <Exit id="exit" target="prepare_for_cutscene_enter_activity.enter" />
        </Node>
        
        <Node id="prepare_for_cutscene_enter_activity" state="prepare_for_cutscene_enter_activity">
            <Entry id="enter" />
            <Exit id="exit" target="place_car_for_cutscene_enter_activity.enter" />
        </Node>
        
        <Node id="place_car_for_cutscene_enter_activity" state="place_car_for_cutscene_enter_activity" >
            <Entry id="enter" />
            <Exit id="exit" target="cutscene_enter_activity.enter" />
        </Node>

        <Node id="cutscene_enter_activity" state="cutscene_enter_activity" >
            <Entry id="enter" />
            <Exit id="exit" target="enable_thumb_manager.enter" />
        </Node>

        <Node id="enable_thumb_manager" state="global.enable_thumbnail_manager">
            <Entry id="enter" />
            <Exit id="exit" target=".exit" />
        </Node>

    </State>

  <State id="hide_remote_cars">
    <Entry id="enter" target="is_in_multiplayer.enter" />
    <Exit id="exit" />
	
	<Node id="is_in_multiplayer" state="global.is_in_multiplayer">
      <Entry id="enter" />
      <Exit id="yes" target=".exit" />
      <Exit id="no" target="hide_remote_cars.enter" />
    </Node>
	
	<Node id="hide_remote_cars" state="global.hide_remote_cars">
      <Entry id="enter" />
      <Exit id="exit" target=".exit" />
    </Node>	
  </State>

  
  <!-- Use this for places we do not want the car to be stopped, or for the player's car position to be saved -->
  <!-- SUMO_APW: Or for any cutscene to play, EG when Entering what used to be a location based menu, but is now accessed from the Pause Menu-->
  <State id="enter_no_parking_brake_no_cutscene">
    <Entry id="enter" target="disable_satnav_audio.enter" />
    <Exit id="exit" />

    <Node id="disable_satnav_audio" state="Audio.disable_satnav_audio" >
      <Entry id="enter" />
      <Exit id="exit" target="block_pause_entry.enter" />
    </Node>

    <Node id="block_pause_entry" state="global.block_pause_entry" >
      <Entry id="enter" />
      <Exit id="exit" target="disable_traffic_spawning.enter" />
    </Node>

    <Node id="disable_traffic_spawning" state="global.disable_traffic_spawning">
      <Entry id="enter" />
      <Exit id="exit" target="enable_compressed_heap.enter" />
    </Node>

    <Node id="enable_compressed_heap" state="global.enable_compressed_heap">
      <Entry id="enter" />
      <Exit id="exit" target="disable_car_control.enter" />
    </Node>

    <Node id="disable_car_control" state="global.disable_car_control" >
      <Entry id="enter" />
      <Exit id="exit" target="disable_rumble.enter" />
    </Node>

    <Node id="disable_rumble" state="global.disable_rumble_and_forcefeedback" >
      <Entry id="enter" />
      <Exit id="exit" target="set_audio_exterior_ui.enter" />
    </Node>

    <Node id="set_audio_exterior_ui" state="Audio.exterior_ui" >
      <Entry id="enter" />
      <Exit id="exit" target="hide_remote_cars.enter" />
    </Node>

    <Node id="hide_remote_cars" state="hide_remote_cars">
      <Entry id="enter" />
      <Exit id="exit" target="enable_thumb_manager.enter" />
    </Node>

    <!-- REMOVED ALL CUTSCENE ACTIVITY FROM THIS FLOW
    
    <Node id="prepare_for_cutscene_enter_activity" state="prepare_for_cutscene_enter_activity">
      <Entry id="enter" />
      <Exit id="exit" target="place_car_for_cutscene_enter_activity.enter" />
    </Node>

    <Node id="place_car_for_cutscene_enter_activity" state="place_car_for_cutscene_enter_activity" >
      <Entry id="enter" />
      <Exit id="exit" target="cutscene_enter_activity.enter" />
    </Node>

    <Node id="cutscene_enter_activity" state="cutscene_enter_activity" >
      <Entry id="enter" />
      <Exit id="exit" target="enable_thumb_manager.enter" />
    </Node>
    -->

    <Node id="enable_thumb_manager" state="global.enable_thumbnail_manager">
      <Entry id="enter" />
      <Exit id="exit" target=".exit" />
    </Node>

  </State>





  <!-- ================================================================ -->
    <!-- UNLOAD TRACK AND CAR FLOW -->
    <!-- ================================================================ -->
    <State id="unload_track_and_cars">
        <Entry id="enter" target="disable_presentationrender.enter" />
        <Exit id="exit" />

        <Node id="disable_presentationrender" state="global.disable_presentationrender" >
            <Entry id="enter" />
            <Exit id="exit" target="disable_streaming.enter" />
        </Node>

        <Node id="disable_streaming" state="global.disable_streaming" >
            <Entry id="enter" />
            <Exit id="exit" target="remove_all_cars.enter" />
        </Node>

        <Node id="remove_all_cars" state="global.remove_all_cars" >
          <Entry id="enter" />
          <Exit id="exit" target=".exit" />
        </Node>
    </State>

  
    <State id="is_background_loaded">
    	<Entry id="enter" />
        <Exit id="yes"/>
        <Exit id="no"/>

        <Behaviour id="CIsBackgroundSceneLoaded">
            <Transition id="yes" target=".yes" />
            <Transition id="no" target=".no" />
        </Behaviour>
    </State>

    
    <State id="refresh_ui_car">
      <Entry id="enter" />
      <Exit id="exit" />
      <Behaviour id="CRefreshBackgroundUICar">
        <Transition id="done" target=".exit" />
      </Behaviour>
    </State>


    <State id="is_background_uicar_out_of_sync">
      <Entry id="enter" />
      <Exit id="yes" />
      <Exit id="no" />
      <Behaviour id="CIsBackgroundUICarOutOfSync">
        <Transition id="yes" target=".yes" />
        <Transition id="no" target=".no" />
      </Behaviour>
    </State>

    <State id="loading_screen_to_functional_location" >
        <Entry id="enter" target="show_loading_screen.enter"/>
        <Exit id="exit"/>
          <Node id="show_loading_screen" state="global.show_loading_screen_nopackage" >
            <Entry id="enter" />
            <Exit id="exit" target=".exit" />
        </Node>
    </State>

    <State id="loading_to_interior">
      <Entry id="enter" target="set_audio_loading.enter"/>
      <Exit id="exit"/>

      <Node id="set_audio_loading" state="Audio.loading">
        <Entry id="enter" />
        <Exit id="exit" target="is_background_loaded.enter"/>
      </Node>

      <Node id="is_background_loaded" state="is_background_loaded">
        <Entry id="enter"/>
        <Exit id="yes" target="stop_cutscene.enter"/>
        <Exit id="no" target="show_loading_screen.enter"/>
      </Node>

      <Node id="show_loading_screen" state="loading_screen_to_functional_location" >
        <Entry id="enter" />
        <Exit id="exit" target="stop_cutscene_unload.enter" />
      </Node>

      <Node id="stop_cutscene_unload" state="global.stop_cutscene">
        <Entry id="enter" />
        <Exit id="exit" target="unload_game.enter" />
      </Node>

      <Node id="unload_game" state="unload_track_and_cars">
        <Entry id="enter"/>
        <Exit id="exit" target=".exit"/>
      </Node>

      <Node id="stop_cutscene" state="global.stop_cutscene">
        <Entry id="enter" />
        <Exit id="exit" target=".exit" />
      </Node>

    </State>

    <State id="interior_ui">
      <Entry id="enter" target="set_audio_interior_ui.enter"/>
      <Exit id="exit"/>

      <Node id="set_audio_interior_ui" state="Audio.interior_ui">
        <Entry id="enter" />
        <Exit id="exit" target=".exit" />
      </Node>
    </State>
    
    <State id="unload_background">
        <Entry id="enter" target=".exit"/>
        <Exit id="exit"/>
        <Behaviour id="CUnloadUIBackgroundScene"/>
    </State>
    
    <State id="loading_to_exterior">
        <Entry id="enter" target="set_audio_loading.enter"/>
        <Exit id="exit" />
        
        <Node id="set_audio_loading" state="Audio.loading">
            <Entry id="enter" />
            <Exit id="exit" target="unload_background.enter" />
        </Node>
        
        <Node id="unload_background" state="unload_background">
            <Entry id="enter" />
            <Exit id="exit" target=".exit" />
        </Node>
    </State>


    <State id="load_homespace_common">
    	<Entry id="enter" target=".exit"/>
      <Exit id="exit"/>

      <Behaviour id="CLoadHomespace" homespace="common"/>
    </State>
    <State id="show_homespace_common">
    	<Entry id="enter" target="loading_to_interior.enter"/>
        <Exit id="exit"/>
        
        <Node id="loading_to_interior" state="loading_to_interior">
        	<Entry id="enter"/>
          <Exit id="exit" target="load.enter"/>
        </Node>
        
        <Node id="load" state="load_homespace_common">
        	<Entry id="enter"/>
          <Exit id="exit" target="interior_ui.enter"/>
        </Node>

        <Node id="interior_ui" state="interior_ui">
          <Entry id="enter"/>
          <Exit id="exit" target=".exit"/>
        </Node>
    </State>

	<State id="cancel_activities">
		<Entry id="enter" target=".exit" />
		<Exit id="exit" />
		<Behaviour id="CancelActiveActivities" />
	</State>

    <State id="load_homespace_autoshow">
    	<Entry id="enter" target=".exit"/>
      <Exit id="exit"/>

      <Behaviour id="CLoadHomespace" homespace="autoshow" wait="true" />
    </State>
	<State id="set_radio_3d_autoshow">
	    <Entry id="enter" target=".exit" />
		<Exit id="exit" />
		<Behaviour id="CEnableRadio3D" enable="true" ambientEvent="FA_Autoshow_Music" station="Radio6_3d_Autoshow" />
	</State>	
    <State id="show_homespace_autoshow">
    	<Entry id="enter" target="cancel_activities.enter"/>
        <Exit id="exit"/>
		
		<Node id="cancel_activities" state="cancel_activities">
			<Entry id="enter"/>
			<Exit id="exit" target="loading_to_interior.enter"/>
		</Node>
        
        <Node id="loading_to_interior" state="loading_to_interior">
        	<Entry id="enter"/>
          <Exit id="exit" target="load.enter"/>
        </Node>
        
        <Node id="load" state="load_homespace_autoshow">
        	<Entry id="enter"/>
          <Exit id="exit" target="interior_ui.enter"/>
        </Node>

        <Node id="interior_ui" state="interior_ui">
          <Entry id="enter"/>
          <Exit id="exit" target="set_radio_3d_autoshow.enter"/>
        </Node>
		
		<Node id="set_radio_3d_autoshow" state="set_radio_3d_autoshow">
			<Entry id="enter"/>
			<Exit id="exit" target=".exit"/>
		</Node>
			
    </State>



    <State id="load_homespace_workshop">
    	<Entry id="enter" target=".exit"/>
        <Exit id="exit"/>

        <Behaviour id="CLoadHomespace" homespace="upgrades" wait="true" />
    </State>
	<State id="set_radio_3d_workshop">
	    <Entry id="enter" target=".exit" />
		<Exit id="exit" />
		<Behaviour id="CEnableRadio3D" enable="true" ambientEvent="FA_Workshop_Music" station="Radio7_3d_Workshop" />
	</State>	
    <State id="show_homespace_workshop">
    	<Entry id="enter" target="loading_to_interior.enter"/>
        <Exit id="exit"/>
        
        <Node id="loading_to_interior" state="loading_to_interior">
        	<Entry id="enter"/>
          <Exit id="exit" target="load.enter"/>
        </Node>
        
        <Node id="load" state="load_homespace_workshop">
        	<Entry id="enter"/>
          <Exit id="exit" target="interior_ui.enter"/>
        </Node>

        <Node id="interior_ui" state="interior_ui">
          <Entry id="enter"/>
          <Exit id="exit" target="set_radio_3d_workshop.enter"/>
        </Node>
		
		<Node id="set_radio_3d_workshop" state="set_radio_3d_workshop">
			<Entry id="enter"/>
			<Exit id="exit" target=".exit"/>
		</Node>	
    </State>



    <State id="load_homespace_livery_editor">
    	<Entry id="enter" target=".exit"/>
        <Exit id="exit"/>

        <Behaviour id="CLoadHomespace" homespace="liveryeditor" wait="true" />
    </State>
	
	<State id="set_radio_3d_livery_editor">
	    <Entry id="enter" target=".exit" />
		<Exit id="exit" />
		<Behaviour id="CEnableRadio3D" enable="true" ambientEvent="FA_Paintshop_Music" station="Radio8_3d_Paintshop" />
	</State>
	
    <State id="show_homespace_livery_editor">
    	<Entry id="enter" target="loading_to_interior.enter"/>
        <Exit id="exit"/>
        
        <Node id="loading_to_interior" state="loading_to_interior">
        	<Entry id="enter"/>
          <Exit id="exit" target="load.enter"/>
        </Node>
        
        <Node id="load" state="load_homespace_livery_editor">
        	<Entry id="enter"/>
          <Exit id="exit" target="interior_ui.enter"/>
        </Node>

      <Node id="interior_ui" state="interior_ui">
        <Entry id="enter"/>
        <Exit id="exit" target="set_radio_3d_livery_editor.enter"/>
      </Node>
	  
	  <Node id="set_radio_3d_livery_editor" state="set_radio_3d_livery_editor">
        <Entry id="enter"/>
        <Exit id="exit" target=".exit"/>
      </Node>	 
	  
    </State>

    <State id="custom_show_hud_screen"> 
	    <Entry id="enter" target="show_hud_screen_node.enter"/>
        <Exit id="exit"/>
		
		<Node id="show_hud_screen_node" state="global.show_hud_screen" >
            <Entry id="enter" />
            <Exit id="exit" target=".exit" />
        </Node>
  
    </State>		

    <State id="optional_pre_enable_streaming_state"> 
	    <Entry id="enter" target="do_nothing.enter"/>
        <Exit id="exit"/>
		
		<Node id="do_nothing" state="global.wait_one_frame" >
            <Entry id="enter" />
            <Exit id="exit" target=".exit" />
        </Node>
  
    </State>
	
    <!-- ================================================================ -->
    <!-- IN GAME UI EXIT FLOW -->
    <!-- ================================================================ -->
    <State id="exit">
        <Entry id="enter" target="is_background_loaded.enter" />
        <Entry id="enterForLoading" target="disable_compressed_heap.enter" />
        <Exit id="exit" />

        <Node id="is_background_loaded" state="is_background_loaded">
            <Entry id="enter"/>
            <Exit id="yes" target="show_loading_screen.enter"/>
            <Exit id="no" target="reload_decision.enter"/>
        </Node>

        <Node id="show_loading_screen" state="global.show_loading_screen" >
            <Entry id="enter" />
            <Exit id="exit" target="start_freeroam_music.enter" />
        </Node>
		
		<!-- We now switch back to freeroam music at start of load back to freeroam, rather than at the end -->
	    <Node id="start_freeroam_music" state="Audio.play_freeroam_music_with_fades">
            <Entry id="enter"/>
            <Exit id="exit" target="consume_reload_decision.enter"/>
        </Node>			

        <Node id="consume_reload_decision" state="reload_decision">
            <Entry id="enter" />
            <Exit id="exit" target="exit_reload_track_and_npc_cars.enter" />
            <Exit id="exitReload" target="exit_reload_track_and_npc_cars.enter" />
        </Node>

        <Node id="exit_reload_track_and_npc_cars" state="exit_reload_track_and_npc_cars" >
            <Entry id="enter" />
            <Exit id="exit" target="exit_reload_player_car.enter" />
        </Node>
        
        <Node id="reload_decision" state="reload_decision">
            <Entry id="enter" />
            <Exit id="exit" target="exit_cutscene.enter" />
            <Exit id="exitReload" target="reload_players_car.enter" />
        </Node>

        <Node id="reload_players_car" state="reload_player_car">
          <Entry id="enter" />
          <Exit id="exit" target="should_block_freeroam_after_ie_garage.enter" />
        </Node>

        <Node id="exit_reload_player_car" state="exit_reload_player_car" >
          <Entry id="enter" />
          <Exit id="exit" target="should_block_freeroam_after_ie_garage.enter" />
        </Node>
		
		<!--	===========================================	-->
		<!-- If the game is waiting for a return to free-roam (post event loading has finished) then exit now, otherwise continue as normal -->
		<Node id="should_block_freeroam_after_ie_garage" state="CBlockFreeRoamAfterIEGarage" >
			<Entry id="enter" />
			<Exit id="true" target="clear_block_free_roam_after_ie_garage.enter" />
			<Exit id="false" target="set_audio_exterior_ui.enter" />
		</Node>
		
		<Node id="clear_block_free_roam_after_ie_garage" state="ClearBlockFreeRoamAfterIEGarage">
			<Entry id="enter" />
			<Exit id="exit" target=".exit" />
		</Node>

		<!--	===========================================	-->		

        <Node id="set_audio_exterior_ui" state="Audio.exterior_ui" >
            <Entry id="enter" />
            <Exit id="exit" target="exit_cutscene.enter" />
        </Node>

        <Node id="exit_cutscene" state="cutscene_exit_activity" >
            <Entry id="enter" />
            <Exit id="exit" target="show_remote_cars.enter" />
        </Node>
		
		<Node id="show_remote_cars" state="global.show_remote_cars">
            <Entry id="enter" />
            <Exit id="exit" target="unmute_car_audio.enter" />
        </Node>
		
		<Node id="unmute_car_audio" state="Audio.unmute_car_audio" >
			<Entry id="enter" />
			<Exit id="exit" target="show_hud_screen.enter" />
		</Node>

        <Node id="show_hud_screen" state="custom_show_hud_screen" >
            <Entry id="enter" />
            <Exit id="exit" target="disable_thumb_manager.enter" />
        </Node>

        <Node id="disable_thumb_manager" state="global.disable_thumbnail_manager">
            <Entry id="enter" />
            <Exit id="exit" target="set_audio_exterior_freeroam.enter" />
        </Node>
        
		<Node id="set_audio_exterior_freeroam" state="Audio.exterior_freeroam">
            <Entry id="enter" />
            <Exit id="exit" target="disable_compressed_heap.enter" />
        </Node>
		
        <Node id="disable_compressed_heap" state="global.disable_compressed_heap">
            <Entry id="enter" />
            <Exit id="exit" target="enable_traffic_spawning.enter" />
        </Node>

        <Node id="enable_traffic_spawning" state="global.enable_traffic_spawning">
            <Entry id="enter" />
            <Exit id="exit" target="enable_car_control.enter" />
        </Node>

        <Node id="enable_car_control" state="global.enable_car_control" >
            <Entry id="enter" />
            <Exit id="exit" target="disable_parking_brake.enter" />
        </Node>

        <Node id="disable_parking_brake" state="global.disable_car_parking_brake" >
            <Entry id="enter" />
            <Exit id="exit" target="enable_rumble.enter" />
        </Node>

        <Node id="enable_rumble" state="global.enable_rumble_and_forcefeedback" >
            <Entry id="enter" />
            <Exit id="exit" target="unblock_pause_entry.enter" />
        </Node>

        <Node id="unblock_pause_entry" state="global.unblock_pause_entry" >
            <Entry id="enter" />
            <Exit id="exit" target="reset_mulligan.enter" />
        </Node>

        <Node id="reset_mulligan" state="global.reset_mulligan" >
            <Entry id="enter" />
            <Exit id="exit" target="enable_satnav_audio.enter" />
        </Node>

        <Node id="enable_satnav_audio" state="Audio.enable_satnav_audio" >
            <Entry id="enter" />
            <Exit id="exit" target=".exit" />
        </Node>

    </State>


  <!-- ================================================================ -->
  <!-- IN GAME UI EXIT FLOW -->
  <!-- When not showing an exit cutscene, eg when exiting state that used-->
  <!-- to be activated from in game, but is now from pause menu-->
  <!-- ================================================================ -->
  <State id="exit_nocutscene">
    <Entry id="enter" target="is_background_loaded.enter" />
    <Entry id="enterForLoading" target="disable_compressed_heap.enter" />
    <Exit id="exit" />

    <Node id="is_background_loaded" state="is_background_loaded">
      <Entry id="enter"/>
      <Exit id="yes" target="show_loading_screen.enter"/>
      <Exit id="no" target="reload_decision.enter"/>
    </Node>

    <Node id="show_loading_screen" state="global.show_loading_screen" >
      <Entry id="enter" />
      <Exit id="exit" target="start_freeroam_music.enter" />
    </Node>

    <!-- We now switch back to freeroam music at start of load back to freeroam, rather than at the end -->
    <Node id="start_freeroam_music" state="Audio.play_freeroam_music_with_fades">
      <Entry id="enter"/>
      <Exit id="exit" target="consume_reload_decision.enter"/>
    </Node>

    <Node id="consume_reload_decision" state="reload_decision">
      <Entry id="enter" />
      <Exit id="exit" target="exit_reload_track_and_npc_cars.enter" />
      <Exit id="exitReload" target="exit_reload_track_and_npc_cars.enter" />
    </Node>

    <Node id="exit_reload_track_and_npc_cars" state="exit_reload_track_and_npc_cars" >
      <Entry id="enter" />
      <Exit id="exit" target="exit_reload_player_car.enter" />
    </Node>

    <Node id="reload_decision" state="reload_decision">
      <Entry id="enter" />
      <Exit id="exit" target="show_remote_cars.enter" />
      <Exit id="exitReload" target="reload_players_car.enter" />
    </Node>

    <Node id="reload_players_car" state="reload_player_car">
      <Entry id="enter" />
      <Exit id="exit" target="set_audio_exterior_ui.enter" />
    </Node>

    <Node id="exit_reload_player_car" state="exit_reload_player_car" >
      <Entry id="enter" />
      <Exit id="exit" target="set_audio_exterior_ui.enter" />
    </Node>

    <Node id="set_audio_exterior_ui" state="Audio.exterior_ui" >
      <Entry id="enter" />
      <Exit id="exit" target="show_remote_cars.enter" />
    </Node>

    <!---
    <Node id="exit_cutscene" state="cutscene_exit_activity" >
      <Entry id="enter" />
      <Exit id="exit" target="show_remote_cars.enter" />
    </Node>
    -->

    <Node id="show_remote_cars" state="global.show_remote_cars">
      <Entry id="enter" />
      <Exit id="exit" target="unmute_car_audio.enter" />
    </Node>

    <Node id="unmute_car_audio" state="Audio.unmute_car_audio" >
      <Entry id="enter" />
      <Exit id="exit" target="show_hud_screen.enter" />
    </Node>

    <Node id="show_hud_screen" state="custom_show_hud_screen" >
      <Entry id="enter" />
      <Exit id="exit" target="disable_thumb_manager.enter" />
    </Node>

    <Node id="disable_thumb_manager" state="global.disable_thumbnail_manager">
      <Entry id="enter" />
      <Exit id="exit" target="set_audio_exterior_freeroam.enter" />
    </Node>

    <Node id="set_audio_exterior_freeroam" state="Audio.exterior_freeroam">
      <Entry id="enter" />
      <Exit id="exit" target="disable_compressed_heap.enter" />
    </Node>

    <Node id="disable_compressed_heap" state="global.disable_compressed_heap">
      <Entry id="enter" />
      <Exit id="exit" target="enable_traffic_spawning.enter" />
    </Node>

    <Node id="enable_traffic_spawning" state="global.enable_traffic_spawning">
      <Entry id="enter" />
      <Exit id="exit" target="enable_car_control.enter" />
    </Node>

    <Node id="enable_car_control" state="global.enable_car_control" >
      <Entry id="enter" />
      <Exit id="exit" target="disable_parking_brake.enter" />
    </Node>

    <Node id="disable_parking_brake" state="global.disable_car_parking_brake" >
      <Entry id="enter" />
      <Exit id="exit" target="enable_rumble.enter" />
    </Node>

    <Node id="enable_rumble" state="global.enable_rumble_and_forcefeedback" >
      <Entry id="enter" />
      <Exit id="exit" target="unblock_pause_entry.enter" />
    </Node>

    <Node id="unblock_pause_entry" state="global.unblock_pause_entry" >
      <Entry id="enter" />
      <Exit id="exit" target="reset_mulligan.enter" />
    </Node>

    <Node id="reset_mulligan" state="global.reset_mulligan" >
      <Entry id="enter" />
      <Exit id="exit" target="enable_satnav_audio.enter" />
    </Node>

    <Node id="enable_satnav_audio" state="Audio.enable_satnav_audio" >
      <Entry id="enter" />
      <Exit id="exit" target=".exit" />
    </Node>

  </State>

  <!-- ================================================================ -->
  <!-- IN GAME UI EXIT FLOW -->
  <!-- Exit state where interior homespace was loaded, unload it and -->
  <!-- do the 1st part of exit_nocutsceme, but don't return to game -->
  <!-- so subsequent calls to exit, or exit_nocutscene won't re-run these parts-->
  <!-- When not showing an exit cutscene, eg when exiting state that used-->
  <!-- to be activated from in game, but is now from pause menu-->
  <!-- ================================================================ -->
  <State id="exit_homespace_nocutscene">
    <Entry id="enter" target="is_background_loaded.enter" />
    <Exit id="exit" />
	<Exit id="exit_no_reloads" />

    <Node id="is_background_loaded" state="is_background_loaded">
      <Entry id="enter"/>
      <Exit id="yes" target="show_loading_screen.enter"/>
      <Exit id="no" target="reload_decision.enter"/>
    </Node>

    <Node id="show_loading_screen" state="global.show_loading_screen" >
      <Entry id="enter" />
      <Exit id="exit" target="start_freeroam_music.enter" />
    </Node>

    <!-- We now switch back to freeroam music at start of load back to freeroam, rather than at the end -->
    <Node id="start_freeroam_music" state="Audio.play_freeroam_music_with_fades">
      <Entry id="enter"/>
      <Exit id="exit" target="consume_reload_decision.enter"/>
    </Node>

    <Node id="consume_reload_decision" state="reload_decision">
      <Entry id="enter" />
      <Exit id="exit" target="exit_reload_track_and_npc_cars.enter" />
      <Exit id="exitReload" target="exit_reload_track_and_npc_cars.enter" />
    </Node>

    <Node id="exit_reload_track_and_npc_cars" state="exit_reload_track_and_npc_cars" >
      <Entry id="enter" />
      <Exit id="exit" target="exit_reload_player_car.enter" />
    </Node>


    <Node id="exit_reload_player_car" state="exit_reload_player_car" >
      <Entry id="enter" />
      <Exit id="exit" target="set_audio_exterior_ui.enter" />
    </Node>

    <Node id="reload_decision" state="reload_decision">
      <Entry id="enter" />
      <Exit id="exit" target=".exit_no_reloads" />
      <Exit id="exitReload" target="reload_players_car.enter" />
    </Node>

    <Node id="reload_players_car" state="reload_player_car">
      <Entry id="enter" />
      <Exit id="exit" target="set_audio_exterior_ui.enter" />
    </Node>
	
    <Node id="set_audio_exterior_ui" state="Audio.exterior_ui" >
      <Entry id="enter" />
      <Exit id="exit" target=".exit" />
    </Node>
  </State> 

  <!-- ================================================================ -->
    <!-- EXIT FLOW RELOADING TRACK AND NP CARS -->
    <!-- ================================================================ -->
    <State id="exit_reload_track_and_npc_cars">
        <Entry id="enter" target="loading_to_exterior.enter" />
        <Exit id="exit" />

        <Node id="loading_to_exterior" state="loading_to_exterior" >
            <Entry id="enter" />
            <Exit id="exit" target="disable_compressed_heap.enter" />
        </Node>

        <Node id="disable_compressed_heap" state="global.disable_compressed_heap">
            <Entry id="enter" />
            <Exit id="exit" target="reset_traffic_cars.enter" />
        </Node>

        <Node id="reset_traffic_cars" state="global.reset_traffic_cars" >
            <Entry id="enter" />
            <Exit id="exit" target=".exit" />
        </Node>

    </State>



    <!-- ================================================================ -->
    <!-- RELOAD PLAYERS CAR WITHOUT EXITTING -->
    <!-- ================================================================ -->
    <State id="reload_player_car">
        <Entry id="enter" target="stop_cutscene.enter" />
        <Exit id="exit" />

        <Node id="stop_cutscene" state="global.stop_cutscene" >
            <Entry id="enter" />
            <Exit id="exit" target="audio_set_mode.enter" />
        </Node>

        <Node id="audio_set_mode" state="Audio.loading" >
            <Entry id="enter" />
            <Exit id="exit" target="show_loading.enter" />
        </Node>

        <Node id="show_loading" state="global.show_loading_screen">
            <Entry id="enter" />
            <Exit id="exit" target="wait_for_traffic_cars_to_be_removed.enter" />
        </Node>

        <Node id="wait_for_traffic_cars_to_be_removed" state="global.wait_for_traffic_cars_to_be_removed" >
          <Entry id="enter" />
          <Exit id="exit" target="disable_presentationrenderandshadows.enter" />
        </Node>

        <Node id="disable_presentationrenderandshadows" state="global.disable_presentationrenderandshadows">
          <Entry id="enter" />
          <Exit id="exit" target="is_in_multiplayer.enter" />
        </Node>
		
		<!-- If we are in multiplayer, we need to change the car to the current player choices car. This does not
             read it from the profile and instead just sets the car to that car temporarily.-->
        <Node id="is_in_multiplayer" state="global.is_in_multiplayer" >
	      <Entry id="enter" />
		  <Exit id="yes" target="load_player_choices_car.enter" />
		  <Exit id="no" target="change_player_car.enter" />
		</Node>

        <Node id="change_player_car" state="global.reload_player_car_and_livery">
            <Entry id="enter" />
            <Exit id="exit" target="wait_for_all_cars_loaded.enter" />
        </Node>
		
		<Node id="load_player_choices_car" state="global.load_player_choices_car">
            <Entry id="enter" />
            <Exit id="exit" target="wait_for_all_cars_loaded.enter" />
        </Node>
		
        <Node id="wait_for_all_cars_loaded" state="global.wait_for_all_cars_loaded" >
            <Entry id="enter" />
            <Exit id="exit" target="set_car_teleporting.enter" />
        </Node>
		
        <Node id="set_car_teleporting" state="global.set_car_teleporting" >
            <Entry id="enter" />
            <Exit id="exit" target="restore_car_position.enter" />
        </Node>

        <Node id="restore_car_position" state="global.restore_car_position" >
            <Entry id="enter" />
            <Exit id="exit" target="snap_all_cars_to_road.enter" />
        </Node>
		
		 <Node id="snap_all_cars_to_road" state="global.snap_all_cars_to_road" >
            <Entry id="enter" />
            <Exit id="exit" target="enable_presentationrender.enter" />
        </Node>
		
        <Node id="enable_presentationrender" state="global.enable_presentationrender">
          <Entry id="enter" />
          <Exit id="exit" target="reset_traffic_cars.enter" />
        </Node>

        <Node id="reset_traffic_cars" state="global.reset_traffic_cars" >
          <Entry id="enter" />
          <Exit id="exit" target="set_car_not_teleporting.enter" />
        </Node>

        <Node id="set_car_not_teleporting" state="global.set_car_not_teleporting">
            <Entry id="enter" />
            <Exit id="exit" target="cutscene_post_reload_car.enter" />
        </Node>

        <Node id="cutscene_post_reload_car" state="cutscene_post_reload_car" >
            <Entry id="enter" />
            <Exit id="exit" target=".exit" />
        </Node>

    </State>




    <!-- ================================================================ -->
    <!-- EXIT FLOW RELOADING PLAYERS CAR -->
    <!-- ================================================================ -->
    <State id="exit_reload_player_car">
        <Entry id="enter" target="change_player_car.enter" />
        <Exit id="exit" />

        <Node id="change_player_car" state="global.reload_player_car_and_livery">
            <Entry id="enter" />
            <Exit id="exit" target="wait_for_all_cars_loaded.enter" />
        </Node>

        <Node id="wait_for_all_cars_loaded" state="global.wait_for_all_cars_loaded" >
            <Entry id="enter" />
            <Exit id="exit" target="set_car_teleporting.enter" />
        </Node>

        <Node id="set_car_teleporting" state="global.set_car_teleporting" >
            <Entry id="enter" />
            <Exit id="exit" target="restore_car_position.enter" />
        </Node>

        <Node id="restore_car_position" state="global.restore_car_position" >
            <Entry id="enter" />
            <Exit id="exit" target="snap_all_cars_to_road.enter" />
        </Node>
		
		 <Node id="snap_all_cars_to_road" state="global.snap_all_cars_to_road" >
            <Entry id="enter" />
            <Exit id="exit" target="optional_pre_enable_streaming_state.enter" />
        </Node>
		
		<Node id="optional_pre_enable_streaming_state" state="optional_pre_enable_streaming_state" >
            <Entry id="enter" />
            <Exit id="exit" target="enable_presentationrender.enter" />
        </Node>
		
        <Node id="enable_presentationrender" state="global.enable_presentationrender" >
            <Entry id="enter" />
            <Exit id="exit" target="enable_streaming.enter" />
        </Node>

        <Node id="enable_streaming" state="global.enable_streaming" >
            <Entry id="enter" />
            <Exit id="exit" target="set_car_not_teleporting.enter" />
        </Node>

        <Node id="set_car_not_teleporting" state="global.set_car_not_teleporting">
            <Entry id="enter" />
            <Exit id="exit" target=".exit" />
        </Node>

    </State>


  <!-- ================================================================ -->
  <!-- EXTERIOR CHANGE CAR FLOW -->
  <!-- ================================================================ -->
  <State id="changeCar_exterior_flow" >
    <Entry id="enter" target="changeCar.enter"/>
    <Entry id="back" target="changeCar.back"/>
    <Exit id="exit" />
    <Exit id="exitReload" />
    <Exit id="viewCar" />

    <Behaviour id="CParentTransition">
      <Transition id="onParent" target=".exit" />
    </Behaviour>
<!--
    <Node id="is_in_multiplayer" state="global.is_in_multiplayer" >
	  <Entry id="enter" />
	  <Exit id="yes" target="changeCarMultiplayer.enter" />
	  <Exit id="no" target="changeCar.enter" />
	</Node>
	
	<Node id="changeCarMultiplayer" state="multiplayer_garage" >
	  <Entry id="enter" />
	  <Exit id="returnToFestival" target="reloadCarDecision.enter" />
	</Node>
-->
    <Node id="changeCar" state="ShowChangeCarScreenExterior" >
      <Entry id="enter" />
      <Entry id="back" />
      <Exit id="exit" target="reloadCarDecision.enter" />
      <Exit id="view" target=".viewCar" />
	  <Exit id="getInCar" target="reloadCarDecision.enter" />
    </Node>

    <Node id="reloadCarDecision" state="reload_decision">
      <Entry id="enter" />
      <Exit id="exit" target=".exit" />
      <Exit id="exitReload" target="fade_to_black.enter" />
    </Node>

    <Node id="fade_to_black" state="global.fade_out">
      <Entry id="enter" />
      <Exit id="exit" target="reset_camera_to_player.enter" />
    </Node>

    <!-- This is necessary to avoid the cutscene camera from clearing the blackout -->
    <Node id="reset_camera_to_player" state="global.reset_camera_to_player" >
      <Entry id="enter" />
      <Exit id="exit" target="save_profile.enter" />
    </Node>

    <Node id="save_profile" state="global.save_profile" >
      <Entry id="enter" />
      <Exit id="exit" target="reloadCar.enter" />
    </Node>

    <Node id="reloadCar" state="reload_player_car">
      <Entry id="enter" />
      <Exit id="exit" target=".exitReload" />
    </Node>
    
  </State>

  <!-- ================================================================ -->
  <!-- INTERIOR CHANGE CAR FLOW -->
  <!-- ================================================================ -->
  <State id="changeCar_interior_flow" >
    <Entry id="enter" target="changeCar.enter"/>
    <Entry id="back" target="changeCar.back"/>
    <Exit id="exit" />
    <Exit id="viewCar" />
	
    <Node id="changeCar" state="ShowChangeCarScreen" >
      <Entry id="enter" />
      <Entry id="back" />
      <Exit id="exit" target="doesUICarNeedToRefresh.enter" />
      <Exit id="view" target=".viewCar" />
	  <Exit id="getInCar" target="doesUICarNeedToRefresh.enter" />
    </Node>

    <Node id="doesUICarNeedToRefresh" state="InGameUI.is_background_uicar_out_of_sync">
      <Entry id="enter" />
      <Exit id="yes" target="disable_homespace_camera_fade_control.enter" />
      <Exit id="no" target=".exit" />
    </Node>

    <Node id="disable_homespace_camera_fade_control" state="global.disable_homespace_camera_fade_control" >
      <Entry id="enter" />
      <Exit id="exit" target="fade_to_black.enter" />
    </Node>
    
    <Node id="fade_to_black" state="global.fade_out">
      <Entry id="enter" />
      <Exit id="exit" target="save_profile.enter" />
    </Node>

    <Node id="save_profile" state="global.save_profile" >
      <Entry id="enter" />
      <Exit id="exit" target="show_loading.enter" />
    </Node>
    
    <Node id="show_loading" state="global.show_loading_screen_nopackage">
      <Entry id="enter" />
      <Exit id="exit" target="enable_homespace_camera_fade_control.enter" />
    </Node>
    
    <Node id="enable_homespace_camera_fade_control" state="global.enable_homespace_camera_fade_control" >
      <Entry id="enter" />
      <Exit id="exit" target="refreshUICar.enter" />
    </Node>

    <Node id="refreshUICar" state="InGameUI.refresh_ui_car">
      <Entry id="enter" />
      <Exit id="exit" target=".exit" />
    </Node>
  </State>

  <!-- ================================================================ -->
  <!-- CHANGE CAR FLOW (EITHER INTERIOR OR EXTERIOR            -->
  <!-- ================================================================ -->
  <State id="changeCar_choose_flow" >
    <Entry id="enter" target="decideflow.enter"/>
    <Entry id="back" target="decideflow.enter"/>
    <Exit id="exit" />
    <Exit id="viewCar" />
	<Exit id="exitReload" />

    <Node id="decideflow" state="is_background_loaded" >
      <Entry id="enter" />
      <Exit id="yes" target="interior.enter" />
      <Exit id="no" target="exterior.enter" />
    </Node>

    <Node id="interior" state="changeCar_interior_flow">
      <Entry id="enter" />
      <Exit id="exit" target=".exit" />
      <Exit id="viewCar" target=".viewCar" />
    </Node>
	
	<Node id="exterior" state="changeCar_exterior_flow">
      <Entry id="enter" />
      <Exit id="exit" target=".exit" />
      <Exit id="viewCar" target=".viewCar" />
	  <Exit id="exitReload" target=".exitReload" />
	</Node>
  </State>

  <!-- ================================================================ -->
  <!-- STATE FLOW FOR SHOWING THE CAR SELECT SCREEN -->
  <!-- ================================================================ -->
  <State id="ShowChangeCarScreen" >
    <Entry id="enter" />
    <Entry id="back" />
    <Exit id="exit" />
    <Exit id="view" />
	<Exit id="getInCar" />
    <Behaviour id="CShowGarageScreen" >
      <!-- use current resource package -->
      <EntryFlag id="ifEnterBack" entry="back" />
      <Transition id="onDone" target=".exit" />
      <Transition id="onView" target=".view" />
	  <Transition id="onGetInCar" target=".getInCar" />
    </Behaviour>
  </State>

  <State id="multiplayer_mdl_select_screen" >
	<Entry id="enter" />
	<Entry id="back" />
	<Exit id="exit" />
	<Exit id="next" />
	<Exit id="special_item" />
	
	<Behaviour id="CShowMultiplayerCarModelSelectScreen" >
		<Transition id="onNext" target=".next" />
		<Transition id="onExit" target=".exit" />
		<Transition id="onSpecialItem" target=".special_item" />
	</Behaviour>

	<Behaviour id="CParentTransition">
		<Transition id="onParent" target=".exit" />
	</Behaviour>
  </State>
  
  <State id="multiplayer_clan_car_select_screen" >
	<Entry id="enter" />
	<Entry id="back" />
	<Exit id="exit" />
	<Exit id="next" />
	<Behaviour id="CShowMultiplayerClanCarSelectScreen" >
		<Transition id="onNext" target=".next" />
		<Transition id="onExit" target=".exit" />
	</Behaviour>
    <Behaviour id="CParentTransition">
        <Transition id="onParent" target=".exit" />
    </Behaviour>
  </State>
  
  <State id="multiplayer_garage">
	<Entry id="enter" target="multiplayer_mfr_select_screen.enter" />
	<Exit id="returnToFestival" />

    	<Behaviour id="CParentTransition">
        	<Transition id="onParent" target=".returnToFestival" />
    	</Behaviour>
    
	<Node id="multiplayer_mfr_select_screen" state="UIShowScreens.multiplayer_mfr_select_screen" >
		<Entry id="enter" />
		<Exit id="exit" target=".returnToFestival" />
		<Exit id="next" target="multiplayer_mdl_select_screen.enter" />
		<Exit id="clan_garage" target="multiplayer_clan_car_select_screen.enter" />
	</Node>

	<Node id="multiplayer_mdl_select_screen" state="multiplayer_mdl_select_screen" >
		<Entry id="enter" />
		<Exit id="exit" target="multiplayer_mfr_select_screen.enter" />
		<Exit id="next" target=".returnToFestival" />
	</Node>
	
	<Node id="multiplayer_clan_car_select_screen" state="multiplayer_clan_car_select_screen" >
		<Entry id="enter" />
		<Exit id="exit" target="multiplayer_mfr_select_screen.enter" />
		<Exit id="next" target=".returnToFestival" />
	</Node>
  </State>
  
  <State id="ShowChangeCarScreenExterior" >
    <Entry id="enter" />
    <Entry id="back" />
    <Exit id="exit" />
    <Exit id="view" />
	<Exit id="getInCar" />
    
    <Behaviour id="CParentTransition">
        <Transition id="onParent" target=".exit" />
    </Behaviour>
    <Behaviour id="CShowGarageScreen" >
      <!-- use current resource package -->
      <EntryFlag id="ifEnterBack" entry="back" />
      <Transition id="onDone" target=".exit" />
      <Transition id="onView" target=".view" />
	  <Transition id="onGetInCar" target=".getInCar" />
      <Transition id="onSharePrepare" target="share_prepare.enter" />
      <Transition id="onShareUnprepare" target="share_unprepare.enter" />
    </Behaviour>

    <Node id="share_prepare" state="exterior_share_prepare" >
      <Entry id="enter"/>
      <Exit id="exit" target="." />
    </Node>

    <Node id="share_unprepare" state="exterior_share_unprepare" >
      <Entry id="enter"/>
      <Exit id="exit" target="." />
    </Node>
  </State>

  <!-- ================================================================ -->
  <!-- STATE FLOW THAT CREATES ENOUGH MEMORY FOR CAR SHARING IN THE EXTERIOR -->
  <!-- ================================================================ -->
  <State id="exterior_share_prepare">
    <Entry id="enter" target="wait_for_traffic_cars_to_be_removed.enter" />
    <Exit id="exit" />

    <Node id="wait_for_traffic_cars_to_be_removed" state="global.wait_for_traffic_cars_to_be_removed" >
      <Entry id="enter" />
      <Exit id="exit" target="disable_presentationrenderandshadows.enter" />
    </Node>

    <Node id="disable_presentationrenderandshadows" state="global.disable_presentationrenderandshadows">
      <Entry id="enter" />
      <Exit id="exit" target=".exit" />
    </Node>

  </State>

  <!-- ================================================================ -->
  <!-- STATE FLOW THAT UNDOES THE CHANGES MADE IN exterior_share_prepare -->
  <!-- ================================================================ -->
  <State id="exterior_share_unprepare">
    <Entry id="enter" target="enable_presentationrender.enter" />
    <Exit id="exit" />

    <Node id="enable_presentationrender" state="global.enable_presentationrender">
      <Entry id="enter" />
      <Exit id="exit" target="reset_traffic_cars.enter" />
    </Node>

    <Node id="reset_traffic_cars" state="global.reset_traffic_cars" >
      <Entry id="enter" />
      <Exit id="exit" target="disable_traffic_spawning.enter" />
    </Node>

    <Node id="disable_traffic_spawning" state="global.disable_traffic_spawning">
      <Entry id="enter" />
      <Exit id="exit" target=".exit" />
    </Node>

  </State>

  <State id="reload_decision">
        <Entry id="enter" />
        <Exit id="exit" />
        <Exit id="exitReload" />
        <Behaviour id="CGarageReloadDecision" >
            <Transition id="onExit" target=".exit" />
            <Transition id="onExitReload" target=".exitReload" />
        </Behaviour>
    </State>

  <State id="reload_decision_dont_clear_flag">
    <Entry id="enter" />
    <Exit id="exit" />
    <Exit id="exitReload" />
    <Behaviour id="CGarageReloadDecision" clear_reload_flag="false" >
      <Transition id="onExit" target=".exit" />
      <Transition id="onExitReload" target=".exitReload" />
    </Behaviour>
  </State>

    <State id="show_placeholder_screen" >
        <Entry id="enter" />
        <Exit id="exit" />
        <Behaviour id="CShowPlaceholderScreen" >
            <Transition id="onDone" target=".exit" />
        </Behaviour>
    </State>

    <!-- ================================================================ -->
    <!-- PLACEHOLDER EXAMPLE ROOT FLOW -->
    <!-- ================================================================ -->
    <State id="root">
        <Entry id="enter" target="pre_screen.enter" />
        <Exit id="exit" />
        <!-- While in the whole of this state we need game control -->
        <Behaviour id="CGameControlWrapper" />

        <Node id="pre_screen" state="enter">
            <Entry id="enter" />
            <Exit id="exit" target="show_screen.enter" />
        </Node>

        <!-- Show the placeholder menu -->
        <Node id="show_screen" state="show_placeholder_screen" >
            <Entry id="enter" />
            <Exit id="exit" target="post_screen.enter" />
        </Node>

        <Node id="post_screen" state="exit">
            <Entry id="enter" />
            <Exit id="exit" target=".exit" />
        </Node>

    </State>
</StateGroup>
tate>
</StateGroup>
tate>
</StateGroup>
tate>
</StateGroup>
