<StateGroup id="map" >
    <State id="load_map_screen" >
        <Entry id="enter" target=".exit" />
        <Exit id="exit" />
        <Behaviour id="CShowMapScreen" >
            <Attribute id="resource_package" value="Map" />
        </Behaviour>
    </State>

    <State id="clear_map_input_hint">
      <Entry id="enter" target=".exit" />
      <Exit id="exit" />
      <Behaviour id="CClearInputHint" type="Map" />
    </State>

    <State id="map_screen" >
        <Entry id="enter" />
        <Exit id="exit" />
        <Exit id="exit_to_game" />
        <Exit id="fast_travel" />
        <Exit id="ambientLeaderboard" />
        <Exit id="lapRaceLeaderboard" />
        <Behaviour id="CShowMapScreen" >
            <Attribute id="resource_package" value="Map" />
            <Transition id="onBack" target=".exit" />
            <Transition id="onBackToGame" target=".exit_to_game" />
            <Transition id="onFastTravel" target=".fast_travel" />
            <Transition id="onAmbientLeaderboard" target=".ambientLeaderboard" />
            <Transition id="onLapRaceLeaderboard" target=".lapRaceLeaderboard" />
        </Behaviour>
        <Behaviour id="CParentTransition">
            <Transition id="onParent" target=".exit" />
        </Behaviour>
    </State>

    <State id="show_ambient_leaderboard" >
        <Entry id="enter" target="enable_presentationrender.enter" />
        <Exit id="exit" />

        <node id="enable_presentationrender" state="global.enable_presentationrender">
            <Entry id="enter" />
            <Exit id="exit" target="show_ambient_leaderboard.enter" />
        </node>
        
        <node id="show_ambient_leaderboard" state="UIShowScreens.ShowAmbientChallengeScoreboardScreen">
            <Entry id="enter" />
            <Exit id="exit" target=".exit" />
        </node>
    </State>
    
    <State id="show_lapRace_leaderboard" >
        <Entry id="enter" target="enable_presentationrender.enter" />
        <Exit id="exit" />

        <node id="enable_presentationrender" state="global.enable_presentationrender">
            <Entry id="enter" />
            <Exit id="exit" target="show_lapRace_leaderboard.enter" />
        </node>
        
        <node id="show_lapRace_leaderboard" state="UIShowScreens.ShowLapTimeScoreboardScreen">
            <Entry id="enter" />
            <Exit id="exit" target=".exit" />
        </node>
    </State>

    <State id="load_map">
      <Entry id="enter" target="render_begin_wait.enter" />
      <Exit id="exit" />
    
      <!-- pgPaulP - to enter the map we disable the render thread whilst we create the shadow heap and load the map -->
      <node id="render_begin_wait" state="global.render_begin_wait">
        <Entry id="enter" />
        <Exit id="exit" target="disable_presentationrender.enter" />
      </node>
      <node id="disable_presentationrender" state="global.disable_presentationrenderandshadows">
        <Entry id="enter" />
        <Exit id="exit" target="load_map_screen.enter" />
      </node>
      <node id="load_map_screen" state="load_map_screen">
        <Entry id="enter" />
        <Exit id="exit" target="render_end_wait.enter" />
      </node>
      <node id="render_end_wait" state="global.render_end_wait">
        <Entry id="enter" />
        <Exit id="exit" target=".exit" />
      </node>
    </State>

    <State id="unload_map_to_empty_scene">
      <Entry id="enter" target="render_begin_wait.enter" />
      <Exit id="exit" />



        <!-- pgPaulP - to leave the map we disable the render thread whilst we unload the map shutdown the heap and re-nable the shadow system-->
      <node id="render_begin_wait" state="global.render_begin_wait">
        <Entry id="enter" />
        <Exit id="exit" target="wait_one_frame.enter" />
      </node>

        <node id="wait_one_frame" state="global.wait_one_frame">
            <Entry id="enter" />
            <Exit id="exit" target="show_empty_screen.enter" />
        </node>

        <Node id="show_empty_screen" state="global.show_empty_screen_with_hud_resource">
        <Entry id="enter" />
        <Exit id="exit" target="enable_presentationrender.enter" />
      </Node>

      <node id="enable_presentationrender" state="global.enable_presentationrender">
        <Entry id="enter" />
        <Exit id="exit" target="wait_another_frame.enter" />
      </node>

      <node id="wait_another_frame" state="global.wait_one_frame">
        <Entry id="enter" />
        <Exit id="exit" target="render_end_wait.enter" />
      </node>

      <node id="render_end_wait" state="global.render_end_wait">
        <Entry id="enter" />
        <Exit id="exit" target=".exit" />
      </node>
    </State>

    <State id="unload_map_then_fast_travel">
      <Entry id="enter" target="is_fast_travel_enabled.enter" />
      <Exit id="exit" />

      <Node id="is_fast_travel_enabled" state="global.is_fast_travel_enabled">
          <Entry id="enter" />
          <Exit id="yes" target="black_out_for_fast_travel.enter" />
          <Exit id="no" target="unload_map_fast_travel.enter" />
      </Node>

      <Node id="black_out_for_fast_travel" state="global.black_out">
        <Entry id="enter" />
        <Exit id="exit" target="unload_map_fast_travel.enter" />
      </Node>

      <Node id="unload_map_fast_travel" state="unload_map_to_empty_scene">
        <Entry id="enter" />
        <Exit id="exit" target="perform_fast_travel.enter" />
      </Node>

      <Node id="perform_fast_travel" state="fasttravel.perform_fast_travel">
        <Entry id="enter" />
        <Exit id="exit" target=".exit" />
      </Node>
    </State>

    <State id="map_flow" >
        <Entry id="enter" target="clear_map_input_hint.enter" />
        <Exit id="exit" />
        <Exit id="exit_to_game" />

        <Behaviour id="CDisablePlayerCarControlsWrapper" />
        <Behaviour id="CParentTransition">
            <Transition id="onParent" />
        </Behaviour>

        <Node id="clear_map_input_hint" state="clear_map_input_hint">
            <Entry id="enter" />
            <Exit id="exit" target="load_map.enter" />
        </Node>

        <node id="load_map" state="load_map">
          <Entry id="enter" />
          <Exit id="exit" target="map_screen.enter" />
        </node>
        <node id="map_screen" state="map_screen">
            <Entry id="enter" />
            <Exit id="exit" target="unload_map_exit.enter" />
            <Exit id="exit_to_game" target="unload_map_to_game.enter" />
            <Exit id="fast_travel" target="unload_map_then_fast_travel.enter" />
            <Exit id="ambientLeaderboard" target="show_ambient_leaderboard.enter" />
            <Exit id="lapRaceLeaderboard" target="show_lapRace_leaderboard.enter" />
        </node>

        <node id="show_ambient_leaderboard" state="show_ambient_leaderboard">
            <Entry id="enter" />
            <Exit id="exit" target="map_screen.enter" />
        </node>

        <node id="show_lapRace_leaderboard" state="show_lapRace_leaderboard">
            <Entry id="enter" />
            <Exit id="exit" target="map_screen.enter" />
        </node>

        <node id="unload_map_exit" state="unload_map_to_empty_scene">
          <Entry id="enter" />
          <Exit id="exit" target=".exit" />
        </node>

        <node id="unload_map_to_game" state="unload_map_to_empty_scene">
          <Entry id="enter" />
          <Exit id="exit" target=".exit_to_game" />
        </node>

        <node id="unload_map_then_fast_travel" state="unload_map_then_fast_travel">
          <Entry id="enter" />
          <Exit id="exit" target=".exit_to_game" />
        </node>

    </State>


</StateGroup>
>


</StateGroup>
>


</StateGroup>
>


</StateGroup>
