<StateGroup id="photoshoots" >

  <State id="mission_intro">
    <Entry id="enter" target="mute_car_audio.enter"/>
    <Exit id="exit"/>

    <Behaviour id="CGameControlWrapper" />

    <Node id="mute_car_audio" state="Audio.mute_car_audio">
      <Entry id="enter"  />
      <Exit id="exit" target="disable_rumble.enter" />
    </Node>
	
	<Node id="disable_rumble" state="global.disable_rumble_and_forcefeedback" >
		<Entry id="enter" />
		<Exit id="exit" target="show_loading_screen.enter" />
	</Node>

    <Node id="show_loading_screen" state="global.show_loading_screen" >
      <Entry id="enter" />
      <Exit id="exit" target="set_audio_loading.enter" />
    </Node>
	
    <Node id="set_audio_loading" state="Audio.loading">
        <Entry id="enter" />
        <Exit id="exit" target="set_timeofday.enter" />
    </Node>		

    <Node id="set_timeofday" state="set_time_of_day" >
      <Entry id="enter" />
      <Exit id="exit" target="load_mission_route.enter" />
    </Node>

    <Node id="load_mission_route" state="load_mission_route" >
      <Entry id="enter" />
      <Exit id="exit" target="set_spawn_location_to_start.enter" />
    </Node>

    <Node id="set_spawn_location_to_start" state="set_spawn_location_to_start" >
      <Entry id="enter" />
      <Exit id="exit" target="disable_traffic.enter" />
    </Node>

    <Node id="disable_traffic" state="global.disable_traffic_spawning">
	  <Entry id="enter" />
	  <Exit id="exit" target="disable_festival_traffic.enter" />
	</Node>
	
	<Node id="disable_festival_traffic" state="global.disable_festival_traffic_spawning">
	  <Entry id="enter" />
	  <Exit id="exit" target="remove_all_other_cars.enter" />
	</Node>
	
	<Node id="remove_all_other_cars" state="global.wait_for_traffic_cars_to_be_removed">
	  <Entry id="enter" />
	  <Exit id="exit" target="store_car_position.enter" />
	</Node>

    <Node id="store_car_position" state="global.store_car_position" >
      <Entry id="enter" />
      <Exit id="exit" target="set_car_to_mission_car.enter" />
    </Node>

    <Node id="set_car_to_mission_car" state="set_car_to_mission_car" >
      <Entry id="enter" />
      <Exit id="exit" target="load_mission_car.enter" />
    </Node>

    <Node id="load_mission_car" state="global.load_player_choices_car" >
      <Entry id="enter" />
      <Exit id="exit" target="set_player_position.enter" />
    </Node>

    <Node id="set_player_position" state="spawn_car" >
      <Entry id="enter" />
      <Exit id="exit" target="wait_for_streaming.enter" />
    </Node>

    <Node id="wait_for_streaming" state="global.wait_for_streaming" >
      <Entry id="enter" />
      <Exit id="exit" target="snap_all_cars_to_road.enter" />
    </Node>	
	
	<Node id="snap_all_cars_to_road" state="global.snap_all_cars_to_road" >
      <Entry id="enter" />
      <Exit id="exit" target="disable_car_control.enter" />
    </Node>

    <Node id="disable_car_control" state="global.disable_car_control" >
      <Entry id="enter" />
      <Exit id="exit" target="enable_parking_brake.enter" />
    </Node>

    <Node id="enable_parking_brake" state="global.enable_car_parking_brake">
      <Entry id="enter" />
      <Exit id="exit" target="prepare_intro_cutscene.enter" />
    </Node>

    <Node id="prepare_intro_cutscene" state="prepare_intro_cutscene" >
      <Entry id="enter" />
      <Exit id="exit" target="disable_fast_travel.enter" />
    </Node>

    <Node id="disable_fast_travel" state="global.disable_fast_travel">
      <Entry id="enter" />
      <Exit id="exit" target="hide_greenline.enter"/>
    </Node>
	
	<Node id="hide_greenline" state="global.disable_racing_line">
	  <Entry id="enter" />
	  <Exit id="exit" target="black_out.enter" />
	</Node>

    <Node id="black_out" state="global.black_out" >
      <Entry id="enter" />
      <Exit id="exit" target="show_empty_screen.enter" />
    </Node>

    <Node id="show_empty_screen" state="global.show_empty_screen_with_hud_resource">
      <Entry id="enter" />
      <Exit id="exit" target="audio_exterior_prerace.enter" />
    </Node>

    <Node id="audio_exterior_prerace" state="Audio.exterior_prerace">
      <Entry id="enter"  />
      <Exit id="exit" target="play_speech.enter" />
    </Node>		
	
    <Node id="play_speech" state="play_speech">
      <Entry id="enter"  />
      <Exit id="exit" target="play_cutscene.enter" />
    </Node>		

    <Node id="play_cutscene" state="global.play_current_camera_sequence_and_wait" >
      <Entry id="enter" />
      <Exit id="exit" target="reset_traffic.enter" />
    </Node>
	
	<Node id="reset_traffic" state="global.reset_traffic_cars">
		<Entry id="enter" />
		<Exit id="exit" target="enable_and_spawn_traffic.enter" />
	</Node>
	
	<Node id="enable_and_spawn_traffic" state="global.enable_traffic_spawning_with_initial_spawn">
	  <Entry id="enter" />
	  <Exit id="exit" target="enable_festival_traffic.enter" />
	</Node>
	
	<Node id="enable_festival_traffic" state="global.enable_festival_traffic_spawning">
	  <Entry id="enter" />
	  <Exit id="exit" target="show_hud_screen.enter" />
	</Node>

    <Node id="show_hud_screen" state="global.show_hud_screen">
      <Entry id="enter" />
      <Exit id="exit" target="enable_car_control.enter" />
    </Node>

    <Node id="enable_car_control" state="global.enable_car_control" >
      <Entry id="enter" />
      <Exit id="exit" target="reset_mulligan.enter" />
    </Node>

    <Node id="reset_mulligan" state="global.reset_mulligan" >
      <Entry id="enter" />
      <Exit id="exit" target="disable_parking_brake.enter" />
    </Node>

    <Node id="disable_parking_brake" state="global.disable_car_parking_brake">
      <Entry id="enter" />
      <Exit id="exit" target="enable_rumble.enter" />
    </Node>
	
	<Node id="enable_rumble" state="global.enable_rumble_and_forcefeedback" >
		<Entry id="enter" />
		<Exit id="exit" target="unblock_pause_entry.enter" />
	</Node>

    <Node id="unblock_pause_entry" state="global.unblock_pause_entry" >
      <Entry id="enter" />
      <Exit id="exit" target="enable_satnav_audio.enter" />
    </Node>

    <Node id="enable_satnav_audio" state="Audio.enable_satnav_audio" >
      <Entry id="enter" />
      <Exit id="exit" target="apply_mixer_snapshot_freeroam.enter" />
    </Node>
    <Node id="apply_mixer_snapshot_freeroam" state="Audio.apply_mixer_snapshot_freeroam" >
        <Entry id="enter" />
        <Exit id="exit" target="show_greenline.enter" />
    </Node>
	
	<Node id="show_greenline" state="global.enable_racing_line">
	  <Entry id="enter" />
	  <Exit id="exit" target="reset_camera.enter" />
	</Node>

    <Node id="reset_camera" state="global.reset_camera_to_player" >
      <Entry id="enter" />
      <Exit id="exit" target="start_mission.enter" />
    </Node>

    <Node id="start_mission" state="global.start_mission">
      <Entry id="enter" />
      <Exit id="exit" target="lock_satnav_destination.enter" />
    </Node>

    <Node id="lock_satnav_destination" state="global.lock_satnav_destination">
      <Entry id="enter" />
      <Exit id="exit" target=".exit" />
    </Node>
  </State>

  <State id="mission_success">
    <Entry id="enter" target="hide_racing_line.enter" />
    <Exit id="exit"/>

    <Node id="hide_racing_line" state="global.disable_racing_line">
      <Entry id="enter" />
      <Exit id="exit" target="disable_rumble.enter" />
    </Node>
	
	<Node id="disable_rumble" state="global.disable_rumble_and_forcefeedback" >
		<Entry id="enter" />
		<Exit id="exit" target="apply_mixer_snapshot_uiexterior.enter" />
	</Node>

<!--     <Node id="show_empty_screen" state="global.show_empty_screen" > -->
<!--       <Entry id="enter" /> -->
<!--       <Exit id="exit" target="apply_mixer_snapshot_uiexterior.enter" /> -->
<!--     </Node> -->

 	<Node id="apply_mixer_snapshot_uiexterior" state="Audio.apply_mixer_snapshot_ui_exterior" >
	  <Entry id="enter" />
	  <Exit id="exit" target="disable_satnav_audio.enter" />
	</Node>

   <Node id="disable_satnav_audio" state="Audio.disable_satnav_audio" >
      <Entry id="enter" />
      <Exit id="exit" target="disable_car_control.enter" />
    </Node>

    <Node id="disable_car_control" state="global.disable_car_control" >
      <Entry id="enter" />
      <Exit id="exit" target="enable_parking_brake.enter" />
    </Node>

    <Node id="enable_parking_brake" state="global.enable_car_parking_brake">
      <Entry id="enter" />
      <Exit id="exit" target="prepare_end_cutscene.enter" />
    </Node>

    <Node id="prepare_end_cutscene" state="prepare_end_cutscene" >
      <Entry id="enter" />
      <Exit id="exit" target="wait_for_streaming.enter" />
    </Node>

    <Node id="wait_for_streaming" state="global.wait_for_streaming" >
      <Entry id="enter" />
      <Exit id="exit" target="play_cutscene.enter" />
    </Node>
	  
    <Node id="play_cutscene" state="global.fade_in_and_play_cutscene" >
      <Entry id="enter" />
      <Exit id="exit" target="finish_mission.enter" />
    </Node>
	
	<Node id="finish_mission" state="global.finish_mission" >
      <Entry id="enter" />
      <Exit id="exit" target="show_mission_success.enter" />
    </Node>
	
	<Node id="show_mission_success" state="post_mission_success">
      <Entry id="enter" />
      <Exit id="onContinue" target="release_compressed_heap.enter" />
    </Node>

    <Node id="release_compressed_heap" state="global.disable_compressed_heap">
      <Entry id="enter" />
      <Exit id="exit" target="show_mission_fast_travel.enter" />
    </Node>

    <Node id="show_mission_fast_travel" state="post_mission_fast_travel">
      <Entry id="enter" />
      <Exit id="onContinue" target=".exit" />
    </Node>
  </State>

  <State id="mission_fail">
    <Entry id="enter" target="hide_racing_line.enter" />
    <Exit id="exitRetry" />
    <Exit id="exitQuit" />

    <Node id="hide_racing_line" state="global.disable_racing_line">
      <Entry id="enter" />
      <Exit id="exit" target="disable_rumble.enter" />
    </Node>
	
	<Node id="disable_rumble" state="global.disable_rumble_and_forcefeedback" >
		<Entry id="enter" />
		<Exit id="exit" target="show_empty_screen.enter" />
	</Node>

    <Node id="show_empty_screen" state="global.show_empty_screen" >
      <Entry id="enter" />
      <Exit id="exit" target="disable_satnav_audio.enter" />
    </Node>

    <Node id="disable_satnav_audio" state="Audio.disable_satnav_audio" >
      <Entry id="enter" />
      <Exit id="exit" target="disable_car_control.enter" />
    </Node>

    <Node id="disable_car_control" state="global.disable_car_control" >
      <Entry id="enter" />
      <Exit id="exit" target="enable_parking_brake.enter" />
    </Node>

    <Node id="enable_parking_brake" state="global.enable_car_parking_brake">
      <Entry id="enter" />
      <Exit id="exit" target="prepare_fail_cutscene.enter" />
    </Node>

    <Node id="prepare_fail_cutscene" state="prepare_fail_cutscene" >
      <Entry id="enter" />
      <Exit id="exit" target="play_fail_cutscene.enter" />
    </Node>

    <Node id="play_fail_cutscene" state="global.play_current_camera_sequence" >
      <Entry id="enter" />
      <Exit id="exit" target="show_mission_fail.enter" />
    </Node>

    <Node id="show_mission_fail" state="post_mission_fail">
      <Entry id="enter" />
      <Exit id="onRetry" target=".exitRetry" />
      <Exit id="onQuit" target=".exitQuit" />
    </Node>
  </State>

  <State id="mission_quit">
    <Entry id="enter" target="show_empty_screen.enter" />
    <Exit id="exit"/>
	
	<Node id="show_empty_screen" state="global.show_empty_screen" >
        <Entry id="enter" />
        <Exit id="exit" target="black_out.enter" />
    </Node>
    
    <Node id="black_out" state="global.black_out" >
        <Entry id="enter" />
        <Exit id="exit" target="disable_rumble.enter" />
    </Node>
    
    <Node id="disable_rumble" state="global.disable_rumble_and_forcefeedback" >
        <Entry id="enter" />
        <Exit id="exit" target="stop_cutscene.enter" />
    </Node>
	
	<Node id="stop_cutscene" state="global.stop_cutscene">
	  <Entry id="enter" />
	  <Exit id="exit" target=".exit" />
	</Node>
  </State>

  <State id="mission_restart">
    <Entry id="enter" target="mute_car_audio.enter"/>
    <Exit id="exit"/>

    <Behaviour id="CSetGameSpeed">
      <Attribute id="speed" value="1.0" />
      <Attribute id="ease_out" value="false" />
    </Behaviour>

    <Node id="mute_car_audio" state="Audio.mute_car_audio">
      <Entry id="enter"  />
      <Exit id="exit" target="cutscene_music_trigger_disable.enter" />
    </Node>

	<Node id="cutscene_music_trigger_disable" state="missions.cutscene_music_trigger_disable">
	  <Entry id="enter"  />
	  <Exit id="exit" target="show_empty_screen.enter" />
	</Node>	
    
    <Node id="show_empty_screen" state="global.show_empty_screen" >
        <Entry id="enter" />
        <Exit id="exit" target="black_out.enter" />
    </Node>
    
    <Node id="black_out" state="global.black_out" >
        <Entry id="enter" />
        <Exit id="exit" target="disable_rumble.enter" />
    </Node>		
	
	<Node id="disable_rumble" state="global.disable_rumble_and_forcefeedback" >
		<Entry id="enter" />
		<Exit id="exit" target="set_audio_loading.enter" />
	</Node>
	
    <Node id="set_audio_loading" state="Audio.loading">
        <Entry id="enter" />
        <Exit id="exit" target="show_loading_screen.enter" />
    </Node>			

    <Node id="show_loading_screen" state="global.show_loading_screen" >
      <Entry id="enter" />
      <Exit id="exit" target="bank_skills.enter" />
    </Node>

    <Node id="bank_skills" state="global.reset_hud_interface_and_bank_skills">
      <Entry id="enter" />
      <Exit id="exit" target="disable_traffic.enter" />
    </Node>
	
	<Node id="disable_traffic" state="global.disable_traffic_spawning">
	  <Entry id="enter" />
	  <Exit id="exit" target="disable_festival_traffic.enter" />
	</Node>
	
	<Node id="disable_festival_traffic" state="global.disable_festival_traffic_spawning">
	  <Entry id="enter" />
	  <Exit id="exit" target="remove_all_other_cars.enter" />
	</Node>
	
	<Node id="remove_all_other_cars" state="global.wait_for_traffic_cars_to_be_removed">
	  <Entry id="enter" />
	  <Exit id="exit" target="disable_car_control.enter" />
	</Node>

    <Node id="disable_car_control" state="global.disable_car_control" >
      <Entry id="enter" />
      <Exit id="exit" target="enable_parking_brake.enter" />
    </Node>

    <Node id="enable_parking_brake" state="global.enable_car_parking_brake">
      <Entry id="enter" />
      <Exit id="exit" target="set_player_position.enter" />
    </Node>

    <Node id="set_player_position" state="spawn_car" >
      <Entry id="enter" />
      <Exit id="exit" target="wait_for_streaming.enter" />
    </Node>

    <Node id="wait_for_streaming" state="global.wait_for_streaming" >
      <Entry id="enter" />
      <Exit id="exit" target="snap_all_cars_to_road.enter" />
    </Node>
	
	<Node id="snap_all_cars_to_road" state="global.snap_all_cars_to_road" >
	  <Entry id="enter" />
	  <Exit id="exit" target="reset_car_damage.enter" />
	</Node>

    <Node id="reset_car_damage" state="global.reset_car_damage" >
      <Entry id="enter" />
      <Exit id="exit" target="prepare_intro_cutscene.enter" />
    </Node>

    <Node id="prepare_intro_cutscene" state="prepare_intro_cutscene" >
      <Entry id="enter" />
      <Exit id="exit" target="unmute_car_audio.enter" />
    </Node>

    <Node id="unmute_car_audio" state="Audio.unmute_car_audio">
      <Entry id="enter"  />
      <Exit id="exit" target="hide_greenline.enter" />
    </Node>
	
	<Node id="hide_greenline" state="global.disable_racing_line">
	  <Entry id="enter" />
	  <Exit id="exit" target="black_out2.enter" />
	</Node>
	
	<Node id="black_out2" state="global.black_out" >
      <Entry id="enter" />
      <Exit id="exit" target="show_empty_screen2.enter" />
    </Node>

    <Node id="show_empty_screen2" state="global.show_empty_screen_with_hud_resource">
      <Entry id="enter" />
      <Exit id="exit" target="audio_exterior_prerace.enter" />
    </Node>

    <Node id="audio_exterior_prerace" state="Audio.exterior_prerace">
      <Entry id="enter"  />
      <Exit id="exit" target="play_cutscene.enter" />
    </Node>			
	
    <Node id="play_cutscene" state="global.play_current_camera_sequence_and_wait" >
      <Entry id="enter" />
      <Exit id="exit" target="cutscene_music_trigger_enable.enter" />
    </Node>
	
	<Node id="cutscene_music_trigger_enable" state="missions.cutscene_music_trigger_enable">
	  <Entry id="enter"  />
	  <Exit id="exit" target="reset_traffic.enter" />
	</Node>	
		
	<Node id="reset_traffic" state="global.reset_traffic_cars">
		<Entry id="enter" />
		<Exit id="exit" target="enable_and_spawn_traffic.enter" />
	</Node>
	
	<Node id="enable_and_spawn_traffic" state="global.enable_traffic_spawning_with_initial_spawn">
	  <Entry id="enter" />
	  <Exit id="exit" target="enable_festival_traffic.enter" />
	</Node>
	
	<Node id="enable_festival_traffic" state="global.enable_festival_traffic_spawning">
	  <Entry id="enter" />
	  <Exit id="exit" target="show_hud_screen.enter" />
	</Node>

    <Node id="show_hud_screen" state="global.show_hud_screen">
      <Entry id="enter" />
      <Exit id="exit" target="enable_car_control.enter" />
    </Node>

    <Node id="enable_car_control" state="global.enable_car_control" >
      <Entry id="enter" />
      <Exit id="exit" target="reset_mulligan.enter" />
    </Node>

    <Node id="reset_mulligan" state="global.reset_mulligan" >
      <Entry id="enter" />
      <Exit id="exit" target="disable_parking_brake.enter" />
    </Node>

    <Node id="disable_parking_brake" state="global.disable_car_parking_brake">
      <Entry id="enter" />
      <Exit id="exit" target="enable_rumble.enter" />
    </Node>
	
	<Node id="enable_rumble" state="global.enable_rumble_and_forcefeedback" >
		<Entry id="enter" />
		<Exit id="exit" target="unblock_pause_entry.enter" />
	</Node>

    <Node id="unblock_pause_entry" state="global.unblock_pause_entry" >
      <Entry id="enter" />
      <Exit id="exit" target="enable_satnav_audio.enter" />
    </Node>

    <Node id="enable_satnav_audio" state="Audio.enable_satnav_audio" >
      <Entry id="enter" />
      <Exit id="exit" target="apply_mixer_snapshot_freeroam.enter" />
    </Node>
    <Node id="apply_mixer_snapshot_freeroam" state="Audio.apply_mixer_snapshot_freeroam" >
        <Entry id="enter" />
        <Exit id="exit" target="show_racing_line.enter" />
    </Node>	

    <Node id="show_racing_line" state="global.enable_racing_line">
      <Entry id="enter" />
      <Exit id="exit" target="disable_ai_player_car_control.enter" />
    </Node>

    <Node id="disable_ai_player_car_control" state="global.disable_ai_player_car_control" >
      <Entry id="enter" />
      <Exit id="exit" target="reset_camera.enter" />
    </Node>

    <Node id="reset_camera" state="global.reset_camera_to_player" >
      <Entry id="enter" />
      <Exit id="exit" target="unlock_satnav_destination.enter" />
    </Node>

    <Node id="unlock_satnav_destination" state="global.unlock_satnav_destination">
      <Entry id="enter" />
      <Exit id="exit" target="start_mission.enter" />
    </Node>

    <Node id="start_mission" state="global.start_mission">
      <Entry id="enter" />
      <Exit id="exit" target="lock_satnav_destination.enter" />
    </Node>

    <Node id="lock_satnav_destination" state="global.lock_satnav_destination">
      <Entry id="enter" />
      <Exit id="exit" target=".exit" />
    </Node>
  </State>

  <State id="wait_for_mission">
    <Entry id="enter" />
    <Exit id="onResults" />
    <Exit id="onQuit" />
    <Exit id="onRestart" />
    <Behaviour id="CWaitForMissionComplete">
      <Transition id="onResults" target=".onResults"/>
      <Transition id="onQuit" target=".onQuit"/>
      <Transition id="onRestart" target=".onRestart"/>
    </Behaviour>
  </State>

  <State id="photo_mode" >
    <Entry id="enter" />
    <Exit id="exitSuccess" />
	<Exit id="exitQuit" />
	<Behaviour id="CSetFreeCamPlayerControlsWrapper" />
    <Behaviour id="CShowPhotoModeMission" >
      <Attribute id="resource_package" value="EmptyScene" />
	  <Transition id="onSuccess" target=".exitSuccess" />
	  <Transition id="onDone" target=".exitQuit" />
	</Behaviour>
    <Behaviour id="CParentTransition">
      <Transition id="onParent" target=".exitQuit" />
    </Behaviour>
  </State>

  <State id="photo_mode_enter">
    <Entry id="enter" target="show_empty_screen_for_fade.enter" />
    <Exit id="exit" />

    <Behaviour id="CGameControlWrapper" />

    <Node id="show_empty_screen_for_fade" state="global.show_empty_screen" >
      <Entry id="enter" />
      <Exit id="exit" target="disable_rumble.enter" />
    </Node>
	
	<Node id="disable_rumble" state="global.disable_rumble_and_forcefeedback" >
		<Entry id="enter" />
		<Exit id="exit" target="disable_car_control.enter" />
	</Node>
	
	<Node id="disable_car_control" state="global.disable_car_control" >
      <Entry id="enter" />
      <Exit id="exit" target="show_loading_screen.enter" />
    </Node>

    <Node id="show_loading_screen" state="global.show_loading_screen" >
      <Entry id="enter" />
      <Exit id="exit" target="set_audio_loading.enter" />
    </Node>
	
    <Node id="set_audio_loading" state="Audio.loading">
        <Entry id="enter" />
        <Exit id="exit" target="disable_racing_line.enter" />
    </Node>			

    <Node id="disable_racing_line" state="global.disable_racing_line">
      <Entry id="enter"  />
      <Exit id="exit" target="fade_back.enter" />
    </Node>
      
    <Node id="fade_back" state="fade_back" >
      <Entry id="enter" />
      <Exit id="exit" target="bank_skills.enter" />
    </Node>

    <Node id="bank_skills" state="global.reset_hud_interface_and_bank_skills">
      <Entry id="enter" />
      <Exit id="exit" target="wait_for_streaming.enter" />
    </Node>

    <Node id="wait_for_streaming" state="global.wait_for_streaming" >
      <Entry id="enter" />
      <Exit id="exit" target="pause_game.enter" />
    </Node>

    <Node id="pause_game" state="global.pause_game">
      <Entry id="enter" />
      <Exit id="exit" target="set_audio_on.enter" />
    </Node>

    <Node id="set_audio_on" state="Audio.exterior_freeroam">
        <Entry id="enter" />
        <Exit id="exit" target="enable_compressed_heap.enter" />
    </Node>			

    <Node id="enable_compressed_heap" state="global.enable_compressed_heap" >
      <Entry id="enter"  />
      <Exit id="exit" target="prepare_photo_mode.enter" />
    </Node>

    <Node id="prepare_photo_mode" state="global.prepare_photo_mode" >
      <Entry id="enter"  />
      <Exit id="exit" target="photo_mode.enter" />
    </Node>

    <Node id="photo_mode" state="photo_mode">
      <Entry id="enter" />
	  <Exit id="exitSuccess" target="fade_out.enter" /> <!-- Don't bother to turn on the racing line etc, as we'll transition to the success screen elsewhere in the flow -->
	  <Exit id="exitQuit" target="show_hud_screen.enter" />
	</Node>

    <Node id="show_hud_screen" state="global.show_hud_screen" >
      <Entry id="enter" />
      <Exit id="exit" target="fade_in.enter" />
    </Node>

    <Node id="fade_in" state="fade_back" >
      <Entry id="enter" />
      <Exit id="exit" target="enable_car_control.enter" />
    </Node>

	<Node id="enable_car_control" state="global.enable_car_control" >
      <Entry id="enter" />
      <Exit id="exit" target="enable_racing_line.enter" />
    </Node>

    <Node id="enable_racing_line" state="global.enable_racing_line">
      <Entry id="enter"  />
      <Exit id="exit" target="set_camera_to_player.enter" />
    </Node>
      
    <Node id="set_camera_to_player" state="global.reset_camera_to_player" >
      <Entry id="enter" />
      <Exit id="exit" target="release_compressed_heap.enter" />
    </Node>

    <Node id="release_compressed_heap" state="global.disable_compressed_heap">
      <Entry id="enter" />
      <Exit id="exit" target="unpause_game.enter" />
    </Node>

    <Node id="unpause_game" state="global.unpause_game">
      <Entry id="enter" />
      <Exit id="exit" target=".exit" />
    </Node>

    <Node id="fade_out" state="global.black_out">
      <Entry id="enter" />
      <Exit id="exit" target="enable_parking_brake.enter" />
    </Node>

    <Node id="enable_parking_brake" state="global.enable_car_parking_brake">
      <Entry id="enter" />
      <Exit id="exit" target=".exit" />
    </Node>

  </State>

  <State id="photo_mode_finish">
    <Entry id="enter" target=".exit" />
    <Exit id="exit" />
  </State>

  <State id="wait_for_photo_shoot">
    <Entry id="enter" />
    <Exit id="photo_mode" />
    <Exit id="finished" />

    <Behaviour id="CWaitForPhotoShoot">
      <Transition id="onEnterPhotoMode" target=".photo_mode"/>
      <Transition id="onFinished" target=".finished"/>
    </Behaviour>
  </State>

  <State id="wait_for_photo_complete">
    <Entry id="enter" target="wait_for_photo_shoot.enter"/>
    <Exit id="exit" />

    <Node id="wait_for_photo_shoot" state="wait_for_photo_shoot">
      <Entry id="enter" />
      <Exit id="photo_mode" target="photo_mode_enter.enter" />
      <Exit id="finished" target="photo_mode_finish.enter" />
    </Node>

    <Node id="photo_mode_enter" state="photo_mode_enter" >
      <Entry id="enter" />
      <Exit id="exit" target=".exit" />
    </Node>

    <Node id="photo_mode_finish" state="photo_mode_finish" >
      <Entry id="enter" />
      <Exit id="exit" target=".exit" />
    </Node>
  </State>

  <State id="post_mission_success">
    <Entry id="enter" />
    <Exit id="onContinue" />
    <Behaviour id="CShowMissionSuccess">
      <Transition id="onContinue" target=".onContinue"/>
    </Behaviour>
  </State>

  <State id="post_mission_fast_travel">
    <Entry id="enter" />
    <Exit id="onContinue" />
    <Behaviour id="CShowMissionFastTravel">
      <Transition id="onContinue" target=".onContinue"/>
    </Behaviour>
  </State>

  <State id="post_mission_fail">
    <Entry id="enter" />
    <Exit id="onRetry" />
    <Exit id="onQuit" />
    <Behaviour id="CShowMissionFail">
      <Transition id="onRetry" target=".onRetry"/>
      <Transition id="onQuit" target=".onQuit"/>
    </Behaviour>
  </State>



  <State id="root">
    <Entry id="enter" target="mission_intro.enter"/>
    <Exit id="exit" />

    <Node id="mission_intro" state="mission_intro" >
      <Entry id="enter" />
      <Exit id="exit" target="wait_for_photo_complete.enter" />
    </Node>

    <Node id="wait_for_photo_complete" state="wait_for_photo_complete" >
      <Entry id="enter" />
      <Exit id="exit" target="wait_for_mission_complete.enter" />
    </Node>

    <Node id="wait_for_mission_complete" state="wait_for_mission" >
      <Entry id="enter" />
      <Exit id="onResults" target="post_mission_flow.enterSuccess" />
      <Exit id="onQuit" target="post_mission_flow.enterQuit" />
      <Exit id="onRestart" target="post_mission_flow.enterRestart" />
    </Node>

    <Node id="post_mission_flow" state="post_mission_flow" >
      <Entry id="enterSuccess" />
      <Entry id="enterFail" />
      <Entry id="enterQuit" />
      <Entry id="enterRestart" />
      <Exit id="exit" target=".exit" />
      <Exit id="exitRestart" target="wait_for_photo_complete.enter" />
    </Node>

  </State>

  <State id="post_mission_flow">
    <Entry id="enterSuccess" target="mission_success.enter" />
    <Entry id="enterFail" target="mission_fail.enter" />
    <Entry id="enterQuit" target="mission_quit.enter" />
    <Entry id="enterRestart" target="mission_restart.enter" />
    <Exit id="exit" />
    <Exit id="exitRestart" />

    <Behaviour id="CGameControlWrapper" />

    <Node id="mission_success" state="mission_success" >
      <Entry id="enter" />
      <Exit id="exit" target="mission_outro.enter_success" />
    </Node>

    <Node id="mission_fail" state="mission_fail" >
      <Entry id="enter" />
      <Exit id="exitRetry" target="mission_restart.enter" />
      <Exit id="exitQuit" target="mission_quit.enter" />
    </Node>

    <Node id="mission_quit" state="mission_quit" >
      <Entry id="enter" />
      <Exit id="exit" target="mission_outro.enter_failure" />
    </Node>

    <Node id="mission_restart" state="mission_restart" >
      <Entry id="enter" />
      <Exit id="exit" target=".exitRestart" />
    </Node>

    <Node id="mission_outro" state="missions.mission_outro" >
      <Entry id="enter_success" />
      <Entry id="enter_failure" />
      <Exit id="exit" target=".exit" />
    </Node>
  </State>

  <State id="fade_back" >
    <Entry id="enter" />
    <Exit id="exit" />
    <Behaviour id="CFadeIn" fade_in="true">
      <Transition id="onReady" target=".exit" />
      <FadeOptions Duration="0.000000" HoldDuration="0.000000" CurveType="S" Color.x="0.000000" Color.y="0.000000" Color.z="0.000000" Color.w="0.000000"/>
    </Behaviour>
  </State>

  <State id="load_mission_route" >
    <Entry id="enter" target=".exit" />
    <Exit id="exit"/>
    <Behaviour id="CLoadRoute">
      <Attribute id="route_id" value="-1" />
    </Behaviour>
  </State>

  <State id="set_time_of_day" >
    <Entry id="enter" target=".exit" />
    <Exit id="exit"/>
    <Behaviour id="CLockTimeOfDay">
      <Attribute id="locked" value="true" />
    </Behaviour>
  </State>

  <State id="play_speech" >
    <Entry id="enter" target=".exit" />
    <Exit id="exit" />
    <Behaviour id="CTriggerVO" trigger="PhotoMissionIntro1" wait="false"/>
  </State>

  <!-- Placeholder cutscene -->
  <State id="prepare_intro_cutscene" >
    <Entry id="enter" target=".exit" />
    <Exit id="exit"/>
    <Behaviour id="CPrepareCutscene" cutscene="mission_intro_PRHUB_PLNS_001" race_specific="false" />
  </State>

  <State id="prepare_photo_outro" >
    <Entry id="enter" target=".exit" />
    <Exit id="exit"/>
    <Behaviour id="CPrepareCutscene" cutscene="fasttravel_cam" race_specific="false" />
  </State>

  <State id="prepare_end_cutscene" >
    <Entry id="enter" target=".exit" />
    <Exit id="exit"/>
    <Behaviour id="CPrepareCutscene" cutscene="RandomEncounter_Intro" race_specific="false" />
  </State>

  <State id="prepare_fail_cutscene" >
    <Entry id="enter" target=".exit" />
    <Exit id="exit"/>
    <Behaviour id="CPrepareCutscene" cutscene="Cockpit_Cam_Steady_Activate" race_specific="false" />
  </State>

  <State id="set_car_to_mission_car" >
    <Entry id="enter" target=".exit" />
    <Exit id="exit" />
    <Behaviour id="CSetCarToMissionCar" />
  </State>

  <!-- States to handle the spawn point changing for each section of the mission -->
  <State id="set_spawn_location_to_start" >
    <Entry id="enter" target=".exit" />
    <Exit id="exit" />
    <Behaviour id="CSetMissionSpawnLocation">
      <Attribute id="spawn_location" value="mission_start_01" />
    </Behaviour>
  </State>

  <!-- Spawn the car in the current spawn point for this mission -->
  <State id="spawn_car" >
    <Entry id="enter" target=".exit" />
    <Exit id="exit" />
    <Behaviour id="CPlaceCarForMission"/>
  </State>

</StateGroup>
te>

</StateGroup>
te>

</StateGroup>
te>

</StateGroup>
