<!-- All common missions functionality is intend to be here -->

<!-- pgDiego: As a first step, I have moved all the common mission outro states in here, but it seems there is much more we should refactor and move in here -->

<StateGroup id="missions" >

	<State id="game_type_decision">
		<Entry id="enter" />
		<Exit id="challenge" />
		<Exit id="coop_challenge" />
		<Behaviour id="CGameTypeDecision">
			<Transition id="single_player_free_roam" target=".challenge" />
			<Transition id="multi_player_free_roam" target=".coop_challenge" />
			<Transition id="multi_player_race" target=".coop_challenge" />
			<Transition id="single_player_career_race" target=".challenge" />
			<Transition id="time_trial_race" target=".challenge" />
			<Transition id="e3_demo" target=".challenge" />
			<Transition id="watch_replay" target=".challenge" />
			<Transition id="rally_free_roam" target=".challenge" />
			<Transition id="rally_race" target=".challenge" />
			<Transition id="unknown" target=".challenge" />
		</Behaviour>
	</State>

	<State id="wait_for_players">
		<Entry id="enter"/>
		<Exit id="exit"/>
		<Behaviour id="WaitForNetChallengePlayers">
            <Transition id="onReady" target=".exit"/>
        </Behaviour>
        <Behaviour id="CWaitForTime" time="45.0" >
            <Transition id="onReady" target=".exit" />
        </Behaviour>
        <Behaviour id="CParentTransition">
            <Transition id="onParent" target=".exit" />
        </Behaviour>
	</State>

	<State id="wait_for_start">
		<Entry id="enter"/>
		<Exit id="exit"/>
		<Behaviour id="WaitForNetChallengeStart">
            <Transition id="onReady" target=".exit"/>
        </Behaviour>
        <Behaviour id="CWaitForTime" time="45.0" >
            <Transition id="onReady" target=".exit" />
        </Behaviour>
        <Behaviour id="CParentTransition">
            <Transition id="onParent" target=".exit" />
        </Behaviour>
	</State>

	<State id="kick_players">
		<Entry id="enter" target=".exit" />
		<Exit id="exit"/>
		<Behaviour id="KickNetChallengePlayers" />
	</State>

  <State id="mission_intro">
    <Entry id="enter" target="mute_car_audio.enter"/>
    <Exit id="exit"/>

    <Behaviour id="CGameControlWrapper" />

    <Node id="mute_car_audio" state="Audio.mute_car_audio">
      <Entry id="enter"  />
      <Exit id="exit" target="disable_rumble.enter" />
    </Node>

	<Node id="disable_rumble" state="global.disable_rumble_and_forcefeedback" >
		<Entry id="enter" />
		<Exit id="exit" target="show_loading_screen.enter" />
	</Node>

    <Node id="show_loading_screen" state="global.show_loading_screen" >
      <Entry id="enter" />
      <Exit id="exit" target="set_audio_loading.enter" />
    </Node>

    <Node id="set_audio_loading" state="Audio.loading">
        <Entry id="enter" />
        <Exit id="exit" target="set_timeofday.enter" />
    </Node>

    <Node id="set_timeofday" state="set_time_of_day" >
      <Entry id="enter" />
      <Exit id="exit" target="load_mission_route.enter" />
    </Node>

    <Node id="load_mission_route" state="load_mission_route" >
      <Entry id="enter" />
      <Exit id="exit" target="set_spawn_location_to_start.enter" />
    </Node>

    <Node id="set_spawn_location_to_start" state="set_spawn_location_to_start" >
      <Entry id="enter" />
      <Exit id="exit" target="disable_traffic.enter" />
    </Node>

    <Node id="disable_traffic" state="global.disable_traffic_spawning">
	  <Entry id="enter" />
	  <Exit id="exit" target="disable_festival_traffic.enter" />
	</Node>

	<Node id="disable_festival_traffic" state="global.disable_festival_traffic_spawning">
	  <Entry id="enter" />
	  <Exit id="exit" target="remove_all_other_cars.enter" />
	</Node>

	<Node id="remove_all_other_cars" state="global.wait_for_traffic_cars_to_be_removed">
	  <Entry id="enter" />
	  <Exit id="exit" target="store_car_position.enter" />
	</Node>

    <Node id="store_car_position" state="global.store_car_position" >
      <Entry id="enter" />
      <Exit id="exit" target="set_car_to_mission_car.enter" />
    </Node>

    <Node id="set_car_to_mission_car" state="set_car_to_mission_car" >
      <Entry id="enter" />
      <Exit id="exit" target="load_mission_car.enter" />
    </Node>

    <Node id="load_mission_car" state="global.load_player_choices_car" >
      <Entry id="enter" />
      <Exit id="exit" target="set_player_position.enter" />
    </Node>

    <Node id="set_player_position" state="spawn_car" >
      <Entry id="enter" />
      <Exit id="exit" target="wait_for_streaming.enter" />
    </Node>

    <Node id="wait_for_streaming" state="global.wait_for_streaming" >
      <Entry id="enter" />
      <Exit id="exit" target="snap_all_cars_to_road.enter" />
    </Node>

	<Node id="snap_all_cars_to_road" state="global.snap_all_cars_to_road" >
      <Entry id="enter" />
      <Exit id="exit" target="disable_car_control.enter" />
    </Node>

    <Node id="disable_car_control" state="global.disable_car_control" >
      <Entry id="enter" />
      <Exit id="exit" target="enable_parking_brake.enter" />
    </Node>

    <Node id="enable_parking_brake" state="global.enable_car_parking_brake">
		<Entry id="enter" />
		<Exit id="exit" target="prepare_intro_cutscene.enter" />
	</Node>

    <Node id="prepare_intro_cutscene" state="prepare_intro_cutscene" >
      <Entry id="enter" />
      <Exit id="exit" target="disable_fast_travel.enter" />
    </Node>

    <Node id="disable_fast_travel" state="global.disable_fast_travel">
      <Entry id="enter" />
      <Exit id="exit" target="hide_greenline.enter"/>
    </Node>

	<Node id="hide_greenline" state="global.disable_racing_line">
	  <Entry id="enter" />
	  <Exit id="exit" target="black_out.enter" />
	</Node>

	<Node id="black_out" state="global.black_out" >
	  <Entry id="enter" />
	  <Exit id="exit" target="show_intro_screen.enter" />
	</Node>
	
	 <!--<Node id="show_empty_screen" state="global.show_empty_screen_with_hud_resource">
      <Entry id="enter" />
      <Exit id="exit" target="audio_exterior_prerace.enter" />
    </Node>-->
	
	<Node id="show_intro_screen" state="UIShowScreens.ShowBucketListIntroScreen">
      <Entry id="enter" />
      <Exit id="exit" target="audio_exterior_prerace.enter" />
    </Node>
	
    <Node id="audio_exterior_prerace" state="Audio.exterior_prerace">
      <Entry id="enter"  />
      <Exit id="exit" target="play_speech.enter" />
    </Node>

    <Node id="play_speech" state="play_speech">
      <Entry id="enter"  />
      <Exit id="exit" target="play_cutscene.enter" />
    </Node>

    <Node id="play_cutscene" state="global.play_current_camera_sequence_and_wait" >
      <Entry id="enter" />
      <Exit id="exit" target="reset_traffic.enter" />
    </Node>

	<Node id="reset_traffic" state="global.reset_traffic_not_festival">
		<Entry id="enter" />
		<Exit id="exit" target="enable_and_spawn_traffic.enter" />
	</Node>

	<Node id="enable_and_spawn_traffic" state="global.enable_traffic_spawning_with_initial_spawn">
	  <Entry id="enter" />
	  <Exit id="exit" target="show_hud_screen.enter" />
	</Node>

    <Node id="show_hud_screen" state="global.show_hud_screen">
      <Entry id="enter" />
      <Exit id="exit" target="enable_car_control.enter" />
    </Node>

    <Node id="enable_car_control" state="global.enable_car_control" >
      <Entry id="enter" />
      <Exit id="exit" target="reset_mulligan.enter" />
    </Node>

    <Node id="reset_mulligan" state="global.reset_mulligan" >
      <Entry id="enter" />
      <Exit id="exit" target="disable_parking_brake.enter" />
    </Node>

    <Node id="disable_parking_brake" state="global.disable_car_parking_brake">
      <Entry id="enter" />
      <Exit id="exit" target="enable_rumble.enter" />
    </Node>

	<Node id="enable_rumble" state="global.enable_rumble_and_forcefeedback" >
		<Entry id="enter" />
		<Exit id="exit" target="unblock_pause_entry.enter" />
	</Node>

    <Node id="unblock_pause_entry" state="global.unblock_pause_entry" >
      <Entry id="enter" />
      <Exit id="exit" target="enable_satnav_audio.enter" />
    </Node>

    <Node id="enable_satnav_audio" state="Audio.enable_satnav_audio" >
      <Entry id="enter" />
      <Exit id="exit" target="apply_mixer_snapshot_race.enter" />
    </Node>

    <Node id="apply_mixer_snapshot_race" state="Audio.apply_mixer_snapshot_race" >
        <Entry id="enter" />
        <Exit id="exit" target="show_greenline.enter" />
    </Node>

	<Node id="show_greenline" state="global.enable_racing_line" >
      <Entry id="enter" />
      <Exit id="exit" target="reset_camera.enter" />
    </Node>

    <Node id="reset_camera" state="global.reset_camera_to_player" >
      <Entry id="enter" />
      <Exit id="exit" target="start_driving.enter" />
    </Node>

	<Node id="start_driving" state="global.start_driving" >
		<Entry id="enter" />
		<Exit id="exit" target="start_mission.enter" />
	</Node>

    <Node id="start_mission" state="global.start_mission">
      <Entry id="enter" />
	  <Exit id="exit" target=".exit" />
	</Node>
  </State>

  <State id="mission_intro_net">
    <Entry id="enter" target="mute_car_audio.enter"/>
    <Exit id="exit"/>

    <Behaviour id="CGameControlWrapper" />

    <Node id="mute_car_audio" state="Audio.mute_car_audio">
      <Entry id="enter"  />
      <Exit id="exit" target="disable_rumble.enter" />
    </Node>

	<Node id="disable_rumble" state="global.disable_rumble_and_forcefeedback" >
		<Entry id="enter" />
		<Exit id="exit" target="show_loading_screen.enter" />
	</Node>

    <Node id="show_loading_screen" state="global.show_loading_screen" >
      <Entry id="enter" />
      <Exit id="exit" target="set_audio_loading.enter" />
    </Node>

    <Node id="set_audio_loading" state="Audio.loading">
        <Entry id="enter" />
        <Exit id="exit" target="set_timeofday.enter" />
    </Node>

    <Node id="set_timeofday" state="set_time_of_day" >
      <Entry id="enter" />
      <Exit id="exit" target="load_mission_route.enter" />
    </Node>

    <Node id="load_mission_route" state="load_mission_route" >
      <Entry id="enter" />
      <Exit id="exit" target="set_spawn_location_to_start.enter" />
    </Node>

    <Node id="set_spawn_location_to_start" state="set_spawn_location_to_start" >
      <Entry id="enter" />
      <Exit id="exit" target="disable_traffic.enter" />
    </Node>

    <Node id="disable_traffic" state="global.disable_traffic_spawning">
	  <Entry id="enter" />
	  <Exit id="exit" target="disable_festival_traffic.enter" />
	</Node>

	<Node id="disable_festival_traffic" state="global.disable_festival_traffic_spawning">
	  <Entry id="enter" />
	  <Exit id="exit" target="remove_all_other_cars.enter" />
	</Node>

	<Node id="remove_all_other_cars" state="global.wait_for_traffic_cars_to_be_removed">
	  <Entry id="enter" />
	  <Exit id="exit" target="store_car_position.enter" />
	</Node>

    <Node id="store_car_position" state="global.store_car_position" >
      <Entry id="enter" />
      <Exit id="exit" target="set_car_to_mission_car.enter" />
    </Node>

    <Node id="set_car_to_mission_car" state="set_car_to_mission_car" >
      <Entry id="enter" />
      <Exit id="exit" target="load_mission_car.enter" />
    </Node>

    <Node id="load_mission_car" state="global.load_player_choices_car" >
      <Entry id="enter" />
      <Exit id="exit" target="set_player_position.enter" />
    </Node>

    <Node id="set_player_position" state="spawn_car" >
      <Entry id="enter" />
      <Exit id="exit" target="wait_for_streaming.enter" />
    </Node>

    <Node id="wait_for_streaming" state="global.wait_for_streaming" >
      <Entry id="enter" />
      <Exit id="exit" target="snap_all_cars_to_road.enter" />
    </Node>

	<Node id="snap_all_cars_to_road" state="global.snap_all_cars_to_road" >
      <Entry id="enter" />
      <Exit id="exit" target="disable_car_control.enter" />
    </Node>

    <Node id="disable_car_control" state="global.disable_car_control" >
      <Entry id="enter" />
      <Exit id="exit" target="enable_parking_brake.enter" />
    </Node>

    <Node id="enable_parking_brake" state="global.enable_car_parking_brake">
		<Entry id="enter" />
		<Exit id="exit" target="wait_for_players.enter" />
	</Node>

	<Node id="wait_for_players" state="wait_for_players">
		<Entry id="enter" />
		<Exit id="exit" target="kick_players.enter" />
	</Node>

	<Node id="kick_players" state="kick_players">
		<Entry id="enter" />
		<Exit id="exit" target="prepare_intro_cutscene.enter" />
	</Node>

    <Node id="prepare_intro_cutscene" state="prepare_intro_cutscene" >
      <Entry id="enter" />
      <Exit id="exit" target="disable_fast_travel.enter" />
    </Node>

    <Node id="disable_fast_travel" state="global.disable_fast_travel">
      <Entry id="enter" />
      <Exit id="exit" target="hide_greenline.enter"/>
    </Node>

	<Node id="hide_greenline" state="global.disable_racing_line">
	  <Entry id="enter" />
	  <Exit id="exit" target="black_out.enter" />
	</Node>

	<Node id="black_out" state="global.black_out" >
	  <Entry id="enter" />
	  <Exit id="exit" target="show_intro_screen.enter" />
	</Node>

    <!--<Node id="show_empty_screen" state="global.show_empty_screen_with_hud_resource">
      <Entry id="enter" />
      <Exit id="exit" target="audio_exterior_prerace.enter" />
    </Node>-->
	
	<Node id="show_intro_screen" state="UIShowScreens.ShowBucketListIntroScreen">
      <Entry id="enter" />
      <Exit id="exit" target="audio_exterior_prerace.enter" />
    </Node>

    <Node id="audio_exterior_prerace" state="Audio.exterior_prerace">
      <Entry id="enter"  />
      <Exit id="exit" target="play_speech.enter" />
    </Node>

    <Node id="play_speech" state="play_speech">
      <Entry id="enter"  />
      <Exit id="exit" target="play_cutscene.enter" />
    </Node>

    <Node id="play_cutscene" state="global.play_current_camera_sequence_and_wait" >
      <Entry id="enter" />
      <Exit id="exit" target="wait_for_start.enter" />
    </Node>

	<Node id="wait_for_start" state="wait_for_start" >
      <Entry id="enter" />
      <Exit id="exit" target="reset_traffic.enter" />
    </Node>

	<Node id="reset_traffic" state="global.reset_traffic_not_festival">
		<Entry id="enter" />
		<Exit id="exit" target="enable_and_spawn_traffic.enter" />
	</Node>

	<Node id="enable_and_spawn_traffic" state="global.enable_traffic_spawning_with_initial_spawn">
	  <Entry id="enter" />
	  <Exit id="exit" target="show_hud_screen.enter" />
	</Node>

    <Node id="show_hud_screen" state="global.show_hud_screen">
      <Entry id="enter" />
      <Exit id="exit" target="enable_car_control.enter" />
    </Node>

    <Node id="enable_car_control" state="global.enable_car_control" >
      <Entry id="enter" />
      <Exit id="exit" target="reset_mulligan.enter" />
    </Node>

    <Node id="reset_mulligan" state="global.reset_mulligan" >
      <Entry id="enter" />
      <Exit id="exit" target="disable_parking_brake.enter" />
    </Node>

    <Node id="disable_parking_brake" state="global.disable_car_parking_brake">
      <Entry id="enter" />
      <Exit id="exit" target="enable_rumble.enter" />
    </Node>

	<Node id="enable_rumble" state="global.enable_rumble_and_forcefeedback" >
		<Entry id="enter" />
		<Exit id="exit" target="unblock_pause_entry.enter" />
	</Node>

    <Node id="unblock_pause_entry" state="global.unblock_pause_entry" >
      <Entry id="enter" />
      <Exit id="exit" target="enable_satnav_audio.enter" />
    </Node>

    <Node id="enable_satnav_audio" state="Audio.enable_satnav_audio" >
      <Entry id="enter" />
      <Exit id="exit" target="apply_mixer_snapshot_race.enter" />
    </Node>

    <Node id="apply_mixer_snapshot_race" state="Audio.apply_mixer_snapshot_race" >
        <Entry id="enter" />
        <Exit id="exit" target="show_greenline.enter" />
    </Node>

	<Node id="show_greenline" state="global.enable_racing_line" >
      <Entry id="enter" />
      <Exit id="exit" target="reset_camera.enter" />
    </Node>

    <Node id="reset_camera" state="global.reset_camera_to_player" >
      <Entry id="enter" />
      <Exit id="exit" target="start_driving.enter" />
    </Node>

	<Node id="start_driving" state="global.start_driving" >
		<Entry id="enter" />
		<Exit id="exit" target="start_mission.enter" />
	</Node>

    <Node id="start_mission" state="global.start_mission">
      <Entry id="enter" />
	  <Exit id="exit" target=".exit" />
	</Node>
  </State>

  <State id="mission_results">
  
	<Entry id="enter" target="hide_racing_line.enter" />
    <Exit id="onSuccess"/>
	<Exit id="onFail"/>

	<Node id="hide_racing_line" state="global.disable_racing_line">
		<Entry id="enter" />
		<Exit id="exit" target="disable_rumble.enter" />
	</Node>

	<Node id="disable_rumble" state="global.disable_rumble_and_forcefeedback" >
		<Entry id="enter" />
		<Exit id="exit" target="show_empty_screen.enter" />
	</Node>

	<Node id="show_empty_screen" state="global.show_empty_screen" >
		<Entry id="enter" />
		<Exit id="exit" target="disable_satnav_audio.enter" />
	</Node>

	<Node id="disable_satnav_audio" state="Audio.disable_satnav_audio" >
		<Entry id="enter" />
		<Exit id="exit" target="enable_ai_player_car_control.enter" />
	</Node>

	<Node id="enable_ai_player_car_control" state="global.enable_car_parking_brake" >
		<Entry id="enter" />
		<Exit id="exit" target="disable_car_control.enter" />
	</Node>
	
	<Node id="disable_car_control" state="global.disable_car_control" >
		<Entry id="enter" />
		<Exit id="exit" target="is_in_multiplayer.enter" />
	</Node>

	<Node id="is_in_multiplayer" state="global.is_in_multiplayer">
		<Entry id="enter" />
		<Exit id="yes" target="show_results_flow.enter" />
		<Exit id="no" target="wait_for_results.enter" />
	</Node>

	<Node id="show_results_flow" state="multiplayer_co_op_challenge.show_results_flow">
		<Entry id="enter" />
		<Exit id="fail"  target=".onFail" />
		<Exit id="success" target=".onSuccess" />
	</Node>
	
	<Node id="wait_for_results" state="multiplayer_co_op_challenge.wait_for_results">
		<Entry id="enter" />
		<Exit id="onSuccess" target=".onSuccess" />
		<Exit id="onFail" target=".onFail" />
	</Node>
	
  </State>

  <State id="mission_success">
    <Entry id="enter" target="prepare_end_cutscene.enter" />
    <Exit id="exit"/>

    <Node id="prepare_end_cutscene" state="prepare_end_cutscene" >
      <Entry id="enter" />
      <Exit id="exit" target="play_cutscene.enter" />
    </Node>

    <Node id="play_cutscene" state="global.play_current_camera_sequence" >
      <Entry id="enter" />
      <Exit id="exit" target="finish_mission.enter" />
    </Node>

    <Node id="finish_mission" state="global.finish_mission" >
      <Entry id="enter" />
      <Exit id="exit" target="show_mission_success.enter" />
    </Node>

    <Node id="show_mission_success" state="post_mission_success">
      <Entry id="enter" />
      <Exit id="onContinue" target="prepare_end_cutscene2.enter" />
    </Node>

    <Node id="prepare_end_cutscene2" state="prepare_end_cutscene2" >
      <Entry id="enter" />
      <Exit id="exit" target="mute_car_audio.enter" />
    </Node>

	<Node id="mute_car_audio" state="Audio.mute_car_audio">
      <Entry id="enter"  />
      <Exit id="exit" target="disable_car_control.enter" />
    </Node>

	<Node id="disable_car_control" state="global.disable_car_control" >
      <Entry id="enter" />
      <Exit id="exit" target="despawn_traffic.enter" />
    </Node>

    <Node id="enable_parking_brake" state="global.enable_car_parking_brake">
      <Entry id="enter" />
      <Exit id="exit" target="despawn_traffic.enter" />
    </Node>

	<Node id="despawn_traffic" state="global.disable_traffic_spawning_with_despawn">
      <Entry id="enter" />
      <Exit id="exit" target="reset_car_damage.enter" />
    </Node>

	<Node id="reset_car_damage" state="global.reset_car_damage" >
      <Entry id="enter" />
      <Exit id="exit" target="play_cutscene2.enter" />
    </Node>

    <Node id="play_cutscene2" state="global.play_current_camera_sequence" >
      <Entry id="enter" />
      <Exit id="exit" target=".exit" />
    </Node>
<!--
    <Node id="show_mission_fast_travel" state="post_mission_fast_travel">
      <Entry id="enter" />
      <Exit id="onContinue" target=".exit" />
    </Node>
-->	
  </State>

  <State id="mission_fail">
    <Entry id="enter" target="cockpit_cutscene.enter" />
    <Exit id="exitRetry" />
    <Exit id="exitQuit" />

	<Node id="cockpit_cutscene" state="cockpit_cutscene" >
      <Entry id="enter" />
      <Exit id="exit" target="show_mission_fail.enter" />
    </Node>

    <Node id="show_mission_fail" state="post_mission_fail">
      <Entry id="enter" />
      <Exit id="onRetry" target=".exitRetry" />
      <Exit id="onQuit" target=".exitQuit" />
    </Node>
  </State>

  <State id="mission_quit">
    <Entry id="enter" target="show_empty_screen.enter" />
    <Exit id="exit"/>

	<Node id="show_empty_screen" state="global.show_empty_screen" >
        <Entry id="enter" />
        <Exit id="exit" target="black_out.enter" />
    </Node>

    <Node id="black_out" state="global.black_out" >
        <Entry id="enter" />
        <Exit id="exit" target="disable_rumble.enter" />
    </Node>

    <Node id="disable_rumble" state="global.disable_rumble_and_forcefeedback" >
        <Entry id="enter" />
        <Exit id="exit" target="stop_cutscene.enter" />
    </Node>

	<Node id="stop_cutscene" state="global.stop_cutscene">
	  <Entry id="enter" />
	  <Exit id="exit" target=".exit" />
	</Node>
  </State>

  <State id="mission_restart">
    <Entry id="enter" target="mute_car_audio.enter"/>
    <Exit id="exit"/>

    <Behaviour id="CSetGameSpeed">
      <Attribute id="speed" value="1.0" />
      <Attribute id="ease_out" value="false" />
    </Behaviour>

    <Node id="mute_car_audio" state="Audio.mute_car_audio">
      <Entry id="enter"  />
      <Exit id="exit" target="cutscene_music_trigger_disable.enter" />
    </Node>

	<Node id="cutscene_music_trigger_disable" state="cutscene_music_trigger_disable">
		<Entry id="enter"  />
		<Exit id="exit" target="show_empty_screen.enter" />
	</Node>

    <Node id="show_empty_screen" state="global.show_empty_screen" >
        <Entry id="enter" />
        <Exit id="exit" target="black_out.enter" />
    </Node>

    <Node id="black_out" state="global.black_out" >
        <Entry id="enter" />
        <Exit id="exit" target="disable_rumble.enter" />
    </Node>

	<Node id="disable_rumble" state="global.disable_rumble_and_forcefeedback" >
		<Entry id="enter" />
		<Exit id="exit" target="set_audio_loading.enter" />
	</Node>

    <Node id="set_audio_loading" state="Audio.loading">
        <Entry id="enter" />
        <Exit id="exit" target="show_loading_screen.enter" />
    </Node>

    <Node id="show_loading_screen" state="global.show_loading_screen" >
      <Entry id="enter" />
      <Exit id="exit" target="bank_skills.enter" />
    </Node>

	<Node id="bank_skills" state="global.reset_hud_interface_and_bank_skills">
      <Entry id="enter" />
      <Exit id="exit" target="disable_festival_traffic.enter" />
    </Node>

    <Node id="disable_festival_traffic" state="global.disable_festival_traffic_spawning">
	  <Entry id="enter" />
	  <Exit id="exit" target="remove_all_other_cars.enter" />
	</Node>

	<Node id="remove_all_other_cars" state="global.wait_for_traffic_cars_to_be_removed">
	  <Entry id="enter" />
	  <Exit id="exit" target="disable_car_control.enter" />
	</Node>

    <Node id="disable_car_control" state="global.disable_car_control" >
      <Entry id="enter" />
      <Exit id="exit" target="enable_parking_brake.enter" />
    </Node>

    <Node id="enable_parking_brake" state="global.enable_car_parking_brake">
      <Entry id="enter" />
      <Exit id="exit" target="set_player_position.enter" />
    </Node>

    <Node id="set_player_position" state="spawn_car" >
      <Entry id="enter" />
		  <Exit id="exit" target="disable_ai_player_car_control.enter" />
		</Node>

	        <Node id="disable_ai_player_car_control" state="global.disable_ai_player_car_control" >
		  <Entry id="enter" />
      <Exit id="exit" target="wait_for_streaming.enter" />
    </Node>

    <Node id="wait_for_streaming" state="global.wait_for_streaming" >
      <Entry id="enter" />
      <Exit id="exit" target="snap_all_cars_to_road.enter" />
    </Node>

	<Node id="snap_all_cars_to_road" state="global.snap_all_cars_to_road" >
      <Entry id="enter" />
      <Exit id="exit" target="reset_car_damage.enter" />
    </Node>

    <Node id="reset_car_damage" state="global.reset_car_damage" >
      <Entry id="enter" />
      <Exit id="exit" target="prepare_intro_cutscene.enter" />
    </Node>

	<Node id="prepare_intro_cutscene" state="prepare_intro_cutscene" >
      <Entry id="enter" />
      <Exit id="exit" target="audio_exterior_prerace.enter" />
    </Node>
    <Node id="audio_exterior_prerace" state="Audio.exterior_prerace">
      <Entry id="enter"  />
      <Exit id="exit" target="hide_greenline.enter" />
    </Node>

	<Node id="hide_greenline" state="global.disable_racing_line">
	  <Entry id="enter" />
	  <Exit id="exit" target="black_out2.enter" />
	</Node>

	<Node id="black_out2" state="global.black_out">
      <Entry id="enter" />
      <Exit id="exit" target="show_intro_screen.enter" />
    </Node>

    <!--<Node id="show_empty_screen2" state="global.show_empty_screen_with_hud_resource">
      <Entry id="enter" />
      <Exit id="exit" target="play_cutscene.enter" />
    </Node>-->
	
	<Node id="show_intro_screen" state="UIShowScreens.ShowBucketListIntroScreen">
      <Entry id="enter" />
      <Exit id="exit" target="play_cutscene.enter" />
    </Node>

    <Node id="play_cutscene" state="global.play_current_camera_sequence_and_wait" >
      <Entry id="enter" />
      <Exit id="exit" target="cutscene_music_trigger_enable.enter" />
    </Node>

	<Node id="cutscene_music_trigger_enable" state="cutscene_music_trigger_enable">
	  <Entry id="enter"  />
	  <Exit id="exit" target="reset_traffic.enter" />
	</Node>

	<Node id="reset_traffic" state="global.reset_traffic_not_festival">
		<Entry id="enter" />
		<Exit id="exit" target="enable_and_spawn_traffic.enter" />
	</Node>

	<Node id="enable_and_spawn_traffic" state="global.enable_traffic_spawning_with_initial_spawn">
	  <Entry id="enter" />
	  <Exit id="exit" target="show_hud_screen.enter" />
	</Node>

    <Node id="show_hud_screen" state="global.show_hud_screen">
      <Entry id="enter" />
      <Exit id="exit" target="enable_car_control.enter" />
    </Node>

    <Node id="enable_car_control" state="global.enable_car_control" >
      <Entry id="enter" />
      <Exit id="exit" target="reset_mulligan.enter" />
    </Node>

	<Node id="reset_mulligan" state="global.reset_mulligan" >
		<Entry id="enter" />
		<Exit id="exit" target="disable_parking_brake.enter" />
	</Node>

    <Node id="disable_parking_brake" state="global.disable_car_parking_brake">
      <Entry id="enter" />
      <Exit id="exit" target="enable_rumble.enter" />
    </Node>

	<Node id="enable_rumble" state="global.enable_rumble_and_forcefeedback" >
		<Entry id="enter" />
		<Exit id="exit" target="unblock_pause_entry.enter" />
	</Node>

	<Node id="unblock_pause_entry" state="global.unblock_pause_entry" >
	  <Entry id="enter" />
	  <Exit id="exit" target="enable_satnav_audio.enter" />
	</Node>

    <Node id="enable_satnav_audio" state="Audio.enable_satnav_audio" >
      <Entry id="enter" />
      <Exit id="exit" target="apply_mixer_snapshot_race.enter" />
    </Node>
    <Node id="apply_mixer_snapshot_race" state="Audio.apply_mixer_snapshot_race" >
        <Entry id="enter" />
        <Exit id="exit" target="show_racing_line.enter" />
    </Node>

    <Node id="show_racing_line" state="global.enable_racing_line">
      <Entry id="enter" />
      <Exit id="exit" target="reset_camera.enter" />
    </Node>

    <Node id="reset_camera" state="global.reset_camera_to_player" >
      <Entry id="enter" />
      <Exit id="exit" target="start_mission.enter" />
    </Node>

		<Node id="start_mission" state="global.start_mission">
		  <Entry id="enter" />
	  <Exit id="exit" target=".exit" />
	</Node>
  </State>

  <State id="wait_for_mission">
    <Entry id="enter" />
    <Exit id="onResults" />
    <Exit id="onQuit" />
    <Exit id="onRestart" />
    <Behaviour id="CWaitForMissionComplete">
      <Transition id="onResults" target=".onResults"/>
      <Transition id="onQuit" target=".onQuit"/>
      <Transition id="onRestart" target=".onRestart"/>
    </Behaviour>
  </State>

  <State id="post_mission_success">
    <Entry id="enter" />
    <Exit id="onContinue" />
    <Behaviour id="CShowMissionSuccess">
      <Transition id="onContinue" target=".onContinue"/>
    </Behaviour>
  </State>

  <State id="post_mission_fast_travel">
    <Entry id="enter" />
    <Exit id="onContinue" />
    <Behaviour id="CShowMissionFastTravel">
      <Transition id="onContinue" target=".onContinue"/>
    </Behaviour>
  </State>

  <State id="post_mission_fail">
    <Entry id="enter" />
    <Exit id="onRetry" />
    <Exit id="onQuit" />
    <Behaviour id="CShowMissionFail">
      <Transition id="onRetry" target=".onRetry"/>
      <Transition id="onQuit" target=".onQuit"/>
    </Behaviour>
  </State>

  <State id="root">
    <Entry id="enter" target="game_type_decision.enter"/>
    <Exit id="exit" />

	<!-- Branching Node to decide what type of game session we're starting -->
	<Node id="game_type_decision" state="game_type_decision">
		<Entry id="enter" />
		<Exit id="challenge" target="mission_intro.enter" />
		<Exit id="coop_challenge" target="mission_intro_net.enter" />
	</Node>

    <Node id="mission_intro" state="mission_intro" >
      <Entry id="enter" />
      <Exit id="exit" target="wait_for_mission_finish.enter" />
    </Node>

	<Node id="mission_intro_net" state="mission_intro_net" >
      <Entry id="enter" />
      <Exit id="exit" target="wait_for_mission_finish.enter" />
    </Node>

    <Node id="wait_for_mission_finish" state="wait_for_mission" >
      <Entry id="enter" />
      <Exit id="onResults" target="post_mission_flow.enterResults" />
	  <Exit id="onQuit" target="post_mission_flow.enterQuit" />
	  <Exit id="onRestart" target="post_mission_flow.enterRestart" />
    </Node>
	
    <Node id="post_mission_flow" state="post_mission_flow" >
      <Entry id="enterResults" />
      <Entry id="enterQuit" />
      <Entry id="enterRestart" />
      <Exit id="exit" target=".exit" />
      <Exit id="exitRestart" target="wait_for_mission_finish.enter" />
    </Node>
  </State>

  <State id="post_mission_flow">
    <Entry id="enterResults" target="mission_results.enter" />
    <Entry id="enterQuit" target="mission_quit.enter" />
    <Entry id="enterRestart" target="mission_restart.enter" />
    <Exit id="exit" />
    <Exit id="exitRestart" />

    <Behaviour id="CGameControlWrapper" />
	
	<Node id="mission_results" state="mission_results" >
      <Entry id="enter" />
      <Exit id="onSuccess" target="mission_success.enter" />
	  <Exit id="onFail" target="mission_fail.enter" />
    </Node>

    <Node id="mission_success" state="mission_success" >
      <Entry id="enter" />
      <Exit id="exit" target="mission_outro.enter_success" />
    </Node>

    <Node id="mission_fail" state="mission_fail" >
      <Entry id="enter" />
      <Exit id="exitRetry" target="mission_restart.enter" />
      <Exit id="exitQuit" target="mission_quit.enter" />
    </Node>

    <Node id="mission_quit" state="mission_quit" >
      <Entry id="enter" />
      <Exit id="exit" target="mission_outro.enter_failure" />
    </Node>

    <Node id="mission_restart" state="mission_restart" >
      <Entry id="enter" />
      <Exit id="exit" target=".exitRestart" />
    </Node>

    <Node id="mission_outro" state="mission_outro" >
      <Entry id="enter_success" />
      <Entry id="enter_failure" />
      <Exit id="exit" target=".exit" />
    </Node>
  </State>

  <State id="load_mission_route" >
    <Entry id="enter" target=".exit" />
    <Exit id="exit"/>
    <Behaviour id="CLoadRoute">
      <Attribute id="route_id" value="0" />
    </Behaviour>
  </State>

  <State id="set_time_of_day" >
    <Entry id="enter" target=".exit" />
    <Exit id="exit"/>
    <Behaviour id="CLockTimeOfDay">
      <Attribute id="locked" value="false" />
    </Behaviour>
  </State>

  <State id="play_speech" >
    <Entry id="enter" target=".exit" />
    <Exit id="exit" />
    <Behaviour id="CTriggerVO" trigger="SpeedMissionIntro1" wait="false"/>
  </State>

  <State id="prepare_intro_cutscene" >
    <Entry id="enter" target=".exit" />
    <Exit id="exit"/>
    <Behaviour id="CPrepareCutscene" cutscene="Bucket_List_Intro_01" race_specific="false" />
  </State>

  <State id="prepare_end_cutscene" >
    <Entry id="enter" target=".exit" />
    <Exit id="exit"/>
    <Behaviour id="CPrepareCutscene" cutscene="BucketList_Onboard_Result" race_specific="false" />
  </State>

  <State id="prepare_end_cutscene2" >
    <Entry id="enter" target=".exit" />
    <Exit id="exit"/>
    <Behaviour id="CPrepareCutscene" cutscene="BucketList_Onboard_Result" race_specific="false" />
  </State>

  <State id="cockpit_cutscene">
	<Entry id="enter" />
	<Exit id="exit" />
	<Behaviour id="CPrepareCutscene" cutscene="Cockpit_Cam_Activate" race_specific="true" />
	<Behaviour id="CPlayCameraSequence" wait="false">
		<Transition id="onReady" target=".exit" />
	</Behaviour>
  </State>

  <State id="set_car_to_mission_car" >
    <Entry id="enter" target=".exit" />
    <Exit id="exit" />
    <Behaviour id="CSetCarToMissionCar" />
  </State>

  <!-- States to handle the spawn point changing for each section of the mission -->
  <State id="set_spawn_location_to_start" >
    <Entry id="enter" target=".exit" />
    <Exit id="exit" />
    <Behaviour id="CSetMissionSpawnLocation">
      <Attribute id="spawn_location" value="mission_start_01" />
    </Behaviour>
  </State>

  <!-- Spawn the car in the current spawn point for this mission -->
  <State id="spawn_car" >
      <Entry id="enter" target=".exit" />
    <Exit id="exit" />
    <Behaviour id="CPlaceCarForMission"/>
  </State>

  <State id="finish_mission_coordination" >
    <Entry id="enter" target=".exit" />
	<Exit id="exit" />
	<Behaviour id="CFinishMissionActivityCoordination" />
  </State>

  <State id="load_freeroam_route" >
    <Entry id="enter" target=".exit" />
    <Exit id="exit"/>
    <Behaviour id="CLoadRoute">
      <Attribute id="route_id" value="0" />
    </Behaviour>
  </State>

  <State id="unset_time_of_day" >
    <Entry id="enter" target=".exit" />
    <Exit id="exit"/>
    <Behaviour id="CLockTimeOfDay">
      <Attribute id="locked" value="false" />
    </Behaviour>
  </State>

  <State id="prepare_cutscene" >
    <Entry id="enter" target=".exit" />
    <Exit id="exit"/>
    <Behaviour id="CPrepareCutscene" cutscene="fasttravel_cam" race_specific="false" />
  </State>

  <State id="activate_gas_station">
      <Entry id="enter" target=".exit" />
      <Exit id="exit" />
      <Behaviour id="CActivateCurrentMissionGasStation" />
  </State>

  <State id="unload_cutscenes" >
        <Entry id="enter" target=".exit" />
        <Exit id="exit" />
        <Behaviour id="CUnloadPRHubCutscenes" />
    </State>

    <State id="loading_screen_to_freeroam" >
        <Entry id="enter" target=".exit" />
        <Exit id="exit" />
        <Behaviour id="CShowLoadingScreen" >
            <Attribute id="tip_group" value="freeroam" />
        </Behaviour>
    </State>

  <!-- Outro flow that happens before we play the outro cutscene -->
  <State id="mission_outro_pre_cutscene">
    <Entry id="enter" target="show_empty_screen.enter" />
    <Exit id="exit"/>

    <Node id="show_empty_screen" state="global.show_empty_screen">
      <Entry id="enter"  />
      <Exit id="exit" target="mute_car_audio.enter" />
    </Node>

    <Node id="mute_car_audio" state="Audio.mute_car_audio">
      <Entry id="enter"  />
      <Exit id="exit" target="fade_out.enter" />
    </Node>

    <Node id="fade_out" state="global.fade_out_half_sec">
      <Entry id="enter"  />
      <Exit id="exit" target="stop_cutscene.enter" />
    </Node>

    <Node id="stop_cutscene" state="global.stop_cutscene">
      <Entry id="enter" />
      <Exit id="exit" target="reset_camera_to_player.enter" />
    </Node>

    <!-- This is necessary to avoid the cutscene camera from clearing the blackout -->
    <Node id="reset_camera_to_player" state="global.reset_camera_to_player" >
      <Entry id="enter" />
      <Exit id="exit" target="wait_one_frame.enter" />
    </Node>

    <Node id="wait_one_frame" state="global.wait_one_frame">
      <Entry id="enter"  />
      <Exit id="exit" target="save_profile.enter" />
    </Node>

    <Node id="save_profile" state="global.save_profile" >
      <Entry id="enter" />
      <Exit id="exit" target="show_loading_screen.enter" />
    </Node>

    <Node id="show_loading_screen" state="loading_screen_to_freeroam" >
      <Entry id="enter" />
      <Exit id="exit" target="wait_for_traffic_cars_to_be_removed.enter" />
    </Node>

	<Node id="wait_for_traffic_cars_to_be_removed" state="global.wait_for_traffic_cars_to_be_removed">
	  <Entry id="enter" />
	  <Exit id="exit" target="set_audio_loading.enter" />
	</Node>

    <Node id="set_audio_loading" state="Audio.loading">
        <Entry id="enter" />
        <Exit id="exit" target="start_freeroam_music.enter" />
    </Node>

	<!-- We now switch back to freeroam music at start of load back to freeroam, rather than at the end -->
	<Node id="start_freeroam_music" state="Audio.play_freeroam_music_with_fades">
        <Entry id="enter"/>
        <Exit id="exit" target="bank_skills.enter"/>
    </Node>

    <Node id="bank_skills" state="global.reset_hud_interface_and_bank_skills">
      <Entry id="enter" />
      <Exit id="exit" target="disable_ai_player_car_control.enter" />
    </Node>

    <Node id="disable_ai_player_car_control" state="global.disable_ai_player_car_control" >
      <Entry id="enter" />
      <Exit id="exit" target="disable_car_control.enter" />
    </Node>

    <Node id="disable_car_control" state="global.disable_car_control" >
      <Entry id="enter" />
      <Exit id="exit" target="enable_parking_brake.enter" />
    </Node>

    <Node id="enable_parking_brake" state="global.enable_car_parking_brake">
      <Entry id="enter" />
      <Exit id="exit" target="finish_mission_coordination.enter" />
    </Node>

	<Node id="finish_mission_coordination" state="finish_mission_coordination">
	  <Entry id="enter" />
	  <Exit id="exit" target="unlock_satnav_destination.enter" />
	</Node>

	<Node id="unlock_satnav_destination" state="global.unlock_satnav_destination">
	  <Entry id="enter" />
	  <Exit id="exit" target="clear_satnav_destination.enter" />
	</Node>

	<Node id="clear_satnav_destination" state="global.clear_satnav_destination">
	  <Entry id="enter" />
	  <Exit id="exit" target="unset_timeofday.enter" />
	</Node>

    <Node id="unset_timeofday" state="unset_time_of_day" >
      <Entry id="enter" />
      <Exit id="exit" target="load_freeroam_route.enter" />
    </Node>

    <Node id="load_freeroam_route" state="load_freeroam_route" >
      <Entry id="enter" />
      <Exit id="exit" target="disable_presentationrenderandshadows.enter" />
    </Node>

	<Node id="disable_presentationrenderandshadows" state="global.disable_presentationrenderandshadows">
	  <Entry id="enter" />
	  <Exit id="exit" target="enable_compressed_heap.enter" />
	</Node>

	<Node id="enable_compressed_heap" state="global.enable_compressed_heap">
	  <Entry id="enter" />
	  <Exit id="exit" target="reload_player_car.enter" />
	</Node>

    <Node id="reload_player_car" state="global.reload_player_car_and_livery" >
      <Entry id="enter" />
      <Exit id="exit" target="restore_car_position.enter" />
    </Node>

    <Node id="restore_car_position" state="global.restore_car_position" >
      <Entry id="enter" />
      <Exit id="exit" target="enable_presentationrender.enter" />
    </Node>

	<Node id="enable_presentationrender" state="global.enable_presentationrender">
	  <Entry id="enter" />
	  <Exit id="exit" target="show_racing_line.enter" />
	</Node>

    <Node id="show_racing_line" state="global.enable_racing_line">
      <Entry id="enter" />
      <Exit id="exit" target="enable_fast_travel.enter" />
    </Node>

    <Node id="enable_fast_travel" state="global.enable_fast_travel">
      <Entry id="enter" />
      <Exit id="exit" target="wait_for_streaming.enter"/>
    </Node>

    <Node id="wait_for_streaming" state="global.wait_for_streaming" >
      <Entry id="enter" />
      <Exit id="exit" target="reset_traffic.enter" />
    </Node>

    <!-- We may have removed all the traffic cars for the mission cutscene. If so we need to reable them -->
    <Node id="reset_traffic" state="global.reset_traffic_cars_dont_destroy_existing">
        <Entry id="enter" />
        <Exit id="exit" target="enable_and_spawn_traffic.enter" />
    </Node>

    <Node id="enable_and_spawn_traffic" state="global.enable_traffic_spawning_with_initial_spawn">
      <Entry id="enter" />
      <Exit id="exit" target="enable_festival_traffic_spawning.enter" />
    </Node>

	<Node id="enable_festival_traffic_spawning" state="global.enable_festival_traffic_spawning">
	  <Entry id="enter" />
	  <Exit id="exit" target="enable_festival_cars.enter" />
	</Node>

	<Node id="enable_festival_cars" state="global.reset_festival_not_traffic">
	  <Entry id="enter" />
	  <Exit id="exit" target="audio_exterior_freeroam.enter" />
	</Node>

	<Node id="audio_exterior_freeroam" state="Audio.exterior_freeroam">
        <Entry id="enter" />
        <Exit id="exit" target="radiodj_enable.enter" />
    </Node>
	<Node id="radiodj_enable" state="Audio.enable_radio_dj">
        <Entry id="enter" />
        <Exit id="exit" target="radioswitching_enable.enter" />
    </Node>
	<Node id="radioswitching_enable" state="Audio.enable_radio_station_switching">
        <Entry id="enter" />
        <Exit id="exit" target="radio_silent_idents_disable.enter" />
    </Node>
	<Node id="radio_silent_idents_disable" state="Audio.disable_radio_silent_idents">
        <Entry id="enter" />
        <Exit id="exit" target=".exit" />
     </Node>

  </State>

   <!-- Mission outro flow to display the outro cutscene -->
  <State id="mission_outro_cutscene">
    <Entry id="enter" target="prepare_cutscene.enter" />
    <Exit id="exit"/>

    <Node id="prepare_cutscene" state="prepare_cutscene" >
      <Entry id="enter" />
      <Exit id="exit" target="unmute_car_audio.enter" />
    </Node>

    <Node id="unmute_car_audio" state="Audio.unmute_car_audio">
      <Entry id="enter"  />
      <Exit id="exit" target="show_empty_screen.enter" />
    </Node>

    <Node id="show_empty_screen" state="global.show_empty_screen_with_hud_resource">
      <Entry id="enter" />
      <Exit id="exit" target="play_cutscene.enter" />
    </Node>

    <Node id="play_cutscene" state="global.play_current_camera_sequence_and_wait" >
      <Entry id="enter" />
      <Exit id="exit" target=".exit" />
    </Node>
  </State>

    <!-- Mission outro that happens once we have played the cutscene -->
  <State id="mission_outro_post_cutscene">
    <Entry id="enter" target="unload_cutscenes.enter" />
    <Exit id="exit"/>

    <Node id="unload_cutscenes" state="unload_cutscenes" >
      <Entry id="enter" />
      <Exit id="exit" target="show_hud_screen.enter" />
    </Node>

    <Node id="show_hud_screen" state="global.show_hud_screen">
      <Entry id="enter" />
      <Exit id="exit" target="enable_car_control.enter" />
    </Node>

    <Node id="enable_car_control" state="global.enable_car_control" >
      <Entry id="enter" />
      <Exit id="exit" target="reset_mulligan.enter" />
    </Node>

    <Node id="reset_mulligan" state="global.reset_mulligan" >
      <Entry id="enter" />
      <Exit id="exit" target="disable_parking_brake.enter" />
    </Node>

    <Node id="disable_parking_brake" state="global.disable_car_parking_brake">
      <Entry id="enter" />
      <Exit id="exit" target="enable_satnav_audio.enter" />
    </Node>

    <Node id="enable_satnav_audio" state="Audio.enable_satnav_audio" >
      <Entry id="enter" />
      <Exit id="exit" target="enable_rumble.enter" />
  </Node>

    <Node id="enable_rumble" state="global.enable_rumble_and_forcefeedback" >
      <Entry id="enter" />
      <Exit id="exit" target="stop_cutscene.enter" />
    </Node>

    <Node id="stop_cutscene" state="global.stop_cutscene" >
      <Entry id="enter" />
      <Exit id="exit" target="disable_compressed_heap.enter" />
    </Node>

    <Node id="disable_compressed_heap" state="global.disable_compressed_heap">
	  <Entry id="enter" />
	  <Exit id="exit" target="reset_camera.enter" />
	</Node>

    <Node id="reset_camera" state="global.reset_camera_to_player" >
      <Entry id="enter" />
      <Exit id="exit" target=".exit" />
    </Node>
  </State>

    <!-- Mission outro in case of success -->
  <State id="mission_outro_success">
    <Entry id="enter" target="postrace_earnings_camera.enter" />
    <Exit id="exit"/>

	<!-- Add credit & xp screens here. -->
<!--
	<Node id="should_show_earnings_screen" state="global.did_player_get_credit_rewards">
		<Entry id="enter" />
		<Exit id="yes" target="postrace_earnings_camera.enter"/>
		<Exit id="no" target="show_career_points_screen.enter"/>
	</Node>

	<Node id="postrace_earnings_camera" state="postrace_transition_cam_01">
		<Entry id="enter" />
		<Exit id="exit" target="show_earnings_screen.enter" />
	</Node>
-->
	<!-- skSumo: For Anthem, we always show the XP Award sequence -->
	<Node id="postrace_earnings_camera" state="UIShowScreens.ShowEarningsBreakdownScreen">
		<Entry id="enter" />
		<Exit id="done" target="show_career_points_screen.enter"/>
	</Node>
<!--
	<Node id="postrace_points_camera" state="postrace_transition_cam_02">
		<Entry id="enter" />
		<Exit id="exit" target="show_career_points_screen.enter" />
	</Node>
-->
	<Node id="show_career_points_screen" state="UIShowScreens.ShowPostRaceAnthemAwardXP">
		<Entry id="enter" />
		<Exit id="done" target="outro_pre_cutscene.enter"/>
	</Node>

    <Node id="outro_pre_cutscene" state="mission_outro_pre_cutscene">
      <Entry id="enter"  />
      <Exit id="exit" target="outro_cutscene.enter" />
    </Node>

    <Node id="outro_cutscene" state="mission_outro_cutscene">
      <Entry id="enter"  />
      <Exit id="exit" target="outro_post_cutscene.enter" />
    </Node>

    <Node id="outro_post_cutscene" state="mission_outro_post_cutscene">
      <Entry id="enter"  />
      <Exit id="exit" target=".exit" />
    </Node>
  </State>

  <!-- cutscene played during Award XP screen. -->
<!--
  <State id="postrace_careerpoints_camera">
	<Entry id="enter" target="transition.enter"/>
	<Exit id="exit" />

	<Node id="transition" state="postrace_transition_cam_02">
		<Entry id="enter" />
		<Exit id="exit" target=".exit"/>
	</Node>
  </State>
-->
<!--
  <State id="postrace_transition_cam_02">
	<Entry id="enter" />
	<Exit id="exit" />
	<Behaviour id="CPrepareCutscene" cutscene="postrace_transition_02" race_specific="true" />
	<Behaviour id="CPlayCameraSequence" wait="false">
		<Transition id="onReady" target=".exit" />
	</Behaviour>
  </State>

  <State id="postrace_transition_cam_01">
	<Entry id="enter" />
	<Exit id="exit" />
	<Behaviour id="CPrepareCutscene" cutscene="postrace_transition_01"  race_specific="true" />
	<Behaviour id="CPlayCameraSequence" wait="false">
		<Transition id="onReady" target=".exit" />
	</Behaviour>
  </State>
-->

    <!-- Mission outro in case of failure -->
  <State id="mission_outro_failure">
    <Entry id="enter" target="outro_pre_cutscene.enter" />
    <Exit id="exit"/>

    <Node id="outro_pre_cutscene" state="mission_outro_pre_cutscene">
      <Entry id="enter"  />
      <Exit id="exit" target="outro_cutscene.enter" />
    </Node>

    <Node id="outro_cutscene" state="mission_outro_cutscene">
      <Entry id="enter"  />
      <Exit id="exit" target="outro_post_cutscene.enter" />
    </Node>

    <Node id="outro_post_cutscene" state="mission_outro_post_cutscene">
      <Entry id="enter"  />
      <Exit id="exit" target=".exit" />
    </Node>
  </State>

   <!-- Mission outro can vary depending on success or failure -->
  <State id="mission_outro">
    <Entry id="enter_success" target="success.enter" />
    <Entry id="enter_failure" target="failure.enter" />
    <Exit id="exit"/>

    <Behaviour id="CSetGameSpeed">
      <Attribute id="speed" value="1.0" />
      <Attribute id="ease_out" value="false" />
    </Behaviour>

     <Node id="success" state="mission_outro_success">
      <Entry id="enter"  />
      <Exit id="exit" target=".exit" />
    </Node>

    <Node id="failure" state="mission_outro_failure">
      <Entry id="enter"  />
      <Exit id="exit" target=".exit" />
    </Node>
  </State>

  <State id="cutscene_music_trigger_enable" >
    <Entry id="enter" target=".exit" />
    <Exit id="exit" />
    <Behaviour id="CCutsceneMusicTriggerEnable" enable="true"/>
  </State>

  <State id="cutscene_music_trigger_disable" >
    <Entry id="enter" target=".exit" />
    <Exit id="exit" />
    <Behaviour id="CCutsceneMusicTriggerEnable" enable="false"/>
  </State>

</StateGroup>
te>

</StateGroup>
te>

</StateGroup>
te>

</StateGroup>
