<StateGroup id="multiplayer_disconnection" >

    <State id="disconnected">
        <Entry id="game" target="disconnected_game.enter"/>
        <Entry id="lsp" target="disconnected_live_and_lsp.lsp"/>
		<Entry id="live" target="disconnected_live_and_lsp.live"/>
		<Entry id="unload" target="disconnected_unloading.enter"/>

		<Behaviour id="CGameControlWrapper" force_take_control="true" />

        <Node id="disconnected_live_and_lsp" state="disconnected_live_and_lsp" >
            <Entry id="lsp" target="quit_to_new_party.enter"/>
            <Entry id="live" target="quit_to_splash.enter"/>
        </Node>
		<Node id="disconnected_game" state="disconnected_game" >
			<Entry id="enter" />
		</Node>
		<Node id="disconnected_unloading" state="disconnected_unloading" >
			<Entry id="enter" />
		</Node>
	</State>

    <State id="disconnected_live_and_lsp">
        <Entry id="lsp" target="quit_to_new_party.enter"/>
        <Entry id="live" target="quit_to_splash.enter"/>

        <Behaviour id="CShowDisconnectedScreen" />

        <Node id="quit_to_splash" state="disconnected_live" >
            <Entry id="enter" />
        </Node>
        
        <Node id="quit_to_new_party" state="disconnected_game" >
            <Entry id="enter" />
        </Node>
    </State>
	
	<State id="disconnected_live">
		<Entry id="enter" target="unload_to_splash_audio.enter"/>
		
		<Node id="unload_to_splash_audio" state="Audio.to_lobby_or_title">
            <Entry id="enter" />
			<Exit id="exit" target="quit_to_splash.enter" />
        </Node>
		
		<Node id="quit_to_splash" state="global.quit_to_splash" >
            <Entry id="enter" />
        </Node>
	</State>

	<State id="disconnected_game">
		<Entry id="enter" target="unload_to_splash_audio.enter"/>

		<Behaviour id="CShowGameDisconnectedScreen" />
		
		<Node id="unload_to_splash_audio" state="Audio.to_lobby_or_title">
            <Entry id="enter" />
			<Exit id="exit" target="load_into_free_roam.enter" />
        </Node>

		<Node id="load_into_free_roam" state="global.load_into_free_roam" >
			<Entry id="enter" />
		</Node>
	</State>

	<State id="disconnected_unloading">
		<Entry id="enter" target="black_out.enter"/>

		<Node id="black_out" state="global.black_out" >
			<Entry id="enter" />
			<Exit id="exit" target="show_empty_screen.enter" />
		</Node>
		
		<Node id="show_empty_screen" state="global.show_empty_screen" >
			<Entry id="enter" />
			<Exit id="exit" target="unload_to_splash_audio.enter" />
		</Node>
		
		<Node id="unload_to_splash_audio" state="Audio.to_lobby_or_title">
            <Entry id="enter" />
			<Exit id="exit" target="quit_to_splash.enter" />
        </Node>

		<Node id="quit_to_splash" state="global.quit_to_splash" >
			<Entry id="enter" />
		</Node>
	</State>

</StateGroup>
te>

</StateGroup>
te>

</StateGroup>
te>

</StateGroup>
