<StateGroup id="multiplayer" >

    <State id="pause_hub_flow">
		<Entry id="enter" target="is_player_allowed_to_matchmake.enter" />
		<Entry id="enter_multiplayer_screen" target="multiplayer_screen.enter" />
		<Exit id="exit" />
		<Exit id="exit_return_to_free_roam" />

        <Node id="is_player_allowed_to_matchmake" state="global.is_player_allowed_to_matchmake">
            <Entry id="enter" />
            <Exit id="yes" target="enable_compressed_heap.enter" />
            <Exit id="no" target="enable_compressed_heap.enter" />
        </Node>

        <Node id="enable_compressed_heap" state="global.enable_compressed_heap" >
            <Entry id="enter" />
            <Exit id="exit" target="store_car_position.enter" />
        </Node>
        
		<Node id="store_car_position" state="global.store_car_position" >
            <Entry id="enter" />
            <Exit id="exit" target="multiplayer_screen.enter" />
        </Node>

        <Node id="multiplayer_screen" state="UIShowScreens.ShowMultiplayerScreen">
            <Entry id="enter" />
            <Exit id="exit" target="release_compressed_heap.enter" />
			<Exit id="exit_return_to_free_roam" target="return_to_free_roam_flow.enter" />
			<Exit id="friends_list" target="friend_list.enter" />
			<Exit id="beginners" target="show_roadtrip_lobby_screen.enter" />
			<Exit id="social" target="show_roadtrip_lobby_screen.enter" />
			<Exit id="veteran" target="show_roadtrip_lobby_screen.enter" />
			<Exit id="pure_skill" target="show_roadtrip_lobby_screen.enter" />
			<Exit id="play_ground" target="show_roadtrip_lobby_screen.enter" />
			<Exit id="online_new_session" target="multiplayer_new_session_flow.enter" />
        </Node>   

        <Node id="xbox_live_error" state="UIShowScreens.ShowXboxLiveError">
            <Entry id="enter" />
            <Exit id="exit" target="enable_compressed_heap.enter" />
        </Node>   

		<Node id="friend_list" state="UIShowScreens.ShowFriendListScreen">
			<Entry id="enter" />
			<Exit id="exit" target="multiplayer_screen.enter"/>
			<Exit id="select" target="multiplayer_screen.enter"/>
			<Exit id="privateRoadtrip" target="show_roadtrip_lobby_screen.enter"/>
		</Node>
		
		<Node id="show_roadtrip_lobby_screen" state="show_roadtrip_lobby_screen">
			<Entry id="enter" />
			<Exit id="exit" target="multiplayer_screen.enter"/>
		</Node>
		
		<Node id="release_compressed_heap" state="global.disable_compressed_heap">
            <Entry id="enter" />
            <Exit id="exit" target=".exit" />
        </Node> 
		
		<Node id="return_to_free_roam_flow" state="return_to_free_roam_flow">
            <Entry id="enter" />
            <Exit id="exit" target=".exit" />
        </Node> 

		<Node id="multiplayer_new_session_flow" state="multiplayer_new_session_flow">
	      <Entry id="enter" />
    	  <Exit id="exit" target=".exit" />
	    </Node>		
    </State>
	
	<State id="show_roadtrip_lobby_screen">
		<Entry id="enter" target="set_audio.enter" />
		<Exit id="exit" />		
		
		<Node id="set_audio" state="Audio.to_lobby_or_title">
			<Entry id="enter" />
			<Exit id="exit" target="show_roadtrip_lobby_screen.enter" />
		</Node>
		
		<Node id="show_roadtrip_lobby_screen" state="UIShowScreens.ShowOnlineRoadtripLobbyScreen">
			<Entry id="enter" />
			<Exit id="exit" target=".exit"/>
			<Exit id="select_car" target="select_car_flow.enter"/>
		</Node>
		
		<Node id="select_car_flow" state="UIShowScreens.multiplayer_lobby_car_select">
            <Entry id="enter" />
            <Exit id="exit" target="show_roadtrip_lobby_screen.enter" />
			<Exit id="next" target="show_roadtrip_lobby_screen.enter" />
			<Exit id="special_item" target="rental_garage.enter" />
        </Node>
		
		<Node id="rental_garage" state="UIShowScreens.multiplayer_lobby_garage_rental_car_select">
            <Entry id="enter" />
            <Exit id="exit" target="select_car_flow.enter" />
			<Exit id="next" target="show_roadtrip_lobby_screen.enter" />
        </Node>
		
	</State>
	
	<State id="return_to_free_roam_flow">
		<Entry id="enter" target="release_compressed_heap.enter" />
		<Exit id="exit" />
		
		<Node id="release_compressed_heap" state="global.disable_compressed_heap">
            <Entry id="enter" />
            <Exit id="exit" target="load_into_free_roam.enter" />
        </Node> 
		
		<Node id="load_into_free_roam" state="global.load_into_free_roam">
            <Entry id="enter" />
            <Exit id="exit" target=".exit" />
        </Node>		
	</State>

	<State id="multiplayer_new_session_flow">
		<Entry id="enter" target="clear_events_car_and_sponsorship_settings.enter" />
		<Exit id="exit" />
		
		<Node id="clear_events_car_and_sponsorship_settings" state="clear_events_car_and_sponsorship_settings" >
		  <Entry id="enter" />
		  <Exit id="exit" target="is_in_multiplayer.enter" />
		</Node>
		
		<Node id="is_in_multiplayer" state="global.is_in_multiplayer">
		  <Entry id="enter" />
		  <Exit id="yes" target="quit_race_mp.enter" />
		  <Exit id="no" target="pause_game.enter" />
		</Node>
		
		<Node id="quit_race_mp" state="global.quit_race_mp" >
		  <Entry id="enter" />
		  <Exit id="exit" target="pause_game.enter" />
		</Node>
		
		<Node id="pause_game" state="global.pause_game" >
		  <Entry id="enter" />
		  <Exit id="exit" target="stop_car_immediately.enter" />
		</Node>
		
		<Node id="stop_car_immediately" state="global.stop_car_immediately" >
		  <Entry id="enter" />
		  <Exit id="exit" target="in_game_UI_enter.enter" />
		</Node>
		
		<Node id="in_game_UI_enter" state="InGameUI.enter" >
		  <Entry id="enter" />
		  <Exit id="exit" target="show_roadtrip_lobby_screen.enter" />
		</Node>
		
		<Node id="show_roadtrip_lobby_screen" state="show_roadtrip_lobby_screen">
		  <Entry id="enter" />
		  <Exit id="exit" target="in_game_UI_exit.enter"/>
		</Node>
		
		<Node id="in_game_UI_exit" state="InGameUI.exit" >
		  <Entry id="enter" />
		  <Exit id="exit" target=".exit" />
		</Node>
	</State>
	
	<State id="clear_events_car_and_sponsorship_settings">
		<Entry id="enter" target=".exit" />
		<Exit id="exit"/>
		<Behaviour id="CClearEventCarAndSponsorshipSettings" />
	</State>
	
</StateGroup>       
</StateGroup>       
</StateGroup>       
</StateGroup>       
