<StateGroup id="paintshop" >

    <!-- ================================================================ -->
    <!-- CUTSCENE PREPARE STATES -->
    <!-- ================================================================ -->
    <State id="prepare_pre_screen_cutscene_01">
        <Entry id="enter" target=".exit" />
        <Exit id="exit" />
        <Behaviour id="CPrepareCutscene" cutscene="paintshop_festival_transition" />
    </State>

    <State id="prepare_post_screen_cutscene">
        <Entry id="enter" target=".exit" />
        <Exit id="exit" />
        <Behaviour id="CPrepareCutscene" cutscene="paintshop_festival_outro" />
    </State>

    <State id="show_empty_screen_paintshop" >
      <Entry id="enter" target=".exit" />
      <Exit id="exit" />
      <Behaviour id="CShowEmptyScreen" >
        <Attribute id="resource_package" value="Paintshop" />
      </Behaviour>
    </State>

    <!-- ================================================================ -->
    <!-- CUTSCENE STATES -->
    <!-- ================================================================ -->
    <State id="pre_screen_camera_sequence">
        <Entry id="enter" target="show_empty_screen.enter" />
        <Exit id="exit" />

        <Node id="show_empty_screen" state="show_empty_screen_paintshop" >
            <Entry id="enter" />
            <Exit id="exit" target="prepare_cutscene_01.enter" />
        </Node>

        <Node id="prepare_cutscene_01" state="prepare_pre_screen_cutscene_01">
            <Entry id="enter" />
            <Exit id="exit" target="play_cutscene_01.enter" />
        </Node>
        
        <Node id="play_cutscene_01" state="global.play_current_camera_sequence">
            <Entry id="enter" />
            <Exit id="exit" target="wait_for_cutscene.enter" />
        </Node>
        
        <Node id="wait_for_cutscene" state="global.wait_for_cutscene_countdown">
            <Entry id="enter" />
            <Exit id="exit" target=".exit" />
        </Node>
    </State>

    <State id="cutscene_post_reload_car">
        <Entry id="enter" target="prepare_cutscene_01.enter" />
        <Exit id="exit" />

        <Node id="prepare_cutscene_01" state="prepare_pre_screen_cutscene_01">
            <Entry id="enter" />
            <Exit id="exit" target="show_empty_screen.enter" />
        </Node>
		
        <node id="show_empty_screen" state="global.show_empty_screen">
            <Entry id="enter" />
            <Exit id="exit" target="play_cutscene_01.enter" />
        </node>

        <Node id="play_cutscene_01" state="global.play_current_camera_sequence">
            <Entry id="enter" />
            <Exit id="exit" target="wait_for_cutscene.enter" />
        </Node>

        <Node id="wait_for_cutscene" state="global.wait_for_cutscene_countdown">
            <Entry id="enter" />
            <Exit id="exit" target=".exit" />
        </Node>
    </State>

    <State id="post_screen_camera_sequence">
        <Entry id="enter" target="prepare_cutscene.enter" />
        <Exit id="exit" />

        <Node id="prepare_cutscene" state="prepare_post_screen_cutscene">
            <Entry id="enter" />
            <Exit id="exit" target="prepare_cutscene_black_out.enter" />
        </Node>

        <Node id="prepare_cutscene_black_out" state="global.black_out">
            <Entry id="enter" />
            <Exit id="exit" target="set_audio_exterior_freeroam.enter" />
        </Node>
		
		<Node id="set_audio_exterior_freeroam" state="Audio.exterior_freeroam">
			<Entry id="enter" />
			<Exit id="exit" target="show_empty_screen.enter" />
		</Node>	 		

        <Node id="show_empty_screen" state="global.show_empty_screen" >
            <Entry id="enter" />
            <Exit id="exit" target="play_cutscene.enter" />
        </Node>

        <Node id="play_cutscene" state="global.play_current_camera_sequence_and_wait">
            <Entry id="enter" />
            <Exit id="exit" target="reset_camera.enter" />
        </Node>

        <Node id="reset_camera" state="global.reset_camera_to_player" >
            <Entry id="enter" />
            <Exit id="exit" target=".exit" />
        </Node>
    </State>


  <!-- ================================================================ -->
  <!-- SCREEN STATES -->
  <!-- ================================================================ -->
  <State id="paintshop_screen" >
    <Entry id="enter" />
    <Entry id="back" />
    <Exit id="exit" />
    <Exit id="changeCar" />
    <!--DESIGN CREATOR MERGED WITH PAINTSHOP<Exit id="designCreator" />-->
    <Exit id="loadDesign" />
    <Exit id="designStorefront" />
    <Behaviour id="CShowPaintshopScreen" >
      <Attribute id="resource_package" value="Paintshop" />
      <EntryFlag id="ifEnterBack" entry="back" />
      <Transition id="onDone" target=".exit" />
      <Transition id="onChangeCar" target=".changeCar" />
      <!--DESIGN CREATOR MERGED WITH PAINTSHOP<Transition id="onDesignCreator" target=".designCreator" />-->
      <Transition id="onLoadDesign" target=".loadDesign" />
      <Transition id="onDesignStorefront" target=".designStorefront" />
    </Behaviour>
  </State>
  <State id="paintshop_screen_int" >
    <Entry id="enter" />
    <Entry id="back" />
    <Exit id="exit" />
    <Exit id="changeCar" />
    <!--DESIGN CREATOR MERGED WITH PAINTSHOP<Exit id="designCreator" />-->
    <Exit id="loadDesign" />
    <Exit id="designStorefront" />
    <Behaviour id="CShowPaintshopScreen" >
      <Attribute id="resource_package" value="PaintshopInt" />
      <EntryFlag id="ifEnterBack" entry="back" />
      <Transition id="onDone" target=".exit" />
      <Transition id="onChangeCar" target=".changeCar" />
      <!--DESIGN CREATOR MERGED WITH PAINTSHOP <Transition id="onDesignCreator" target=".designCreator" />-->
      <Transition id="onLoadDesign" target=".loadDesign" />
      <Transition id="onDesignStorefront" target=".designStorefront" />
    </Behaviour>
  </State>

  <!-- DESIGN CREATOR MERGED WITH PAINTSHOP
  <State id="show_designCreator_screen" >
    <Entry id="enter" />
    <Exit id="exit" />
    <Behaviour id="CShowPaintScreen" >
        <Attribute id="resource_package" value="PaintshopInt" />
      <Transition id="onDone" target=".exit" />
    </Behaviour>
  </State>
  -->

  <State id="show_loadDesign_screen" >
    <Entry id="enter" />
    <Exit id="exit" />
    <Behaviour id="CShowLoadDesignScreen" >
      <Attribute id="resource_package" value="PaintshopInt" />
      <Transition id="onDone" target=".exit" />
    </Behaviour>
  </State>

  <State id="flow">
    <Entry id="enter" target="paintshop_exterior.enter"/>
    <Entry id="enterDirectToInt" target="paintshopIntPrepare.enter" />
    <Entry id="enterDirectToIntFromWorkshop" target="from_workshop.enter" />
    <Entry id="enterDirectToIntFromAutoshow" target="from_autoshow.enter" />
    <Exit id="exit" />

    <Behaviour id="CInPaintshop" />

      <Node id="from_autoshow" state="loading_screen_to_functional_location">
          <Entry id="enter"/>
          <Exit id="exit" target="refreshUICar.enter"/>
      </Node>
      <Node id="refreshUICar" state="InGameUI.refresh_ui_car">
          <Entry id="enter" />
          <Exit id="exit" target="from_workshop_load.enter" />
      </Node>

    <Node id="from_workshop" state="loading_screen_to_functional_location">
      <Entry id="enter"/>
      <Exit id="exit" target="from_workshop_load.enter"/>
    </Node>
    <Node id="from_workshop_load" state="InGameUI.load_homespace_livery_editor">
      <Entry id="enter"/>
      <Exit id="exit" target="paintshop.enter"/>
    </Node>

    <Node id="paintshop_exterior" state="paintshop_screen" >
      <Entry id="enter" />
      <Entry id="back" />
      <Exit id="exit" target=".exit" />
      <Exit id="changeCar" target="changeCar_exterior.enter" />
      <!--DESIGN CREATOR MERGED WITH PAINTSHOP<Exit id="designCreator" target="designCreatorPrepare.enter" />-->
      <Exit id="loadDesign" target="loadDesignPrepare.enter" />
      <Exit id="designStorefront" target="designStorefrontPrepare.enter" />
    </Node>

    <Node id="changeCar_exterior" state="InGameUI.changeCar_exterior_flow">
      <Entry id="enter" />
      <Exit id="exit" target="paintshop_exterior.back" />
      <Exit id="exitReload" target="paintshop_exterior.back" />
      <Exit id="viewCar" target="viewCarFromChangeCarPrepare.enter" />
    </Node>

    <!--DESIGN CREATOR MERGED WITH PAINTSHOP
    <Node id="designCreatorPrepare" state="loadPaintshopInterior" >
      <Entry id="enter" />
      <Exit id="exit" target="designCreator.enter" />
    </Node>
    -->

    <Node id="loadDesignPrepare" state="loadPaintshopInterior" >
      <Entry id="enter" />
      <Exit id="exit" target="loadDesign.enter" />
    </Node>

    <Node id="designStorefrontPrepare" state="loadPaintshopInterior" >
      <Entry id="enter" />
      <Exit id="exit" target="designStorefront.enter" />
    </Node>
    
    <Node id="paintshopIntPrepare" state="loadPaintshopInterior" >
      <Entry id="enter" />
      <Exit id="exit" target="paintshop.enter" />
    </Node>

    <Node id="paintshop" state="paintshop_screen_int" >
      <Entry id="enter" />
      <Entry id="back" />
      <Exit id="exit" target=".exit" />
      <Exit id="changeCar" target="changeCar.enter" />
      <!--DESIGN CREATOR MERGED WITH PAINTSHOP<Exit id="designCreator" target="designCreator.enter" />-->
      <Exit id="loadDesign" target="loadDesign.enter" />
      <Exit id="designStorefront" target="designStorefront.enter" />
    </Node>

    <Node id="changeCar" state="InGameUI.changeCar_interior_flow">
      <Entry id="enter" />
      <Entry id="back" />
      <Exit id="exit" target="paintshop.back" />
      <Exit id="viewCar" target="viewCarFromChangeCar.enter" />
    </Node>

    <Node id="viewCarFromChangeCarPrepare" state="loadPaintshopInterior" >
      <Entry id="enter" />
      <Exit id="exit" target="viewCarFromChangeCar.enter" />
    </Node>
    
    <Node id="viewCarFromChangeCar" state="UIShowScreens.ShowViewCarScreen">
      <Entry id="enter" />
      <Exit id="exit" target="changeCar.back" />
    </Node>

    <!--DESIGN CREATOR MERGED WITH PAINTSHOP
    <Node id="designCreator" state="show_designCreator_screen" >
      <Entry id="enter" />
      <Exit id="exit" target="paintshop.back" />
    </Node>
    -->

    <Node id="loadDesign" state="show_loadDesign_screen" >
      <Entry id="enter" />
      <Exit id="exit" target="paintshop.back" />
    </Node>

    <Node id="designStorefront" state="UIShowScreens.show_designStorefront_screen" >
      <Entry id="enter" />
      <Exit id="exit" target="paintshop.back" />
      <Exit id="myStorefront" target="photo_my_storefront.enter" />
    </Node>

    <Node id="photo_my_storefront" state="UIShowScreens.show_myStorefront_screen">
      <Entry id="enter" />
      <Exit id="exit" target="designStorefront.enter" />
      <Exit id="disconnected" target="paintshop.back" />
    </Node>
    
  </State>

    <State id="loading_screen_to_functional_location" >
        <Entry id="enter" target=".exit" />
        <Exit id="exit" />
        <Behaviour id="CShowLoadingScreen" >
            <Attribute id="tip_group" value="paintshop" />
        </Behaviour>
    </State>

  <State id="root">
      <Entry id="enter" target="enter.enter" />
      <Exit id="exit" />
      <StateSubstitute state="InGameUI.cutscene_enter_activity" substitute="pre_screen_camera_sequence" />
      <StateSubstitute state="InGameUI.cutscene_exit_activity" substitute="post_screen_camera_sequence" />
      <StateSubstitute state="InGameUI.cutscene_post_reload_car" substitute="cutscene_post_reload_car" />
      <StateSubstitute state="InGameUI.loading_screen_to_functional_location" substitute="loading_screen_to_functional_location" />

      <!-- While in the whole of this state we need game control -->
      <Behaviour id="CGameControlWrapper" />

      <Node id="enter" state="InGameUI.enter">
        <Entry id="enter" />
        <Exit id="exit" target="main_menu.enter" />
      </Node>
      <Node id="main_menu" state="flow">
        <Entry id="enter" />
        <Exit id="exit" target="exit.enter" />
      </Node>
      <Node id="exit" state="InGameUI.exit">
        <Entry id="enter" />
        <Exit id="exit" target="should_show_car_challenge_video.enter" />
      </Node>
    
      <Node id="should_show_car_challenge_video" state="global.should_show_car_challenge_intro">
        <Entry id="enter" />
        <Exit id="yes" target="show_car_challenge_video.enter" />
        <Exit id="no" target=".exit" />
      </Node>

      <Node id="show_car_challenge_video" state="car_challenges.video">
        <Entry id="enter" />
        <Exit id="exit" target=".exit" />
      </Node>
  </State>


  <State id="rootmultiplayer">
    <Entry id="enter" target="enter.enter" />
    <Exit id="exit" />

      <StateSubstitute state="InGameUI.cutscene_enter_activity" substitute="pre_screen_camera_sequence" />
      <StateSubstitute state="InGameUI.cutscene_exit_activity" substitute="post_screen_camera_sequence" />
      <StateSubstitute state="InGameUI.cutscene_post_reload_car" substitute="cutscene_post_reload_car" />
      <StateSubstitute state="InGameUI.loading_screen_to_functional_location" substitute="loading_screen_to_functional_location" />

      <Behaviour id="CGameControlWrapper" />

    <Node id="enter" state="InGameUI.enter">
      <Entry id="enter" />
      <Exit id="exit" target="main_menu.enter" />
    </Node>
    <Node id="main_menu" state="InGameUI.changeCar_exterior_flow">
      <Entry id="enter" />
      <Exit id="exit" target="exit.enter" />
      <Exit id="exitReload" target="exit.enter" />
      <Exit id="viewCar" target="exit.enter" />
    </Node>
    <Node id="exit" state="InGameUI.exit">
      <Entry id="enter" />
      <Exit id="exit" target=".exit" />
    </Node>
  </State>

  <!-- ================================================================ -->
  <!-- Load Paintshop Interior Flow   -->
  <!-- ================================================================ -->
  <State id="loadPaintshopInterior" >
    <Entry id="enter" target="showPaintshopInterior.enter"/>
    <Exit id="exit" />

    <Node id="showPaintshopInterior" state="InGameUI.show_homespace_livery_editor" >
      <Entry id="enter" />
      <Exit id="exit" target=".exit" />
    </Node>

  </State>

</StateGroup>
te>

</StateGroup>
te>

</StateGroup>
te>

</StateGroup>
