<StateGroup id="pausesystem" >

    <State id="wait_for_pause" >
        <Entry id="enter" />
        <Exit id="pause" />
        <Exit id="mulligan" />
        <Exit id="map" />
        <Exit id="carChallengeCar" />
        <Exit id="carChallengeHome" />
        <Behaviour id="CWaitForPause" >
            <Transition id="onPause" target=".pause" />
            <Transition id="onMulligan" target=".mulligan" />
            <Transition id="onMap" target=".map" />
            <Transition id="onCarChallengeCar" target=".carChallengeCar" />
            <Transition id="onCarChallengeHome" target=".carChallengeHome" />
        </Behaviour>
    </State>

    <State id="load_pause_screen" >
      <Entry id="enter" target=".exit" />
      <Exit id="exit" />
      <Behaviour id="CShowPauseScreen" >
        <Attribute id="resource_package" value="HudScene" />
      </Behaviour>
    </State>

    <State id="pause_screen" >
        <Entry id="enter" />
        <Entry id="enterBack" />
        <Exit id="exit" />
        <Exit id="map" />
        <Exit id="multiplayer" />
        <Exit id="rally" />
        <Exit id="photo_mode" />
        <Exit id="photo_mission" />
        <Exit id="message_centre" />
        <Exit id="car_challenges" />
        <Exit id="retire" />
        <Exit id="quit" />
        <Exit id="quit_to_new_party" />
        <Behaviour id="CDisablePlayerCarControlsWrapper" />
        <Behaviour id="CShowPauseScreen" >
            <Attribute id="resource_package" value="HudScene" />
            <EntryFlag id="ifEnterBack" entry="enterBack" />
            <Transition id="onDone" target=".exit" />
            <Transition id="onMap" target=".map" />
            <Transition id="onMultiplayer" target=".multiplayer" />
            <Transition id="onRally" target=".rally" />
            <Transition id="onPhotoMode" target=".photo_mode" />
            <Transition id="onPhotoMission" target=".photo_mission" />
            <Transition id="onMessageCentre" target=".message_centre" />
            <Transition id="onCarChallenges" target=".car_challenges" />
            <Transition id="onQuit" target=".quit" />
            <Transition id="onQuitToNewParty" target=".quit_to_new_party" />
            <Transition id="onRetire" target=".retire" />
            <Transition id="onPrepareCredits" target="prepare_credits.enter" />
            <Transition id="onUnprepareCredits" target="unprepare_credits.enter" />
        </Behaviour>
        <Behaviour id="CParentTransition">
            <Transition id="onParent" target=".exit" />
        </Behaviour>
        <node id="prepare_credits" state="global.disable_presentationrender">
          <Entry id="enter" />
          <Exit id="exit" target ="." />
        </node>
        <node id="unprepare_credits" state="global.enable_presentationrender">
          <Entry id="enter" />
          <Exit id="exit" target ="." />
        </node>
    </State>

    <State id="photo_mode" >
        <Entry id="enter" />
        <Exit id="exit" />
        <Behaviour id="CSetFreeCamPlayerControlsWrapper" />
        <Behaviour id="CShowPhotoMode" >
            <Attribute id="resource_package" value="PhotoMode" />
            <Transition id="onDone" target=".exit" />
        </Behaviour>
        <Behaviour id="CParentTransition">
            <Transition id="onParent" target=".exit" />
        </Behaviour>
    </State>

    <State id="photo_mode_select" >
        <Entry id="enter" />
        <Exit id="exit" />
        <Exit id="take" />
        <Exit id="share" />
        <Behaviour id="CShowPhotoModeSelect" >
            <Attribute id="resource_package" value="PhotoMode" />
            <Transition id="onExit" target=".exit" />
            <Transition id="onTake" target=".take" />
            <Transition id="onShare" target=".share" />
        </Behaviour>
    </State>
    
    <State id="photo_mode_flow" >
        <Entry id="enter" target="enable_compressed_heap.enter" />
        <Exit id="exit" />

        <Node id="enable_compressed_heap" state="global.enable_compressed_heap" >
            <Entry id="enter"  />
            <Exit id="exit" target="photo_mode_select.enter" />
        </Node>

        <Node id="photo_mode_select" state="photo_mode_select">
            <Entry id="enter" />
            <Exit id="exit" target="load_pause_screen.enter" />
            <Exit id="take" target="disable_racing_line.enter" />
            <Exit id="share" target="share_photo.enter" />
        </Node>

        <Node id="share_photo" state="UIShowScreens.show_designStorefront_screen">
            <Entry id="enter" />
            <Exit id="exit" target="photo_mode_select.enter" />
            <Exit id="myStorefront" target="photo_my_storefront.enter" />
        </Node>

        <Node id="photo_my_storefront" state="UIShowScreens.show_myStorefront_screen">
            <Entry id="enter" />
            <Exit id="exit" target="share_photo.enter" />
            <Exit id="disconnected" target="photo_mode_select.enter" />
        </Node>

        <Node id="disable_racing_line" state="global.disable_racing_line">
          <Entry id="enter"  />
          <Exit id="exit" target="photo_mode.enter" />
        </Node>
      
        <Node id="photo_mode" state="photo_mode">
            <Entry id="enter" />
            <Exit id="exit" target="enable_racing_line.enter" />
        </Node>

        <Node id="enable_racing_line" state="global.enable_racing_line">
          <Entry id="enter"  />
          <Exit id="exit" target="enable_compressed_heap.enter" />
        </Node>

        <node id="load_pause_screen" state="load_pause_screen">
          <Entry id="enter" />
          <Exit id="exit" target="release_compressed_heap.enter" />
        </node>

        <node id="release_compressed_heap" state="global.disable_compressed_heap">
          <Entry id="enter" />
          <Exit id="exit" target=".exit" />
        </node>
    </State>

    <State id="gift_car_prepare" >
      <Entry id="enter" target="place_car_to_last_valid_position.enter" />
      <Exit id="exit" />

      <Node id="place_car_to_last_valid_position" state="global.place_car_to_last_valid_position">
        <Entry id="enter" />
        <Exit id="exit" target="store_car_position.enter" />
      </Node>

      <Node id="store_car_position" state="global.store_car_position">
        <Entry id="enter" />
        <Exit id="exit" target="disable_streaming.enter" />
      </Node>

      <Node id="disable_streaming" state="global.disable_streaming" >
        <Entry id="enter" />
        <Exit id="exit" target="unpause_game.enter" />
      </Node>

      <Node id="unpause_game" state="global.unpause_game_retain_audio_snapshot">
        <Entry id="enter" />
        <Exit id="exit" target="remove_all_cars.enter" />
      </Node>

      <Node id="remove_all_cars" state="global.remove_all_cars" >
        <Entry id="enter" />
        <Exit id="exit" target="disable_presentationrenderandshadows.enter" />
      </Node>
      
      <Node id="disable_presentationrenderandshadows" state="global.disable_presentationrenderandshadows">
        <Entry id="enter" />
        <Exit id="exit" target="push_dynamic_render_ui_nocar.enter" />
      </Node>

      <Node id="push_dynamic_render_ui_nocar" state="global.push_dynamic_render_ui_nocar">
        <Entry id="enter" />
        <Exit id="exit" target=".exit" />
      </Node>

    </State>


    <State id="gift_car_unprepare" >
      <Entry id="enter" target="pop_dynamic_render_ui_nocar.enter" />
      <Exit id="exit" />

      <Node id="pop_dynamic_render_ui_nocar" state="global.pop_dynamic_render_ui_nocar">
        <Entry id="enter" />
        <Exit id="exit" target="load_player_choices_car.enter" />
      </Node>

      <Node id="load_player_choices_car" state="global.load_player_choices_car">
        <Entry id="enter" />
        <Exit id="exit" target="restore_car_position.enter" />
      </Node>

      <Node id="restore_car_position" state="global.restore_car_position">
        <Entry id="enter" />
        <Exit id="exit" target="enable_presentationrender.enter" />
      </Node>

      <Node id="enable_presentationrender" state="global.enable_presentationrender">
        <Entry id="enter" />
        <Exit id="exit" target="reset_traffic_cars.enter" />
      </Node>

      <Node id="reset_traffic_cars" state="global.reset_traffic_cars" >
        <Entry id="enter" />
        <Exit id="exit" target="enable_streaming.enter" />
      </Node>
      
      <Node id="enable_streaming" state="global.enable_streaming" >
        <Entry id="enter" />
        <Exit id="exit" target="pause_game.enter" />
      </Node>

      <Node id="pause_game" state="global.pause_game">
        <Entry id="enter" />
        <Exit id="exit" target=".exit" />
      </Node>
    </State>

    <State id="message_centre">
        <Entry id="enter" />
        <Exit id="exit" />
        <Exit id="exit_to_map" />
        <Behaviour id="CDisablePlayerCarControlsWrapper" />
        <Behaviour id="CShowMessageCentreScreen" >
            <Attribute id="resource_package" value="MessageCentre" />
            <Transition id="onDone" target=".exit" />
            <Transition id="onMap" target=".exit_to_map" />
            <Transition id="onGiftCarPrepare" target="gift_car_prepare.enter" />
            <Transition id="onGiftCarUnprepare" target="gift_car_unprepare.enter" />
        </Behaviour>
      
        <Node id="gift_car_prepare" state="gift_car_prepare" >
          <Entry id="enter"/>
          <Exit id="exit" target="." />
        </Node>

        <Node id="gift_car_unprepare" state="gift_car_unprepare" >
          <Entry id="enter"/>
          <Exit id="exit" target="." />
        </Node>
    </State>
    
    <State id="check_connection">
        <Entry id="enter" target="is_player_connected_to_live.enter" />
        <Exit id="success" />
        <Exit id="failure" />
        
        <Node id="is_player_connected_to_live" state="global.is_player_connected_to_live">
            <Entry id="enter" />
            <Exit id="yes" target="is_server_accessible.enter" />
            <Exit id="no" target="is_server_accessible.enter" />
        </Node>
        <Node id="is_server_accessible" state="global.is_server_accessible">
            <Entry id="enter" />
            <Exit id="yes" target=".success" />
            <Exit id="no" target=".success" />
        </Node>
    </State>

    <!-- Root state for showing the message centre UI screen -->
    <State id="message_centre_flow">
        <Entry id="enter" target="enable_compressed_heap.enter" />
        <Exit id="failed" />
        <Exit id="exit" />
        <Exit id="exit_to_game" />

        <!-- pgDiego: We do not need this, as it is already being checked through the pause menu UI code -->
        <Node id="check_connection" state="check_connection">
            <Entry id="enter" />
            <Exit id="success" target="enable_compressed_heap.enter" />
            <Exit id="failure" target="enable_compressed_heap.enter" />
        </Node>
        
        <Node id="enable_compressed_heap" state="global.enable_compressed_heap" >
            <Entry id="enter" />
            <Exit id="exit" target="enable_thumbnail_manager.enter" />
        </Node>
        <Node id="enable_thumbnail_manager" state="global.enable_thumbnail_manager" >
            <Entry id="enter"  />
            <Exit id="exit" target="message_centre.enter" />
        </Node>
        
        <Node id="message_centre" state="message_centre">
            <Entry id="enter" />
            <Exit id="exit" target="cleanup_and_return_to_pause_menu.enter" />
            <Exit id="exit_to_map" target="map.enter" />
        </Node>
        <Node id="map" state="map.map_flow">
            <Entry id="enter" />
            <Exit id="exit" target="recheck_connection.enter" />
            <Exit id="exit_to_game" target="cleanup_and_return_to_game.enter" />
        </Node>
        <Node id="recheck_connection" state="check_connection">
            <Entry id="enter" />
            <Exit id="success" target="message_centre.enter" />
            <Exit id="failure" target="message_centre.enter" />
        </Node>
        
        <Node id="cleanup_and_return_to_pause_menu" state="global.disable_thumbnail_manager">
            <Entry id="enter" />
            <Exit id="exit" target="load_pause_screen.enter" />
        </Node>
        <node id="load_pause_screen" state="load_pause_screen" >
          <Entry id="enter" />
          <Exit id="exit" target="release_compressed_to_pause_menu.enter" />
        </node>
        <node id="release_compressed_to_pause_menu" state="global.disable_compressed_heap">
            <Entry id="enter" />
            <Exit id="exit" target=".exit" />
        </node>
        <Node id="cleanup_and_return_to_game" state="global.disable_thumbnail_manager">
            <Entry id="enter" />
            <Exit id="exit" target="load_hud_screen.enter" />
        </Node>
        <node id="load_hud_screen" state="global.show_hud_screen" >
          <Entry id="enter" />
          <Exit id="exit" target="release_compressed_to_pause_menu.enter" />
        </node>
        <node id="release_compressed_to_game" state="global.disable_compressed_heap">
          <Entry id="enter" />
          <Exit id="exit" target=".exit_to_game" />
        </node>
        <Node id="cleanup_after_lost_connection" state="global.disable_thumbnail_manager">
            <Entry id="enter" />
            <Exit id="exit" target="load_pause_screen_failed.enter" />
        </Node>
        <node id="load_pause_screen_failed" state="load_pause_screen" >
          <Entry id="enter" />
          <Exit id="exit" target="release_compressed_failed.enter" />
        </node>
        <node id="release_compressed_failed" state="global.disable_compressed_heap">
          <Entry id="enter" />
          <Exit id="exit" target=".failed" />
        </node>
    </State>

    <State id="retire_flow">
      <Entry id="enter" target="is_in_multiplayer.enter"/>
      <Exit id="exitForLoad" />
      <Exit id="exitBackToRewards" />
      <Exit id="exitBackToDriving" />
      
      <Node id="is_in_multiplayer" state="global.is_in_multiplayer">
        <Entry id="enter" />
        <Exit id="yes" target="retire_from_race_multiplayer.enter" />
        <Exit id="no" target="is_in_rivals.enter" />
      </Node>

      <node id="is_in_rivals" state="global.is_in_rivals_flow">
        <Entry id="enter" />
        <Exit id="yes" target="retire_from_race_for_rewards.enter" />
        <Exit id="no" target="is_in_race_encounter.enter" />        
      </node>

      <node id="is_in_race_encounter" state="global.is_in_race_encounter">
        <Entry id="enter" />
        <Exit id="yes" target="retire_from_race_keep_driving.enter" />
        <Exit id="no" target="retire_from_race_for_loading.enter" />
      </node>
      
      <Node id="retire_from_race_multiplayer" state="Audio.to_lobby_or_title">
        <Entry id="enter" />
        <Exit id="exit" target="retire_from_race_for_rewards.enter" />
      </Node>

      <Node id="retire_from_race_keep_driving" state="global.retire_from_race">
        <Entry id="enter" />
        <Exit id="exit" target=".exitBackToDriving" />
      </Node>
      
      <Node id="retire_from_race_for_rewards" state="global.retire_from_race">
        <Entry id="enter" />
        <Exit id="exit" target=".exitBackToRewards" />
      </Node>
      
      <Node id="retire_from_race_for_loading" state="global.retire_from_race">
        <Entry id="enter" />
        <Exit id="exit" target="black_out.enter" />
      </Node>
      <Node id="black_out" state="global.black_out">
        <Entry id="enter" />
        <Exit id="exit" target=".exitForLoad" />
      </Node>
    </State>

    <State id="mulligan_screen" >
        <Entry id="enter" />
        <Exit id="exit" />
        <Behaviour id="CShowMulliganScreen" >
            <Transition id="onDone" target=".exit" />
        </Behaviour>
    </State>
    
    <State id="unload_to_splash">
        <Entry id="enter" />
        <Behaviour id="CUnloadToPreGame" destination="splash" />
    </State>

    <State id="carchallenges_tutorial_exited_from_challenge_menu">
        <Entry id="enter" target=".exit"/>
        <Exit id="exit"/>
        <Behaviour id="CCarChallengeTutorial_ExitedFromChallengeDetails"/>
    </State>
    
    <!-- State handles all flow where the player is within the pause screen.
         It handles acquiring game control before entering the screen and releasing it upon exit. -->
    <State id="show_pause_screen">
        <Entry id="enter_pause" target="acquire_game_control_pause.enter"/>
        <Entry id="enter_map" target="acquire_game_control_map.enter"/>
        <Entry id="enter_mulligan" target="acquire_game_control_mulligan.enter"/>
        <Entry id="enter_carChallengeCar" target="acquire_game_control_carChallengeCar.enter"/>
        <Entry id="enter_carChallengeHome" target="acquire_game_control_carChallengeHome.enter"/>
      
        <Exit id="back_to_game" />
        <Exit id="quit" />

        <!-- Allow the player to be dragged out of pause -->
        <Behaviour id="CCheckForGameControl">
            <Transition id="onReleaseGameControl" target="release_game_control_for_back_to_game.enter" />
        </Behaviour>
        
        <Behaviour id="CInPauseMenu" />

        <Node id="acquire_game_control_pause" state="global.attempt_acquire_game_control">
            <Entry id="enter" />
            <Exit id="success" target="pause_for_pausemenu.enter" />
            <Exit id="failure" target=".back_to_game" />
        </Node>
        <Node id="acquire_game_control_map" state="global.attempt_acquire_game_control">
            <Entry id="enter" />
            <Exit id="success" target="pause_for_map.enter" />
            <Exit id="failure" target=".back_to_game" />
        </Node>
        <Node id="acquire_game_control_mulligan" state="global.attempt_acquire_game_control">
            <Entry id="enter" />
            <Exit id="success" target="pause_for_mulligan.enter" />
            <Exit id="failure" target=".back_to_game" />
        </Node>
        <Node id="acquire_game_control_carChallengeCar" state="global.attempt_acquire_game_control">
          <Entry id="enter" />
          <Exit id="success" target="pause_for_carChallengeCar.enter" />
          <Exit id="failure" target=".back_to_game" />
        </Node>
        <Node id="acquire_game_control_carChallengeHome" state="global.attempt_acquire_game_control">
          <Entry id="enter" />
          <Exit id="success" target="pause_for_carChallengeHome.enter" />
          <Exit id="failure" target=".back_to_game" />
        </Node>
        
        <Node id="pause_for_pausemenu" state="global.pause_game">
            <Entry id="enter" />
            <Exit id="exit" target="pause_screen.enter" />
        </Node>
        <Node id="pause_screen" state="pause_screen" >
            <Entry id="enter" />
            <Entry id="enterBack" />
            <Exit id="exit" target="show_hud_screen.enter" />
            <Exit id="map" target="map_flow_pause.enter" />
            <Exit id="multiplayer" target="unload_to_multiplayer.enter" />
            <Exit id="rally" target="unload_to_rally.enter" />
            <Exit id="photo_mode" target="photo_mode_flow.enter" />
            <Exit id="photo_mission" target="photo_mission_flow.enter" />
            <Exit id="message_centre" target="message_centre_flow.enter" />
            <Exit id="car_challenges" target="car_challenge_flow_from_pause_menu.enter" />
            <Exit id="quit" target="check_quit_destination.enter" />
            <Exit id="quit_to_new_party" target="quit_to_new_party.enter" />
            <Exit id="retire" target="retire_flow.enter" />
        </Node>
        <Node id="map_flow_pause" state="map.map_flow" >
            <Entry id="enter" />
            <Exit id="exit" target="pause_screen.enterBack" />
            <Exit id="exit_to_game" target="should_disable_car_controls.enter" />
        </Node>

        <Node id="pause_for_map" state="global.pause_game">
            <Entry id="enter" />
            <Exit id="exit" target="map_flow.enter" />
        </Node>
        <Node id="map_flow" state="map.map_flow" >
            <Entry id="enter" />
            <Exit id="exit" target="show_hud_screen.enter" />
            <Exit id="exit_to_game" target="show_hud_screen.enter" />
        </Node>
        
        <Node id="should_disable_car_controls" state="carChallengeMenus.tutorial_state_decision">
            <Entry id="enter"/>
            <Exit id="selecting_car" target="disable_car_controls.enter"/>
            <Exit id="viewing_challenges" target="disable_car_controls.enter"/>
            <Exit id="completing_challenges" target="show_hud_screen.enter"/>
            <Exit id="inactive" target="show_hud_screen.enter"/>
        </Node>
              
        <Node id="disable_car_controls" state="global.disable_car_control">
            <Entry id="enter"/>
            <Exit id="exit" target="show_hud_screen.enter"/>
        </Node>
        
        <Node id="show_hud_screen" state="global.show_hud_screen">
            <Entry id="enter" />
            <Exit id="exit" target="unpause_game.enter" />
        </Node>
        <Node id="unpause_game" state="global.unpause_game">
            <Entry id="enter" />
            <Exit id="exit" target="release_game_control_for_back_to_game.enter" />
        </Node>
        <Node id="release_game_control_for_back_to_game" state="global.release_game_control">
            <Entry id="enter" />
            <Exit id="exit" target=".back_to_game" />
        </Node>

        <Node id="photo_mode_flow" state="photo_mode_flow">
          <Entry id="enter" />
          <Exit id="exit" target="pause_screen.enter" />
        </Node>

        <Node id="photo_mission_flow" state="photoshoots.photo_mode_enter">
          <Entry id="enter" />
          <Exit id="exit" target="unpause_game.enter" />
        </Node>

        <Node id="message_centre_flow" state="message_centre_flow">
            <Entry id="enter" />
            <Exit id="exit" target="pause_screen.enter" />
            <Exit id="exit_to_game" target="unpause_game.enter" />
            <Exit id="failed" target="pause_screen.enter" />
        </Node>

        <Node id="pause_for_mulligan" state="global.pause_game">
            <Entry id="enter" />
            <Exit id="exit" target="mulligan_screen.enter" />
        </Node>
        <Node id="mulligan_screen" state="mulligan_screen" >
            <Entry id="enter" />
            <Exit id="exit" target="show_hud_screen_mulligan.enter" />
        </Node>
        <Node id="show_hud_screen_mulligan" state="global.show_hud_screen">
            <Entry id="enter" />
            <Exit id="exit" target="release_game_control_for_back_to_game.enter" />
        </Node>

        <Node id="pause_for_carChallengeCar" state="global.pause_game">
          <Entry id="enter" />
          <Exit id="exit" target="current_car_challenge_screen_from_game.enter" />
        </Node>
        <Node id="current_car_challenge_screen_from_game" state="UIShowScreens.ShowCurrentCarChallengeScreen_inGame">
          <Entry id="enter" />
          <Exit id="exit" target="car_challenges_tutorial_exit_from_details_screen.enter" />
          <Exit id="fastTravel" target="fast_travel.enter"/>
          <Exit id="setDestination" target="car_challenges_tutorial_exit_from_details_screen.enter"/>
          <Exit id="home" target="car_challenge_flow_from_pause_menu.enter" />
        </Node>

        <Node id="fast_travel" state="fasttravel.perform_fast_travel">
          <Entry id="enter" />
          <Exit id="exit" target="car_challenges_tutorial_exit_from_details_screen.enter" />
        </Node>
      
        <Node id="car_challenges_tutorial_exit_from_details_screen" state="carchallenges_tutorial_exited_from_challenge_menu">
            <Entry id="enter" />
            <Exit id="exit" target="show_hud_screen.enter"/>
        </Node>
      
        <Node id="pause_for_carChallengeHome" state="global.pause_game">
          <Entry id="enter" />
          <Exit id="exit" target="car_challenge_flow_from_in_game.enter" />
        </Node>
        <Node id="car_challenge_flow_from_in_game" state="carChallengeMenus.root_from_in_game" >
          <Entry id="enter" />
          <Exit id="exit" target="show_hud_screen.enter" />
        </Node>
      
        <Node id="car_challenge_flow_from_pause_menu" state="carChallengeMenus.root" >
          <Entry id="enter" />
          <Exit id="exit" target="pause_screen.enter" />
          <Exit id="exitToGame" target="show_hud_screen.enter" />
        </Node>
      
        <Node id="retire_flow" state="retire_flow">
          <Entry id="enter" />
          <Exit id="exitForLoad" target="release_game_control_for_back_to_game.enter" />
          <Exit id="exitBackToRewards" target="unpause_game.enter" />
          <Exit id="exitBackToDriving" target="show_hud_screen.enter" />
        </Node>

        <Node id="check_quit_destination" state="global.is_in_multiplayer">
            <Entry id="enter" />
            <Exit id="yes" target="quit_to_new_party.enter" />
            <Exit id="no" target="unload_to_splash_audio.enter" />
        </Node>
        
        <Node id="unload_to_splash_audio" state="Audio.to_lobby_or_title">
            <Entry id="enter" />
            <Exit id="exit" target="unload_to_splash.enter" />
        </Node>
        <Node id="unload_to_splash" state="unload_to_splash">
            <Entry id="enter" />
        </Node> 
       
        <Node id="unload_to_party_lobby" state="Audio.to_lobby_or_title">
            <Entry id="enter" />
            <Exit id="exit" target="party_lobby_unload.enter" />
        </Node>
        <Node id="party_lobby_unload" state="global.quit_and_remain_in_party">
            <Entry id="enter" />
        </Node> 

        <Node id="quit_to_new_party" state="Audio.to_lobby_or_title">
            <Entry id="enter" />
            <Exit id="exit" target="new_party_quit.enter" />
        </Node>	
        <Node id="new_party_quit" state="global.quit_to_new_party">
            <Entry id="enter" />
        </Node>

        <Node id="unload_to_multiplayer" state="Audio.to_lobby_or_title">
            <Entry id="enter" />
            <Exit id="exit" target="multiplayer_root.enter" />
        </Node>		
        <Node id="multiplayer_root" state="multiplayer.Root">
            <Entry id="enter" />
            <Exit id="back_to_game" target="show_hud_screen.enter" />
        </Node>

        <Node id="unload_to_rally" state="Audio.loading">
          <Entry id="enter" />
          <Exit id="exit" target="rally_start_freeroam_music.enter"/>
        </Node>

        <!-- We now switch back to freeroam music at start of load back to freeroam, rather than at the end -->
        <Node id="rally_start_freeroam_music" state="Audio.play_freeroam_music_with_fades">
          <Entry id="enter"/>
          <Exit id="exit" target="rally_load_into_free_roam.enter"/>
        </Node>

        <Node id="rally_load_into_free_roam" state="global.load_into_rally_free_roam">
          <Entry id="enter" />
        </Node>

    </State>

    
    
    
    <State id="Root">
        <Entry id="enter" target="wait_for_pause.enter" />
        <Exit id="exit" />

        <Node id="wait_for_pause" state="wait_for_pause" >
            <Entry id="enter" />
            <Exit id="pause" target="show_pause_screen.enter_pause" />
            <Exit id="mulligan" target="show_pause_screen.enter_mulligan" />
            <Exit id="map" target="show_pause_screen.enter_map" />
            <Exit id="carChallengeCar" target="show_pause_screen.enter_carChallengeCar" />
            <Exit id="carChallengeHome" target="show_pause_screen.enter_carChallengeHome" />
        </Node>

        <Node id="show_pause_screen" state="show_pause_screen">
            <Entry id="enter_pause" />
            <Entry id="enter_map" />
            <Entry id="enter_mulligan" />
            <Entry id="enter_carChallengeCar" />
            <Entry id="enter_carChallengeHome" />
            <Exit id="back_to_game" target="wait_one_frame.enter" />
            <Exit id="quit" target=".exit" />
        </Node>

        <Node id="wait_one_frame" state="global.wait_one_frame" >
            <Entry id="enter" />
            <Exit id="exit" target="wait_for_pause.enter" />
        </Node>
    </State>
    
</StateGroup>       
</StateGroup>       
</StateGroup>       
</StateGroup>       
