<StateGroup id="pause_hub" >

  <State id="wait_for_pause" >
    <Entry id="enter" />
    <Exit id="pause" />
    <Exit id="mulligan" />
    <Exit id="map" />
    <Exit id="carChallengeCar" />
    <Exit id="carChallengeHome" />
	<Exit id="skillTree" />
    <Behaviour id="CWaitForPause" >
      <Transition id="onPause" target=".pause" />
      <Transition id="onMulligan" target=".mulligan" />
      <Transition id="onMap" target=".map" />
      <Transition id="onCarChallengeCar" target=".carChallengeCar" />
      <Transition id="onSkillTree" target=".skillTree" />
    </Behaviour>
  </State>

  <State id="load_pause_screen" >
    <Entry id="enter" target=".exit" />
    <Exit id="exit" />
    <Behaviour id="CShowAnthemPauseScreen" >
      <Attribute id="resource_package" value="HudScene" />
    </Behaviour>
  </State>

  <State id="photo_mode" >
    <Entry id="enter" />
    <Exit id="exit" />
    <Behaviour id="CFakeLoadRoute" >
      <Attribute id="route_id" value="-1" />
    </Behaviour>
    <Behaviour id="CSetFreeCamPlayerControlsWrapper" />
    <Behaviour id="CShowPhotoMode" >
      <Attribute id="resource_package" value="PhotoMode" />
      <Transition id="onDone" target=".exit" />
    </Behaviour>
    <Behaviour id="CParentTransition">
      <Transition id="onParent" target=".exit" />
    </Behaviour>
  </State>

  <State id="photo_mode_select" >
    <Entry id="enter" />
    <Exit id="exit" />
    <Exit id="take" />
    <Exit id="share" />
    <Behaviour id="CShowPhotoModeSelect" >
      <Attribute id="resource_package" value="PhotoMode" />
      <Transition id="onExit" target=".exit" />
      <Transition id="onTake" target=".take" />
      <Transition id="onShare" target=".share" />
    </Behaviour>
  </State>

  <State id="roadtrip_progress" >
    <Entry id="enter" target="enable_compressed_heap.enter" />
    <Exit id="exit" />

    <Node id="enable_compressed_heap" state="global.enable_compressed_heap" >
      <Entry id="enter"  />
      <Exit id="exit" target="set_free_roam_car.enter" />
    </Node>

    <Node id="set_free_roam_car" state="global.set_free_roam_car">
      <Entry id="enter" />
      <Exit id="exit" target="show_roadtrip_select_screen.enter" />
    </Node>

    <Node id="show_roadtrip_select_screen" state="UIShowScreens.ShowRoadTripSelectScreen">
      <Entry id="enter" />
      <Exit id="exit" target="go_back.enter" />
      <Exit id="select" target="show_dest_selection_screen.enter" />
      <Exit id="info1_event" target="show_dest_selection_screen.enter" />	  
	  <Exit id="info2_event" target="show_dest_selection_screen.enter" />	  
    </Node>

    <Node id="show_dest_selection_screen" state="UIShowScreens.ShowRoadTripDestinationSelectScreen">
      <Entry id="enter" />
      <Exit id="exit" target="show_roadtrip_select_screen.enter" />
      <Exit id="selection" target="show_event_selection_screen.enter" />
    </Node>

    <Node id="show_event_selection_screen" state="UIShowScreens.ShowRoadTripEventSelectScreen">
      <Entry id="enter" />
      <Exit id="exit" target="show_dest_selection_screen.enter" />
      <Exit id="selection" target="show_event_details_screen.enter" />
      <Exit id="leaderboard" target="choose_leaderboard_type.enter" />
    </Node>

    <Node id="show_event_details_screen" state="UIShowScreens.ShowEventDetailsScreen">
      <Entry id="enter" />
	  <Entry id="enterBack" />	  
      <Exit id="exit" target="show_event_selection_screen.enter" />
      <Exit id="selection" target="next_stage.enter" />
      <Exit id="leaderboard" target="choose_leaderboard_type_from_details.enter" />
	  <Exit id="rival" target="choose_show_scoreboard_from_details.enter" />	  
    </Node>

    <Node id="choose_leaderboard_type" state="choose_leaderboard_type">
      <Entry id="enter" />
      <Exit id="championship" target="show_event_leaderboard_screen.enter" />
      <Exit id="showcase" target="show_showcase_leaderboard_screen.enter" />
      <Exit id="special_event" target="show_event_leaderboard_screen.enter" />
    </Node>

    <Node id="show_event_leaderboard_screen" state="UIShowScreens.ShowLapTimeScoreboardScreen">
      <Entry id="enter" />
      <Exit id="exit" target="show_event_selection_screen.enter" />
      <Exit id="disconnected" target="show_event_selection_screen.enter"/>
      <Exit id="parent_transition" target="show_event_selection_screen.enter" />
    </Node>

    <Node id="choose_leaderboard_type_from_details" state="choose_leaderboard_type">
      <Entry id="enter" />
      <Exit id="championship" target="show_event_leaderboard_screen_from_details.enter" />
      <Exit id="showcase" target="show_showcase_leaderboard_screen.enter" />
      <Exit id="special_event" target="show_event_leaderboard_screen_from_details.enter" />
    </Node>

    <Node id="show_event_leaderboard_screen_from_details" state="UIShowScreens.ShowLapTimeScoreboardScreen">
      <Entry id="enter" />
      <Exit id="exit" target="show_event_details_screen.enter" />
      <Exit id="disconnected" target="show_event_details_screen.enter"/>
      <Exit id="parent_transition" target="show_event_details_screen.enter" />
    </Node>


    <Node id="show_showcase_leaderboard_screen" state="UIShowScreens.exhibition_event_scoreboard_screen">
      <Entry id="enter" />
      <Exit id="exit" target="show_roadtrip_select_screen.enter" />
      <Exit id="disconnected" target="show_roadtrip_select_screen.enter"/>
      <Exit id="parent_transition" target="show_roadtrip_select_screen.enter" />
    </Node>

    <Node id="choose_show_scoreboard_from_details" state="global.config_select_rival_leaderboard">
      <Entry id="enter" />
      <Exit id="exit" target="show_scoreboard.enter" />
    </Node>

    <Node id="show_scoreboard" state="UIShowScreens.ShowSelectRivalLapTimeScoreboardScreen">
      <Entry id="enter" />
      <Exit id="exit" target="show_event_details_screen.enterBack" />
      <Exit id="disconnected" target="show_event_details_screen.enter" />
    </Node>
	
    <node id="go_back" state="global.disable_compressed_heap">
      <Entry id="enter" />
      <Exit id="exit" target=".exit" />
    </node>

    <node id="next_stage" state="global.disable_compressed_heap">
      <Entry id="enter" />
      <Exit id="exit" target="set_audio_loading.enter" />
    </node>

    <Node id="set_audio_loading" state="Audio.loading" >
      <Entry id="enter" />
      <Exit id="exit" target="load_into_rivals_race.enter" />
    </Node>

    <Node id="load_into_rivals_race" state="global.LoadIntoTimeTrialRace" >
      <Entry id="enter" />
      <Exit id="exit" target=".exit" />
    </Node>
  </State>

  <State id="rivals_progress" >
    <Entry id="enter" target="enable_compressed_heap.enter" />
    <Exit id="exit" />

    <Node id="enable_compressed_heap" state="global.enable_compressed_heap" >
      <Entry id="enter"  />
      <Exit id="exit" target="set_free_roam_car.enter" />
    </Node>

    <Node id="set_free_roam_car" state="global.set_free_roam_car">
      <Entry id="enter" />
      <Exit id="exit" target="show_rivals_roadtrip_select_screen.enter" />
    </Node>

    <Node id="show_rivals_roadtrip_select_screen" state="UIShowScreens.ShowRivalsRoadTripSelectScreen">
      <Entry id="enter" />
      <Exit id="exit" target="go_back.enter" />
      <Exit id="select" target="show_dest_selection_screen.enter" />
      <Exit id="showcase" target="show_showcase_events_screen.enter" />	  
    </Node>

    <Node id="show_showcase_events_screen" state="UIShowScreens.ShowShowcaseEventDetailsScreen">
      <Entry id="enter" />
      <Entry id="enterBack" />	  
      <Exit id="exit" target="show_rivals_roadtrip_select_screen.enter" />
      <Exit id="selection" target="next_stage.enter" />
      <Exit id="leaderboard" target="choose_leaderboard_type.enter" />
	  <Exit id="rival" target="choose_show_scoreboard_from_showcase.enter" />
    </Node>

    <Node id="show_dest_selection_screen" state="UIShowScreens.ShowRoadTripDestinationSelectScreen">
      <Entry id="enter" />
      <Exit id="exit" target="show_rivals_roadtrip_select_screen.enter" />
      <Exit id="selection" target="show_event_selection_screen.enter" />
    </Node>

    <Node id="show_event_selection_screen" state="UIShowScreens.ShowRoadTripEventSelectScreen">
      <Entry id="enter" />
      <Exit id="exit" target="show_dest_selection_screen.enter" />
      <Exit id="selection" target="show_event_details_screen.enter" />
      <Exit id="leaderboard" target="choose_leaderboard_type.enter" />
    </Node>

    <Node id="show_event_details_screen" state="UIShowScreens.ShowEventDetailsScreen">
      <Entry id="enter" />
	  <Entry id="enterBack" />
      <Exit id="exit" target="show_event_selection_screen.enter" />
      <Exit id="selection" target="next_stage.enter" />
      <Exit id="leaderboard" target="choose_leaderboard_type_from_details.enter" />
	  <Exit id="rival" target="choose_show_scoreboard_from_details.enter" />
    </Node>

    <Node id="choose_leaderboard_type" state="choose_leaderboard_type">
      <Entry id="enter" />
      <Exit id="championship" target="show_event_leaderboard_screen_from_type.enter" />
      <Exit id="showcase" target="show_showcase_leaderboard_screen_from_type.enter" />
      <Exit id="special_event" target="show_event_leaderboard_screen_from_type.enter" />
    </Node>

    <Node id="show_event_leaderboard_screen_from_type" state="UIShowScreens.ShowLapTimeScoreboardScreen">
      <Entry id="enter" />
      <Exit id="exit" target="show_event_selection_screen.enter" />
      <Exit id="disconnected" target="show_event_selection_screen.enter"/>
      <Exit id="parent_transition" target="show_event_selection_screen.enter" />
    </Node>

    <Node id="choose_leaderboard_type_from_details" state="choose_leaderboard_type">
      <Entry id="enter" />
      <Exit id="championship" target="show_event_leaderboard_screen_from_details.enter" />
      <Exit id="showcase" target="show_showcase_leaderboard_screen.enter" />
      <Exit id="special_event" target="show_event_leaderboard_screen_from_details.enter" />
    </Node>

      <Node id="choose_show_scoreboard_from_details" state="global.config_select_rival_leaderboard">
        <Entry id="enter" />
        <Exit id="exit" target="show_scoreboard.enter" />
      </Node>

      <Node id="show_scoreboard" state="UIShowScreens.ShowSelectRivalLapTimeScoreboardScreen">
        <Entry id="enter" />
        <Exit id="exit" target="show_event_details_screen.enterBack" />
        <Exit id="disconnected" target="show_event_details_screen.enter" />
      </Node>

      <Node id="choose_show_scoreboard_from_showcase" state="global.config_select_rival_leaderboard">
        <Entry id="enter" />
        <Exit id="exit" target="show_scoreboard_from_showcase.enter" />
      </Node>

      <Node id="show_scoreboard_from_showcase" state="UIShowScreens.ShowSelectRivalLapTimeScoreboardScreen">
        <Entry id="enter" />
        <Exit id="exit" target="show_showcase_events_screen.enterBack" />
        <Exit id="disconnected" target="show_showcase_events_screen.enter" />
      </Node>
	  
    <Node id="show_event_leaderboard_screen_from_details" state="UIShowScreens.ShowLapTimeScoreboardScreen">
      <Entry id="enter" />
      <Exit id="exit" target="show_event_details_screen.enter" />
      <Exit id="disconnected" target="show_event_details_screen.enter"/>
      <Exit id="parent_transition" target="show_event_details_screen.enter" />
    </Node>

    <Node id="show_showcase_leaderboard_screen_from_type" state="UIShowScreens.exhibition_event_scoreboard_screen">
      <Entry id="enter" />
      <Exit id="exit" target="show_showcase_events_screen.enter" />
      <Exit id="disconnected" target="show_showcase_events_screen.enter"/>
      <Exit id="parent_transition" target="show_showcase_events_screen.enter" />
    </Node>

	
    <Node id="show_showcase_leaderboard_screen" state="UIShowScreens.exhibition_event_scoreboard_screen">
      <Entry id="enter" />
      <Exit id="exit" target="show_rivals_roadtrip_select_screen.enter" />
      <Exit id="disconnected" target="show_rivals_roadtrip_select_screen.enter"/>
      <Exit id="parent_transition" target="show_rivals_roadtrip_select_screen.enter" />
    </Node>

    <node id="go_back" state="global.disable_compressed_heap">
      <Entry id="enter" />
      <Exit id="exit" target=".exit" />
    </node>

    <node id="next_stage" state="global.disable_compressed_heap">
      <Entry id="enter" />
      <Exit id="exit" target="set_audio_loading.enter" />
    </node>

    <Node id="set_audio_loading" state="Audio.loading" >
      <Entry id="enter" />
      <Exit id="exit" target="load_into_rivals_race.enter" />
    </Node>

    <Node id="load_into_rivals_race" state="global.LoadIntoTimeTrialRace" >
      <Entry id="enter" />
      <Exit id="exit" target=".exit" />
    </Node>
  </State>

  
  
  <State id="showcase_progress" >
    <Entry id="enter" target="enable_compressed_heap.enter" />
    <Exit id="exit" />

    <Node id="enable_compressed_heap" state="global.enable_compressed_heap" >
      <Entry id="enter"  />
      <Exit id="exit" target="set_free_roam_car.enter" />
    </Node>

    <Node id="set_free_roam_car" state="global.set_free_roam_car">
      <Entry id="enter" />
      <Exit id="exit" target="show_showcase_events_screen.enter" />
    </Node>

    <Node id="show_showcase_events_screen" state="UIShowScreens.ShowShowcaseEventDetailsScreen">
      <Entry id="enter" />
      <Entry id="enterBack" />	  	  
      <Exit id="exit" target="go_back.enter" />
      <Exit id="selection" target="next_stage.enter" />
      <Exit id="leaderboard" target="choose_leaderboard_type.enter" />
	  <Exit id="rival" target="choose_show_scoreboard_from_showcase.enter" />
    </Node>

    <Node id="choose_leaderboard_type" state="choose_leaderboard_type">
      <Entry id="enter" />
      <Exit id="championship" target="show_event_leaderboard_screen.enter" />
      <Exit id="showcase" target="show_showcase_leaderboard_screen.enter" />
      <Exit id="special_event" target="show_event_leaderboard_screen.enter" />
    </Node>

    <Node id="show_event_leaderboard_screen" state="UIShowScreens.ShowLapTimeScoreboardScreen">
      <Entry id="enter" />
      <Exit id="exit" target="show_showcase_events_screen.enter" />
      <Exit id="disconnected" target="show_showcase_events_screen.enter"/>
      <Exit id="parent_transition" target="show_showcase_events_screen.enter" />
    </Node>

    <Node id="show_showcase_leaderboard_screen" state="UIShowScreens.exhibition_event_scoreboard_screen">
      <Entry id="enter" />
      <Exit id="exit" target="show_showcase_events_screen.enter" />
      <Exit id="disconnected" target="show_showcase_events_screen.enter"/>
      <Exit id="parent_transition" target="show_showcase_events_screen.enter" />
    </Node>

    <Node id="choose_show_scoreboard_from_showcase" state="global.config_select_rival_leaderboard">
      <Entry id="enter" />
      <Exit id="exit" target="show_scoreboard_from_showcase.enter" />
    </Node>

    <Node id="show_scoreboard_from_showcase" state="UIShowScreens.ShowSelectRivalLapTimeScoreboardScreen">
      <Entry id="enter" />
      <Exit id="exit" target="show_showcase_events_screen.enterBack" />
      <Exit id="disconnected" target="show_showcase_events_screen.enter" />
    </Node>
	
    <node id="go_back" state="global.disable_compressed_heap">
      <Entry id="enter" />
      <Exit id="exit" target=".exit" />
    </node>

    <node id="next_stage" state="global.disable_compressed_heap">
      <Entry id="enter" />
      <Exit id="exit" target="set_audio_loading.enter" />
    </node>

    <Node id="set_audio_loading" state="Audio.loading" >
      <Entry id="enter" />
      <Exit id="exit" target="load_into_rivals_race.enter" />
    </Node>

    <Node id="load_into_rivals_race" state="global.LoadIntoTimeTrialRace" >
      <Entry id="enter" />
      <Exit id="exit" target=".exit" />
    </Node>
  </State>

  <State id="choose_leaderboard_type">
    <Entry id="enter" />
    <Exit id="exit" />
    <Exit id="championship" />
    <Exit id="showcase" />
    <Exit id="special_event" />
    <Behaviour id="CDecideLeaderboardType">
      <Transition id="isChampLeaderboard" target=".championship" />
      <Transition id="isShowcaseLeaderboard" target=".showcase" />
      <Transition id="isSpecialEventLeaderboard" target=".special_event" />
    </Behaviour>
  </State>

  <State id="destination_select" >
    <Entry id="enter" target="enable_compressed_heap.enter" />
    <Exit id="exit" />

    <Node id="enable_compressed_heap" state="global.enable_compressed_heap" >
      <Entry id="enter"  />
      <Exit id="exit" target="set_free_roam_car.enter" />
    </Node>

    <Node id="set_free_roam_car" state="global.set_free_roam_car">
      <Entry id="enter" />
      <Exit id="exit" target="show_dest_selection_screen.enter" />
    </Node>

    <Node id="show_dest_selection_screen" state="UIShowScreens.ShowRoadTripDestinationSelectScreen">
      <Entry id="enter" />
      <Exit id="exit" target="go_back.enter" />
      <Exit id="selection" target="show_event_selection_screen.enter" />
    </Node>

    <Node id="show_event_selection_screen" state="UIShowScreens.ShowRoadTripEventSelectScreen">
      <Entry id="enter" />
      <Exit id="exit" target="show_dest_selection_screen.enter" />
      <Exit id="selection" target="show_event_details_screen.enter" />
      <Exit id="leaderboard" target="show_event_leaderboard_screen.enter" />
    </Node>

    <Node id="show_event_details_screen" state="UIShowScreens.ShowEventDetailsScreen">
      <Entry id="enter" />
	  <Entry id="enterBack" />	  
      <Exit id="exit" target="show_event_selection_screen.enter" />
      <Exit id="selection" target="next_stage.enter" />
      <Exit id="leaderboard" target="show_event_leaderboard_screen_from_details.enter" />
    </Node>

    <Node id="show_event_leaderboard_screen" state="UIShowScreens.ShowLapTimeScoreboardScreen">
      <Entry id="enter" />
      <Exit id="exit" target="show_event_selection_screen.enter" />
      <Exit id="disconnected" target="show_event_selection_screen.enter"/>
      <Exit id="parent_transition" target="show_event_selection_screen.enter" />
    </Node>

    <Node id="show_event_leaderboard_screen_from_details" state="UIShowScreens.ShowLapTimeScoreboardScreen">
      <Entry id="enter" />
      <Exit id="exit" target="show_event_details_screen.enter" />
      <Exit id="disconnected" target="show_event_details_screen.enter"/>
      <Exit id="parent_transition" target="show_event_details_screen.enter" />
    </Node>


    <node id="go_back" state="global.disable_compressed_heap">
      <Entry id="enter" />
      <Exit id="exit" target=".exit" />
    </node>

    <node id="next_stage" state="global.disable_compressed_heap">
      <Entry id="enter" />
      <Exit id="exit" target="set_audio_loading.enter" />
    </node>

    <Node id="set_audio_loading" state="Audio.loading" >
      <Entry id="enter" />
      <Exit id="exit" target="load_into_rivals_race.enter" />
    </Node>

    <Node id="load_into_rivals_race" state="global.LoadIntoTimeTrialRace" >
      <Entry id="enter" />
      <Exit id="exit" target=".exit" />
    </Node>
  </State>

  <State id="old_photo_mode_flow" >
    <Entry id="enter" target="enable_compressed_heap.enter" />
    <Exit id="exit" />

    <Node id="enable_compressed_heap" state="global.enable_compressed_heap" >
      <Entry id="enter"  />
      <Exit id="exit" target="photo_mode_select.enter" />
    </Node>

    <Node id="photo_mode_select" state="photo_mode_select">
      <Entry id="enter" />
      <Exit id="exit" target="load_pause_screen.enter" />
      <Exit id="take" target="disable_racing_line.enter" />
      <Exit id="share" target="share_photo.enter" />
    </Node>

    <Node id="share_photo" state="UIShowScreens.show_designStorefront_screen">
      <Entry id="enter" />
      <Exit id="exit" target="photo_mode_select.enter" />
      <Exit id="myStorefront" target="photo_my_storefront.enter" />
    </Node>

    <Node id="photo_my_storefront" state="UIShowScreens.show_myStorefront_screen">
      <Entry id="enter" />
      <Exit id="exit" target="share_photo.enter" />
      <Exit id="disconnected" target="photo_mode_select.enter" />
    </Node>

    <Node id="disable_racing_line" state="global.disable_racing_line">
      <Entry id="enter"  />
      <Exit id="exit" target="photo_mode.enter" />
    </Node>

    <Node id="photo_mode" state="photo_mode">
      <Entry id="enter" />
      <Exit id="exit" target="enable_racing_line.enter" />
    </Node>

    <Node id="enable_racing_line" state="global.enable_racing_line">
      <Entry id="enter"  />
      <Exit id="exit" target="enable_compressed_heap.enter" />
    </Node>

    <node id="load_pause_screen" state="load_pause_screen">
      <Entry id="enter" />
      <Exit id="exit" target="release_compressed_heap.enter" />
    </node>

    <node id="release_compressed_heap" state="global.disable_compressed_heap">
      <Entry id="enter" />
      <Exit id="exit" target=".exit" />
    </node>
  </State>

  <!-- New Photo Flow goes straight to the take photo screen (photo_mode)  -->
  <State id="photo_mode_flow" >
    <Entry id="enter" target="enable_compressed_heap.enter" />
    <Exit id="exit" />

    <Node id="enable_compressed_heap" state="global.enable_compressed_heap" >
      <Entry id="enter"  />
      <Exit id="exit" target="disable_racing_line.enter" />
    </Node>

    <Node id="disable_racing_line" state="global.disable_racing_line">
      <Entry id="enter"  />
      <Exit id="exit" target="photo_mode.enter" />
    </Node>

    <Node id="photo_mode" state="photo_mode">
      <Entry id="enter" />
      <Exit id="exit" target="enable_racing_line.enter" />
    </Node>

    <Node id="enable_racing_line" state="global.enable_racing_line">
      <Entry id="enter"  />
      <Exit id="exit" target="load_pause_screen.enter" />
    </Node>

    <node id="load_pause_screen" state="load_pause_screen">
      <Entry id="enter" />
      <Exit id="exit" target="release_compressed_heap.enter" />
    </node>

    <node id="release_compressed_heap" state="global.disable_compressed_heap">
      <Entry id="enter" />
      <Exit id="exit" target=".exit" />
    </node>
  </State>


  <State id="gift_car_prepare" >
    <Entry id="enter" target="place_car_to_last_valid_position.enter" />
    <Exit id="exit" />

    <Node id="place_car_to_last_valid_position" state="global.place_car_to_last_valid_position">
      <Entry id="enter" />
      <Exit id="exit" target="store_car_position.enter" />
    </Node>

    <Node id="store_car_position" state="global.store_car_position">
      <Entry id="enter" />
      <Exit id="exit" target="disable_streaming.enter" />
    </Node>

    <Node id="disable_streaming" state="global.disable_streaming" >
      <Entry id="enter" />
      <Exit id="exit" target="unpause_game.enter" />
    </Node>

    <Node id="unpause_game" state="global.unpause_game_retain_audio_snapshot">
      <Entry id="enter" />
      <Exit id="exit" target="remove_all_cars.enter" />
    </Node>

    <Node id="remove_all_cars" state="global.remove_all_cars" >
      <Entry id="enter" />
      <Exit id="exit" target="disable_presentationrenderandshadows.enter" />
    </Node>

    <Node id="disable_presentationrenderandshadows" state="global.disable_presentationrenderandshadows">
      <Entry id="enter" />
      <Exit id="exit" target="push_dynamic_render_ui_nocar.enter" />
    </Node>

    <Node id="push_dynamic_render_ui_nocar" state="global.push_dynamic_render_ui_nocar">
      <Entry id="enter" />
      <Exit id="exit" target="enable_thumbnail_manager.enter" />
    </Node>

    <Node id="enable_thumbnail_manager" state="global.enable_thumbnail_manager">
      <Entry id="enter" />
      <Exit id="exit" target=".exit" />
    </Node>

    

  </State>


  <State id="gift_car_unprepare" >
    <Entry id="enter" target="disable_thumbnail_manager.enter" />
    <Exit id="exit" />

    <Node id="disable_thumbnail_manager" state="global.disable_thumbnail_manager">
      <Entry id="enter" />
      <Exit id="exit" target="pop_dynamic_render_ui_nocar.enter" />
    </Node>
    
    <Node id="pop_dynamic_render_ui_nocar" state="global.pop_dynamic_render_ui_nocar">
      <Entry id="enter" />
      <Exit id="exit" target="load_player_choices_car.enter" />
    </Node>

    <Node id="load_player_choices_car" state="global.load_player_choices_car">
      <Entry id="enter" />
      <Exit id="exit" target="restore_car_position.enter" />
    </Node>

    <Node id="restore_car_position" state="global.restore_car_position">
      <Entry id="enter" />
      <Exit id="exit" target="enable_presentationrender.enter" />
    </Node>

    <Node id="enable_presentationrender" state="global.enable_presentationrender">
      <Entry id="enter" />
      <Exit id="exit" target="reset_traffic_cars.enter" />
    </Node>

    <Node id="reset_traffic_cars" state="global.reset_traffic_cars" >
      <Entry id="enter" />
      <Exit id="exit" target="enable_streaming.enter" />
    </Node>

    <Node id="enable_streaming" state="global.enable_streaming" >
      <Entry id="enter" />
      <Exit id="exit" target="pause_game.enter" />
    </Node>

    <Node id="pause_game" state="global.pause_game">
      <Entry id="enter" />
      <Exit id="exit" target=".exit" />
    </Node>
  </State>

  <State id="message_centre">
    <Entry id="enter" />
    <Exit id="exit" />
    <Exit id="exit_to_map" />
    <Behaviour id="CDisablePlayerCarControlsWrapper" />
    <Behaviour id="CShowMessageCentreScreen" >
      <Transition id="onDone" target=".exit" />
      <Transition id="onMap" target=".exit_to_map" />
      <Transition id="onGiftCarPrepare" target="gift_car_prepare.enter" />
      <Transition id="onGiftCarUnprepare" target="gift_car_unprepare.enter" />
    </Behaviour>

    <Node id="gift_car_prepare" state="gift_car_prepare" >
      <Entry id="enter"/>
      <Exit id="exit" target="." />
    </Node>

    <Node id="gift_car_unprepare" state="gift_car_unprepare" >
      <Entry id="enter"/>
      <Exit id="exit" target="." />
    </Node>
  </State>

  <State id="check_connection">
    <Entry id="enter" target="is_player_connected_to_live.enter" />
    <Exit id="success" />
    <Exit id="failure" />

    <Node id="is_player_connected_to_live" state="global.is_player_connected_to_live">
      <Entry id="enter" />
      <Exit id="yes" target="is_server_accessible.enter" />
      <Exit id="no" target="is_server_accessible.enter" />
    </Node>
    <Node id="is_server_accessible" state="global.is_server_accessible">
      <Entry id="enter" />
      <Exit id="yes" target=".success" />
      <Exit id="no" target=".success" />
    </Node>
  </State>

  <!-- Root state for showing the message centre UI screen -->
  <State id="message_centre_flow">
    <Entry id="enter" target="enable_compressed_heap.enter" />
    <Exit id="failed" />
    <Exit id="exit" />
    <Exit id="exit_to_game" />

	<Behaviour id="CDisablePlayerCarControlsWrapper" />
	
    <!-- pgDiego: We do not need this, as it is already being checked through the pause menu UI code -->
    <Node id="check_connection" state="check_connection">
      <Entry id="enter" />
      <Exit id="success" target="enable_compressed_heap.enter" />
      <Exit id="failure" target=".failed" />
    </Node>

    <Node id="enable_compressed_heap" state="global.enable_compressed_heap" >
      <Entry id="enter" />
      <Exit id="exit" target="message_centre.enter" />
    </Node>
<!-- skSumo: Thumbnail mananger isn't needed here.	
    <Node id="enable_thumbnail_manager" state="global.enable_thumbnail_manager" >
      <Entry id="enter"  />
      <Exit id="exit" target="message_centre.enter" />
    </Node>
-->
    <Node id="message_centre" state="message_centre">
      <Entry id="enter" />
      <Exit id="exit" target="release_compressed_to_pause_menu.enter" />
      <Exit id="exit_to_map" target="map.enter" />
    </Node>
    <Node id="map" state="map.map_flow">
      <Entry id="enter" />
      <Exit id="exit" target="recheck_connection.enter" />
      <Exit id="exit_to_game" target="cleanup_and_return_to_game.enter" />
    </Node>
    <Node id="recheck_connection" state="check_connection">
      <Entry id="enter" />
      <Exit id="success" target="message_centre.enter" />
      <Exit id="failure" target="cleanup_after_lost_connection.enter" />
    </Node>

<!-- skSumo: Thumbnail mananger isn't needed here.		
    <Node id="cleanup_and_return_to_pause_menu" state="global.disable_thumbnail_manager">
      <Entry id="enter" />
	  <Exit id="exit" target="release_compressed_to_pause_menu.enter" />
    </Node>
-->	
<!--
    <node id="load_pause_screen" state="load_pause_screen" >
      <Entry id="enter" />
      <Exit id="exit" target="release_compressed_to_pause_menu.enter" />
    </node>
-->
    <node id="release_compressed_to_pause_menu" state="global.disable_compressed_heap">
      <Entry id="enter" />
      <Exit id="exit" target=".exit" />
    </node>
    <Node id="cleanup_and_return_to_game" state="global.disable_thumbnail_manager">
      <Entry id="enter" />
      <Exit id="exit" target="load_hud_screen.enter" />
    </Node>
    <node id="load_hud_screen" state="global.show_hud_screen" >
      <Entry id="enter" />
      <Exit id="exit" target="release_compressed_to_pause_menu.enter" />
    </node>
    <node id="release_compressed_to_game" state="global.disable_compressed_heap">
      <Entry id="enter" />
      <Exit id="exit" target=".exit_to_game" />
    </node>
    <Node id="cleanup_after_lost_connection" state="global.disable_thumbnail_manager">
      <Entry id="enter" />
      <Exit id="exit" target="load_pause_screen_failed.enter" />
    </Node>
    <node id="load_pause_screen_failed" state="load_pause_screen" >
      <Entry id="enter" />
      <Exit id="exit" target="release_compressed_failed.enter" />
    </node>
    <node id="release_compressed_failed" state="global.disable_compressed_heap">
      <Entry id="enter" />
      <Exit id="exit" target=".failed" />
    </node>
  </State>

  <State id="retire_flow">
    <Entry id="enter" target="is_in_multiplayer.enter"/>
    <Exit id="exitForLoad" />
    <Exit id="exitBackToRewards" />
    <Exit id="exitBackToDriving" />

    <Node id="is_in_multiplayer" state="global.is_in_multiplayer">
      <Entry id="enter" />
      <Exit id="yes" target="retire_from_race_multiplayer.enter" />
      <Exit id="no" target="is_in_rivals.enter" />
    </Node>

    <node id="is_in_rivals" state="global.is_in_rivals_flow">
      <Entry id="enter" />
      <Exit id="yes" target="retire_from_race_for_rewards.enter" />
      <Exit id="no" target="is_in_race_encounter.enter" />
    </node>

    <node id="is_in_race_encounter" state="global.is_in_race_encounter">
      <Entry id="enter" />
      <Exit id="yes" target="retire_from_race_keep_driving.enter" />
      <Exit id="no" target="retire_from_race_for_loading.enter" />
    </node>

    <Node id="retire_from_race_multiplayer" state="Audio.to_lobby_or_title">
      <Entry id="enter" />
      <Exit id="exit" target="retire_from_race_for_rewards.enter" />
    </Node>

    <Node id="retire_from_race_keep_driving" state="global.retire_from_race">
      <Entry id="enter" />
      <Exit id="exit" target=".exitBackToDriving" />
    </Node>

    <Node id="retire_from_race_for_rewards" state="global.retire_from_race">
      <Entry id="enter" />
      <Exit id="exit" target=".exitBackToRewards" />
    </Node>

    <Node id="retire_from_race_for_loading" state="global.retire_from_race">
      <Entry id="enter" />
      <Exit id="exit" target="black_out.enter" />
    </Node>
    <Node id="black_out" state="global.black_out">
      <Entry id="enter" />
      <Exit id="exit" target=".exitForLoad" />
    </Node>
  </State>

  <State id="mulligan_screen" >
    <Entry id="enter" />
    <Exit id="exit" />
    <Behaviour id="CShowMulliganScreen" >
      <Transition id="onDone" target=".exit" />
    </Behaviour>
  </State>

  <State id="unload_to_splash">
    <Entry id="enter" />
    <Behaviour id="CUnloadToPreGame" destination="splash" />
  </State>

  <State id="carchallenges_tutorial_exited_from_challenge_menu">
    <Entry id="enter" target=".exit"/>
    <Exit id="exit"/>
    <Behaviour id="CCarChallengeTutorial_ExitedFromChallengeDetails"/>
  </State>

  <!-- State handles all flow where the player is within the pause screen.
         It handles acquiring game control before entering the screen and releasing it upon exit. -->
  <State id="show_pause_screen">
    <Entry id="enter_pause" target="acquire_game_control_pause.enter"/>
    <Entry id="enter_map" target="acquire_game_control_map.enter"/>
    <Entry id="enter_mulligan" target="acquire_game_control_mulligan.enter"/>
    <Entry id="enter_carChallengeCar" target="acquire_game_control_carChallengeCar.enter"/>
    <Entry id="enter_carChallengeHome" target="acquire_game_control_carChallengeHome.enter"/>

    <Exit id="back_to_game" />
    <Exit id="quit" />

    <!-- Allow the player to be dragged out of pause -->
    <Behaviour id="CCheckForGameControl">
      <Transition id="onReleaseGameControl" target="release_game_control_for_back_to_game.enter" />
    </Behaviour>

    <Behaviour id="CInPauseMenu" />

    <Node id="acquire_game_control_pause" state="global.attempt_acquire_game_control">
      <Entry id="enter" />
      <Exit id="success" target="pause_for_pausemenu.enter" />
      <Exit id="failure" target=".back_to_game" />
    </Node>
    <Node id="acquire_game_control_map" state="global.attempt_acquire_game_control">
      <Entry id="enter" />
      <Exit id="success" target="pause_for_map.enter" />
      <Exit id="failure" target=".back_to_game" />
    </Node>
    <Node id="acquire_game_control_mulligan" state="global.attempt_acquire_game_control">
      <Entry id="enter" />
      <Exit id="success" target="pause_for_mulligan.enter" />
      <Exit id="failure" target=".back_to_game" />
    </Node>
    <Node id="acquire_game_control_carChallengeCar" state="global.attempt_acquire_game_control">
      <Entry id="enter" />
      <Exit id="success" target="pause_for_carChallengeCar.enter" />
      <Exit id="failure" target=".back_to_game" />
    </Node>
    <Node id="acquire_game_control_carChallengeHome" state="global.attempt_acquire_game_control">
      <Entry id="enter" />
      <Exit id="success" target="pause_for_carChallengeHome.enter" />
      <Exit id="failure" target=".back_to_game" />
    </Node>

    <Node id="pause_for_pausemenu" state="global.pause_game">
      <Entry id="enter" />
      <Exit id="exit" target="is_initial_experience.enter" />
    </Node>
	
	<Node id="is_initial_experience" state="global.is_first_time_career" >
		<Entry id="enter" />
		<Exit id="no" target="pause_screen.enter" />
		<Exit id="yes" target="player_has_reached_festival.enter" />
	</Node>
	
	<Node id="player_has_reached_festival" state="PlayerHasReachedFestival" >
		<Entry id="enter" />
		<Exit id="false" target="show_pause_menu_basic.enter" />
		<Exit id="true" target="pause_screen.enter" />
	</Node>
	
	<Node id="show_pause_menu_basic" state="UIShowScreens.ShowPauseMenuBasicScreen">
      <Entry id="enter" />
      <Exit id="exit" target="show_hud_screen.enter" />
    </Node>
	
    <!-- SK: This one is triggered for pause menu and controls routing to ther states & nodes -->
    <Node id="pause_screen" state="UIShowScreens.ShowPauseScreen" >
      <Entry id="enter" />
      <Entry id="enterBack" />
      <Exit id="exit" target="show_hud_screen.enter" />
      <Exit id="quit" target="quit_flow.enter" />
	  <Exit id="restart_challenge" target="show_hud_screen.enter"/>
	  <Exit id="quit_challenge" target="quit_flow_challenge.enter" />
	  <Exit id="quit_race_encounter" target="quit_race_encounter_flow.enter" />
	  <Exit id="finish" target="unpause_game.enter" />
      <Exit id="map" target="map_flow_pause.enter" />
      <Exit id="online" target="multiplayer_flow.enter" />
      <Exit id="online_server_down" target="multiplayer_server_down_flow.enter" />
      <Exit id="player_list" target="player_list_flow.enter" />
      <Exit id="quit_session" target="quit_online_session_flow.enter" />
      <Exit id="filler1" target="map_flow_pause.enter" />
      <Exit id="filler2" target="map_flow_pause.enter" />
      <Exit id="feature" target="message_centre_flow.enter" />
      <Exit id="photo" target="photo_mode_flow.enter" />
      <Exit id="profile" target="car_challenge_flow_from_pause_menu.enter" />
      <Exit id="soc_online" target="friends_list_flow.enter" />
      <Exit id="soc_rivals" target="rivals_progress.enter" />
      <Exit id="soc_feed" target="message_centre_flow.enter" />
      <Exit id="soc_carclub" target="carclub_flow.enter" />
      <Exit id="soc_nocarclub" target="carclub_flow_noclub.enter" />
      <!--            <Exit id="soc_leaderboard" target="leaderboard_flow.enter" /> -->
	  <Exit id="soc_infographic2" target="old_photo_mode_flow.enter" />
      <Exit id="soc_leaderboard" target="roadtrip_progress.enter" />
      <Exit id="soc_infographic1" target="old_photo_mode_flow.enter" />
      <Exit id="auto_buy_cars" target="show_buy_cars.enter" />
      <Exit id="auto_my_cars" target="show_my_cars.enter" />
      <Exit id="auto_feed" target="old_photo_mode_flow.enter" />
      <Exit id="auto_news" target="old_photo_mode_flow.enter" />
	  <Exit id="auto_infographic1" target="old_photo_mode_flow.enter" />
	  <Exit id="auto_infographic2" target="old_photo_mode_flow.enter" />
      <Exit id="prog_roadtrip" target="roadtrip_progress.enter" />
      <Exit id="prog_showcase" target="showcase_progress.enter" />
      <Exit id="prog_stats" target="old_photo_mode_flow.enter" />
      <Exit id="prog_skilltree" target="skilltree.enter" />
      <Exit id="prog_achievements" target="old_photo_mode_flow.enter" />
      <Exit id="prog_challenges" target="old_photo_mode_flow.enter" />
      <Exit id="prog_infographic2" target="old_photo_mode_flow.enter" />
      <Exit id="prog_photos" target="photo_viewer.enter" />
	  <Exit id="prog_infographic1" target="old_photo_mode_flow.enter" />
      <Exit id="market_tokens" target="old_photo_mode_flow.enter" />
      <Exit id="market_extras" target="old_photo_mode_flow.enter" />
      <Exit id="market_featured" target="old_photo_mode_flow.enter" />
      <Exit id="market_exppacks" target="old_photo_mode_flow.enter" />
      <Exit id="market_carpacks" target="old_photo_mode_flow.enter" />
      <Exit id="market_seasonpass" target="old_photo_mode_flow.enter" />
      <Exit id="market_browseall" target="old_photo_mode_flow.enter" />
    </Node>

    <Node id="map_flow_pause" state="map.map_flow" >
      <Entry id="enter" />
      <Exit id="exit" target="pause_screen.enterBack" />
      <Exit id="exit_to_game" target="should_disable_car_controls.enter" />
    </Node>

    <Node id="photo_viewer" state="photo_viewer" >
      <Entry id="enter" />
      <Exit id="exit" target="pause_screen.enterBack"/>
    </Node>

	
    <Node id="rivals_flow" state="rivals_flow" >
      <Entry id="enter" />
      <Exit id="quit" target="pause_screen.enterBack"/>
    </Node>

    <Node id="carclub_flow" state="carclubs.root" >
      <Entry id="enter" />
      <Exit id="exit" target="pause_screen.enterBack"/>
    </Node>

    <Node id="carclub_flow_noclub" state="carclubs.root" >
      <Entry id="enter" />
      <Exit id="exit" target="pause_screen.enterBack"/>
    </Node>

    <Node id="leaderboard_flow" state="carclubs.carclub_leaderboards_and_rankings_shared_flow" >
      <Entry id="enter" />
      <Exit id="exit" target="pause_screen.enterBack" />
    </Node>

    <Node id="show_buy_cars" state="buy_cars_flow" >
      <Entry id="enter" />
      <Exit id="exit" target="pause_screen.enterBack" />
    </Node>

    <Node id="show_my_cars" state="my_cars_flow" >
      <Entry id="enter" />
      <Exit id="exit" target="pause_screen.enterBack" />
    </Node>

    <Node id="pause_for_map" state="global.pause_game">
      <Entry id="enter" />
      <Exit id="exit" target="map_flow.enter" />
    </Node>
    <Node id="map_flow" state="map.map_flow" >
      <Entry id="enter" />
      <Exit id="exit" target="show_hud_screen.enter" />
      <Exit id="exit_to_game" target="show_hud_screen.enter" />
    </Node>

    <Node id="should_disable_car_controls" state="carChallengeMenus.tutorial_state_decision">
      <Entry id="enter"/>
      <Exit id="selecting_car" target="disable_car_controls.enter"/>
      <Exit id="viewing_challenges" target="disable_car_controls.enter"/>
      <Exit id="completing_challenges" target="show_hud_screen.enter"/>
      <Exit id="inactive" target="show_hud_screen.enter"/>
    </Node>

    <Node id="disable_car_controls" state="global.disable_car_control">
      <Entry id="enter"/>
      <Exit id="exit" target="show_hud_screen.enter"/>
    </Node>

    <Node id="show_hud_screen" state="global.show_hud_screen">
      <Entry id="enter" />
      <Exit id="exit" target="unpause_game.enter" />
    </Node>
    <Node id="unpause_game" state="global.unpause_game">
      <Entry id="enter" />
      <Exit id="exit" target="release_game_control_for_back_to_game.enter" />
    </Node>

    <Node id="release_game_control_for_back_to_game" state="global.is_game_control_in_use">
      <Entry id="enter" />
      <Exit id="yes" target="release_game_control.enter" />
      <Exit id="no" target=".back_to_game" />
    </Node>

    <Node id="release_game_control" state="global.release_game_control">
      <Entry id="enter" />
      <Exit id="exit" target=".back_to_game" />
    </Node>

    <Node id="old_photo_mode_flow" state="old_photo_mode_flow">
      <Entry id="enter" />
      <Exit id="exit" target="pause_screen.enter" />
    </Node>

    <Node id="photo_mode_flow" state="photo_mode_flow">
      <Entry id="enter" />
      <Exit id="exit" target="pause_screen.enterBack" />
    </Node>

    <Node id="photo_mission_flow" state="photoshoots.photo_mode_enter">
      <Entry id="enter" />
      <Exit id="exit" target="unpause_game.enter" />
    </Node>

    <Node id="message_centre_flow" state="message_centre_flow">
      <Entry id="enter" />
      <Exit id="exit" target="pause_screen.enterBack" />
      <Exit id="exit_to_game" target="unpause_game.enter" />
      <Exit id="failed" target="pause_screen.enterBack" />
    </Node>

    <Node id="roadtrip_progress" state="roadtrip_progress">
      <Entry id="enter" />
      <Exit id="exit" target="pause_screen.enterBack" />
    </Node>

    <Node id="rivals_progress" state="rivals_progress">
      <Entry id="enter" />
      <Exit id="exit" target="pause_screen.enterBack" />
    </Node>
	
    <Node id="showcase_progress" state="showcase_progress">
      <Entry id="enter" />
      <Exit id="exit" target="pause_screen.enterBack" />
    </Node>

    <Node id="skilltree" state="UIShowScreens.ShowSkillTree">
      <Entry id="enter" />
      <Exit id="exit" target="pause_screen.enterBack" />
    </Node>

    <Node id="destination_select" state="destination_select">
      <Entry id="enter" />
      <Exit id="exit" target="pause_screen.enterBack" />
    </Node>

    <Node id="pause_for_mulligan" state="global.pause_game">
      <Entry id="enter" />
      <Exit id="exit" target="mulligan_screen.enter" />
    </Node>
    <Node id="mulligan_screen" state="mulligan_screen" >
      <Entry id="enter" />
      <Exit id="exit" target="show_hud_screen_mulligan.enter" />
    </Node>
    <Node id="show_hud_screen_mulligan" state="global.show_hud_screen">
      <Entry id="enter" />
      <Exit id="exit" target="release_game_control_for_back_to_game.enter" />
    </Node>

    <Node id="pause_for_carChallengeCar" state="global.pause_game">
      <Entry id="enter" />
      <Exit id="exit" target="current_car_challenge_screen_from_game.enter" />
    </Node>
    <Node id="current_car_challenge_screen_from_game" state="UIShowScreens.ShowCurrentCarChallengeScreen_inGame">
      <Entry id="enter" />
      <Exit id="exit" target="car_challenges_tutorial_exit_from_details_screen.enter" />
      <Exit id="fastTravel" target="fast_travel.enter"/>
      <Exit id="setDestination" target="car_challenges_tutorial_exit_from_details_screen.enter"/>
      <Exit id="home" target="car_challenge_flow_from_pause_menu.enter" />
    </Node>

    <Node id="fast_travel" state="fasttravel.perform_fast_travel">
      <Entry id="enter" />
      <Exit id="exit" target="car_challenges_tutorial_exit_from_details_screen.enter" />
    </Node>

    <Node id="car_challenges_tutorial_exit_from_details_screen" state="carchallenges_tutorial_exited_from_challenge_menu">
      <Entry id="enter" />
      <Exit id="exit" target="show_hud_screen.enter"/>
    </Node>

    <Node id="pause_for_carChallengeHome" state="global.pause_game">
      <Entry id="enter" />
      <Exit id="exit" target="car_challenge_flow_from_in_game.enter" />
    </Node>
    <Node id="car_challenge_flow_from_in_game" state="carChallengeMenus.root_from_in_game" >
      <Entry id="enter" />
      <Exit id="exit" target="show_hud_screen.enter" />
    </Node>

    <Node id="car_challenge_flow_from_pause_menu" state="carChallengeMenus.root" >
      <Entry id="enter" />
      <Exit id="exit" target="pause_screen.enterBack" />
      <Exit id="exitToGame" target="show_hud_screen.enter" />
    </Node>

    <Node id="retire_flow" state="retire_flow">
      <Entry id="enter" />
      <Exit id="exitForLoad" target="release_game_control_for_back_to_game.enter" />
      <Exit id="exitBackToRewards" target="unpause_game.enter" />
      <Exit id="exitBackToDriving" target="show_hud_screen.enter" />
    </Node>

    <Node id="check_quit_destination" state="global.is_in_multiplayer">
      <Entry id="enter" />
      <Exit id="yes" target="quit_to_new_party.enter" />
      <Exit id="no" target="unload_to_splash_audio.enter" />
    </Node>

    <Node id="unload_to_splash_audio" state="Audio.to_lobby_or_title">
      <Entry id="enter" />
      <Exit id="exit" target="unload_to_splash.enter" />
    </Node>
    <Node id="unload_to_splash" state="unload_to_splash">
      <Entry id="enter" />
    </Node>

    <Node id="unload_to_party_lobby" state="Audio.to_lobby_or_title">
      <Entry id="enter" />
      <Exit id="exit" target="party_lobby_unload.enter" />
    </Node>
    <Node id="party_lobby_unload" state="global.quit_and_remain_in_party">
      <Entry id="enter" />
    </Node>

    <Node id="quit_to_new_party" state="Audio.to_lobby_or_title">
      <Entry id="enter" />
      <Exit id="exit" target="new_party_quit.enter" />
    </Node>
    <Node id="new_party_quit" state="global.quit_to_new_party">
      <Entry id="enter" />
    </Node>

    <Node id="multiplayer_flow" state="multiplayer_flow">
      <Entry id="enter" />
      <Exit id="exit" target="pause_screen.enterBack" />
    </Node>

    <Node id="multiplayer_server_down_flow" state="multiplayer_server_down_flow">
      <Entry id="enter" />
      <Exit id="exit" target="pause_screen.enterBack" />
    </Node>
	
    <Node id="friends_list_flow" state="UIShowScreens.ShowFriendListScreen">
      <Entry id="enter" />
      <Exit id="exit" target="pause_screen.enterBack" />
	  <Exit id="privateRoadtrip" target="privateRoadtrip.enter" />
      <!--<Exit id="select" target="pause_screen.enterBack" />-->
    </Node>
	
	<Node id="privateRoadtrip" state="multiplayer.pause_hub_flow">
      <Entry id="enter" />
      <Exit id="exit" target="friends_list_flow.enter" />
      <!--<Exit id="select" target="pause_screen.enterBack" />-->
    </Node>

    <Node id="unload_to_rally" state="Audio.loading">
      <Entry id="enter" />
      <Exit id="exit" target="rally_start_freeroam_music.enter"/>
    </Node>

    <!-- We now switch back to freeroam music at start of load back to freeroam, rather than at the end -->
    <Node id="rally_start_freeroam_music" state="Audio.play_freeroam_music_with_fades">
      <Entry id="enter"/>
      <Exit id="exit" target="rally_load_into_free_roam.enter"/>
    </Node>

    <Node id="rally_load_into_free_roam" state="global.load_into_rally_free_roam">
      <Entry id="enter" />
    </Node>

    <Node id="player_list_flow" state="UIShowScreens.ShowPlayerListScreen" >
      <Entry id="enter" />
      <Exit id="exit" target="pause_screen.enterBack" />
    </Node>

    <Node id="quit_flow" state="quit_flow" >
      <Entry id="enter" />
    </Node>
	
	 <Node id="quit_flow_challenge" state="quit_flow_challenge" >
      <Entry id="enter" />
      <Exit id="exit" target="show_hud_screen.enter" />
    </Node>

    <Node id="quit_online_session_flow" state="quit_online_session_flow" >
      <Entry id="enter" />
      <Exit id="exit" target="multiplayer_flow.enter" />
      <!--<Exit id="exit" target="show_hud_screen.enter" />-->
    </Node>
	
	<Node id="quit_race_encounter_flow" state="quit_race_encounter_flow" >
      <Entry id="enter" />
	  <Exit id="exit" target="show_hud_screen.enter" />
    </Node>
  </State> 

  <State id="multiplayer_flow">
    <Entry id="enter" target="set_free_roam_car.enter" />
    <Exit id="exit" />

    <Node id="set_free_roam_car" state="global.set_free_roam_car">
      <Entry id="enter" />
      <Exit id="exit" target="store_car_position.enter" />
    </Node>	
		
    <Node id="store_car_position" state="global.store_car_position">
      <Entry id="enter" />
      <Exit id="exit" target="multiplayer_root.enter" />
    </Node>

    <Node id="multiplayer_root" state="multiplayer.pause_hub_flow">
      <Entry id="enter" />
      <Exit id="exit" target=".exit" />
      <Exit id="friends_list" target=".exit" />
      <Exit id="beginners" target=".exit" />
      <Exit id="social" target=".exit" />
      <Exit id="veteran" target=".exit" />
      <Exit id="pure_skill" target=".exit" />
      <Exit id="play_ground" target=".exit" />
    </Node>
  </State>

  <State id="multiplayer_server_down_flow">
    <Entry id="enter" target="show_roadtrip_lobby_screen.enter" />
    <Exit id="exit" />

    <Node id="show_roadtrip_lobby_screen" state="multiplayer.show_roadtrip_lobby_screen">
      <Entry id="enter" />
      <Exit id="exit" target=".exit"/>
    </Node>
  </State>

    <State id="cutscene_post_reload_car_replacement">
      <Entry id="enter" target="stop_cutscene.enter" />
      <Exit id="exit" />

        <Node id="stop_cutscene" state="global.stop_cutscene" >
            <Entry id="enter" />
            <Exit id="exit" target="reset_camera.enter" />
        </Node>
		
        <Node id="reset_camera" state="global.reset_camera_to_player" >
            <Entry id="enter" />
            <Exit id="exit" target=".exit" />
        </Node>

    </State>

	<!-- Special "partial" version of the InGameUI.exit using exit_homespace_nocutscene, but skipping the custom_show_hud_screen. Used after the autoshow in the buy_cars_flow -->
    <State id="InGameUI_exit_partial">
      <Entry id="enter" target="InGameUI_exit.enter" />
      <Exit id="exit" />
	  <Exit id="exit_no_reloads" />
	
	  <!-- substitute out the show_hud_screen because we don't want to see the hud screen between the car select and the pause menu -->
	  <StateSubstitute state="InGameUI.custom_show_hud_screen" substitute="global.wait_one_frame" />
	  <!-- Need to substitute the post-car-load/position state with cutscene_post_reload_car_replacement or when streaming_enabled is called there is a huge load at the wrong place in the world -->
	  <StateSubstitute state="InGameUI.optional_pre_enable_streaming_state" substitute="cutscene_post_reload_car_replacement" />
		
	  <Node id="InGameUI_exit" state="InGameUI.exit_homespace_nocutscene" >
		  <Entry id="enter" />
		  <Exit id="exit" target=".exit" />
		  <Exit id="exit_no_reloads" target=".exit_no_reloads" />
	  </Node>
    </State>

	<!-- Special "partial" version of the InGameUI.exit using exit, but skipping the custom_show_hud_screen. Used after the autoshow in the buy_cars_flow -->
    <State id="InGameUI_exit_final">
      <Entry id="enter" target="InGameUI_exit.enter" />
      <Exit id="exit" />
	
	  <!-- substitute out the show_hud_screen because we don't want to see the hud screen between the car select and the pause menu -->
	  <StateSubstitute state="InGameUI.custom_show_hud_screen" substitute="global.wait_one_frame" />
		
	  <Node id="InGameUI_exit" state="InGameUI.exit" >
		  <Entry id="enter" />
		  <Exit id="exit" target=".exit" />
	  </Node>
    </State>

	<!-- Special "minimal" version of the InGameUI.exit using exit, but skipping the custom_show_hud_screen. and camera reset Used after the autoshow in the buy_cars_flow when no reloads done -->
    <State id="InGameUI_exit_minimal">
      <Entry id="enter" target="InGameUI_exit.enter" />
      <Exit id="exit" />
	
	  <!-- substitute out the show_hud_screen because we don't want to see the hud screen between the car select and the pause menu -->
	  <StateSubstitute state="InGameUI.custom_show_hud_screen" substitute="global.wait_one_frame" />
	  <StateSubstitute state="global.reset_camera_to_player" substitute="global.do_nothing" />
	  <StateSubstitute state="global.show_hud_screen" substitute="global.do_nothing" />
  
		
	  <Node id="InGameUI_exit" state="InGameUI.exit" >
		  <Entry id="enter" />
		  <Exit id="exit" target=".exit" />
	  </Node>
    </State>


	
	<State id="my_cars_flow">
		<Entry id="enter" target="InGameUI_enter.enter" />
		<Exit id="exit" />
		<Exit id="view" />
		
		<!-- substitute out the custom_show_hud_screen because we don't want to see the hud screen between the car select and the pause menu -->
		<StateSubstitute state="InGameUI.custom_show_hud_screen" substitute="global.wait_one_frame" />
		<!-- Substitute a load of audio states that the InGameUI.enter/exit states will attempt to set -->
		<!-- but we don't want it fiddling with them -->
		<StateSubstitute state="Audio.exterior_freeroam" substitute="global.do_nothing" />
		<StateSubstitute state="Audio.enable_satnav_audio" substitute="global.do_nothing" />
		<StateSubstitute state="Audio.unmute_car_audio" substitute="global.do_nothing" />
		<StateSubstitute state="Audio.mute_car_audio" substitute="global.do_nothing" />
		<StateSubstitute state="Audio.disable_satnav_audio" substitute="global.do_nothing" />
		<!-- this ensures that on both the InGameUI.enter/exit we use the paused shapshot -->
		<StateSubstitute state="Audio.exterior_ui" substitute="Audio.apply_mixer_snapshot_paused" />

		
		<Behaviour id="CParentTransition">
		  <Transition id="onParent" target="trap_weird.enter" />
		</Behaviour>
		
		<Node id="InGameUI_enter" state="InGameUI.enter">
		  <Entry id="enter" />
		  <Exit id="exit" target="enable_compressed_heap.enter" />
		</Node>

		<Node id="enable_compressed_heap" state="global.enable_compressed_heap">
		  <Entry id="enter" />
		  <Exit id="exit" target="show_my_cars.enter" />
		</Node>

		<Node id="show_my_cars" state="InGameUI.ShowChangeCarScreenExterior" >
		  <Entry id="enter" />
		  <Entry id="back" />
		  <Exit id="exit" target="InGameUI_exit.enter"/>
		  <Exit id="view" target="view_car_flow.enter" />
		  <Exit id="getInCar" target="get_in_car_flow.enter" />
		</Node>

		<Node id="get_in_car_flow" state="get_in_car_flow" >
		  <Entry id="enter" />
		  <Exit id="exit" target="black_out.enter" />
		</Node>

		<Node id="view_car_flow" state="view_car_flow" >
		  <Entry id="enter" />
		  <Exit id="exit" target="post_view_car_cutscene_reset.enter" />
		</Node>
		
		<Node id="post_view_car_cutscene_reset" state="cutscene_post_reload_car_replacement" >
		  <Entry id="enter" />
		  <Exit id="exit" target="wait_for_streaming.enter" />
		</Node>
		
		<Node id="wait_for_streaming" state="global.wait_for_streaming" >
		  <Entry id="enter" />
		  <Exit id="exit" target="snap_all_cars_to_road.enter" />
		</Node>
		
		 <Node id="snap_all_cars_to_road" state="global.snap_all_cars_to_road" >
            <Entry id="enter" />
            <Exit id="exit" target="post_view_car_cutscene_reset_again.enter" />
        </Node>
		
		<Node id="post_view_car_cutscene_reset_again" state="cutscene_post_reload_car_replacement" >
		  <Entry id="enter" />
		  <Exit id="exit" target="black_out.enter" />
		</Node>		
		
		<Node id="black_out" state="global.black_out">
		  <Entry id="enter" />
		  <Exit id="exit" target="empty_screen.enter" />
		</Node>		
		
		<Node id="empty_screen" state="global.show_empty_screen">
		  <Entry id="enter" />
		  <Exit id="exit" target="wait_a_bit.enter" />
		</Node>
		
		<Node id="wait_a_bit" state="global.wait_quarter_sec">
		  <Entry id="enter" />
		  <Exit id="exit" target="fade_in.enter" />
		</Node>	
		
		<Node id="fade_in" state="global.fade_in">
		  <Entry id="enter" />
		  <Exit id="exit" target="wait_a_bit_more.enter" />
		</Node>	
		
		<Node id="wait_a_bit_more" state="global.wait_quarter_sec">
		  <Entry id="enter" />
		  <Exit id="exit" target="InGameUI_exit.enter" />
		</Node>	
		
		<Node id="InGameUI_exit" state="InGameUI.exit" >
		  <Entry id="enter" />
		  <Exit id="exit" target=".exit" />
		</Node>
		
		<Node id="trap_weird" state="global.wait_20_sec">
		  <Entry id="enter" />
		  <Exit id="exit" target="black_out.enter" />
		</Node>			

	</State>

	<State id="view_car_flow">
		<Entry id="enter" target="loadMixer.enter"/>
		<Exit id="exit" />
		<Exit id="viewCar" />

		<!-- Need to substitute the post-car-load/position state with cutscene_post_reload_car_replacement or when streaming_enabled is called there is a huge load at the wrong place in the world -->
		<StateSubstitute state="InGameUI.optional_pre_enable_streaming_state" substitute="cutscene_post_reload_car_replacement" />
		
		<Node id="loadMixer" state="Audio.apply_mixer_snapshot_loading" >
		  <Entry id="enter" />
		  <Exit id="exit" target="showWorkshop.enter" />
		</Node>

		<Node id="showWorkshop" state="InGameUI.show_homespace_workshop" >
		  <Entry id="enter" />
		  <Exit id="exit" target="viewCarScreen.enter" />
		</Node>

		<Node id="viewCarScreen" state="UIShowScreens.ShowViewCarScreen" >
		  <Entry id="enter" />
		  <Exit id="exit" target="changeCar.enter" />
		</Node>

		<Node id="changeCar" state="InGameUI.changeCar_interior_flow">
		  <Entry id="enter" />
		  <Entry id="back" />
		  <Exit id="exit" target="InGameUI_exit.enter" />
		  <Exit id="viewCar" target="view_new_car.enter" />
		</Node>

		<Node id="view_new_car" state="UIShowScreens.ShowViewCarScreen">
		  <Entry id="enter" />
		  <Exit id="exit" target="changeCar.back" />
		</Node>

		<Node id="InGameUI_exit" state="InGameUI.exit_homespace_nocutscene" >
		  <Entry id="enter" />
		  <Exit id="exit" target=".exit" />
		  <Exit id="exit_no_reloads" target=".exit" />
		</Node>
		
	</State>

	<State id="get_in_car_flow">
		<Entry id="enter" target="isBackgroundLoaded.enter" />
		<Exit id="exit" />

		<StateSubstitute state="InGameUI.cutscene_post_reload_car" substitute="cutscene_post_reload_car_replacement" />
		
		<Node id="isBackgroundLoaded" state="InGameUI.is_background_loaded">
		  <Entry id="enter" />
		  <Exit id="yes" target="doesUICarNeedToRefresh.enter" />
		  <Exit id="no" target="InGameUI_exit.enter" />
		</Node>

		<Node id="doesUICarNeedToRefresh" state="InGameUI.is_background_uicar_out_of_sync">
		  <Entry id="enter" />
		  <Exit id="yes" target="show_loading.enter" />
		  <Exit id="no" target=".exit" />
		</Node>

		<Node id="show_loading" state="global.show_loading_screen_nopackage">
		  <Entry id="enter" />
		  <Exit id="exit" target="refreshUICar.enter" />
		</Node>

		<Node id="refreshUICar" state="InGameUI.refresh_ui_car">
		  <Entry id="enter" />
		  <Exit id="exit" target="waitForBackgroundFadeIn.enter" />
		</Node>

		<Node id="waitForBackgroundFadeIn" state="global.wait_2_sec">
		  <Entry id="enter" />
		  <Exit id="exit" target=".exit" />
		</Node>

		<Node id="InGameUI_exit" state="InGameUI.exit_homespace_nocutscene" >
		  <Entry id="enter" />
		  <Exit id="exit" target=".exit" />
		  <Exit id="exit_no_reloads" target=".exit" />
		</Node>

	</State>
	
	<State id="buy_cars_flow">
		<Entry id="enter" target="InGameUI_enter.enter"/>
		<Exit id="exit"/>

		<!-- Substitute a load of audio states that the InGameUI.enter/exit states will attempt to set -->
		<!-- but we don't want it fiddling with them -->
		<StateSubstitute state="Audio.exterior_freeroam" substitute="global.do_nothing" />
		<StateSubstitute state="Audio.enable_satnav_audio" substitute="global.do_nothing" />
		<StateSubstitute state="Audio.unmute_car_audio" substitute="global.do_nothing" />
		<StateSubstitute state="Audio.mute_car_audio" substitute="global.do_nothing" />
		<StateSubstitute state="Audio.disable_satnav_audio" substitute="global.do_nothing" />
		<!-- this ensures that on both the InGameUI.enter/exit we use the paused shapshot -->
		<StateSubstitute state="Audio.exterior_ui" substitute="Audio.apply_mixer_snapshot_paused" />
		

		<Node id="store_car_position" state="global.store_car_position" >
		  <Entry id="enter" />
		  <Exit id="exit" target="InGameUI_enter.enter" />
		</Node>
		
		<Node id="InGameUI_enter" state="InGameUI.enter">
		  <Entry id="enter" />
		  <Exit id="exit" target="autoshow.enter" />
		</Node>

		<Node id="autoshow" state="autoshows.autoshow">
		  <Entry id="enter" />
		  <Exit id="exit" target="ui_exit_partial.enter" />
		</Node>

		<Node id="ui_exit_partial" state="InGameUI_exit_partial" >
		  <Entry id="enter" />
		  <Exit id="exit" target="post_view_car_cutscene_reset.enter" />
		  <Exit id="exit_no_reloads" target="ui_exit_minimal.enter" />
		</Node>
		
		<Node id="post_view_car_cutscene_reset" state="cutscene_post_reload_car_replacement" >
		  <Entry id="enter" />
		  <Exit id="exit" target="wait_for_streaming.enter" />
		</Node>
		
		<Node id="wait_for_streaming" state="global.wait_for_streaming" >
		  <Entry id="enter" />
		  <Exit id="exit" target="snap_all_cars_to_road.enter" />
		</Node>
		
		 <Node id="snap_all_cars_to_road" state="global.snap_all_cars_to_road" >
            <Entry id="enter" />
            <Exit id="exit" target="post_view_car_cutscene_reset_again.enter" />
        </Node>
		
		<Node id="post_view_car_cutscene_reset_again" state="cutscene_post_reload_car_replacement" >
		  <Entry id="enter" />
		  <Exit id="exit" target="black_out.enter" />
		</Node>		
		
		<Node id="black_out" state="global.black_out">
		  <Entry id="enter" />
		  <Exit id="exit" target="empty_screen.enter" />
		</Node>		
		
		<Node id="empty_screen" state="global.show_empty_screen">
		  <Entry id="enter" />
		  <Exit id="exit" target="wait_a_bit.enter" />
		</Node>
		
		<Node id="wait_a_bit" state="global.wait_quarter_sec">
		  <Entry id="enter" />
		  <Exit id="exit" target="fade_in.enter" />
		</Node>	
		
		<Node id="fade_in" state="global.fade_in">
		  <Entry id="enter" />
		  <Exit id="exit" target="wait_a_bit_more.enter" />
		</Node>	
		
		<Node id="wait_a_bit_more" state="global.wait_quarter_sec">
		  <Entry id="enter" />
		  <Exit id="exit" target="ui_exit_final.enter" />
		</Node>	
		
		<Node id="ui_exit_final" state="InGameUI_exit_final" >
		  <Entry id="enter" />
		  <Exit id="exit" target=".exit" />
		</Node>

		<Node id="ui_exit_minimal" state="InGameUI_exit_minimal" >
		  <Entry id="enter" />
		  <Exit id="exit" target=".exit" />
		</Node>
	</State>

	<State id="photo_viewer">
		<Entry id="enter" target="use_compressed_heap.enter" />
		<Exit id="exit" />

		<Node id="use_compressed_heap" state="global.enable_compressed_heap" >
			<Entry id="enter" />
			<Exit id="exit" target="show_photo_viewer.enter" />
		</Node>

		<Node id="show_photo_viewer" state="UIShowScreens.ShowPauseMenuPhotoViewer" >
			<Entry id="enter" />
			<Exit id="exit" target="shutdown_viewer.enter" />
		</Node>
		
		<node id="shutdown_viewer" state="global.disable_compressed_heap">
			<Entry id="enter" />
			<Exit id="exit" target=".exit" />
		</node>
	</State>

	
  <State id="rivals_flow">
    <Entry id="enter" target="set_career_event_mode.enter" />
    <Exit id="exit" />
    <Exit id="quit" />

    <!--<Node id="ui_enter" state="InGameUI.enter" >
            <Entry id="enter" />
            <Exit id="exit" target="get_server_rival_events.enter"/>
        </Node>-->

    <Node id="set_career_event_mode" state="global.set_event_race_central_access_mode" >
      <Entry id="enter" />
      <Exit id="exit" target="set_free_roam_car.enter" />
    </Node>

    <!-- Remember the car we had so that we can recover it when we come from a rivals race -->
    <Node id="set_free_roam_car" state="global.set_free_roam_car">
      <Entry id="enter"/>
      <Exit id="exit" target="get_server_rival_events.enter"/>
    </Node>

    <Node id="get_server_rival_events" state="global.get_server_rival_events">
      <Entry id="enter"/>
      <Exit id="exit" target="rival_races_category_selection.enter"/>
    </Node>

    <Node id="rival_races_category_selection" state="UIShowScreens.show_race_central_rival_category_selection_screen">
      <Entry id="enter"/>
      <Exit id="quit" target=".quit"/>
      <Exit id="eventSelect" target="unset_default_rival_to_event_select.enter"/>
      <Exit id="wristbandSelect" target="wristband_menu.enter"/>
      <Exit id="streetHubSelect" target="street_hub_menu.enter"/>
      <Exit id="multiStageEventSelect" target="multi_stage_event_menu.enter" />
    </Node>

    <Node id="unset_default_rival_to_event_select" state="global.UnsetDefaultRival" >
      <Entry id="enter" />
      <Exit id="exit" target="event_menu.enter" />
    </Node>

    <Node id="wristband_menu" state="UIShowScreens.show_wristband_selection_screen">
      <Entry id="enter"/>
      <Exit id="quit" target="rival_races_category_selection.enter"/>
      <Exit id="continue" target="unset_default_rival_to_event_select.enter"/>
    </Node>

    <Node id="street_hub_menu" state="UIShowScreens.show_street_hub_selection_screen">
      <Entry id="enter"/>
      <Exit id="quit" target="rival_races_category_selection.enter"/>
      <Exit id="continue" target="unset_default_rival_to_event_select.enter"/>
    </Node>

    <Node id="multi_stage_event_menu" state="UIShowScreens.show_multi_stage_event_selection_screen">
      <Entry id="enter"/>
      <Exit id="quit" target="rival_races_category_selection.enter"/>
      <Exit id="continue" target="unset_default_rival_to_event_select.enter"/>
    </Node>

    <Node id="event_menu" state="UIShowScreens.show_race_central_event_selection_screen">
      <Entry id="enter"/>
      <Exit id="wristband_select" target="wristband_menu.enter"/>
      <Exit id="street_hub_select" target="street_hub_menu.enter"/>
      <Exit id="category_select" target="rival_races_category_selection.enter"/>
      <Exit id="continue" target="show_car_select.enter"/>
      <Exit id="car_category_select" target="show_category_car_select.enter"/>
      <Exit id="scoreboard" target="prepare_show_scoreboard_for_event.enter"/>
      <Exit id="disconnected" target="rival_races_category_selection.enter"/>
      <Exit id="multi_stage_event_select" target="multi_stage_event_menu.enter"/>
    </Node>

    <Node id="show_car_select" state="UIShowScreens.ShowRegisterCarScreen" >
      <Entry id="enter" />
      <Exit id="back" target="event_menu.enter" />
      <Exit id="next" target="set_audio_loading.enter" />
    </Node>

    <Node id="show_category_car_select" state="UIShowScreens.multiplayer_mfr_select_screen" >
      <Entry id="enter" />
      <Exit id="exit" target="event_menu.enter" />
      <Exit id="next" target="show_car_select_with_category.enter" />
    </Node>

    <Node id="prepare_show_scoreboard_for_event" state="global.config_select_rival_leaderboard">
      <Entry id="enter" />
      <Exit id="exit" target="show_scoreboard_for_event.enter" />
    </Node>

    <Node id="show_scoreboard_for_event" state="UIShowScreens.ShowSelectRivalLapTimeScoreboardScreen">
      <Entry id="enter" />
      <Exit id="exit" target="event_menu.enter" />
      <Exit id="disconnected" target=".quit" />
    </Node>

    <Node id="show_car_select_with_category" state="UIShowScreens.ShowRegisterCarScreen" >
      <Entry id="enter" />
      <Exit id="back" target="show_category_car_select.enter" />
      <Exit id="next" target="set_audio_loading.enter" />
    </Node>

    <Node id="set_audio_loading" state="Audio.loading" >
      <Entry id="enter" />
      <Exit id="exit" target="load_into_rivals_race.enter" />
    </Node>

    <Node id="load_into_rivals_race" state="global.LoadIntoTimeTrialRace" >
      <Entry id="enter" />
      <Exit id="exit" target=".exit" />
    </Node>

  </State>

  <State id="clear_events_car_and_sponsorship_settings_from_pause">
    <Entry id="enter" target=".exit" />
    <Exit id="exit"/>
    <Behaviour id="CClearEventCarAndSponsorshipSettings" />
  </State>

  <State id="quit_flow">
    <Entry id="enter" target="should_skip_get_in_event_car_check_screen.enter" />

<!-- We don't want to show the 'get in event car' option at the end of the initial experience heat event-->
	<Node id="should_skip_get_in_event_car_check_screen" state="global.is_first_time_career">
		<Entry id="enter" />
		<Exit id="yes" target="clear_events_car_and_sponsorship_settings.enter" />
		<Exit id="no" target="show_get_in_event_car_check_screen.enter" />
	</Node>

	<Node id="show_get_in_event_car_check_screen" state="UIShowScreens.ShowChangeToEventCarCheckScreen">
		<Entry id="enter" />
		<Exit id="done" target="clear_events_car_and_sponsorship_settings.enter"/>
	</Node>
	
    <Node id="clear_events_car_and_sponsorship_settings" state="clear_events_car_and_sponsorship_settings_from_pause">
      <Entry id="enter" />
      <Exit id="exit" target="get_event_access_mode.enter" />
    </Node>

    <!-- Determine what sort of free roam to load back to, e.g. Horizon, Rally map -->
    <Node id="get_event_access_mode" state="global.get_event_access_mode_including_rally">
      <Entry id="enter" />
      <Exit id="raceCentral" target="load_back_to_horizon_free_roam.enter" />
      <Exit id="streetRaceHub" target="load_back_to_horizon_free_roam.enter" />
      <Exit id="freeRoamActivation" target="load_back_to_horizon_free_roam.enter" />
      <Exit id="none" target="load_back_to_horizon_free_roam.enter" />
      <Exit id="rallyFreeRoam" target="load_back_to_rally_free_roam.enter" />
    </Node>

    <Node id="load_back_to_horizon_free_roam" state="load_back_to_horizon_free_roam">
      <Entry id="enter" />
    </Node>

    <Node id="load_back_to_rally_free_roam" state="load_back_to_rally_free_roam">
      <Entry id="enter" />
    </Node>
  </State>
  
    <State id="quit_flow_challenge">
    <Entry id="enter" target=".exit"/>
	<Exit id="exit"/>
	
	<Behaviour id="MissionQuit" />
  </State>
  
  <State id="quit_online_session_flow">
    <Entry id="enter" target="quit_race.enter" />
    <Exit id="exit" />
    <!--<Exit id="enterBack" />-->

    <Node id="quit_race" state="global.quit_race_mp" >
      <Entry id="enter" />
      <Exit id="exit" target="quit_flow.enter" />
    </Node>

    <Node id="quit_flow" state="quit_flow" >
      <Entry id="enter" />
      <Exit id="exit" target=".exit" />
    </Node>
  </State>
  
  <State id="quit_race_encounter_flow">
    <Entry id="enter" target="quit_race_encounter.enter" />
    <Exit id="exit" />
	
	<Node id="quit_race_encounter" state="global.quit_race_encounter">
		<Entry id="enter" />
		<Exit id="exit" target=".exit" />
    </Node>
  </State>

  <State id="load_back_to_horizon_free_roam">
    <Entry id="enter" target="stop_ambient_race_sounds.enter" />

    <!-- TODO: Determine whether this can be encapsulated in the Audio state -->
    <Node id="stop_ambient_race_sounds" state="disable_ambient_audio_param_in_race">
      <Entry id="enter" />
      <Exit id="exit" target="restore_free_roam_car.enter" />
    </Node>

    <Node id="restore_free_roam_car" state="global.restore_free_roam_car">
      <Entry id="enter" />
      <Exit id="exit" target="set_audio_loading.enter" />
    </Node>

    <Node id="set_audio_loading" state="Audio.loading">
      <Entry id="enter" />
      <Exit id="exit" target="start_freeroam_music.enter"/>
    </Node>

    <!-- We now switch back to freeroam music at start of load back to freeroam, rather than at the end -->
    <Node id="start_freeroam_music" state="Audio.play_freeroam_music_with_fades">
      <Entry id="enter"/>
      <Exit id="exit" target="load_into_free_roam.enter"/>
    </Node>

    <Node id="load_into_free_roam" state="global.load_into_free_roam">
      <Entry id="enter" />
    </Node>
  </State>

  <State id="load_back_to_rally_free_roam">
    <Entry id="enter" target="stop_ambient_race_sounds.enter" />

    <!-- TODO: Determine whether this can be encapsulated in the Audio state -->
    <Node id="stop_ambient_race_sounds" state="disable_ambient_audio_param_in_race">
      <Entry id="enter" />
      <Exit id="exit" target="set_audio_loading.enter" />
    </Node>

    <Node id="set_audio_loading" state="Audio.loading">
      <Entry id="enter" />
      <Exit id="exit" target="start_freeroam_music.enter"/>
    </Node>

    <!-- We now switch back to freeroam music at start of load back to freeroam, rather than at the end -->
    <Node id="start_freeroam_music" state="Audio.play_freeroam_music_with_fades">
      <Entry id="enter"/>
      <Exit id="exit" target="load_into_rally_free_roam.enter"/>
    </Node>

    <Node id="load_into_rally_free_roam" state="global.load_into_rally_free_roam_no_intro">
      <Entry id="enter" />
    </Node>
  </State>

  <State id="disable_ambient_audio_param_in_race">
    <Entry id="enter" target=".exit"/>
    <Exit id="exit" />
    <Behaviour id="CSetAmbientAudioParameter" name="InRace" value="0" />
  </State>

  <State id="skilltree_flow">
    <Entry id="enter" target="acquire_game_control_pause.enter" />
    <Exit id="exit" />
	
	<Node id="acquire_game_control_pause" state="global.attempt_acquire_game_control">
      <Entry id="enter" />
      <Exit id="success" target="is_in_multiplayer_pre_skill_tree.enter" />
      <Exit id="failure" target=".exit" />
    </Node>
	
	<Node id="is_in_multiplayer_pre_skill_tree" state="global.is_in_multiplayer">
      <Entry id="enter" />
      <Exit id="yes" target="show_skilltree.enter" />
      <Exit id="no" target="pause_game.enter" />
    </Node>
	
	<Node id="pause_game" state="global.pause_game">
	  <Entry id="enter" />
	  <Exit id="exit" target="show_skilltree.enter" />
	</Node>
	
	<Node id="show_skilltree" state="UIShowScreens.ShowSkillTree">
      <Entry id="enter" />
      <Exit id="exit" target="show_hud_screen.enter" />
    </Node>
	
	<Node id="show_hud_screen" state="global.show_hud_screen">
	  <Entry id="enter" />
	  <Exit id="exit" target="is_in_multiplayer_post_skill_tree.enter" />
	</Node>
	
	<Node id="is_in_multiplayer_post_skill_tree" state="global.is_in_multiplayer">
      <Entry id="enter" />
      <Exit id="yes" target="attempt_to_release_game_control.enter" />
      <Exit id="no" target="unpause_game.enter" />
    </Node>
	
	<Node id="unpause_game" state="global.unpause_game">
	  <Entry id="enter" />
	  <Exit id="exit" target="attempt_to_release_game_control.enter" />
	</Node>
	
	<Node id="attempt_to_release_game_control" state="global.is_game_control_in_use">
      <Entry id="enter" />
      <Exit id="yes" target="release_game_control.enter" />
      <Exit id="no" target=".exit" />
    </Node>

    <Node id="release_game_control" state="global.release_game_control">
      <Entry id="enter" />
      <Exit id="exit" target=".exit" />
    </Node>
  </State>

  <!-- =============== -->
  <State id="PlayerHasReachedFestival" >
	<Entry id="enter" />
	<Exit id="true" />
	<Exit id="false" />
	<Behaviour id="CTestHorizonFlag" flag="arrivedAtFestival" >
		<Transition id="onTrue" target=".true" />
		<Transition id="onFalse" target=".false" />
	</Behaviour>
  </State>
	<!-- =============== -->
  
  <!-- Entry point from ActivityManager pause_hub.xml -->
  <State id="Root">
    <Entry id="enter" target="wait_for_pause.enter" />
    <Exit id="exit" />

    <Node id="wait_for_pause" state="wait_for_pause" >
      <Entry id="enter" />
      <Exit id="pause" target="show_pause_screen.enter_pause" />
      <Exit id="mulligan" target="show_pause_screen.enter_mulligan" />
      <Exit id="map" target="show_pause_screen.enter_map" />
      <Exit id="carChallengeCar" target="show_pause_screen.enter_carChallengeCar" />
      <Exit id="carChallengeHome" target="show_pause_screen.enter_carChallengeHome" />
	  <Exit id="skillTree" target="skilltree.enter" />
    </Node>

    <Node id="show_pause_screen" state="show_pause_screen">
      <Entry id="enter_pause" />
      <Entry id="enter_map" />
      <Entry id="enter_mulligan" />
      <Entry id="enter_carChallengeCar" />
      <Entry id="enter_carChallengeHome" />
      <Exit id="back_to_game" target="wait_one_frame.enter" />
      <Exit id="quit" target=".exit" />
    </Node>

    <Node id="wait_one_frame" state="global.wait_one_frame" >
      <Entry id="enter" />
      <Exit id="exit" target="wait_for_pause.enter" />
    </Node>
	
	<Node id="skilltree" state="skilltree_flow">
      <Entry id="enter" />
      <Exit id="exit" target="wait_one_frame.enter" />
    </Node>
  </State>

</StateGroup>
te>

</StateGroup>
te>

</StateGroup>
te>

</StateGroup>
