<StateGroup id="playmovie" >

    <State id="SetMoviePlaying">
        <Entry id="enter" target=".exit" />
        <Exit id="exit" />
        <Behaviour id="CSetMoviePlaying" playing="true" />
    </State>

    <State id="SetMovieNotPlaying">
        <Entry id="enter" target=".exit" />
        <Exit id="exit" />
        <Behaviour id="CSetMoviePlaying" playing="false" />
    </State>

    <State id="pre_movie_prepare">
        <Entry id="enter" target="set_moive_playing_flag.enter" />
        <Exit id="exit" />

        <Node id="set_moive_playing_flag" state="SetMoviePlaying">
          <Entry id="enter" />
          <Exit id="exit" target="back_out.enter" />
        </Node>
        
        <Node id="back_out" state="global.black_out">
          <Entry id="enter" />
          <Exit id="exit" target="remove_cars.enter" />
        </Node>

        <Node id="remove_cars" state="global.wait_for_traffic_not_festival_to_be_removed">
          <Entry id="enter" />
          <Exit id="exit" target="wait_for_resource_manager.enter" />
        </Node>

		<Node id="wait_for_resource_manager" state="global.wait_for_resource_manager">
			<Entry id="enter" />
			<Exit id="exit" target="set_audio_mode.enter" />
		</Node>

        <Node id="set_audio_mode" state="Audio.video_playback" >
          <Entry id="enter" />
          <Exit id="exit" target="enable_compressed_heap.enter" />
        </Node>

        <Node id="enable_compressed_heap" state="global.enable_compressed_heap" >
            <Entry id="enter" />
            <Exit id="exit" target="disable_presentationrender.enter" />
        </Node>

        <Node id="disable_presentationrender" state="global.disable_presentationrenderandshadows" >
            <Entry id="enter" />
            <Exit id="exit" target="pre_movie.enter" />
        </Node>

        <Node id="pre_movie" state="global.PreMovie">
            <Entry id="enter" />
            <Exit id="exit" target=".exit" />
        </Node>
    </State>

    <State id="post_movie_prepare">
      <Entry id="enter" target="black_out.enter" />
      <Exit id="exit" />

      <Node id="black_out" state="global.black_out">
        <Entry id="enter" />
        <Exit id="exit" target="show_empty_screen.enter" />
      </Node>

      <Node id="show_empty_screen" state="global.show_empty_screen_no_package" >
        <Entry id="enter" />
        <Exit id="exit" target="post_movie.enter" />
      </Node>

      <Node id="post_movie" state="global.PostMovie">
        <Entry id="enter" />
        <Exit id="exit" target="enable_presentationrender.enter" />
      </Node>

      <Node id="enable_presentationrender" state="global.enable_presentationrender" >
        <Entry id="enter" />
        <Exit id="exit" target="disable_compressed_heap.enter" />
      </Node>

      <Node id="disable_compressed_heap" state="global.disable_compressed_heap" >
        <Entry id="enter" />
        <Exit id="exit" target="set_moive_not_playing_flag.enter" />
      </Node>
      
      <Node id="set_moive_not_playing_flag" state="SetMovieNotPlaying">
        <Entry id="enter" />
        <Exit id="exit" target=".exit" />
      </Node>
    </State>
	
    <State id="post_movie_prepare_no_blackout">
      <Entry id="enter" target="show_empty_screen.enter" />
      <Exit id="exit" />

      <Node id="show_empty_screen" state="global.show_empty_screen_no_package" >
        <Entry id="enter" />
        <Exit id="exit" target="post_movie.enter" />
      </Node>

      <Node id="post_movie" state="global.PostMovie">
        <Entry id="enter" />
        <Exit id="exit" target="enable_presentationrender.enter" />
      </Node>

      <Node id="enable_presentationrender" state="global.enable_presentationrender" >
        <Entry id="enter" />
        <Exit id="exit" target="disable_compressed_heap.enter" />
      </Node>

      <Node id="disable_compressed_heap" state="global.disable_compressed_heap" >
        <Entry id="enter" />
        <Exit id="exit" target="set_moive_not_playing_flag.enter" />
      </Node>
      
      <Node id="set_moive_not_playing_flag" state="SetMovieNotPlaying">
        <Entry id="enter" />
        <Exit id="exit" target=".exit" />
      </Node>
    </State>
		
    <State id="post_movie_restore_freeroam">
        <Entry id="enter" target="post_movie_prepare.enter" />
        <Exit id="exit" />

        <Node id="post_movie_prepare" state="post_movie_prepare">
          <Entry id="enter" />
          <Exit id="exit" target="wait_1_sec.enter" />
        </Node>

        <!-- this wait is so we don't have to have non interative pause after the fade in. -->
        <Node id="wait_1_sec" state="global.wait_1_sec">
          <Entry id="enter" />
          <Exit id="exit" target="play_freeroam_music.enter" />
        </Node>

        <Node id="play_freeroam_music" state="Audio.play_freeroam_music" >
          <Entry id="enter" />
          <Exit id="exit" target="set_audio_mode.enter" />
        </Node>

        <Node id="set_audio_mode" state="Audio.exterior_freeroam" >
          <Entry id="enter" />
          <Exit id="exit" target="fade_in.enter" />
        </Node>

        <Node id="fade_in" state="global.fade_in">
          <Entry id="enter" />
          <Exit id="exit" target="wait_nui.enter" />
        </Node>

        <Node id="wait_nui" state="global.PostMovieWaitNui">
          <Entry id="enter" />
          <Exit id="exit" target="enable_traffic_spawning.enter" />
        </Node>

        <Node id="enable_traffic_spawning" state="global.enable_traffic_spawning" >
          <Entry id="enter" />
          <Exit id="exit" target="reset_civ_traffic.enter" />
        </Node>

        <Node id="reset_civ_traffic" state="global.reset_traffic_not_festival">
            <Entry id="enter" />
            <Exit id="exit" target=".exit" />
        </Node>
		
    </State>

	<!-- =================================== -->
	<!-- New Anthem post_movie restore state -->
	<State id="post_movie_restore_simple">
		<Entry id="enter" target="post_movie_prepare.enter" />
		<Exit id="exit" />

		<Node id="post_movie_prepare" state="post_movie_prepare_no_blackout">
			<Entry id="enter" />
			<Exit id="exit" target="wait_nui.enter" />
		</Node>

		<Node id="wait_nui" state="global.PostMovieWaitNui">
		<Entry id="enter" />
		<Exit id="exit" target=".exit" />
		</Node>	
	
	</State>
 	<!-- =================================== -->
 
  <State id="post_movie_restore_nofadein">
    <Entry id="enter" target="post_movie_prepare.enter" />
    <Exit id="exit" />

    <Node id="post_movie_prepare" state="post_movie_prepare">
      <Entry id="enter" />
      <Exit id="exit" target="wait_nui.enter" />
    </Node>

    <!-- no wait_1_sec -->
    <!-- no play_freeroam_music -->
    <!-- no fade_in -->

    <Node id="wait_nui" state="global.PostMovieWaitNui">
      <Entry id="enter" />
      <Exit id="exit" target="set_audio_mode.enter" />
    </Node>

    <Node id="set_audio_mode" state="Audio.exterior_freeroam" >
      <Entry id="enter" />
      <Exit id="exit" target="enable_traffic_spawning.enter" />
    </Node>

    <Node id="enable_traffic_spawning" state="global.enable_traffic_spawning" >
      <Entry id="enter" />
      <Exit id="exit" target="reset_civ_traffic.enter" />
    </Node>
      
    <Node id="reset_civ_traffic" state="global.reset_traffic_not_festival">
        <Entry id="enter" />
        <Exit id="exit" target=".exit" />
    </Node>

  </State>

  <State id="post_movie_restore_nofadein_nosnapshot">
    <Entry id="enter" target="post_movie_prepare.enter" />
    <Exit id="exit" />

    <Node id="post_movie_prepare" state="post_movie_prepare">
      <Entry id="enter" />
      <Exit id="exit" target="wait_nui.enter" />
    </Node>

    <!-- no wait_1_sec -->
    <!-- no play_freeroam_music -->
    <!-- no fade_in -->
    <!-- no audio snapshot -->	

    <Node id="wait_nui" state="global.PostMovieWaitNui">
      <Entry id="enter" />
      <Exit id="exit" target="enable_traffic_spawning.enter" />
    </Node>

    <Node id="enable_traffic_spawning" state="global.enable_traffic_spawning" >
      <Entry id="enter" />
      <Exit id="exit" target="reset_civ_traffic.enter" />
    </Node>
      
    <Node id="reset_civ_traffic" state="global.reset_traffic_not_festival">
        <Entry id="enter" />
        <Exit id="exit" target=".exit" />
    </Node>
  </State>
  
   <State id="post_movie_restore_uiexterior">
        <Entry id="enter" target="post_movie_prepare.enter" />
        <Exit id="exit" />

       <Node id="post_movie_prepare" state="post_movie_prepare">
         <Entry id="enter" />
         <Exit id="exit" target="wait_nui.enter" />
       </Node>

       <!-- no wait_1_sec -->
       <!-- no set_audio_mode -->
       <!-- no fade_in -->

       <Node id="wait_nui" state="global.PostMovieWaitNui">
          <Entry id="enter" />
          <Exit id="exit" target="play_freeroam_music.enter" />
        </Node>		

        <Node id="play_freeroam_music" state="Audio.play_freeroam_music" >
          <Entry id="enter" />
          <Exit id="exit" target="enable_traffic_spawning.enter" />
        </Node>

        <Node id="enable_traffic_spawning" state="global.enable_traffic_spawning" >
          <Entry id="enter" />
          <Exit id="exit" target="reset_civ_traffic.enter" />
        </Node>

      <Node id="reset_civ_traffic" state="global.reset_traffic_not_festival">
            <Entry id="enter" />
            <Exit id="exit" target="apply_mixer_snapshot_ui_exterior.enter" />
        </Node>
	  
		<Node id="apply_mixer_snapshot_ui_exterior" state="Audio.apply_mixer_snapshot_ui_exterior" >
			<Entry id="enter" />
			<Exit id="exit" target=".exit" />
		</Node>	  
 
    </State>
  
  
    <State id="post_movie_restore_nofadein_notraffic">
        <Entry id="enter" target="post_movie_prepare.enter" />
        <Exit id="exit" />

        <Node id="post_movie_prepare" state="post_movie_prepare">
          <Entry id="enter" />
          <Exit id="exit" target="wait_nui.enter" />
        </Node>

        <!-- no wait_1_sec -->
        <!-- no play_freeroam_music -->
        <!-- no set_audio_mode -->
        <!-- no fade_in -->
        <!-- no enable_traffic_spawing -->
        <!-- no reset_civ_traffic -->

        <Node id="wait_nui" state="global.PostMovieWaitNui">
            <Entry id="enter" />
            <Exit id="exit" target="reset_civ_traffic.enter" />
        </Node>

      <Node id="reset_civ_traffic" state="global.reset_traffic_not_festival">
        <Entry id="enter" />
        <Exit id="exit" target="disable_traffic_spawning.enter" />
      </Node>

      <Node id="disable_traffic_spawning" state="global.disable_traffic_spawning" >
        <Entry id="enter" />
        <Exit id="exit" target=".exit" />
      </Node>

    </State>

  <State id="pre_screen">
    <Entry id="enter" target="disable_satnav_audio.enter" />
    <Exit id="exit" />

    <Node id="disable_satnav_audio" state="Audio.disable_satnav_audio" >
      <Entry id="enter" />
      <Exit id="exit" target="block_pause_entry.enter" />
    </Node>
    
    <Node id="block_pause_entry" state="global.block_pause_entry" >
      <Entry id="enter" />
      <Exit id="exit" target="disable_car_control.enter" />
    </Node>

    <Node id="disable_car_control" state="global.disable_car_control" >
      <Entry id="enter" />
      <Exit id="exit" target="enable_parking_brake.enter" />
    </Node>

    <Node id="enable_parking_brake" state="global.enable_car_parking_brake" >
      <Entry id="enter" />
      <Exit id="exit" target="pre_movie_prepare.enter" />
    </Node>

    <Node id="pre_movie_prepare" state="pre_movie_prepare">
      <Entry id="enter" />
      <Exit id="exit" target=".exit" />
    </Node>

  </State>

  <State id="post_screen">
    <Entry id="enter" target="reset_camera.enter" />
    <Exit id="exit" />

    <Node id="reset_camera" state="global.reset_camera_to_player" >
      <Entry id="enter" />
      <Exit id="exit" target="post_movie_restore_freeroam.enter" />
    </Node>

    <Node id="post_movie_restore_freeroam" state="post_movie_restore_freeroam" >
      <Entry id="enter" />
      <Exit id="exit" target="show_hud.enter" />
    </Node>

    <Node id="show_hud" state="global.show_hud_screen" >
      <Entry id="enter" />
      <Exit id="exit" target="enable_car_control.enter" />
    </Node>

    <Node id="enable_car_control" state="global.enable_car_control" >
      <Entry id="enter" />
      <Exit id="exit" target="disable_parking_brake.enter" />
    </Node>

    <Node id="disable_parking_brake" state="global.disable_car_parking_brake" >
      <Entry id="enter" />
      <Exit id="exit" target="unblock_pause_entry.enter" />
    </Node>

    <Node id="unblock_pause_entry" state="global.unblock_pause_entry" >
      <Entry id="enter" />
      <Exit id="exit" target="reset_mulligan.enter" />
    </Node>

    <Node id="reset_mulligan" state="global.reset_mulligan" >
      <Entry id="enter" />
      <Exit id="exit" target="enable_satnav_audio.enter" />
    </Node>
    
    <Node id="enable_satnav_audio" state="Audio.enable_satnav_audio" >
      <Entry id="enter" />
      <Exit id="exit" target=".exit" />
    </Node>

  </State>

  <State id="playmovie_screen" >
      <Entry id="enter" />
      <Exit id="exit" /> 
      <Behaviour id="CShowMovieScreen" filename="GAME:\Media\UI\Videos\FMV_01.wmv" >
          <Transition id="onDone" target=".exit" />
      </Behaviour>
    </State>

  <State id="root">
        <Entry id="enter" target="pre_screen.enter" />
        <Exit id="exit" />

        <!-- While in the whole of this state we need game control -->
        <Behaviour id="CGameControlWrapper" />
        
        <Node id="pre_screen" state="pre_screen">
            <Entry id="enter" />
            <Exit id="exit" target="playmovie_screen.enter" />
        </Node>

        <Node id="playmovie_screen" state="playmovie_screen">
            <Entry id="enter" />
            <Exit id="exit" target="post_screen.enter" />
        </Node>

        <Node id="post_screen" state="post_screen">
            <Entry id="enter" />
            <Exit id="exit" target=".exit" />
        </Node>

    </State>
    
</StateGroup>

    
</StateGroup>

    
</StateGroup>

    
</StateGroup>
