<StateGroup id="race_central" >  
    
    <!--Audio states RaceCentral -->
    <State id="prepare_pre_screen_cutscene_01">
        <Entry id="enter" target=".exit" />
        <Exit id="exit" />
        <Behaviour id="CPrepareCutscene" cutscene="racecentral_festival_transition" />
    </State>

    <State id="prepare_pre_screen_cutscene_from_race">
        <Entry id="enter" target=".exit" />
        <Exit id="exit" />
        <Behaviour id="CPrepareCutscene" cutscene="racecentral_festival_from_race" />
    </State>
    
    <State id="prepare_pre_screen_cutscene_02">
        <Entry id="enter" target=".exit" />
        <Exit id="exit" />
        <Behaviour id="CPrepareCutscene" cutscene="racecentral_festival_intro" />
    </State>

    <State id="prepare_post_screen_cutscene">
        <Entry id="enter" target=".exit" />
        <Exit id="exit" />
        <Behaviour id="CPrepareCutscene" cutscene="racecentral_festival_outro" />
    </State>

    <State id="show_empty_screen_racecentral" >
      <Entry id="enter" target=".exit" />
      <Exit id="exit" />
      <Behaviour id="CShowEmptyScreen" >
        <Attribute id="resource_package" value="RaceCentral" />
      </Behaviour>
    </State>

    <State id="award_decision">
        <Entry id="enter" target="is_in_multiplayer.enter"/>
        <Exit id="continue"/>
        <Exit id="award"/>

        <Node id="is_in_multiplayer" state="global.is_in_multiplayer">
            <Entry id="enter" />
            <Exit id="yes" target=".continue" />
            <Exit id="no" target="is_new_wristband_available.enter" />
        </Node>
        <Node id="is_new_wristband_available" state="global.is_new_wristband_available">
            <Entry id="enter" />
            <Exit id="yes" target=".award" />
            <Exit id="no" target=".continue" />
        </Node>
    </State>

    <State id="award_wristband">
        <Entry id="enter" target="trigger_wristband_upgrade.enter"/>
        <Exit id="exit"/>
        
        <Node id="trigger_wristband_upgrade" state="global.trigger_wristband_upgrade" >
            <Entry id="enter" />
            <Exit id="exit" target="radiodj_festival_wristband.enter" />
        </Node>
        <Node id="radiodj_festival_wristband" state="radiodj.festival_wristband" >
            <Entry id="enter" />
            <Exit id="exit" target="set_show_career_progress_message.enter" />
        </Node>
        <Node id="set_show_career_progress_message" state="global.set_show_career_progress_message">
          <Entry id="enter" />
          <Exit id="exit" target=".exit" />
        </Node>
    </State>

  <!-- ================================================================ -->
  <!-- CAMERA SEQUENCES -->
  <!-- ================================================================ -->
  <State id="pre_screen_camera_sequence">
    <Entry id="enter" target="show_empty_screen.enter" />
    <Exit id="exit" />

    <Node id="show_empty_screen" state="show_empty_screen_racecentral" >
      <Entry id="enter" />
      <Exit id="exit" target="prepare_cutscene_01.enter" />
    </Node>

    <Node id="prepare_cutscene_01" state="prepare_pre_screen_cutscene_01">
        <Entry id="enter" />
        <Exit id="exit" target="play_cutscene_01.enter" />
    </Node>
        
    <Node id="play_cutscene_01" state="global.play_current_camera_sequence">
        <Entry id="enter" />
        <Exit id="exit" target="wait_for_cutscene.enter" />
    </Node>
        
    <Node id="wait_for_cutscene" state="global.wait_for_cutscene_countdown">
        <Entry id="enter" />
        <Exit id="exit" target=".exit" />
    </Node>
  </State>
  
  <State id="pre_screen_camera_sequence_from_race">
    <Entry id="enter" target="prepare_cutscene_from_race.enter" />
    <Exit id="exit" />

    <Node id="prepare_cutscene_from_race" state="prepare_pre_screen_cutscene_from_race">
        <Entry id="enter" />
        <Exit id="exit" target="wait_for_streaming.enter" />
    </Node>
    
    <Node id="wait_for_streaming" state="global.wait_for_streaming">
        <Entry id="enter" />
        <Exit id="exit" target="prepare_cutscene_black_out.enter" />
    </Node>
    
    <Node id="prepare_cutscene_black_out" state="global.black_out">
      <Entry id="enter" />
      <Exit id="exit" target="show_empty_screen.enter" />
    </Node>
    
    <Node id="show_empty_screen" state="show_empty_screen_racecentral" >
      <Entry id="enter" />
      <Exit id="exit" target="play_cutscene_from_race.enter" />
    </Node>
    
    <Node id="play_cutscene_from_race" state="global.play_current_camera_sequence">
        <Entry id="enter" />
        <Exit id="exit" target="wait_for_cutscene.enter" />
    </Node>
    
    <Node id="wait_for_cutscene" state="global.wait_for_cutscene_countdown">
        <Entry id="enter" />
        <Exit id="exit" target=".exit" />
    </Node>
  </State>

  <State id="post_screen_camera_sequence">
    <Entry id="enter" target="prepare_cutscene.enter" />
    <Exit id="exit" />

    <Node id="prepare_cutscene" state="prepare_post_screen_cutscene">
      <Entry id="enter" />
      <Exit id="exit" target="prepare_cutscene_black_out.enter" />
    </Node>

    <Node id="prepare_cutscene_black_out" state="global.black_out">
      <Entry id="enter" />
      <Exit id="exit" target="show_empty_screen.enter" />
    </Node>

    <Node id="show_empty_screen" state="global.show_empty_screen_no_package" >
      <Entry id="enter" />
      <Exit id="exit" target="set_audio_freeroam.enter" />
    </Node>
    
    <Node id="set_audio_freeroam" state="Audio.apply_mixer_snapshot_freeroam">
        <Entry id="enter"/>
        <Exit id="exit" target="play_cutscene.enter"/>
    </Node>    

    <Node id="play_cutscene" state="global.play_current_camera_sequence_and_wait">
      <Entry id="enter" />
      <Exit id="exit" target="reset_camera.enter" />
    </Node>

    <Node id="reset_camera" state="global.reset_camera_to_player" >
      <Entry id="enter" />
      <Exit id="exit" target=".exit" />
    </Node>
  </State>

  <State id="PrepareCutscene">
    <Entry id="enter" target=".exit"/>
    <Exit id="exit"/>
    <Behaviour id="CPrepareCutsceneForWristBandReward"/>
  </State>

  <State id="award_flow">
        <Entry id="enter" target="show_empty.enter"/>
        <Exit id="exit"/>
        <Exit id="fastTravel"/>

        <Node id="show_empty" state="global.show_empty_screen" >
          <Entry id="enter" />
          <Exit id="exit" target="black_out.enter" />
        </Node>    

        <!-- this should be an instantanious transition from the game to a screen capture. -->
        <Node id="black_out" state="global.black_out" >
            <Entry id="enter" />
            <Exit id="exit" target="set_audio_mode.enter" />
        </Node>
        
        <Node id="set_audio_mode" state="Audio.apply_mixer_snapshot_freeroam">
            <Entry id="enter"/>
            <Exit id="exit" target="apply_mixer_snapshot_voplaying_instant.enter"/>
        </Node>
            
        <Node id="apply_mixer_snapshot_voplaying_instant" state="Audio.apply_mixer_snapshot_voplaying_instant">
            <Entry id="enter"/>
            <Exit id="exit" target="award_wristband.enter"/>
        </Node>                

        <Node id="award_wristband" state="award_wristband" >
          <Entry id="enter" />
          <Exit id="exit" target="remove_traffic_cars.enter" />
        </Node>

      <Node id="remove_traffic_cars" state="global.wait_for_traffic_not_festival_to_be_removed">
          <Entry id="enter" />
          <Exit id="exit" target="prepare_cutscene_for_wristband.enter"/>
      </Node>

        <Node id="prepare_cutscene_for_wristband" state="PrepareCutscene" >
          <Entry id="enter" />
          <Exit id="exit" target="play_cutscene.enter" />
        </Node>

        <Node id="play_cutscene" state="global.play_current_camera_sequence_and_wait" >
          <Entry id="enter" />
          <Exit id="exit" target="reset_cam.enter" />
        </Node>

        <Node id="reset_cam" state="global.reset_camera_to_player" >
          <Entry id="enter" />
          <Exit id="exit" target="black_out2.enter" />
        </Node>

        <Node id="black_out2" state="global.black_out" >
          <Entry id="enter" />
          <Exit id="exit" target="show_loading.enter" />
        </Node>

    <Node id="show_loading" state="global.show_loading_screen">
      <Entry id="enter" />
      <Exit id="exit" target="loading_audio_snapshot.enter" />
    </Node>

    <Node id="loading_audio_snapshot" state="Audio.apply_mixer_snapshot_loading">
      <Entry id="enter" />
      <Exit id="exit" target="reload_player_car.enter" />
    </Node>

    <Node id="reload_player_car" state="global.reload_player_car">
      <Entry id="enter" />
      <Exit id="exit" target="wait_for_load.enter" />
    </Node>
    
    <Node id="wait_for_load" state="global.wait_for_player_car_loaded">
      <Entry id="enter" />
      <Exit id="exit" target="enable_traffic.enter" />
    </Node>

      <Node id="enable_traffic" state="global.enable_traffic_spawning">
          <Entry id="enter" />
          <Exit id="exit" target="reset_traffic.enter" />
      </Node>

      <Node id="reset_traffic" state="global.reset_traffic_cars_dont_destroy_existing">
          <Entry id="enter" />
          <Exit id="exit" target="unmute_car_audio.enter" />
      </Node>

        <Node id="unmute_car_audio" state="Audio.unmute_car_audio" >
            <Entry id="enter" />
            <Exit id="exit" target="set_vo_snapshot.enter" />
        </Node>

        <Node id="set_vo_snapshot" state="apply_mixer_snapshot_vo_not_playing" >
            <Entry id="enter" />
            <Exit id="exit" target="paused_snapshot.enter" />
        </Node>

        <Node id="paused_snapshot" state="Audio.apply_mixer_snapshot_paused" >
          <Entry id="enter" />
          <Exit id="exit" target="pause_for_map.enter" />
        </Node>

      <Node id="pause_for_map" state="global.pause_game">
          <Entry id="enter" />
          <Exit id="exit" target="load_map.enter" />
      </Node>
        <Node id="load_map" state="map.load_map" >
          <Entry id="enter" />
          <Exit id="exit" target="map_screen.enter" />
        </Node>

        <Node id="map_screen" state="map.map_screen" >
            <Entry id="enter" />
            <Exit id="exit" target="save_profile.enter" />
            <Exit id="exit_to_game" target="save_profile.enter" />
            <Exit id="fast_travel" target="map_screen_fast_travel_exit.enter" />
            <Exit id="ambientLeaderboard" target="." />
            <Exit id="lapRaceLeaderboard" target="." />
        </Node>

        <Node id="map_screen_fast_travel_exit" state="map_screen_fast_travel_exit" >
            <Entry id="enter" />
            <Exit id="exit" target=".fastTravel" />
        </Node>

        <Node id="save_profile" state="global.save_profile" >
            <Entry id="enter" />
            <Exit id="exit" target="enable_fast_travel.enter" />
        </Node>

        <Node id="enable_fast_travel" state="global.enable_fast_travel" >
            <Entry id="enter" />
            <Exit id="exit" target="unload_map_to_empty_scene.enter" />
        </Node>

        <Node id="unload_map_to_empty_scene" state="map.unload_map_to_empty_scene" >
            <Entry id="enter" />
            <Exit id="exit" target=".exit" />
        </Node>
    </State>

    <State id="apply_mixer_snapshot_vo_not_playing">
        <Entry id="enter" target=".exit" />
        <Exit id="exit" />
        <Behaviour id="CApplyMixerSnapshot" snapshot = "VONotPlaying" />
    </State>

    <!-- Map screen fast travel exit state-->
    <State id="map_screen_fast_travel_exit">
        <Entry id="enter" target="show_loading_screen.enter" />
        <Exit id="exit" />

        <Node id="show_loading_screen" state="global.show_loading_screen" >
            <Entry id="enter" />
            <Exit id="exit" target="save_profile.enter" />
        </Node>

        <Node id="save_profile" state="global.save_profile" >
            <Entry id="enter" />
            <Exit id="exit" target="reset_traffic_cars.enter" />
        </Node>

        <Node id="reset_traffic_cars" state="global.reset_traffic_cars" >
            <Entry id="enter" />
            <Exit id="exit" target="enable_traffic_spawning.enter" />
        </Node>

        <Node id="enable_traffic_spawning" state="global.enable_traffic_spawning">
            <Entry id="enter" />
            <Exit id="exit" target="enable_presentationrender.enter" />
        </Node>

        <Node id="enable_presentationrender" state="global.enable_presentationrender" >
            <Entry id="enter" />
            <Exit id="exit" target="fade_in.enter" />
        </Node>

        <Node id="fade_in" state="global.fade_in" >
            <Entry id="enter" />
            <Exit id="exit" target="perform_fast_travel.enter" />
        </Node>

        <Node id="perform_fast_travel" state="fasttravel.perform_fast_travel">
            <Entry id="enter" />
            <Exit id="exit" target=".exit" />
        </Node>
    </State>

    <State id="play_movie" >
        <Entry id="enter" />
        <Exit id="exit" />
        <Behaviour id="CShowMovieScreen" filename="" >
            <Transition id="onDone" target=".exit" />
        </Behaviour>
    </State>   

    <State id="pre_menu_flow">
        <Entry id="enter" target="ui_enter.enter" />
        <Entry id="enter_from_race_central" target="ui_enter_from_race_central.enter" />
        <Exit id="exit" />

        <!--
        Use a dummy state substitue for the PRE entry screen - we may not want to show it if we are awarding a new wristband.
          -->
        <StateSubstitute state="InGameUI.cutscene_enter_activity" substitute="global.dummy_state" />

        <Node id="ui_enter" state="InGameUI.enter" >
            <Entry id="enter" />
            <Exit id="exit" target="award_decision.enter"/>
        </Node>
        <Node id="ui_enter_from_race_central" state="InGameUI.enter" >
            <Entry id="enter" />
            <Exit id="exit" target="pre_screen_camera_sequence_from_race.enter"/>
        </Node>

        <!-- Don't show the prescreen camera sequence if we are awarding a wristband -->
        <Node id="award_decision" state="award_decision" >
          <Entry id="enter" />
          <Exit id="award" target=".exit" />
          <Exit id="continue" target="pre_screen_camera_sequence.enter" />
        </Node>
        
        <Node id="pre_screen_camera_sequence" state="pre_screen_camera_sequence" >
          <Entry id="enter" />
          <Exit id="exit" target=".exit"/>
        </Node>
        
        <Node id="pre_screen_camera_sequence_from_race" state="pre_screen_camera_sequence_from_race" >
          <Entry id="enter" />
          <Exit id="exit" target=".exit"/>
        </Node>
    </State>  

    <State id="menu_flow">
        <!-- Entry for coming back to race central event selection screen from loading screen (back to free roam) -->
        <Entry id="from_race_central" target="pre_menu_from_race_central.enter_from_race_central" />

        <!-- Entry for activating race central from free roam activation point -->
        <Entry id="from_free_roam" target="pre_menu.enter" />

        <Exit id="flow" />
        <Exit id="freeRoam" />

        <Behaviour id="CParentTransition" />

        <Node id="pre_menu_from_race_central" state="pre_menu_flow" >
            <Entry id="enter_from_race_central" />
            <Exit id="exit" target="get_server_rival_events_and_skip_to_event_menu.enter" />
        </Node>
        
        <Node id="pre_menu" state="pre_menu_flow" >
            <Entry id="enter" />
            <Exit id="exit" target="award_decision.enter" />
        </Node>
        
        <Node id="award_decision" state="award_decision" >
            <Entry id="enter" />
            <Exit id="award" target="award_flow.enter" />
            <Exit id="continue" target="set_career_event_mode.enter" />
        </Node>

        <Node id="set_career_event_mode" state="global.set_event_race_central_access_mode" >
            <Entry id="enter" />
            <Exit id="exit" target="race_central_menu.enter" />
        </Node>
        
        <Node id="award_flow" state="award_flow" >
            <Entry id="enter" />
            <Exit id="exit" target="back_to_freeroam.enter" />
            <Exit id="fastTravel" target="back_to_fast_travel.enter" />
        </Node>

        <Node id="back_to_freeroam" state="global.unpause_game" >
            <Entry id="enter" />
            <Exit id="exit" target="free_roam_exit.enter" />
        </Node>

        <Node id="free_roam_exit" state="free_roam_exit" >
            <Entry id="enter" />
            <Exit id="flow" target=".flow" />
            <Exit id="freeRoam" target=".freeRoam" />
        </Node>

        <Node id="back_to_fast_travel" state="global.unpause_game" >
            <Entry id="enter" />
            <Exit id="exit" target="fast_travel.enter" />
        </Node>

        <Node id="fast_travel" state="fast_travel_exit" >
            <Entry id="enter" />
            <Exit id="exit" target=".freeRoam" />
        </Node>        
        
        <Node id="race_central_menu" state="UIShowScreens.ShowRaceCentralScreen">
            <Entry id="enter"/>
            <Exit id="leaderboards" target="leaderboard_select_screen.enter"/>
            <Exit id="movieTest" target="show_movie_test_screen.enter"/>
            <Exit id="rivals" target="set_free_roam_car.enter"/>
            <Exit id="quit" target="free_roam_exit.enter"/>
        </Node>
        
        <!-- Remember the car we had so that we can recover it when we come from a rivals race -->
        <Node id="set_free_roam_car" state="global.set_free_roam_car">
            <Entry id="enter"/>
            <Exit id="exit" target="get_server_rival_events.enter"/>
        </Node>

        <Node id="show_movie_test_screen" state="UIShowScreens.ShowMovieTestScreen" >
            <Entry id="enter" />
            <Exit id="select" target="test_movie_prepare.enter" />
            <Exit id="back" target="race_central_menu.enter" />
        </Node>   
  
        <Node id="test_movie_prepare" state="playmovie.pre_movie_prepare">
            <Entry id="enter" />
            <Exit id="exit" target="test_movie_play.enter" />
        </Node>

        <Node id="test_movie_play" state="play_movie">
          <Entry id="enter" />
          <Exit id="exit" target="test_movie_restore.enter" />
        </Node>

        <Node id="test_movie_restore" state="playmovie.post_movie_restore_nofadein_notraffic">
          <Entry id="enter" />
          <Exit id="exit" target="test_movie_restore_music.enter" />
        </Node>

        <Node id="test_movie_restore_music" state="Audio.play_freeroam_music" >
          <Entry id="enter" />
          <Exit id="exit" target="test_movie_restore_audio.enter" />
        </Node>

        <Node id="test_movie_restore_audio" state="Audio.exterior_ui" >
          <Entry id="enter" />
          <Exit id="exit" target="test_movie_enable_compressed_heap.enter" />
        </Node>

        <Node id="test_movie_enable_compressed_heap" state="global.enable_compressed_heap" >
          <Entry id="enter" />
          <Exit id="exit" target="race_central_menu.enter" />
        </Node>

        <Node id="leaderboard_select_screen" state="UIShowScreens.leaderboard_select_screen">
            <Entry id="enter" />
            <Exit id="exit"                        target="race_central_menu.enter" />
            <Exit id="nextToWristbandSelect"       target="leaderboard_wristband_select_screen.enter" />
            <Exit id="nextToHubSelect"             target="leaderboard_hub_select_screen.enter" />
            <Exit id="nextToExhibitionEventSelect" target="exhibition_event_select_screen.enter" />
            <Exit id="nextToOnlineXP"              target="online_xp_scoreboard_screen.enter" />
            <Exit id="nextToCarChallenge"         target="car_challenge_scoreboard_screen.enter" />
            <Exit id="parent_transition"           target="free_roam_exit.enter" />
        </Node>
        
        <Node id="leaderboard_wristband_select_screen" state="UIShowScreens.leaderboard_wristband_select_screen">
            <Entry id="enter" />
            <Exit id="exit"                    target="leaderboard_select_screen.enter" />
            <Exit id="nextToRollup"            target="festival_event_rollup_scoreboard_screen.enter" />
            <Exit id="nextToEventSelectScreen" target="festival_event_select_screen.enter" />
            <Exit id="parent_transition"       target="free_roam_exit.enter" />
        </Node>
        
        <Node id="leaderboard_hub_select_screen" state="UIShowScreens.leaderboard_hub_select_screen">
            <Entry id="enter" />
            <Exit id="exit"                    target="leaderboard_select_screen.enter" />
            <Exit id="nextToRollup"            target="street_race_rollup_scoreboard_screen.enter" />
            <Exit id="nextToEventSelectScreen" target="street_race_select_screen.enter" />
            <Exit id="parent_transition"       target="free_roam_exit.enter" />
        </Node>
        
        <Node id="festival_event_rollup_scoreboard_screen" state="UIShowScreens.festival_event_rollup_scoreboard_screen">
            <Entry id="enter" />
            <Exit id="exit" target="leaderboard_wristband_select_screen.enter" />
            <Exit id="disconnected" target="leaderboard_wristband_select_screen.enter"/>
            <Exit id="parent_transition" target="free_roam_exit.enter" />
        </Node>
        
        <Node id="street_race_rollup_scoreboard_screen" state="UIShowScreens.street_race_rollup_scoreboard_screen">
            <Entry id="enter" />
            <Exit id="exit" target="leaderboard_hub_select_screen.enter" />
            <Exit id="disconnected" target="leaderboard_hub_select_screen.enter"/>
            <Exit id="parent_transition" target="free_roam_exit.enter" />
        </Node>
        
        <Node id="festival_event_select_screen" state="UIShowScreens.festival_event_select_screen">
            <Entry id="enter" />
            <Exit id="exit"                   target="leaderboard_wristband_select_screen.enter" />
            <Exit id="nextToRollup"           target="wristband_rollup_scoreboard_screen.enter" />
            <Exit id="nextToEventLeaderboard" target="event_scoreboard_screen.enter" />
            <Exit id="parent_transition"      target="free_roam_exit.enter" />
        </Node>
        
        <Node id="street_race_select_screen" state="UIShowScreens.street_race_select_screen">
            <Entry id="enter" />
            <Exit id="exit"                   target="leaderboard_hub_select_screen.enter" />
            <Exit id="nextToRollup"           target="hub_rollup_scoreboard_screen.enter" />
            <Exit id="nextToEventLeaderboard" target="street_race_scoreboard_screen.enter" />
            <Exit id="parent_transition"      target="free_roam_exit.enter" />
        </Node>
        
        <Node id="exhibition_event_select_screen" state="UIShowScreens.exhibition_event_select_screen">
            <Entry id="enter" />
            <Exit id="exit"                    target="leaderboard_select_screen.enter" />
            <Exit id="nextToRollup"            target="exhibition_event_rollup_scoreboard_screen.enter" />
            <Exit id="nextToEventLeaderboard"  target="exhibition_event_scoreboard_screen.enter" />
            <Exit id="parent_transition"       target="free_roam_exit.enter" />
        </Node>
        
        <Node id="wristband_rollup_scoreboard_screen" state="UIShowScreens.wristband_rollup_scoreboard_screen">
            <Entry id="enter" />
            <Exit id="exit" target="festival_event_select_screen.enter" />
            <Exit id="disconnected" target="festival_event_select_screen.enter"/>
            <Exit id="parent_transition" target="free_roam_exit.enter" />
        </Node>
        
        <Node id="hub_rollup_scoreboard_screen" state="UIShowScreens.hub_rollup_scoreboard_screen">
            <Entry id="enter" />
            <Exit id="exit" target="street_race_select_screen.enter" />
            <Exit id="disconnected" target="street_race_select_screen.enter"/>
            <Exit id="parent_transition" target="free_roam_exit.enter" />
        </Node>
        
        <Node id="exhibition_event_rollup_scoreboard_screen" state="UIShowScreens.exhibition_event_rollup_scoreboard_screen">
            <Entry id="enter" />
            <Exit id="exit" target="exhibition_event_select_screen.enter" />
            <Exit id="disconnected" target="exhibition_event_select_screen.enter"/>
            <Exit id="parent_transition" target="free_roam_exit.enter" />
        </Node>
        
        <Node id="event_scoreboard_screen" state="UIShowScreens.event_scoreboard_screen">
            <Entry id="enter" />
            <Exit id="exit" target="festival_event_select_screen.enter" />
            <Exit id="disconnected" target="festival_event_select_screen.enter"/>
            <Exit id="parent_transition" target="free_roam_exit.enter" />
        </Node>
        
        <Node id="street_race_scoreboard_screen" state="UIShowScreens.street_race_scoreboard_screen">
            <Entry id="enter" />
            <Exit id="exit" target="street_race_select_screen.enter" />
            <Exit id="disconnected" target="street_race_select_screen.enter"/>
            <Exit id="parent_transition" target="free_roam_exit.enter" />
        </Node>
        
        <Node id="exhibition_event_scoreboard_screen" state="UIShowScreens.exhibition_event_scoreboard_screen">
            <Entry id="enter" />
            <Exit id="exit" target="exhibition_event_select_screen.enter" />
            <Exit id="disconnected" target="exhibition_event_select_screen.enter"/>
            <Exit id="parent_transition" target="free_roam_exit.enter" />
        </Node>
        
        <Node id="online_xp_scoreboard_screen" state="UIShowScreens.online_xp_scoreboard_screen">
            <Entry id="enter" />
            <Exit id="exit" target="leaderboard_select_screen.enter" />
            <Exit id="disconnected" target="leaderboard_select_screen.enter"/>
            <Exit id="parent_transition" target="free_roam_exit.enter" />
        </Node>

        <Node id="car_challenge_scoreboard_screen" state="UIShowScreens.car_challenge_scoreboard_screen">
            <Entry id="enter" />
            <Exit id="exit" target="leaderboard_select_screen.enter" />
            <Exit id="disconnected" target="leaderboard_select_screen.enter"/>
            <Exit id="parent_transition" target="free_roam_exit.enter" />
        </Node>
        
        <Node id="get_server_rival_events" state="global.get_server_rival_events">
            <Entry id="enter"/>
            <Exit id="exit" target="rival_races_category_selection.enter"/>
        </Node>
        
        <Node id="rival_races_category_selection" state="UIShowScreens.show_race_central_rival_category_selection_screen">
            <Entry id="enter"/>
            <Exit id="quit" target="race_central_menu.enter"/>
            <Exit id="eventSelect" target="unset_default_rival_to_event_select.enter"/>
            <Exit id="wristbandSelect" target="wristband_menu.enter"/>
            <Exit id="streetHubSelect" target="street_hub_menu.enter"/>
            <Exit id="multiStageEventSelect" target="multi_stage_event_menu.enter" />
        </Node>
        
        <Node id="wristband_menu" state="UIShowScreens.show_wristband_selection_screen">
            <Entry id="enter"/>
            <Exit id="quit" target="rival_races_category_selection.enter"/>
            <Exit id="continue" target="unset_default_rival_to_event_select.enter"/>
        </Node>
        
        <Node id="street_hub_menu" state="UIShowScreens.show_street_hub_selection_screen">
            <Entry id="enter"/>
            <Exit id="quit" target="rival_races_category_selection.enter"/>
            <Exit id="continue" target="unset_default_rival_to_event_select.enter"/>
        </Node>

        <Node id="multi_stage_event_menu" state="UIShowScreens.show_multi_stage_event_selection_screen">
          <Entry id="enter"/>
          <Exit id="quit" target="rival_races_category_selection.enter"/>
          <Exit id="continue" target="unset_default_rival_to_event_select.enter"/>
        </Node>

        <Node id="unset_default_rival_to_event_select" state="global.UnsetDefaultRival" >
            <Entry id="enter" />
            <Exit id="exit" target="event_menu.enter" />
        </Node>

        <Node id="get_server_rival_events_and_skip_to_event_menu" state="global.get_server_rival_events">
            <Entry id="enter"/>
            <Exit id="exit" target="skip_to_event_menu.enter"/>
        </Node>
        
        <Node id="skip_to_event_menu" state="global.UnsetDefaultRival" >
            <Entry id="enter" />
            <Exit id="exit" target="event_menu.enter" />
        </Node>

        <Node id="event_menu" state="UIShowScreens.show_race_central_event_selection_screen">
            <Entry id="enter"/>
            <Exit id="wristband_select" target="wristband_menu.enter"/>
            <Exit id="street_hub_select" target="street_hub_menu.enter"/>
            <Exit id="category_select" target="rival_races_category_selection.enter"/>
            <Exit id="continue" target="show_car_select.enter"/>
            <Exit id="car_category_select" target="show_category_car_select.enter"/>
            <Exit id="scoreboard" target="prepare_show_scoreboard_for_event.enter"/>
            <Exit id="disconnected" target="rival_races_category_selection.enter"/>
            <Exit id="multi_stage_event_select" target="multi_stage_event_menu.enter"/>
        </Node>

        <Node id="prepare_show_scoreboard_for_event" state="global.config_select_rival_leaderboard">
            <Entry id="enter" />
            <Exit id="exit" target="show_scoreboard_for_event.enter" />
        </Node>

        <Node id="show_scoreboard_for_event" state="UIShowScreens.ShowSelectRivalLapTimeScoreboardScreen">
            <Entry id="enter" />
            <Exit id="exit" target="event_menu.enter" />
            <Exit id="disconnected" target="race_central_menu.enter" />
        </Node>

        <Node id="show_category_car_select" state="UIShowScreens.multiplayer_mfr_select_screen" >
            <Entry id="enter" />
            <Exit id="exit" target="event_menu.enter" />
            <Exit id="next" target="show_car_select_with_category.enter" />
        </Node>
        
        <Node id="show_car_select_with_category" state="UIShowScreens.ShowRegisterCarScreen" >
            <Entry id="enter" />
            <Exit id="back" target="show_category_car_select.enter" />
            <Exit id="next" target="set_audio_loading.enter" />
        </Node>
        
        <Node id="show_car_select" state="UIShowScreens.ShowRegisterCarScreen" >
            <Entry id="enter" />
            <Exit id="back" target="event_menu.enter" />
            <Exit id="next" target="set_audio_loading.enter" />
        </Node>
        
        <Node id="set_audio_loading" state="Audio.loading" >
            <Entry id="enter" />
            <Exit id="exit" target="load_into_rivals_race.enter" />
        </Node>

        <Node id="load_into_rivals_race" state="global.LoadIntoTimeTrialRace" >
            <Entry id="enter" />
            <Exit id="exit" target=".flow" />
        </Node>

    </State>
    
    <State id="free_roam_exit">
        <Entry id="enter" target="show_hud_screen.enter" />
        <Exit id="exit" />
        <Exit id="flow" />
        <Exit id="freeRoam" />

        <StateSubstitute state="InGameUI.cutscene_exit_activity" substitute="post_screen_camera_sequence" />
        
        <Node id="show_hud_screen" state="InGameUI.exit" >
            <Entry id="enter" />
            <Exit id="exit" target="unset_career_event_mode.enter" />
        </Node>
        
        <Node id="unset_career_event_mode" state="global.unset_event_access_mode" >
            <Entry id="enter" />
            <Exit id="exit" target="remove_server_rival_events_from_storage_to_free_roam.enter" />
        </Node>

        <Node id="remove_server_rival_events_from_storage_to_free_roam" state="global.remove_server_rival_events_from_storage">
            <Entry id="enter"/>
            <Exit id="exit" target=".freeRoam"/>
        </Node>
    </State>

    <State id="fast_travel_exit">
        <Entry id="enter" target="show_hud_screen.enter" />
        <Exit id="exit" />

        <Node id="show_hud_screen" state="InGameUI.exit" >
            <Entry id="enter" />
            <Exit id="exit" target="unset_career_event_mode.enter" />
        </Node>

        <Node id="unset_career_event_mode" state="global.unset_event_access_mode" >
            <Entry id="enter" />
            <Exit id="exit" target="remove_server_rival_events_from_storage_to_free_roam.enter" />
        </Node>

        <Node id="remove_server_rival_events_from_storage_to_free_roam" state="global.remove_server_rival_events_from_storage">
            <Entry id="enter"/>
            <Exit id="exit" target=".exit"/>
        </Node>
    </State>

    <State id="root">
        <Entry id="enter" target="test_game_control.enter" />
        <Exit id="exit" />

        <Behaviour id="CGameControlWrapper" allow_failure="true"/>

        <Node id="test_game_control" state="global.test_game_control" >
          <Entry id="enter" />
          <Exit id="has_control" target="menu_flow.from_free_roam" />
          <Exit id="does_not_have_control" target=".exit" />
        </Node>   
        
        <Node id="menu_flow" state="menu_flow">
            <Entry id="from_free_roam" />
            <Exit id="flow" target =".exit" />
            <Exit id="freeRoam" target ="should_show_car_challenge_video.enter" />
        </Node>
        
        <Node id="should_show_car_challenge_video" state="global.should_show_car_challenge_intro">
            <Entry id="enter" />
            <Exit id="yes" target="show_car_challenge_video.enter" />
            <Exit id="no" target=".exit" />
        </Node>

        <Node id="show_car_challenge_video" state="car_challenges.video">
            <Entry id="enter" />
            <Exit id="exit" target=".exit" />
        </Node>
    </State>

</StateGroup>




</StateGroup>




</StateGroup>




</StateGroup>


