<StateGroup id="race_activations" >

    <State id="load_into_race">
        <Entry id="enter" />
        <Behaviour id="CLoadIntoRace"  >
            <Attribute id="resource_package" value="Loading" />
        </Behaviour>
    </State>
    
    <State id="Root">
        <Entry id="enter" target="attempt_acquire_game_control.enter" />
        <Exit id="exit" />

        <Node id="attempt_acquire_game_control" state="global.attempt_acquire_game_control" >
            <Entry id="enter" />
            <Exit id="success" target="load_into_race.enter" />
            <Exit id="failure" target=".exit" />
        </Node>
        <Node id="load_into_race" state="load_into_race">
            <Entry id="enter" />
        </Node>
        <Node id="release_game_control" state="global.release_game_control">
            <Entry id="enter" />
            <Exit id="exit" target=".exit" />
        </Node>
        
    </State>
</StateGroup>       
</StateGroup>       
</StateGroup>       
</StateGroup>       
