<StateGroup id="radiodj" >

    <State id="festival_wristband">
        <Entry id="enter" target=".exit" />
        <Exit id="exit" />

    <!-- IMPORTANT: "level" is the ZERO-based index of the wristband an event refers to:
       * 0 = Yellow
       * 1 = Green
       * 2 = Blue
       * 3 = Pink
       ...
    -->

      <!-- 0 Cancel any remaining from previous tier (set level to -1 to flag this behaviour) -->
		<Behaviour id="CRadioDJFestivalWristband" gameplayEvent="CancelPreviousTier" isFestivalUpdate="true" level="-1"/>
		
		<!-- 1 Plays once wristband acquired -->
		<Behaviour id="CRadioDJFestivalWristband" gameplayEvent="FestivalUpdateWristband" isFestivalUpdate="true"/>
		
		<!-- 2 Plays once wristband acquired, nemesis talking about prospect of meeting player in this tier -->
		<Behaviour id="CRadioDJFestivalWristband" gameplayEvent="AliOpinionOfPlayerInterview" isFestivalUpdate="true" level="1" />
		<Behaviour id="CRadioDJFestivalWristband" gameplayEvent="DukeOpinionOfPlayerInterview" isFestivalUpdate="true" level="2" />
		<Behaviour id="CRadioDJFestivalWristband" gameplayEvent="MarkoOpinionOfPlayerInterview" isFestivalUpdate="true" level="3" />
		<Behaviour id="CRadioDJFestivalWristband" gameplayEvent="ZakiOpinionOfPlayerInterview" isFestivalUpdate="true" level="4" />
		<Behaviour id="CRadioDJFestivalWristband" gameplayEvent="HarpersOpinionOfPlayerInterview" isFestivalUpdate="true" level="5" />
		
		<!-- 3 Plays once wristband acquired, nemesis from previous wristband talking about their defeat -->
		<Behaviour id="CRadioDJFestivalWristband" gameplayEvent="AliDefeatedByPlayerInterview" isFestivalUpdate="true" level="2" />
		<Behaviour id="CRadioDJFestivalWristband" gameplayEvent="DukeDefeatedByPlayerInterview" isFestivalUpdate="true" level="3" />
		<Behaviour id="CRadioDJFestivalWristband" gameplayEvent="HarpersDefeatedByPlayerInterview" isFestivalUpdate="true" level="6" />
		
		<!-- 4 Plays after n events completed in wristband tier -->
		<!--   tm level="1" playAfterEventsNum="2"  playAfterEventsMinPos="8" means if you come 8th or better in 2 events pertinent to wristband 1, Festival Update will play -->
		<Behaviour id="CRadioDJFestivalWristband" gameplayEvent="PlayerRecievesFirstWristband" isFestivalUpdate="true" level="0" playAfterEventsNum="2"  playAfterEventsMinPos="8"/>
		<Behaviour id="CRadioDJFestivalWristband" gameplayEvent="PlayerCompetingInSecondWristband" isFestivalUpdate="true" level="1" playAfterEventsNum="2"  playAfterEventsMinPos="7"/>
		<Behaviour id="CRadioDJFestivalWristband" gameplayEvent="PlayerRecievesThirdWristband" isFestivalUpdate="true" level="2" playAfterEventsNum="2"  playAfterEventsMinPos="6"/>
		<Behaviour id="CRadioDJFestivalWristband" gameplayEvent="PlayerCompetingInFourthWristband" isFestivalUpdate="true" level="3" playAfterEventsNum="2"  playAfterEventsMinPos="5"/>
		<Behaviour id="CRadioDJFestivalWristband" gameplayEvent="PlayerCompetingInFifthWristband" isFestivalUpdate="true" level="4" playAfterEventsNum="2"  playAfterEventsMinPos="4"/>
		<Behaviour id="CRadioDJFestivalWristband" gameplayEvent="PlayerCompetingInSixthWristband" isFestivalUpdate="true" level="5" playAfterEventsNum="2"  playAfterEventsMinPos="3"/>
		<Behaviour id="CRadioDJFestivalWristband" gameplayEvent="PlayerRecievesFinalWristband" isFestivalUpdate="true" level="6" pplayAfterEventsNum="2"  playAfterEventsMinPos="2"/>
    </State>
	
    <State id="special_wristband">	
        <Entry id="enter" target=".exit" />
        <Exit id="exit" />	
		
		<!-- 1 Plays as soon as player earns wristband (told to head to race central). Special in that they take precedence over any Festival Updates -->
        <Behaviour id="CRadioDJFestivalWristband" gameplayEvent="CongratsWinnersOfWristband" isFestivalUpdate="false" />
    </State>	
	
	<!-- Dummy state - will be StateSubstituted with others depending on race type etc -->
	<State id="post_race">
        <Entry id="enter" target=".exit" />
        <Exit id="exit" />
    </State>
     
	<!-- Remember to change to correct Nemesis Player IDs -->
     <State id="festival_beat_nemesis">
        <Entry id="enter" target=".exit" />
        <Exit id="exit" />
		
		<!-- Now removed as they're associated with wristband levels
        <Behaviour id="CRadioDJFestivalWinRace" gameplayEvent="AliDefeatedByPlayerInterview" enemyId="100"/>
        <Behaviour id="CRadioDJFestivalWinRace" gameplayEvent="DukeDefeatedByPlayerInterview" enemyId="97"/>
	    <Behaviour id="CRadioDJFestivalWinRace" gameplayEvent="RamonaDefeatedByPlayerInterview" enemyId="98"/>
        <Behaviour id="CRadioDJFestivalWinRace" gameplayEvent="MarkoDefeatedByPlayerInterview" enemyId="103"/>
        <Behaviour id="CRadioDJFestivalWinRace" gameplayEvent="ZakiDefeatedByPlayerInterview" enemyId="99"/>
        <Behaviour id="CRadioDJFestivalWinRace" gameplayEvent="HarpersDefeatedByPlayerInterview" enemyId="101"/>
		-->
    </State>
	   
	<!-- Random VoxPop Festival Updates -->
	<State id="voxpops_enable">
        <Entry id="enter" target=".exit" />
        <Exit id="exit" />
    </State>
	 
</StateGroup>
>
	 
</StateGroup>
>
	 
</StateGroup>
>
	 
</StateGroup>
