<ActivityManager>
	<Activity type="ActivityRoadTripController" name="roadtrip_controller">
		<StateGroup id="roadtripcontroller" >
			<State id="Root">
				<Entry id="enter" target=".exit" />
				<Exit id="exit" />
			
			</State>

			<!-- =============== -->
			<State id="CIsPostBlockFreeRoamToShowMap" >
				<Entry id="enter" />
				<Exit id="true" />
				<Exit id="false" />
				<Behaviour id="CTestHorizonFlag" flag="postBlockFreeRoamToShowMap" >
					<Transition id="onTrue" target=".true" />
					<Transition id="onFalse" target=".false" />
				</Behaviour>
			</State>
			<!-- =============== -->
			
			<!-- ==================================== -->
			<State id="ClearPostBlockFreeRoamToShowMap" >
				<Entry id="enter" target=".exit" />
				<Exit id="exit" />
				<Behaviour id="CSetHorizonFlag" flag="postBlockFreeRoamToShowMap" value="false" />
			</State>
			<!-- ==================================== -->	
	
			<!-- ==================================== -->
			<State id="InformMapIsDone" >
				<Entry id="enter" target=".exit" />
				<Exit id="exit" />
				<Behaviour id="CInformMapIsDone" skippedMap="false" />
			</State>
			<!-- ==================================== -->

			<!-- ==================================== -->
			<State id="SetSeenFirstMapDiscovery" >
				<Entry id="enter" target=".exit" />
				<Exit id="exit" />
				<Behaviour id="CSetHorizonFlag" flag="seenFirstMapDiscovery" value="true" />
			</State>
			<!-- ==================================== -->

			<!-- ==================================== -->
			<State id="RegisterPostRoadTripAwardsParty" >
				<Entry id="enter" target=".exit" />
				<Exit id="exit" />
				<Behaviour id="CRegisterPostRoadTripAwardsParty"/>
			</State>
			<!-- ==================================== -->

			<!-- ==================================== -->
			<State id="DiscoverFirstDestination">
				<Entry id="enter" target="clear_block_free_roam_flag.enter" />
				<Exit id="exit" />
				<Behaviour id="CGameControlWrapper" />
								
				<!-- Make sure the block free roam to show map flag has been cleared - could get stuck in a nasty state otherwise if restarting while in the map screen -->
				<Node id="clear_block_free_roam_flag" state="game_start_free_roam.ClearBlockFreeRoamToShowMap">
					<Entry id="enter" />
					<Exit id="exit" target="block_filter.enter" />
				</Node>
				<!-- show map here -->
	            <Node id="block_filter" state="global.block_map_toggle">
					<Entry id="enter"/>
					<Exit id="exit" target="show_map.enter"/>
				</Node>
				
	            <Node id="show_map" state="ShowMapAndRaceSelectInitialExperience">
					<Entry id="enter"/>
					<Exit id="exit" target="check_is_post_block_freeroam_to_show_map.enter"/>
				</Node>
				
				<!--	===========================================	-->
				<!--	===========================================	-->
				<!-- If the game is waiting for a return to free-roam (post event loading has finished) then clean up that situation now -->
				<Node id="check_is_post_block_freeroam_to_show_map" state="CIsPostBlockFreeRoamToShowMap" >
					<Entry id="enter" />
					<Exit id="true" target="clear_post_block_free_roam_to_show_map.enter" />
					<Exit id="false" target="unblock_filter.enter" />
				</Node>
				
				<Node id="clear_post_block_free_roam_to_show_map" state="ClearPostBlockFreeRoamToShowMap">
					<Entry id="enter" />
					<Exit id="exit" target="unblock_filter1.enter" />
				</Node>
		           
				<!-- These nodes are duplicates of below but they skip out before the fade-in, etc... because the free-roam flow will do that -->
				<Node id="unblock_filter1" state="global.unblock_map_toggle">
					<Entry id="enter"/>
					<Exit id="exit" target="inform_roadtrip_map_is_done1.enter"/>
				</Node>

	            <Node id="inform_roadtrip_map_is_done1" state="InformMapIsDone">
					<Entry id="enter"/>
					<Exit id="exit" target="finish_free_roam_prep.enter" />
				</Node>			

				<Node id="finish_free_roam_prep" state="game_start_free_roam.PrepareFreeRoam_Part2" >
					<Entry id="enter" />
					<Exit id="exit" target=".exit" />
				</Node>
		
				<!--	===========================================	-->
				
	            <Node id="unblock_filter" state="global.unblock_map_toggle">
					<Entry id="enter"/>
					<Exit id="exit" target="inform_roadtrip_map_is_done.enter"/>
				</Node>

	            <Node id="inform_roadtrip_map_is_done" state="InformMapIsDone">
					<Entry id="enter"/>
					<Exit id="exit" target="set_audio_snapshot_freeroam.enter"/>
				</Node>	
				
				<Node id="set_audio_snapshot_freeroam" state="Audio.apply_mixer_snapshot_freeroam">
					<Entry id="enter" />
					<Exit id="exit" target=".exit"/>
				</Node>

			</State>
			<!-- ==================================== -->
			
			<!-- ==================================== -->
			<State id="DiscoverGenericDestination">
				<Entry id="enter" target="fade_out.enter" />
				<Exit id="exit" />
				<Behaviour id="CGameControlWrapper" />
				
				<Node id="fade_out" state="global.fade_out">
					<Entry id="enter" />
					<Exit id="exit" target="clear_block_free_roam_flag.enter" />
				</Node>
								
				<!-- Make sure the block free roam to show map flag has been cleared - could get stuck in a nasty state otherwise if restarting while in the map screen -->
				<Node id="clear_block_free_roam_flag" state="game_start_free_roam.ClearBlockFreeRoamToShowMap">
					<Entry id="enter" />
					<Exit id="exit" target="block_filter.enter" />
				</Node>
				
				<!-- show map here -->
	            <Node id="block_filter" state="global.block_map_toggle">
					<Entry id="enter"/>
					<Exit id="exit" target="show_map.enter"/>
				</Node>
				
	            <Node id="show_map" state="ShowMapAndRaceSelectGeneric">
					<Entry id="enter"/>
					<Exit id="exit" target="check_is_post_block_freeroam_to_show_map.enter"/>
				</Node>
				
				<!--	===========================================	-->
				<!--	===========================================	-->
				<!-- If the game is waiting for a return to free-roam (post event loading has finished) then clean up that situation now -->
				<Node id="check_is_post_block_freeroam_to_show_map" state="CIsPostBlockFreeRoamToShowMap" >
					<Entry id="enter" />
					<Exit id="true" target="clear_post_block_free_roam_to_show_map.enter" />
					<Exit id="false" target="unblock_filter.enter" />
				</Node>
				
				<Node id="clear_post_block_free_roam_to_show_map" state="ClearPostBlockFreeRoamToShowMap">
					<Entry id="enter" />
					<Exit id="exit" target="unblock_filter1.enter" />
				</Node>
		           
				<!-- These nodes are duplicates of below but they skip out before the fade-in, etc... because the free-roam flow will do that -->
				<Node id="unblock_filter1" state="global.unblock_map_toggle">
					<Entry id="enter"/>
					<Exit id="exit" target="inform_roadtrip_map_is_done1.enter"/>
				</Node>

	            <Node id="inform_roadtrip_map_is_done1" state="InformMapIsDone">
					<Entry id="enter"/>
					<Exit id="exit" target="finish_free_roam_prep.enter" />
				</Node>			

				<Node id="finish_free_roam_prep" state="game_start_free_roam.PrepareFreeRoam_Part2" >
					<Entry id="enter" />
					<Exit id="exit" target=".exit" />
				</Node>
		
				<!--	===========================================	-->

	            <Node id="unblock_filter" state="global.unblock_map_toggle">
					<Entry id="enter"/>
					<Exit id="exit" target="inform_roadtrip_map_is_done.enter"/>
				</Node>

	            <Node id="inform_roadtrip_map_is_done" state="InformMapIsDone">
					<Entry id="enter"/>
					<Exit id="exit" target="fade_in.enter" />
				</Node>
<!--				
				<Node id="in_game_ui_exit" state="InGameUI.exit">
					<Entry id="enter" />
					<Exit id="exit" target="fade_in.enter" />
				</Node>		
-->
				<Node id="fade_in" state="global.fade_in">
					<Entry id="enter" />
					<Exit id="exit" target="show_hud.enter" />
				</Node>

				<Node id="show_hud" state="global.show_hud_screen">
					<Entry id="enter" />
					<Exit id="exit" target="set_audio_snapshot_freeroam.enter" />
				</Node>
				
				<Node id="set_audio_snapshot_freeroam" state="Audio.apply_mixer_snapshot_freeroam">
					<Entry id="enter" />
					<Exit id="exit" target=".exit"/>
				</Node>
				
				
			</State>
			<!-- ==================================== -->

			<!-- =============== -->
			<State id="PlayFMV_PostFinalEvent" >
				<Entry id="enter" />
				<Exit id="exit" />
				<Behaviour id="CShowMovieScreen" filename="GAME:\Media\UI\Videos\Anthem\PostFinalEvent.wmv" confirmskip="true">
					<Transition id="onDone" target=".exit" />
				</Behaviour>
			</State>
			<!-- =============== -->
	
			<!-- =============== -->
			<!-- FMV setup, playback, restore -->
			<State id="HandlePostFinalEvent_FMV_Playback" >
				<Entry id="enter" target="pre_movie_prepare.enter"/>
				<Exit id="exit" />
				<Behaviour id="CGameControlWrapper" />

				<Node id="pre_movie_prepare" state="playmovie.pre_movie_prepare">
					<Entry id="enter" />
					<Exit id="exit" target="play_fmv.enter"/>
				</Node>

				<Node id="play_fmv" state="PlayFMV_PostFinalEvent">
					<Entry id="enter" />
					<Exit id="exit" target="post_movie.enter" />
				</Node>

				<Node id="post_movie" state="playmovie.post_movie_restore_simple">
					<Entry id="enter" />
					<Exit id="exit" target=".exit"/>
				</Node>

			</State>
			<!-- =============== -->
				
			<!-- ==================================== -->
			<State id="RegisterAllRoadTripActivityComplete" >
				<Entry id="enter" target=".exit" />
				<Exit id="exit" />
				<Behaviour id="CRegisterAllRoadTripActivityComplete"/>
			</State>
			<!-- ==================================== -->
	
			<!-- ==================================== -->
			<State id="PlayFinalEventSequence">
				<Entry id="enter" target="fade_out.enter" />
				<Exit id="exit" />
				<Behaviour id="CGameControlWrapper" />
				
				<Node id="fade_out" state="global.fade_out">
					<Entry id="enter" />
					<Exit id="exit" target="clear_block_free_roam_flag.enter" />
				</Node>
								
				<!-- Make sure the block free roam to show map flag has been cleared - could get stuck in a nasty state otherwise if restarting while in the map screen -->
				<Node id="clear_block_free_roam_flag" state="game_start_free_roam.ClearBlockFreeRoamToShowMap">
					<Entry id="enter" />
					<Exit id="exit" target="save_car_position.enter" />
				</Node>
				
				<Node id="save_car_position" state="global.store_car_position">
					<Entry id="enter" />
					<Exit id="exit" target="handle_fmv_playback.enter" />
				</Node>			

				<Node id="handle_fmv_playback" state="HandlePostFinalEvent_FMV_Playback">
					<Entry id="enter" />
					<Exit id="exit" target="prepare_team_credits.enter" />
				</Node>
	
				<Node id="prepare_team_credits" state="UIShowScreens.PrepareTeamCreditsCutscene">
					<Entry id="enter" />
					<Exit id="exit" target="show_team_credits.enter" />
				</Node>
				
				<Node id="show_team_credits" state="UIShowScreens.ShowTeamCredits">
					<Entry id="enter" />
					<Exit id="exit" target="restore_car_position.enter" />
				</Node>
				
				<Node id="restore_car_position" state="global.restore_car_position">
					<Entry id="enter" />
					<Exit id="exit" target="reset_cam.enter" />
				</Node>	
				
				<Node id="reset_cam" state="global.reset_camera_to_player">
					<Entry id="enter" />
					<Exit id="exit" target="show_loading_screen.enter" />
				</Node>
				
				<Node id="blackout_1" state="global.black_out">
					<Entry id="enter" />
					<Exit id="exit" target="show_loading_screen.enter" />
				</Node>    
								
				<Node id="show_loading_screen" state="global.show_loading_screen">
					<Entry id="enter" />
					<Exit id="exit" target="wait_for_streaming.enter" />
				</Node>   

				<Node id="wait_for_streaming" state="global.wait_for_streaming">
					<Entry id="enter" />
					<Exit id="exit" target="finish_free_roam_prep.enter" />
				</Node>
				
				<Node id="finish_free_roam_prep" state="game_start_free_roam.PrepareFreeRoam_Part2" >
					<Entry id="enter" />
					<Exit id="exit" target="register_all_road_trip_activity_complete.enter" />
				</Node>
				
				<Node id="register_all_road_trip_activity_complete" state="RegisterAllRoadTripActivityComplete" >
					<Entry id="enter" />
					<Exit id="exit" target=".exit" />
				</Node>
		
				<!--	===========================================	-->
				
			</State>
			
			
			<!-- ==================================== -->
			
			<!-- ==================================== -->
			<!-- Map display functionality -->
			<!-- ==================================== -->

			<!-- ==================================== -->
			<State id="ShowMapAndRaceSelectInitialExperience">
				<Entry id="enter" target="unlock_satnav.enter" />
				<Exit id="exit" />
				<Behaviour id="CGameControlWrapper" />

				<Node id="unlock_satnav" state="global.unlock_satnav_destination" >
					<Entry id="enter" />
					<Exit id="exit" target="lock_map.enter" />
				</Node>

				<Node id="lock_map" state="global.lock_map_for_first_time_career" >
					<Entry id="enter" />
					<Exit id="exit" target="showmap.enter" />
				</Node>

				<Node id="showmap" state="map_flow">
					<Entry id="enter" />
					<Exit id="exit" target="unlock_map.enter" />
				</Node>

				<Node id="unlock_map" state="global.unlock_map_for_first_time_career" >
					<Entry id="enter" />
					<Exit id="exit" target="lock_satnav.enter" />
				</Node>

				<Node id="lock_satnav" state="global.lock_satnav_destination" >
					<Entry id="enter" />
					<Exit id="exit" target="set_seen_first_map_discovery.enter" />
				</Node>
			
				<Node id="set_seen_first_map_discovery" state="SetSeenFirstMapDiscovery">
				  <Entry id="enter" />
				  <Exit id="exit" target="save_profile_seen_first_map_discovery.enter" />
				</Node>
 				
				<Node id="save_profile_seen_first_map_discovery" state="global.save_profile" >
				  <Entry id="enter" />
				  <Exit id="exit" target=".exit" />
				</Node>
				
			</State>
			<!-- ==================================== -->
			
			<!-- ==================================== -->
			<State id="ShowMapAndRaceSelectGeneric">
				<Entry id="enter" target="unlock_satnav.enter" />
				<Exit id="exit" />
				<Behaviour id="CGameControlWrapper" />

				<Node id="unlock_satnav" state="global.unlock_satnav_destination" >
					<Entry id="enter" />
					<Exit id="exit" target="showmap.enter" />
				</Node>

				<Node id="showmap" state="map_flow">
					<Entry id="enter" />
					<Exit id="exit" target=".exit" />
				</Node>
			<!--
				<Node id="lock_satnav" state="global.lock_satnav_destination" >
					<Entry id="enter" />
					<Exit id="exit" target=".exit" />
				</Node>
				-->
				
			</State>
			<!-- ==================================== -->
			
			<!-- ==================================== -->
			<State id="ShowMapAndRaceSelectNOHUD">
				<Entry id="enter" target="unlock_satnav.enter" />
				<Exit id="exit" />
				<Behaviour id="CGameControlWrapper" />

				<Node id="unlock_satnav" state="global.unlock_satnav_destination" >
				  <Entry id="enter" />
				  <Exit id="exit" target="lock_map.enter" />
				</Node>

				<Node id="lock_map" state="global.lock_map_for_first_time_career" >
				  <Entry id="enter" />
				  <Exit id="exit" target="showmap.enter" />
				</Node>

				<Node id="showmap" state="map_flow">
				  <Entry id="enter" />
				  <Exit id="exit" target="unlock_map.enter" />
				</Node>

				<Node id="unlock_map" state="global.unlock_map_for_first_time_career" >
				  <Entry id="enter" />
				  <Exit id="exit" target="lock_satnav.enter" />
				</Node>

				<Node id="lock_satnav" state="global.lock_satnav_destination" >
				  <Entry id="enter" />
				  <Exit id="exit" target="is_first_time_career_active.enter" />
				</Node>

				<Node id="is_first_time_career_active" state="global.is_first_time_career">
				  <Entry id="enter" />
				  <Exit id="yes" target=".exit" />
				  <Exit id="no" target="show_loyalty_cars_notification.enter" />
				</Node>

				<Node id="show_loyalty_cars_notification" state="global.show_loyalty_cars_notification">
				  <Entry id="enter" />
				  <Exit id="exit" target=".exit" />
				</Node>
			</State>
			
			<State id="show_map_internal" >
				<Entry id="enter" target="show_map.enter"/>
				<Exit id="exit" />

				<Node id="show_map" state="map.map_screen" >
				  <Entry id="enter" />
				  <Exit id="exit" target="should_lock_map.enter" />
				  <Exit id="exit_to_game" target="should_lock_map.enter" />
				  <Exit id="fast_travel" target="unload_map_then_fast_travel.enter" />
				  <Exit id="ambientLeaderboard" target="." />
				  <Exit id="lapRaceLeaderboard" target="." />
				</Node>

				<Node id="should_lock_map" state="global.map_locked_for_first_time_career" >
				  <Entry id="enter" />
				  <Exit id="yes" target="show_map.enter" />
				  <Exit id="no" target=".exit" />
				</Node>
				
				<node id="unload_map_then_fast_travel" state="map.unload_map_then_fast_travel">
					<Entry id="enter" />
					<Exit id="exit" target=".exit" />
				</node>
				
			</State>

			<State id="pre_map_flow" >
				<Entry id="enter" target="pause_game.enter"/>
				<Exit id="exit" />

				<Node id="pause_game" state="global.pause_game" >
				  <Entry id="enter" />
				  <Exit id="exit" target="load_map.enter" />
				</Node>

				<!-- todo, do we need to disable sat nav voice ? -->
				<Node id="load_map" state="map.load_map" >
				  <Entry id="enter" />
				  <Exit id="exit" target=".exit"/>
				</Node>
			</State>

			<State id="post_map_flow" >
				<Entry id="enter" target="store_position.enter"/>
				<Exit id="exit" />

				<Node id="store_position" state="global.store_car_position">
				  <Entry id="enter" />
				  <Exit id="exit" target="set_seen_map_discovery.enter" />
				</Node>

				<!-- Set the "seenFirstMapDiscovery" flag before saving the profile -->
				<Node id="set_seen_map_discovery" state="SetSeenFirstMapDiscovery">
				  <Entry id="enter" />
				  <Exit id="exit" target="save_profile.enter" />
				</Node>
				
				<Node id="save_profile" state="global.save_profile" >
				  <Entry id="enter" />
				  <Exit id="exit" target="unload_map_to_empty_scene.enter" />
				</Node>

				<Node id="unload_map_to_empty_scene" state="map.unload_map_to_empty_scene" >
				  <Entry id="enter" />
				  <Exit id="exit" target="unpause_game.enter"/>
				</Node>

				<Node id="unpause_game" state="global.unpause_game_retain_audio_snapshot" >
				  <Entry id="enter" />
				  <Exit id="exit" target=".exit" />
				</Node>
			</State>

			<State id="post_map_flow_no_save" >
				<Entry id="enter" target="store_position.enter"/>
				<Exit id="exit" />

				<Node id="store_position" state="global.store_car_position">
				  <Entry id="enter" />
				  <Exit id="exit" target="unload_map_to_empty_scene.enter" />
				</Node>

				<Node id="unload_map_to_empty_scene" state="map.unload_map_to_empty_scene" >
				  <Entry id="enter" />
				  <Exit id="exit" target="unpause_game.enter"/>
				</Node>

				<Node id="unpause_game" state="global.unpause_game_retain_audio_snapshot" >
				  <Entry id="enter" />
				  <Exit id="exit" target=".exit" />
				</Node>
			</State>
 
			<State id="map_flow" >
				<Entry id="enter" target="pre_map.enter"/>
				<Exit id="exit" />

				<Node id="pre_map" state="pre_map_flow" >
				  <Entry id="enter" />
				  <Exit id="exit" target="show.enter" />
				</Node>

				<Node id="show" state="show_map_internal" >
				  <Entry id="enter" />
				  <Exit id="exit" target="post_map.enter" />
				</Node>

				<Node id="post_map" state="post_map_flow" >
				  <Entry id="enter" />
				  <Exit id="exit" target=".exit" />
				</Node>
			</State>

			<!-- ==================================== -->
			
				<!-- =============== -->
			<State id="SetPartyTime">
				<Entry id="enter" target=".exit" />
				<Exit id="exit" />
				<Behaviour id="CSetTimeOfDay">
					<Attribute id="time" value="79200" />
				</Behaviour>
			</State>
	<!-- =============== -->
			
			
			
			<!-- Award Party Flow =================== -->
			<State id="award_party_flow" >
				<Entry id="enter" target="set_time_of_day.enter"/>
				<Exit id="exit" />
				<Behaviour id="CGameControlWrapper" />

			    <Node id="set_time_of_day" state="SetPartyTime">
				    <Entry id="enter" />
			    	<Exit id="exit" target="play_award_camera.enter"/>
				</Node>				
				
			    <Node id="play_award_camera" state="award_camera_01">
				    <Entry id="enter" />
			    	<Exit id="exit" target="show_award_party.enter"/>
				</Node>
				
			    <Node id="show_award_party" state="UIShowScreens.ShowAwardsPartyScreen">
					<Entry id="enter" />
					<Exit id="exit" target="stop_cutscene.enter" />
				</Node>
				
		        <Node id="stop_cutscene" state="global.stop_cutscene">
					<Entry id="enter" />
					<Exit id="exit" target="reset_camera_to_player.enter"/>
				</Node>
				
				<Node id="reset_camera_to_player" state="global.reset_camera_to_player" >
					<Entry id="enter" />
					<Exit id="exit" target="notify_roadtrip_awards_party_ended.enter" />
				</Node>
				
			    <Node id="notify_roadtrip_awards_party_ended" state="RegisterPostRoadTripAwardsParty">
					<Entry id="enter" />
					<Exit id="exit" target=".exit" />
				</Node>
				
			</State>

			<!-- ==================================== -->

			<State id="award_camera_01">
				<Entry id="enter" target="transition.enter"/>
				<Exit id="exit" />
				
				<Node id="transition" state="award_transition_cam_01">
					<Entry id="enter" />
					<Exit id="exit" target=".exit"/>
				</Node>
			</State>
			
			<State id="award_transition_cam_01">
				<Entry id="enter" />
				<Exit id="exit" />
				<Behaviour id="CPrepareCutscene" cutscene="award_party" race_specific="true" />
				<Behaviour id="CPlayCameraSequence" wait="false">
					<Transition id="onReady" target=".exit" />
				</Behaviour>
			</State>

		</StateGroup>
	</Activity>
</ActivityManager>	>
</ActivityManager>	>
</ActivityManager>	>
</ActivityManager>	