<StateGroup id="global" >
	<!-- Debug states -->

	<!-- Dumps memory stats in non-final builds of the game. These will be saved in incrementally-numbered
	files ('memoryStats_00.csv') on the Xbox's hard drive. For further details, including the command-line
	parameters required to glean more detailed statistics, please consult the Engineers' Wiki. -->
	<State id="dump_memory_stats" >
		<Entry id="enter" target=".exit" />
		<Exit id="exit" />
		<Behaviour id="CDumpMemoryStats" />
	</State>

	<!-- End of Debug states -->

	<!-- Generic states -->
	<State id="dummy_state" >
		<Entry id="enter" target=".exit" />
		<Exit id="exit" />
	</State>
	<State id="update_map_icon_data" >
		<Entry id="enter" target=".exit" />
		<Exit id="exit" />
		<Behaviour id="CUpdateMapIconData" />
	</State>
	<!-- Enable / disable mulligan , game will be able or not to use mulligan -->
	<State id="disable_mulligan" >
		<Entry id="enter" target=".exit" />
		<Exit id="exit" />
		<Behaviour id="CDisableMulligan" disable="true"/>
	</State>
	<State id="enable_mulligan" >
		<Entry id="enter" target=".exit" />
		<Exit id="exit" />
		<Behaviour id="CDisableMulligan" disable="false"/>
	</State>

	<State id="store_car_position" >
		<Entry id="enter" target=".exit" />
		<Exit id="exit" />
		<Behaviour id="CStoreRestorePlayerCarPosition" storePosition="true" />
	</State>
	<State id="restore_car_position" >
		<Entry id="enter" target=".exit" />
		<Exit id="exit" />
		<Behaviour id="CStoreRestorePlayerCarPosition" restorePosition="true" />
	</State>

	<State id="net_sync_time_of_day">
		<Entry id="enter" target=".exit" />
		<Exit id="exit" />
		<Behaviour id="CNetSyncTimeOfDay" />
	</State>

	<State id="reset_car_damage" >
		<Entry id="enter" target=".exit" />
		<Exit id="exit" />
		<Behaviour id="CResetCarDamage" all_cars="false"/>
	</State>

	<State id="reset_car_damage_all_cars" >
		<Entry id="enter" target=".exit" />
		<Exit id="exit" />
		<Behaviour id="CResetCarDamage" all_cars="true"/>
	</State>

	<State id="reset_car_positions" >
		<Entry id="enter" target=".exit" />
		<Exit id="exit" />
		<Behaviour id="CResetCarPositions"/>
	</State>

	<State id="prepare_race" >
		<Entry id="enter" target=".exit" />
		<Exit id="exit" />
		<Behaviour id="CPrepareRace" />
	</State>

	<State id="enable_streaming" >
		<Entry id="enter" target=".exit" />
		<Exit id="exit" />
		<Behaviour id="CClearStreamingBuffer" enable="true" />
	</State>
	<State id="disable_streaming" >
		<Entry id="enter" target=".exit" />
		<Exit id="exit" />
		<Behaviour id="CClearStreamingBuffer" enable="false" />
	</State>

	<State id="enable_ambient_audio_streaming" >
		<Entry id="enter" target=".exit" />
		<Exit id="exit" />
		<Behaviour id="CEnableAmbientAudioStreaming">
			<Attribute id="enable" value="true" />
		</Behaviour>
	</State>
	<State id="disable_ambient_audio_streaming" >
		<Entry id="enter" target=".exit" />
		<Exit id="exit" />
		<Behaviour id="CEnableAmbientAudioStreaming">
			<Attribute id="enable" value="false" />
		</Behaviour>
	</State>

	<State id="reset_collidables" >
		<Entry id="enter" />
		<Exit id="exit" />
		<Behaviour id="CResetCollidables" >
			<Transition id="onReady" target=".exit" />
		</Behaviour>
	</State>

	<State id="is_radio_required" >
		<Entry id="enter" />
		<Exit id="yes" />
		<Exit id="no" />
		<Behaviour id="CIsRadioRequired" >
			<Transition id="yes" target=".yes" />
			<Transition id="no" target=".no" />
		</Behaviour>
	</State>

	<State id="is_radio_lock_required" >
		<Entry id="enter" />
		<Exit id="yes" />
		<Exit id="no" />
		<Behaviour id="CIsRadioLockRequired" >
			<Transition id="yes" target=".yes" />
			<Transition id="no" target=".no" />
		</Behaviour>
	</State>

	<State id="enable_presentationrender" >
		<Entry id="enter" target=".exit" />
		<Exit id="exit" />
		<Behaviour id="CEnablePresentationRender" >
			<Attribute id="enable" value="true" />
			<Attribute id="shadows" value="true" />
			<Attribute id="shadowHeap" value="false" />
		</Behaviour>
	</State>
	<State id="disable_presentationrender" >
		<Entry id="enter" target=".exit" />
		<Exit id="exit" />
		<Behaviour id="CEnablePresentationRender" >
			<Attribute id="enable" value="false" />
			<Attribute id="shadows" value="false" />
			<Attribute id="shadowHeap" value="false" />
		</Behaviour>
	</State>
	<State id="disable_presentationrenderandshadows" >
		<Entry id="enter" target=".exit" />
		<Exit id="exit" />
		<Behaviour id="CEnablePresentationRender" >
			<Attribute id="enable" value="false" />
			<Attribute id="shadows" value="false" />
			<Attribute id="shadowHeap" value="true" />
		</Behaviour>
	</State>

	<State id="decompress_database_wait" >
		<Entry id="enter" />
		<Exit id="exit" />
		<Behaviour id="CCompressDatabase" decompress="true" >
			<Transition id="onComplete" target=".exit" />
		</Behaviour>
	</State>
	<State id="compress_database_nowait" >
		<Entry id="enter" target=".exit" />
		<Exit id="exit" />
		<Behaviour id="CCompressDatabase" compress="true" />
	</State>
	<State id="compress_database_wait" >
		<Entry id="enter" />
		<Exit id="exit" />
		<Behaviour id="CCompressDatabase" compress="true">
			<Transition id="onComplete" target=".exit" />
		</Behaviour>
	</State>
	<State id="compress_database_waitonly" >
		<Entry id="enter" />
		<Exit id="exit" />
		<Behaviour id="CCompressDatabase" >
			<Transition id="onComplete" target=".exit" />
		</Behaviour>
	</State>

	<State id="show_cars" >
		<Entry id="enter" target=".exit" />
		<Exit id="exit" />
		<Behaviour id="CShowCars" show="true" />
	</State>
	<State id="hide_cars" >
		<Entry id="enter" target=".exit" />
		<Exit id="exit" />
		<Behaviour id="CShowCars" show="false" />
	</State>

	<State id="show_player_car" >
		<Entry id="enter" target=".exit" />
		<Exit id="exit" />
		<Behaviour id="CShowPlayerCar" show="true" />
	</State>
	<State id="hide_player_car" >
		<Entry id="enter" target=".exit" />
		<Exit id="exit" />
		<Behaviour id="CShowPlayerCar" show="false" />
	</State>

	<State id="hide_remote_cars">
		<Entry id="enter" target=".exit" />
		<Exit id="exit" />
		<Behaviour id="CHideAllRemotePlayerCars">
			<Attribute id="hide" value="true" />
		</Behaviour>
	</State>
	<State id="show_remote_cars">
		<Entry id="enter" target=".exit" />
		<Exit id="exit" />
		<Behaviour id="CHideAllRemotePlayerCars">
			<Attribute id="hide" value="false" />
		</Behaviour>
	</State>

	<State id="blend_cam_to" >
		<Entry id="enter" target=".exit" />
		<Exit id="exit" />
		<Behaviour id="CBlendCameraEvent" blendTo="1.0" />
	</State>

	<State id="blend_cam_from" >
		<Entry id="enter" target=".exit" />
		<Exit id="exit" />
		<Behaviour id="CBlendCameraEvent" blendFrom="1.0" />
	</State>

	<State id="blend_cam_to_wait" >
		<Entry id="enter" />
		<Exit id="exit" />
		<Behaviour id="CBlendCameraEvent" blendTo="1.0" >
			<Transition id="onComplete" target=".exit" />
		</Behaviour>
	</State>

	<State id="blend_cam_from_wait" >
		<Entry id="enter" />
		<Exit id="exit" />
		<Behaviour id="CBlendCameraEvent" blendFrom="1.0" >
			<Transition id="onComplete" target=".exit" />
		</Behaviour>
	</State>

	<State id="set_car_teleporting">
		<Entry id="enter" target=".exit" />
		<Exit id="exit" />
		<Behaviour id="CSetPlayerCarTeleporting" teleport="true" />
	</State>

	<State id="set_car_not_teleporting">
		<Entry id="enter" target=".exit" />
		<Exit id="exit" />
		<Behaviour id="CSetPlayerCarTeleporting" teleport="false" />
	</State>

	<State id="disable_car_control">
		<Entry id="enter" target=".exit" />
		<Exit id="exit" />
		<Behaviour id="CDisablePlayerCarControls" enable="false" />
	</State>

	<State id="enable_car_control">
		<Entry id="enter" target=".exit" />
		<Exit id="exit" />
		<Behaviour id="CDisablePlayerCarControls" enable="true" />
	</State>

	<State id="disable_ai_player_car_control">
		<Entry id="enter" target=".exit" />
		<Exit id="exit" />
		<Behaviour id="CDisableAIPlayerCarControls" enable="true" />
	</State>

	<State id="enable_ai_player_car_control">
		<Entry id="enter" target=".exit" />
		<Exit id="exit" />
		<Behaviour id="CDisableAIPlayerCarControls" enable="false" />
	</State>

	<State id="stop_car_immediately">
		<Entry id="enter" target=".exit" />
		<Exit id="exit" />
		<Behaviour id="CStopCarImmediately" />
	</State>

	<State id="disable_car_parking_brake">
		<Entry id="enter" target=".exit" />
		<Exit id="exit" />
		<Behaviour id="CPlayerCarParkingBrake" enable="false" all_players="false" />
	</State>

	<State id="enable_car_parking_brake">
		<Entry id="enter" target=".exit" />
		<Exit id="exit" />
		<Behaviour id="CPlayerCarParkingBrake" enable="true" all_players="false" />
	</State>

	<State id="disable_all_players_car_parking_brake">
		<Entry id="enter" target=".exit" />
		<Exit id="exit" />
		<Behaviour id="CPlayerCarParkingBrake" enable="false" all_players="true" />
	</State>

	<State id="enable_all_players_car_parking_brake">
		<Entry id="enter" target=".exit" />
		<Exit id="exit" />
		<Behaviour id="CPlayerCarParkingBrake" enable="true" all_players="true" />
	</State>

	<State id="enable_rumble_and_forcefeedback">
		<Entry id="enter" target=".exit" />
		<Exit id="exit" />
		<Behaviour id="CEnableRumbleAndFF" enable="true" />
	</State>

	<State id="disable_rumble_and_forcefeedback">
		<Entry id="enter" target=".exit" />
		<Exit id="exit" />
		<Behaviour id="CEnableRumbleAndFF" enable="false" />
	</State>

	<State id="wait_for_streaming" >
		<Entry id="enter" />
		<Exit id="exit" />
		<Behaviour id="CDebugSkip" >
			<Transition id="onSkip" target=".exit" />
		</Behaviour>
		<Behaviour id="CWaitForStreaming" >
			<Transition id="onReady" target=".exit" />
		</Behaviour>
	</State>

	<State id="wait_for_all_cars_loaded" >
		<Entry id="enter" />
		<Exit id="exit" />
		<Behaviour id="CWaitForAllCarsToLoad" >
			<Transition id="onReady" target=".exit" />
		</Behaviour>
	</State>

	<State id="start_race" >
		<Entry id="enter" target=".exit" />
		<Exit id="exit" />
		<Behaviour id="CStartRace" />
	</State>

	<State id="start_driving" >
		<Entry id="enter" target=".exit" />
		<Exit id="exit" />
		<Behaviour id="CStartDriving" />
	</State>

	<State id="wait_for_network_race_start" >
		<Entry id="enter" />
		<Exit id="exit" />
		<Behaviour id="CWaitForNetworkStartRace">
			<Transition id="onReady" target=".exit" />
		</Behaviour>
		<Behaviour id="CParentTransition">
			<Transition id="onParent" target=".exit" />
		</Behaviour>
	</State>

	<State id="reset_camera_to_player" >
		<Entry id="enter" target=".exit" />
		<Exit id="exit" />
		<Behaviour id="CResetCameraToPlayer" />
	</State>

	<State id="disable_homespace_camera_fade_control" >
		<Entry id="enter" target=".exit" />
		<Exit id="exit" />
		<Behaviour id="CEnableHomespaceCameraFadeControl" >
			<Attribute id="enable" value="false" />
		</Behaviour>
	</State>

	<State id="enable_homespace_camera_fade_control" >
		<Entry id="enter" target=".exit" />
		<Exit id="exit" />
		<Behaviour id="CEnableHomespaceCameraFadeControl" >
			<Attribute id="enable" value="true" />
		</Behaviour>
	</State>

	<State id="teleport_car_to_fast_travel" >
		<Entry id="enter" />
		<Exit id="exit" />
		<Behaviour id="CTeleportCarToFastTravelDestination" >
			<Transition id="onReady" target=".exit" />
		</Behaviour>
	</State>

	<State id="reset_mulligan" >
		<Entry id="enter" target=".exit" />
		<Exit id="exit" />
		<Behaviour id="CResetMulliganHistory" />
	</State>

	<State id="pause_game">
		<Entry id="enter" target=".exit" />
		<Exit id="exit" />
		<Behaviour id="CPauseGame" pause="true" />
	</State>

	<State id="unpause_game" >
		<Entry id="enter" target=".exit" />
		<Exit id="exit" />
		<Behaviour id="CPauseGame" pause="false" />
	</State>

	<State id="unpause_game_retain_audio_snapshot" >
		<Entry id="enter" target=".exit" />
		<Exit id="exit" />
		<Behaviour id="CPauseGame" pause="false" ignoreAudioSnapshot="true" />
	</State>

	<State id="wait_for_lod0_cars" >
		<Entry id="enter" target=".exit" />
		<Exit id="exit" />
	</State>
	<State id="unload_lod0_cars" >
		<Entry id="enter" target=".exit" />
		<Exit id="exit" />
	</State>

	<State id="enable_compressed_heap" >
		<Entry id="enter" target=".exit" />
		<Exit id="exit" />
		<Behaviour id="CSetupCompressedHeap" >
			<Attribute id="enable" value="true" />
		</Behaviour>
	</State>
	<State id="disable_compressed_heap" >
		<Entry id="enter" target=".exit" />
		<Exit id="exit" />
		<Behaviour id="CSetupCompressedHeap" >
			<Attribute id="enable" value="false" />
		</Behaviour>
	</State>

	<State id="play_current_camera_sequence" >
		<Entry id="enter" />
		<Exit id="exit" />
		<Behaviour id="CPlayCameraSequence" wait="false" >
			<Transition id="onReady" target=".exit" />
		</Behaviour>
	</State>

	<State id="play_current_camera_sequence_and_wait" >
		<Entry id="enter" />
		<Exit id="exit" />
		<Behaviour id="CPlayCameraSequence" wait="true" >
			<Transition id="onReady" target=".exit" />
		</Behaviour>
	</State>

	<State id="is_debug_launch_set" >
		<Entry id="enter" />
		<Exit id="yes" />
		<Exit id="no" />
		<Behaviour id="CIsLaunchFlagSet" >
			<Transition id="onFlagSet" target=".yes" />
			<Transition id="onFlagNotSet" target=".no" />
		</Behaviour>
	</State>

	<State id="is_in_multiplayer" >
		<Entry id="enter" />
		<Exit id="yes" />
		<Exit id="no" />
		<Behaviour id="CIsInMultiplayer" >
			<Transition id="onInMultiplayer" target=".yes" />
			<Transition id="onNotInMultiplayer" target=".no" />
		</Behaviour>
	</State>

	<State id="is_in_rally_race" >
		<Entry id="enter" />
		<Exit id="yes" />
		<Exit id="no" />
		<Behaviour id="CIsRallyGameType" >
			<Transition id="yes" target=".yes" />
			<Transition id="no" target=".no" />
		</Behaviour>
	</State>

	<State id="is_lobby_exiting" >
		<Entry id="enter" />
		<Exit id="yes" />
		<Exit id="no" />
		<Behaviour id="CIsLobbyExiting" >
			<Transition id="onLobbyExiting" target=".yes" />
			<Transition id="onLobbyValid" target=".no" />
		</Behaviour>
	</State>

	<State id="is_in_rivals_flow">
		<Entry id="enter"/>
		<Exit id="yes"/>
		<Exit id="no"/>
		<Behaviour id="CIsTimeTrialFlow" >
			<Transition id="yes" target=".yes"/>
			<Transition id="no" target=".no"/>
		</Behaviour>
	</State>

	<State id="is_in_race_encounter">
		<Entry id="enter"/>
		<Exit id="yes"/>
		<Exit id="no"/>
		<Behaviour id="CIsInRaceEncounter" >
			<Transition id="yes" target=".yes"/>
			<Transition id="no" target=".no"/>
		</Behaviour>
	</State>

	<State id="is_last_race_of_destination" >
		<Entry id="enter" />
		<Exit id="yes" />
		<Exit id="no" />
		<Behaviour id="CIsLastRaceOfDestination" >
			<Transition id="onLastRace" target=".yes" />
			<Transition id="onNotLastRace" target=".no" />
		</Behaviour>
	</State>

	<State id="snap_all_cars_to_road">
		<Entry id="enter" target=".exit" />
		<Exit id="exit" />
		<Behaviour id="CSnapCarToRoad" position_mode="CurrentPosition" reset_all_player_cars="true" />
	</State>

	<State id="snap_all_cars_to_road_initial_position">
		<Entry id="enter" target=".exit" />
		<Exit id="exit" />
		<Behaviour id="CSnapCarToRoad" position_mode="InitialPosition" reset_all_player_cars="true" />
	</State>

	<State id="retire_from_race">
		<Entry id="enter" target=".exit" />
		<Exit id="exit" />
		<Behaviour id="CCarFinishedRacing" finished_type="Retired" />
		<Behaviour id="CCancelRaceEncounter" />
	</State>
	
	<State id="quit_race_encounter">
		<Entry id="enter" target=".exit" />
		<Exit id="exit" />
		<Behaviour id="CCarFinishedRacing" finished_type="Quit" />
		<Behaviour id="CCancelRaceEncounter" />
	</State>

	<State id="quit_and_remain_in_party">
		<Entry id="enter" />
		<Behaviour id="CCarFinishedRacing" finished_type="Quit" />
		<Behaviour id="CUnloadToPreGame" destination="party_lobby" />
		<Behaviour id="CExitOnlineSession" destination="remain_in_party" />
	</State>

	<State id="quit_race_mp">
		<Entry id="enter" />
		<Exit id="exit" />

		<Behaviour id="CCarFinishedRacing" finished_type="Quit" />
		<Behaviour id="CQuitMultiplayer">
			<Transition id="onExit" target=".exit" />
		</Behaviour>
		<Behaviour id="CExitOnlineSession" destination="leave_party" />
	</State>

	<State id="quit_to_new_party">
		<Entry id="enter" />
		<Behaviour id="CCarFinishedRacing" finished_type="Quit" />
		<Behaviour id="CUnloadToPreGame" destination="party_lobby" />
		<Behaviour id="CExitOnlineSession" destination="leave_party" />
	</State>

	<State id="quit_to_splash">
		<Entry id="enter" />
		<Behaviour id="CCarFinishedRacing" finished_type="Quit" />
		<Behaviour id="CUnloadToPreGame" destination="splash" />
		<Behaviour id="CExitOnlineSession" destination="leave_party" />
	</State>

	<State id="is_party_going_back">
		<Entry id="enter" />
		<Exit id="yes" />
		<Exit id="no" />
		<Behaviour id="CIsPartyReturningToPartyLobby">
			<Transition id="yes" target=".yes" />
			<Transition id="no" target=".no" />
		</Behaviour>
	</State>

	<State id="did_player_get_any_rewards">
		<Entry id="enter" />
		<Exit id="yes" />
		<Exit id="no" />
		<Behaviour id="CDidPlayerGetRewards" credits="true" car="true">
			<Transition id="yes" target=".yes" />
			<Transition id="no" target=".no" />
		</Behaviour>
	</State>

	<State id="did_player_get_credit_rewards">
		<Entry id="enter" />
		<Exit id="yes" />
		<Exit id="no" />
		<Behaviour id="CDidPlayerGetRewards" credits="true" car="false">
			<Transition id="yes" target=".yes" />
			<Transition id="no" target=".no" />
		</Behaviour>
	</State>

	<State id="did_player_get_car_rewards">
		<Entry id="enter" />
		<Exit id="yes" />
		<Exit id="no" />
		<Behaviour id="CDidPlayerGetRewards" car="true" credits="false">
			<Transition id="yes" target=".yes" />
			<Transition id="no" target=".no" />
		</Behaviour>
	</State>

	<State id="is_pending_car_reward" >
		<Entry id="enter" />
		<Exit id="yes" />
		<Exit id="no" />
		<Behaviour id="CIsPendingCarReward" >
			<Transition id="onPendingCarReward" target=".yes" />
			<Transition id="onNoPendingCarReward" target=".no" />
		</Behaviour>
	</State>

	<State id="save_profile">
		<Entry id="enter" target=".exit" />
		<Exit id="exit" />
		<Behaviour id="CSaveProfile" />
	</State>

	<!-- Micro saves need game control to be free -->
	<State id="micro_save">
		<Entry id="enter" target=".exit" />
		<Exit id="exit" />
		<Behaviour id="CRequestMicroSave" />
	</State>

	<State id="enable_AI">
		<Entry id="enter" target=".exit" />
		<Exit id="exit" />
		<Behaviour id="CDisableAI" disableAI="false" />
	</State>

	<State id="disable_AI">
		<Entry id="enter" target=".exit" />
		<Exit id="exit" />
		<Behaviour id="CDisableAI" disableAI="true" />
	</State>

	<State id="remove_player_car">
		<Entry id="enter" target=".exit" />
		<Exit id="exit" />
		<Behaviour id="CRemovePlayerCar" />
	</State>
	<State id="wait_for_player_car_unloaded">
		<Entry id="enter" target=".exit" />
		<Exit id="exit" />
		<Behaviour id="CWaitForPlayerCarUnloaded"/>
	</State>

	<State id="load_player_choices_car" >
		<Entry id="enter" target=".exit" />
		<Exit id="exit" />
		<Behaviour id="CChangePlayerCar">
			<Attribute id="select_car_from_garage" value="false" />
			<Attribute id="reload_livery" value="false" />
		</Behaviour>
	</State>

	<State id="reload_player_car" >
		<Entry id="enter" target=".exit" />
		<Exit id="exit" />
		<Behaviour id="CChangePlayerCar">
			<Attribute id="select_car_from_garage" value="true" />
			<Attribute id="reload_livery" value="false" />
		</Behaviour>
	</State>

	<State id="reload_player_car_and_livery" >
		<Entry id="enter" target=".exit" />
		<Exit id="exit" />
		<Behaviour id="CChangePlayerCar">
			<Attribute id="select_car_from_garage" value="true" />
			<Attribute id="reload_livery" value="true" />
		</Behaviour>
	</State>

	<State id="wait_for_player_car_loaded">
		<Entry id="enter" target=".exit" />
		<Exit id="exit" />
		<Behaviour id="CWaitForCarLoaded" />
	</State>

	<State id="remove_ai_cars">
		<Entry id="enter" target=".exit" />
		<Exit id="exit" />
		<Behaviour id="CRemoveAICars" />
	</State>
	<State id="wait_for_ai_cars_to_be_removed">
		<Entry id="enter" />
		<Exit id="exit" />
		<Behaviour id="CWaitForAICarsToBeRemoved">
			<Transition id="onExit" target=".exit" />
		</Behaviour>
	</State>

	<State id="reset_traffic_cars">
		<Entry id="enter" target=".exit" />
		<Exit id="exit" />
		<Behaviour id="CResetTrafficCars" >
			<Attribute id="reset_traffic" value="true" />
			<Attribute id="reset_festival" value="true" />
		</Behaviour>
	</State>

	<State id="reset_traffic_cars_dont_destroy_existing">
		<Entry id="enter" target=".exit" />
		<Exit id="exit" />
		<Behaviour id="CResetTrafficCars" >
			<Attribute id="reset_traffic" value="true" />
			<Attribute id="reset_festival" value="true" />
			<Attribute id="destroy_existing" value="false" />
		</Behaviour>
	</State>

	<State id="wait_for_traffic_cars_to_be_removed">
		<Entry id="enter" />
		<Exit id="exit" />
		<Behaviour id="CWaitForTrafficCarsToBeRemoved" >
			<Attribute id="remove_traffic" value="true" />
			<Attribute id="remove_festival" value="true" />
			<Transition id="onExit" target=".exit" />
		</Behaviour>
	</State>

	<State id="reset_traffic_not_festival">
		<Entry id="enter" target=".exit" />
		<Exit id="exit" />
		<Behaviour id="CResetTrafficCars" >
			<Attribute id="reset_traffic" value="true" />
			<Attribute id="reset_festival" value="false" />
		</Behaviour>
	</State>

	<State id="reset_festival_not_traffic">
		<Entry id="enter" target=".exit" />
		<Exit id="exit" />
		<Behaviour id="CResetTrafficCars" >
			<Attribute id="reset_traffic" value="false" />
			<Attribute id="reset_festival" value="true" />
		</Behaviour>
	</State>

	<State id="wait_for_traffic_not_festival_to_be_removed">
		<Entry id="enter" />
		<Exit id="exit" />
		<Behaviour id="CWaitForTrafficCarsToBeRemoved" >
			<Attribute id="remove_traffic" value="true" />
			<Attribute id="remove_festival" value="false" />
			<Transition id="onExit" target=".exit" />
		</Behaviour>
	</State>

	<!-- This state removes all cars, this is the only way to ensure the vehicle heap is defragmented -->
	<State id="remove_all_cars" >
		<Entry id="enter" target="wait_for_traffic_cars_to_be_removed.enter" />
		<Exit id="exit" />

		<Node id="wait_for_traffic_cars_to_be_removed" state="global.wait_for_traffic_cars_to_be_removed" >
			<Entry id="enter" />
			<Exit id="exit" target="remove_ai_cars.enter" />
		</Node>
		<Node id="remove_ai_cars" state="global.remove_ai_cars" >
			<Entry id="enter" />
			<Exit id="exit" target="wait_for_ai_cars_to_be_removed.enter" />
		</Node>
		<Node id="wait_for_ai_cars_to_be_removed" state="global.wait_for_ai_cars_to_be_removed" >
			<Entry id="enter" />
			<Exit id="exit" target="remove_player_car.enter" />
		</Node>
		<Node id="remove_player_car" state="global.remove_player_car" >
			<Entry id="enter" />
			<Exit id="exit" target="wait_for_player_car_unloaded.enter" />
		</Node>
		<Node id="wait_for_player_car_unloaded" state="global.wait_for_player_car_unloaded" >
			<Entry id="enter" />
			<Exit id="exit" target=".exit" />
		</Node>
	</State>

	<State id="enable_traffic_spawning">
		<Entry id="enter" target=".exit" />
		<Exit id="exit" />
		<Behaviour id="CEnableTraffic" enable="true" />
	</State>
	<State id="enable_traffic_spawning_with_initial_spawn">
		<Entry id="enter" target=".exit" />
		<Exit id="exit" />
		<Behaviour id="CEnableTraffic" enable="true" initialSpawn="true"/>
	</State>
	<State id="disable_traffic_spawning">
		<Entry id="enter" target=".exit" />
		<Exit id="exit" />
		<Behaviour id="CEnableTraffic" enable="false" />
	</State>
	<State id="disable_traffic_spawning_with_despawn">
		<Entry id="enter" target=".exit" />
		<Exit id="exit" />
		<Behaviour id="CEnableTraffic" enable="false" deSpawnExisting="true"/>
	</State>

	<State id="enable_festival_traffic_spawning">
		<Entry id="enter" target=".exit" />
		<Exit id="exit" />
		<Behaviour id="CDisableFestivalTrafficSpawning" enable="true"/>
	</State>

	<State id="disable_festival_traffic_spawning">
		<Entry id="enter" target=".exit" />
		<Exit id="exit" />
		<Behaviour id="CDisableFestivalTrafficSpawning" enable="false"/>
	</State>

	<State id="enable_traffic_despawning">
		<Entry id="enter" target=".exit" />
		<Exit id="exit" />
		<Behaviour id="CEnableTrafficDespawning" enableTraffic="true" enableFestival="true" doinitialspawn="true"/>
	</State>
	<State id="disable_traffic_despawning">
		<Entry id="enter" target=".exit" />
		<Exit id="exit" />
		<Behaviour id="CEnableTrafficDespawning" enableTraffic="false" enableFestival="false" />
	</State>
	<State id="disable_festival_traffic_despawning">
		<Entry id="enter" target=".exit" />
		<Exit id="exit" />
		<Behaviour id="CEnableTrafficDespawning" enableTraffic="true" enableFestival="false" />
	</State>

	<State id="enable_traffic_loading">
		<Entry id="enter" target=".exit" />
		<Exit id="exit" />
		<Behaviour id="CEnableTrafficLoadingState" enabled="true" />
	</State>

	<State id="disable_traffic_loading">
		<Entry id="enter" target=".exit" />
		<Exit id="exit" />
		<Behaviour id="CEnableTrafficLoadingState" enabled="false" />
	</State>

	<State id="show_ai_cars">
		<Entry id="enter" target=".exit" />
		<Exit id="exit" />
		<Behaviour id="CShowAICars" show="true" />
	</State>
	<State id="hide_ai_cars">
		<Entry id="enter" target=".exit" />
		<Exit id="exit" />
		<Behaviour id="CShowAICars" show="false" />
	</State>
	<State id="wait_for_current_camera_sequence">
		<Entry id="enter" />
		<Exit id="exit" />
		<Behaviour id="CWaitForCameraSequence" >
			<Transition id="onReady" target=".exit" />
		</Behaviour>
	</State>
	<State id="wait_for_cutscene_countdown">
		<Entry id="enter" />
		<Exit id="exit" />
		<Behaviour id="CWaitForCameraSequence" >
			<Transition id="onCountdown" target=".exit" />
		</Behaviour>
	</State>
	<State id="wait_for_cutscene_countdown_or_race_end">
		<Entry id="enter" />
		<Exit id="exit" />
		<Exit id="race_end" />
		<Behaviour id="CWaitForCameraSequence" >
			<Transition id="onReady" target=".exit" />
			<Transition id="onFinishedRace" target=".race_end" />
		</Behaviour>
	</State>

	<State id="is_new_wristband_available" >
		<Entry id="enter" />
		<Exit id="yes" />
		<Exit id="no" />
		<Behaviour id="CIsWristbandUpgradeAvailable" >
			<Transition id="available" target=".yes" />
			<Transition id="notAvailable" target=".no" />
		</Behaviour>
	</State>

	<State id="trigger_wristband_upgrade">
		<Entry id="enter" target=".exit" />
		<Exit id="exit" />
		<Behaviour id="CTriggerWristbandUpgrade" />
	</State>

	<State id="trigger_career_event_unlocks_from_race_completion">
		<Entry id="enter" target=".exit" />
		<Exit id="exit" />
		<Behaviour id="CTriggerEventUnlocks" trigger_type="race_completion"/>
	</State>

	<State id="trigger_rally_event_unlocks">
		<Entry id="enter" target=".exit" />
		<Exit id="exit" />
		<Behaviour id="CTriggerRallyEventUnlocks" />
	</State>

	<State id="trigger_career_event_unlocks_from_popularity">
		<Entry id="enter" target=".exit" />
		<Exit id="exit" />
		<Behaviour id="CTriggerEventUnlocks" trigger_type="popularity"/>
	</State>

	<State id="should_show_rally_postchamp_mapseq">
		<Entry id="enter" />
		<Exit id="yes" />
		<Exit id="no" />
		<Behaviour id="CRallyShouldShowPostChampMapSeq">
			<Transition id="yes" target=".yes" />
			<Transition id="no" target=".no" />
		</Behaviour>
	</State>

	<State id="rally_postchamp_map_vo">
		<Entry id="enter" target=".exit" />
		<Exit id="exit" />
		<Behaviour id="CRallyPostChampMapVO" />
	</State>

	<State id="set_rally_postchamp_mapseq_done">
		<Entry id="enter" target=".exit" />
		<Exit id="exit" />
		<Behaviour id="CRallySetPostChampMapSeqDone" />
	</State>

	<State id="should_show_car_challenge_intro">
		<Entry id="enter" />
		<Exit id="yes" />
		<Exit id="no" />
		<Behaviour id="CShouldStartCarChallengeTutorial">
			<Transition id="yes" target=".yes" />
			<Transition id="no" target=".no" />
		</Behaviour>
	</State>

	<State id="lock_time_of_day">
		<Entry id="enter" target=".exit" />
		<Exit id="exit" />
		<Behaviour id="CLockTimeOfDay">
			<Attribute id="locked" value="true" />
		</Behaviour>
	</State>

	<State id="unlock_time_of_day">
		<Entry id="enter" target=".exit" />
		<Exit id="exit" />
		<Behaviour id="CLockTimeOfDay">
			<Attribute id="locked" value="false" />
		</Behaviour>
	</State>

	<State id="set_time_of_day_to_event_time">
		<Entry id="enter" target=".exit" />
		<Exit id="exit" />
		<Behaviour id="CSetTimeOfDay">
			<Attribute id="useCareerEventTime" value="true" />
		</Behaviour>
	</State>

	<State id="determine_career_event_style" >
		<Entry id="enter" />
		<Exit id="none" />
		<Exit id="festivalRace" />
		<Exit id="streetRace" />
		<Exit id="exhibition" />
		<Exit id="rally" />
		<Exit id="nemesisRace" />
		<Exit id="headlineRace" />

		<Behaviour id="CDetermineCareerEventStyle">
			<Transition id="onNone" target=".none" />
			<Transition id="onFestivalRace" target=".festivalRace" />
			<Transition id="onStreetRace" target=".streetRace" />
			<Transition id="onExhibition" target=".exhibition" />
			<Transition id="onRally" target=".rally" />
			<Transition id="onNemesisRace" target=".nemesisRace" />
			<Transition id="onHeadlineRace" target=".headlineRace" />
		</Behaviour>
	</State>

	<State id="determine_event_type_preset" >
		<Entry id="enter" />
		<Exit id="none" />
		<Exit id="festivalRace" />
		<Exit id="streetRace" />
		<Exit id="exhibition" />
		<Exit id="mission" />
		<Exit id="nemesisRace" />
		<Exit id="headlineRace" />
		<Exit id="rally" />

		<Behaviour id="CDetermineEventTypePreset" fromGameOptions="false">
			<Transition id="onNone" target=".none" />
			<Transition id="onFestivalRace" target=".festivalRace" />
			<Transition id="onStreetRace" target=".streetRace" />
			<Transition id="onExhibition" target=".exhibition" />
			<Transition id="onMission" target=".mission" />
			<Transition id="onNemesisRace" target=".nemesisRace" />
			<Transition id="onHeadline" target=".headlineRace" />
			<Transition id="onRally" target=".rally" />
		</Behaviour>
	</State>

	<State id="reset_for_event_activation">
		<Entry id="enter" target=".exit" />
		<Exit id="exit" />
		<Behaviour id="CResetForEventActivation" />
	</State>

	<State id="reboot_game">
		<Entry id="enter" />
		<Exit id="exit" />
		<Behaviour id="CRebootGame" />
	</State>

	<State id="is_first_time_career">
		<Entry id="enter" />
		<Exit id="yes" />
		<Exit id="no" />
		<Behaviour id="CIsFirstTimeCareer">
			<Transition id="yes" target=".yes" />
			<Transition id="no" target=".no" />
		</Behaviour>
	</State>

	<State id="should_show_map_event_unlock">
		<Entry id="enter" />
		<Exit id="yes" />
		<Exit id="no" />
		<Behaviour id="CPendingMapEventUnlock">
			<Transition id="yes" target=".yes" />
			<Transition id="no" target=".no" />
		</Behaviour>
	</State>

	<State id="completed_last_event">
		<Entry id="enter" />
		<Exit id="yes" />
		<Exit id="no" />
		<Behaviour id="CCompletedLastEvent">
			<Transition id="yes" target=".yes" />
			<Transition id="no" target=".no" />
		</Behaviour>
	</State>

	<State id="set_free_roam_car">
		<Entry id="enter" target=".exit"/>
		<Exit id="exit" />
		<Behaviour id="CSetFreeRoamGarageCar" />
	</State>

	<State id="restore_free_roam_car">
		<Entry id="enter" target=".exit"/>
		<Exit id="exit" />
		<Behaviour id="CSetFreeRoamGarageCar" restore_car="true"/>
	</State>

	<State id="should_show_headline_event_unlock">
		<Entry id="enter" />
		<Exit id="yes" />
		<Exit id="no" />
		<Behaviour id="CShouldShowHeadlineEventUnlocked">
			<Transition id="yes" target=".yes" />
			<Transition id="no" target=".no" />
		</Behaviour>
	</State>

	<State id="should_set_gps_to_wristband_collect">
		<Entry id="enter" />
		<Exit id="yes" />
		<Exit id="no" />
		<Behaviour id="CShouldSetGPSToWristbandCollect">
			<Transition id="yes" target=".yes" />
			<Transition id="no" target=".no" />
		</Behaviour>
	</State>

	<State id="should_show_skills_flow">
		<Entry id="enter" />
		<Exit id="yes" />
		<Exit id="no" />
		<Behaviour id="CShouldShowSkillsFlow">
			<Transition id="yes" target=".yes" />
			<Transition id="no" target=".no" />
		</Behaviour>
	</State>

	<!-- End of Generic states -->
	
	
	<!-- Waiting states -->
	<State id="do_nothing">
		<Entry id="enter" target = ".exit" />
		<Exit id="exit" />
	</State>	
	
	<State id="wait_one_frame" >
		<Entry id="enter" />
		<Exit id="exit" />
		<Behaviour id="CWaitForFrame" numberFrames="1">
			<Transition id="onReady" target=".exit" />
		</Behaviour>
	</State>

	<State id="wait_4_frames" >
		<Entry id="enter" />
		<Exit id="exit" />
		<Behaviour id="CWaitForFrame" numberFrames="4">
			<Transition id="onReady" target=".exit" />
		</Behaviour>
	</State>

	<State id="wait_quarter_sec" >
		<Entry id="enter" />
		<Exit id="exit" />
		<Behaviour id="CWaitForTime" time="0.25" >
			<Transition id="onReady" target=".exit" />
		</Behaviour>
	</State>
	<State id="wait_half_sec" >
		<Entry id="enter" />
		<Exit id="exit" />
		<Behaviour id="CWaitForTime" time="0.5" >
			<Transition id="onReady" target=".exit" />
		</Behaviour>
	</State>
	<State id="wait_3_quarter_sec" >
		<Entry id="enter" />
		<Exit id="exit" />
		<Behaviour id="CWaitForTime" time="0.75" >
			<Transition id="onReady" target=".exit" />
		</Behaviour>
	</State>
	<State id="wait_1_sec" >
		<Entry id="enter" />
		<Exit id="exit" />
		<Behaviour id="CWaitForTime" time="1.0" >
			<Transition id="onReady" target=".exit" />
		</Behaviour>
	</State>
	<State id="wait_2_sec" >
		<Entry id="enter" />
		<Exit id="exit" />
		<Behaviour id="CWaitForTime" time="2.0" >
			<Transition id="onReady" target=".exit" />
		</Behaviour>
	</State>
	<State id="wait_3_sec" >
		<Entry id="enter" />
		<Exit id="exit" />
		<Behaviour id="CWaitForTime" time="3.0" >
			<Transition id="onReady" target=".exit" />
		</Behaviour>
	</State>
	<State id="wait_4_sec" >
		<Entry id="enter" />
		<Exit id="exit" />
		<Behaviour id="CWaitForTime" time="4.0" >
			<Transition id="onReady" target=".exit" />
		</Behaviour>
	</State>
	<State id="wait_5_sec" >
		<Entry id="enter" />
		<Exit id="exit" />
		<Behaviour id="CWaitForTime" time="5.0" >
			<Transition id="onReady" target=".exit" />
		</Behaviour>
	</State>
	<State id="wait_6_sec" >
		<Entry id="enter" />
		<Exit id="exit" />
		<Behaviour id="CWaitForTime" time="6.0" >
			<Transition id="onReady" target=".exit" />
		</Behaviour>
	</State>
	<State id="wait_7_sec" >
		<Entry id="enter" />
		<Exit id="exit" />
		<Behaviour id="CWaitForTime" time="7.0" >
			<Transition id="onReady" target=".exit" />
		</Behaviour>
	</State>
	<State id="wait_17_sec" >
		<Entry id="enter" />
		<Exit id="exit" />
		<Behaviour id="CWaitForTime" time="3.0" >
			<Transition id="onReady" target=".exit" />
		</Behaviour>
	</State>	
	<State id="wait_20_sec" >
		<Entry id="enter" />
		<Exit id="exit" />
		<Behaviour id="CWaitForTime" time="20.0" >
			<Transition id="onReady" target=".exit" />
		</Behaviour>
	</State>
	<!-- End of Waiting states -->

	<!-- Game control states -->
	<State id="wait_and_acquire_game_control" >
		<Entry id="enter" />
		<Exit id="exit" />
		<Behaviour id="CWaitAndAcquireGameControl">
			<Transition id="onReady" target=".exit" />
		</Behaviour>
	</State>
	<State id="attempt_acquire_game_control" >
		<Entry id="enter" />
		<Exit id="success" />
		<Exit id="failure" />
		<Behaviour id="CAttemptToAcquireGameControl">
			<Transition id="onSuccess" target=".success" />
			<Transition id="onFailure" target=".failure" />
		</Behaviour>
	</State>
	<State id="release_game_control" >
		<Entry id="enter" target=".exit" />
		<Exit id="exit" />
		<Behaviour id="CReleaseGameControl" />
	</State>
	<State id="test_game_control" >
		<Entry id="enter" />
		<Exit id="has_control" />
		<Exit id="does_not_have_control" />
		<Behaviour id="CTestGameControl">
			<Transition id="onHasControl" target=".has_control" />
			<Transition id="onDoesNotHaveControl" target=".does_not_have_control" />
		</Behaviour>
	</State>
	<State id="is_game_control_in_use">
		<Entry id="enter" />
		<Exit id="yes" />
		<Exit id="no" />
		<Behaviour id="CIsGameControlInUse">
			<Transition id="yes" target=".yes" />
			<Transition id="no" target=".no" />
		</Behaviour>
	</State>
	<!-- End of Game control states -->


	<!-- Fading states -->
	<State id="fade_in" >
		<Entry id="enter" />
		<Exit id="exit" />
		<Behaviour id="CFadeIn" fade_in="true">
			<Transition id="onReady" target=".exit" />
			<FadeOptions Duration="1.000000" HoldDuration="0.000000" CurveType="S" Color.x="0.000000" Color.y="0.000000" Color.z="0.000000" Color.w="0.000000"/>
		</Behaviour>
	</State>
	
	<State id="fade_in_long" >
		<Entry id="enter" />
		<Exit id="exit" />
		<Behaviour id="CFadeIn" fade_in="true">
			<Transition id="onReady" target=".exit" />
			<FadeOptions Duration="3.000000" HoldDuration="0.000000" CurveType="S" Color.x="0.000000" Color.y="0.000000" Color.z="0.000000" Color.w="0.000000"/>
		</Behaviour>
	</State>
	
	<State id="fade_out" >
		<Entry id="enter" />
		<Exit id="exit" />
		<Behaviour id="CFadeIn" fade_in="false">
			<Transition id="onReady" target=".exit" />
			<FadeOptions Duration="1.000000" HoldDuration="0.000000" CurveType="S" Color.x="0.000000" Color.y="0.000000" Color.z="0.000000" Color.w="0.000000"/>
		</Behaviour>
	</State>
	<State id="fade_out_half_sec" >
		<Entry id="enter" />
		<Exit id="exit" />
		<Behaviour id="CFadeIn" fade_in="false">
			<Transition id="onReady" target=".exit" />
			<FadeOptions Duration="0.500000" HoldDuration="0.000000" CurveType="S" Color.x="0.000000" Color.y="0.000000" Color.z="0.000000" Color.w="0.000000"/>
		</Behaviour>
	</State>
	<State id="black_out" >
		<Entry id="enter" target=".exit" />
		<Exit id="exit" />
		<Behaviour id="CBlackOut" />
	</State>
	<State id="white_flash" >
		<Entry id="enter" target=".exit" />
		<Exit id="exit" />
		<Behaviour id="CWhiteFlash" />
	</State>
	<!-- End of Fading states -->

	<!-- Navigation states -->
	<State id="is_kinect_enabled">
		<Entry id="enter" />
		<Exit id="yes" />
		<Exit id="no" />
		<Behaviour id="CIsKinectEnabled">
			<Transition id="yes" target=".yes" />
			<Transition id="no" target=".no" />
		</Behaviour>
	</State>

	<State id="lock_satnav_destination" >
		<Entry id="enter" target=".exit" />
		<Exit id="exit" />
		<Behaviour id="CLockSatNavDestination" lock="true" />
	</State>
	<State id="unlock_satnav_destination" >
		<Entry id="enter" target=".exit" />
		<Exit id="exit" />
		<Behaviour id="CLockSatNavDestination" lock="false" />
	</State>
	<State id="clear_satnav_destination" >
		<Entry id="enter" target=".exit" />
		<Exit id="exit" />
		<Behaviour id="CClearSatNavDestination" />
	</State>
	<State id="wait_for_savnav_destination" >
		<Entry id="enter" />
		<Exit id="exit" />
		<Behaviour id="CWaitForDestination" >
			<Transition id="onReady" target=".exit" />
		</Behaviour>
	</State>
	<State id="has_satnav_destination" >
		<Entry id="enter" />
		<Exit id="yes" />
		<Exit id="no" />
		<Behaviour id="CHasSatNavDestination">
			<Transition id="yes" target=".yes" />
			<Transition id="no" target=".no" />
		</Behaviour>
	</State>
	<State id="store_satnav_destination" >
		<Entry id="enter" target=".exit" />
		<Exit id="exit" />
		<Behaviour id="CStoreRestoreSatNavDest" store="true" />
	</State>
	<State id="restore_satnav_destination" >
		<Entry id="enter" target=".exit" />
		<Exit id="exit" />
		<Behaviour id="CStoreRestoreSatNavDest" store="false" />
	</State>
	<State id="enable_satnav_arrows" >
		<Entry id="enter" target=".exit" />
		<Exit id="exit" />
		<Behaviour id="CEnableSatNavArrows" enable="true" />
	</State>
	<State id="disable_satnav_arrows" >
		<Entry id="enter" target=".exit" />
		<Exit id="exit" />
		<Behaviour id="CEnableSatNavArrows" enable="false" />
	</State>
	<State id="force_satnav_recalculation" >
		<Entry id="enter" target=".exit" />
		<Exit id="exit" />
		<Behaviour id="CRecalculateSatNav" />
	</State>

	<State id="enable_map_discovery" >
		<Entry id="enter" target=".exit" />
		<Exit id="exit" />
		<Behaviour id="CEnableMapDiscovery" enable="true"/>
	</State>

	<State id="disable_map_discovery" >
		<Entry id="enter" target=".exit" />
		<Exit id="exit" />
		<Behaviour id="CEnableMapDiscovery" enable="false"/>
	</State>
	<!-- End of Navigation states -->

	<!-- Racing line states -->
	<State id="enable_racing_line" >
		<Entry id="enter" target=".exit" />
		<Exit id="exit" />
		<Behaviour id="CRacingLineEnable" enable="true">
		</Behaviour>
	</State>

	<State id="disable_racing_line" >
		<Entry id="enter" target=".exit" />
		<Exit id="exit" />
		<Behaviour id="CRacingLineEnable" enable="false">
		</Behaviour>
	</State>
	<!-- End of Racing line states -->

	<!-- UI states -->
	<State id="show_empty_screen" >
		<Entry id="enter" target=".exit" />
		<Exit id="exit" />
		<Behaviour id="CShowEmptyScreen" >
			<Attribute id="resource_package" value="EmptyScene" />
		</Behaviour>
	</State>
	<State id="show_empty_screen_no_package" >
		<Entry id="enter" target=".exit" />
		<Exit id="exit" />
		<Behaviour id="CShowEmptyScreen" >
			<!-- no resource package -->
		</Behaviour>
	</State>
	<State id="show_empty_screen_with_hud_resource" >
		<Entry id="enter" target=".exit" />
		<Exit id="exit" />
		<Behaviour id="CShowEmptyScreen" >
			<Attribute id="resource_package" value="HudScene" />
		</Behaviour>
	</State>
	<State id="show_hud_screen" >
		<Entry id="enter" target=".exit" />
		<Exit id="exit" />
		<Behaviour id="CCShowHudScreen" >
			<Attribute id="resource_package" value="HudScene" />
		</Behaviour>
	</State>
	<State id="show_hud_screen_start_hidden" >
		<Entry id="enter" target=".exit" />
		<Exit id="exit" />
		<Behaviour id="CCShowHudScreen" >
			<Attribute id="start_hidden" value="true" />
			<Attribute id="resource_package" value="HudScene" />
		</Behaviour>
	</State>

	<State id="load_into_free_roam" >
		<Entry id="enter" />
		<Behaviour id="CLoadIntoFreeRoam" >
			<Attribute id="resource_package" value="Loading" />
		</Behaviour>
	</State>

	<State id="load_into_rally_free_roam">
		<Entry id="enter" target=".exit"/>
		<Exit id="exit" />
		<Behaviour id="CLoadIntoRallyFreeRoam" allowIntroFlow="true"/>
	</State>

	<State id="load_into_rally_free_roam_no_intro">
		<Entry id="enter" target=".exit"/>
		<Exit id="exit" />
		<Behaviour id="CLoadIntoRallyFreeRoam" allowIntroFlow="false"/>
	</State>

	<!-- This state uses the eNonFunctionalLoadingScreen UI Scene -->
	<State id="show_loading_screen_nopackage" >
		<Entry id="enter" target=".exit" />
		<Exit id="exit" />
		<Behaviour id="CShowLoadingScreen" >
			<!-- this doesn't need to specify the resource package -->
		</Behaviour>
	</State>
	<State id="show_loading_screen" >
		<Entry id="enter" target=".exit" />
		<Exit id="exit" />
		<Behaviour id="CShowLoadingScreen" >
			<Attribute id="resource_package" value="Loading" />
		</Behaviour>
	</State>

	<State id="block_pause_entry" >
		<Entry id="enter" target=".exit" />
		<Exit id="exit" />
		<Behaviour id="CBlockPauseEntry" block="true" />
	</State>
	<State id="unblock_pause_entry" >
		<Entry id="enter" target=".exit" />
		<Exit id="exit" />
		<Behaviour id="CBlockPauseEntry" block="false" />
	</State>

	<State id="enable_fast_travel" >
		<Entry id="enter" target=".exit" />
		<Exit id="exit" />
		<Behaviour id="CEnableFastTravel" enable="true" />
	</State>
	<State id="disable_fast_travel" >
		<Entry id="enter" target=".exit" />
		<Exit id="exit" />
		<Behaviour id="CEnableFastTravel" enable="false" />
	</State>
	<State id="is_fast_travel_enabled">
		<Entry id="enter" />
		<Exit id="yes" />
		<Exit id="no" />
		<Behaviour id="CIsFastTravelEnabled">
			<Transition id="onEnabled" target=".yes" />
			<Transition id="onNotEnabled" target=".no" />
		</Behaviour>
	</State>

	<State id="wait_for_unpause" >
		<Entry id="enter" />
		<Exit id="exit" />
		<Behaviour id="CWaitForUnpaused" >
			<Transition id="onReady" target=".exit" />
		</Behaviour>
	</State>

	<State id="wait_for_background_scene" >
		<Entry id="enter" />
		<Exit id="exit" />
		<Behaviour id="CWaitForBackgroundScene" >
			<Transition id="onReady" target=".exit" />
		</Behaviour>
	</State>

	<State id="reset_stored_manufacturer_id" >
		<Entry id="enter" target=".exit" />
		<Exit id="exit" />
		<Behaviour id="CStoreManufacturerID" value="-1" />
	</State>

	<State id="reset_stored_model_id" >
		<Entry id="enter" target=".exit" />
		<Exit id="exit" />
		<Behaviour id="CStoreModelID" value="-1" />
	</State>

	<State id="reset_stored_car_color_index" >
		<Entry id="enter" target=".exit" />
		<Exit id="exit" />
		<Behaviour id="CStoreCarColorIndex" value="-1" />
	</State>

	<State id="reset_stored_manufacturer_search_flag" >
		<Entry id="enter" target=".exit" />
		<Exit id="exit" />
		<Behaviour id="CStoreManufacturerSearchFlag" value="false" />
	</State>

	<State id="reset_stored_car_information" >
		<Entry id="enter" target="reset_stored_manufacturer_id.enter" />
		<Exit id="exit" />

		<Node id="reset_stored_manufacturer_id" state="reset_stored_manufacturer_id">
			<Entry id="enter" />
			<Exit id="exit" target="reset_stored_model_id.enter" />
		</Node>

		<Node id="reset_stored_model_id" state="reset_stored_model_id">
			<Entry id="enter" />
			<Exit id="exit" target="reset_stored_car_color_index.enter" />
		</Node>

		<Node id="reset_stored_car_color_index" state="reset_stored_car_color_index">
			<Entry id="enter" />
			<Exit id="exit" target="reset_stored_manufacturer_search_flag.enter" />
		</Node>

		<Node id="reset_stored_manufacturer_search_flag" state="reset_stored_manufacturer_search_flag">
			<Entry id="enter" />
			<Exit id="exit" target=".exit" />
		</Node>
	</State>

	<State id="set_career_event_free_roam_activation_point_access_mode">
		<Entry id="enter" target=".exit" />
		<Exit id="exit" />
		<Behaviour id="CSetEventAccessMode" accessType = "FreeRoamActivation" />
	</State>

	<State id="set_event_race_central_access_mode">
		<Entry id="enter" target=".exit" />
		<Exit id="exit" />
		<Behaviour id="CSetEventAccessMode" accessType = "RaceCentral" />
	</State>

	<State id="set_event_street_race_hub_access_mode">
		<Entry id="enter" target=".exit" />
		<Exit id="exit" />
		<Behaviour id="CSetEventAccessMode" accessType = "StreetRaceHub" />
	</State>

	<State id="unset_event_access_mode">
		<Entry id="enter" target=".exit" />
		<Exit id="exit" />
		<Behaviour id="CSetEventAccessMode" accessType = "None" />
	</State>

	<State id="get_event_access_mode">
		<Entry id="enter" />
		<Exit id="freeRoamActivation" />
		<Exit id="streetRaceHub" />
		<Exit id="raceCentral" />
		<Exit id="none" />
		<Behaviour id="CGetEventAccessMode">
			<Transition id="freeRoamActivation" target=".freeRoamActivation" />
			<Transition id="streetRaceHub" target=".streetRaceHub" />
			<Transition id="raceCentral" target=".raceCentral" />
			<Transition id="none" target=".none" />
		</Behaviour>
	</State>

	<State id="get_event_access_mode_including_rally">
		<Entry id="enter" />
		<Exit id="freeRoamActivation" />
		<Exit id="streetRaceHub" />
		<Exit id="raceCentral" />
		<Exit id="none" />
		<Exit id="rallyFreeRoam" />
		<Behaviour id="CGetEventAccessMode">
			<Transition id="freeRoamActivation" target=".freeRoamActivation" />
			<Transition id="streetRaceHub" target=".streetRaceHub" />
			<Transition id="raceCentral" target=".raceCentral" />
			<Transition id="none" target=".none" />
			<Transition id="rallyFreeRoam" target=".rallyFreeRoam" />
		</Behaviour>
	</State>

	<State id="is_race_central_flow">
		<Entry id="enter" />
		<Exit id="yes" />
		<Exit id="no" />
		<Behaviour id="CIsRaceCentralFlow">
			<Transition id="yes" target=".yes" />
			<Transition id="no" target=".no" />
		</Behaviour>
	</State>

	<State id="reset_hud_interface" >
		<Entry id="enter" target=".exit" />
		<Exit id="exit" />
		<Behaviour id="CResetHudInterface" bankDrivingFeats="false" />
	</State>

	<State id="reset_hud_interface_and_bank_skills" >
		<Entry id="enter" target=".exit" />
		<Exit id="exit" />
		<Behaviour id="CResetHudInterface" bankDrivingFeats="true" />
	</State>

	<!-- End of UI states -->


	<!-- Start of Online States -->
	<State id="is_player_connected_to_live">
		<Entry id="enter" />
		<Exit id="yes" />
		<Exit id="no" />
		<Behaviour id="CIsLocalPlayerConnectedToLive" >
			<Transition id="onConnected" target=".yes" />
			<Transition id="onNotConnected" target=".yes" />
		</Behaviour>
	</State>

	<State id="is_player_allowed_to_matchmake">
		<Entry id="enter" />
		<Exit id="yes" />
		<Exit id="no" />
		<Behaviour id="CIsLocalPlayerAllowedToMatchmake" >
			<Transition id="onConnected" target=".yes" />
			<Transition id="onNotConnected" target=".yes" />
		</Behaviour>
	</State>

	<State id="is_server_accessible">
		<Entry id="enter"/>
		<Exit id="yes"/>
		<Exit id="no"/>
		<Behaviour id="CIsServerAccessible" >
			<Transition id="yes" target=".yes"/>
			<Transition id="no" target=".yes"/>
		</Behaviour>
	</State>

	<State id="can_access_server_to_get_rival">
		<Entry id="enter"/>
		<Exit id="yes"/>
		<Exit id="no"/>
		<Behaviour id="CCanAccessServerToGetRival" >
			<Transition id="yes" target=".yes"/>
			<Transition id="no" target=".no"/>
		</Behaviour>
	</State>

	<State id="can_access_car_club">
		<Entry id="enter"/>
		<Exit id="yes"/>
		<Exit id="noUserParentalControlLockout"/>
		<Exit id="noPrivileges"/>
		<Behaviour id="CCanAccessCarClub" >
			<Transition id="yes" target=".yes"/>
			<Transition id="noUserParentalControlLockout" target=".noUserParentalControlLockout"/>
			<Transition id="noPrivileges" target=".noPrivileges"/>
		</Behaviour>
	</State>

	<State id="is_in_car_club">
		<Entry id="enter"/>
		<Exit id="yes"/>
		<Exit id="no"/>
		<Behaviour id="CIsInCarClub" >
			<Transition id="yes" target=".yes"/>
			<Transition id="no" target=".no"/>
		</Behaviour>
	</State>


	<State id="can_access_leaderboards">
		<Entry id="enter"/>
		<Exit id="yes"/>
		<Exit id="no"/>
		<Behaviour id="CCanAccessLeaderboards" >
			<Transition id="yes" target=".yes"/>
			<Transition id="no" target=".no"/>
		</Behaviour>
	</State>

	<!-- Close the xbox live ghost stream (used at the end of a rivals race) -->
	<!-- We do this so that next time we attempt to open it (for example when restarting a rivals race) everything is fine -->
	<State id="CloseXboxLiveGhost">
		<Entry id="enter" target=".exit" />
		<Exit id="exit"/>
		<Behaviour id="CCloseXboxLiveGhost" />
	</State>

	<!-- Download monthly rivals events -->
	<State id="get_server_rival_events">
		<Entry id="enter"/>
		<Exit id="exit"/>
		<Behaviour id="CGetServerRivalEvents" >
			<Transition id="onReady" target=".exit"/>
		</Behaviour>
	</State>

	<!-- Removed locally stored monthly rivals data -->
	<State id="remove_server_rival_events_from_storage">
		<Entry id="enter"/>
		<Exit id="exit"/>
		<Behaviour id="CRemoveServerRivalEventsFromStorage" >
			<Transition id="onReady" target=".exit"/>
		</Behaviour>
	</State>

	<State id="DidPlayerHaveCareerRaceEventLeaderboardEntryBeforeStart">
		<Entry id="enter"/>
		<Exit id="yes"/>
		<Exit id="no"/>
		<Behaviour id="CDidPlayerHaveATimeScoreboardEntryOnEvent" >
			<Transition id="yes" target=".yes"/>
			<Transition id="no" target=".no"/>
		</Behaviour>
	</State>

	<State id="download_avatar_metadata_for_rival">
		<Entry id="enter" />
		<Exit id="exit" />
		<Behaviour id="CDownloadAvatarMetadataForRival" >
			<Transition id="onReady" target=".exit" />
		</Behaviour>
	</State>

	<!-- Should we communicate to the player that the LSP server went down? -->
	<State id="should_tell_player_about_lsp_disconnection">
		<Entry id="enter" />
		<Exit id="yes" />
		<Exit id="no" />
		<Behaviour id="CShouldTellPlayerAboutLspDisconnection" >
			<Transition id="yes" target=".yes" />
			<Transition id="no" target=".no" />
		</Behaviour>
	</State>

	<State id="set_can_exit_flow_on_lsp_disconnection">
		<Entry id="enter" target=".exit" />
		<Exit id="exit" />
		<Behaviour id="CSetCanExitFlowOnLspDisconnection" activate="true" />
	</State>

	<State id="enable_lsp_disconnection_message_in_online_game">
		<Entry id="enter" target=".exit" />
		<Exit id="exit" />
		<Behaviour id="CEnableLspDisconnectionMessageInOnlineGame" />
	</State>

	<!-- Update our current clan data from the server -->
	<State id="attempt_to_update_club_data">
		<Entry id="enter" target=".exit" />
		<Exit id="exit" />
		<Behaviour id="CAttemptToUpdateClubData" />
	</State>

	<State id="is_correct_rival_data_loaded">
		<Entry id="enter"/>
		<Exit id="yes"/>
		<Exit id="no"/>
		<Behaviour id="CIsCorrectRivalData" >
			<Transition id="yes" target=".yes"/>
			<Transition id="no" target=".no"/>
		</Behaviour>
	</State>

	<State id="is_friend_rival_loaded">
		<Entry id="enter"/>
		<Exit id="yes"/>
		<Exit id="no"/>
		<Behaviour id="CIsFriendRivalLoaded" >
			<Transition id="yes" target=".yes"/>
			<Transition id="no" target=".no"/>
		</Behaviour>
	</State>

	<State id="is_club_rival_loaded">
		<Entry id="enter"/>
		<Exit id="yes"/>
		<Exit id="no"/>
		<Behaviour id="CIsClubRivalLoaded" >
			<Transition id="yes" target=".yes"/>
			<Transition id="no" target=".no"/>
		</Behaviour>
	</State>

	<State id="set_default_scoreboard_view_to_friends_and_club">
		<Entry id="enter" target=".exit" />
		<Exit id="exit" />
		<Behaviour id="CSetDefaultScoreboardView" scoreboardView = "FriendsAndClub" />
	</State>

	<State id="unset_default_scoreboard_view">
		<Entry id="enter" target=".exit" />
		<Exit id="exit" />
		<Behaviour id="CSetDefaultScoreboardView" scoreboardView = "None" />
	</State>

	<!--
	Set up the select rival configuration before we enter it. This will, for example,
	decide if we should use an specific scoreboard view
	-->
	<State id="config_select_rival_leaderboard">
		<Entry id="enter" target="unset_default_scoreboard_view.enter" />
		<Exit id="exit" />

		<Node id="unset_default_scoreboard_view" state="global.unset_default_scoreboard_view" >
			<Entry id="enter" />
			<Exit id="exit" target="is_friend_rival_loaded.enter" />
		</Node>
		<Node id="is_friend_rival_loaded" state="is_friend_rival_loaded" >
			<Entry id="enter" />
			<Exit id="yes" target="set_default_scoreboard_view_to_friends_and_club.enter" />
			<Exit id="no" target="is_club_rival_loaded.enter" />
		</Node>
		<Node id="is_club_rival_loaded" state="global.is_club_rival_loaded" >
			<Entry id="enter" />
			<Exit id="yes" target="set_default_scoreboard_view_to_friends_and_club.enter" />
			<Exit id="no" target=".exit" />
		</Node>
		<Node id="set_default_scoreboard_view_to_friends_and_club" state="global.set_default_scoreboard_view_to_friends_and_club" >
			<Entry id="enter" />
			<Exit id="exit" target=".exit" />
		</Node>

	</State>

	<State id="wait_for_next_heat">
		<Entry id="enter" target=".exit" />
		<Exit id="exit"/>
		<Behaviour id="CWaitForNextHeat" />
		<Behaviour id="CParentTransition">
			<Transition id="onParent" target=".exit" />
		</Behaviour>
	</State>

	<State id="wait_until_all_players_waiting_for_next_heat">
		<Entry id="enter"/>
		<Exit id="ready"/>
		<Behaviour id="CWaitUntilAllPlayersWaitingForNextHeat" >
			<Transition id="ready" target=".ready"/>
		</Behaviour>
		<Behaviour id="CParentTransition">
			<Transition id="onParent" target=".ready" />
		</Behaviour>
	</State>

	<State id="wait_for_all_players_ready_to_return_to_lobby">
		<Entry id="enter" />
		<Exit id="exit"/>
		<Behaviour id="CWaitForAllPlayersReadyToReturnToLobby">
			<Transition id="onReady" target=".exit"/>
		</Behaviour>
		<Behaviour id="CWaitForTime" time="45.0" >
			<Transition id="onReady" target=".exit" />
		</Behaviour>
		<Behaviour id="CParentTransition">
			<Transition id="onParent" target=".exit" />
		</Behaviour>
	</State>

	<State id="wait_for_all_to_have_loaded_to_in_game">
		<Entry id="enter" />
		<Exit id="exit"/>
		<Behaviour id="CWaitForAllPlayersToHaveLoadedToInGame">
			<Transition id="onReady" target=".exit"/>
		</Behaviour>
		<Behaviour id="CWaitForTime" time="45.0" >
			<Transition id="onReady" target=".exit" />
		</Behaviour>
		<Behaviour id="CParentTransition">
			<Transition id="onParent" target=".exit" />
		</Behaviour>
	</State>

	<State id="kick_failed_load_players">
		<Entry id="enter" target=".exit" />
		<Exit id="exit"/>
		<Behaviour id="CKickFailedLoadPlayers" />
	</State>

	<State id="download_race_multipliers">
		<Entry id="enter" target=".exit" />
		<Exit id="exit"/>
		<Behaviour id="CLspDownloadRaceMultipliers" />
	</State>

	<!-- End of Online States -->

	<State id="set_heats_score">
		<Entry id="enter" target=".exit" />
		<Exit id="exit"/>
		<Behaviour id="CSetHeatsScore" />
	</State>

	<State id="should_go_to_next_heat">
		<Entry id="enter"/>
		<Exit id="yes"/>
		<Exit id="no"/>
		<Behaviour id="CShouldGoToNextHeat" >
			<Transition id="yes" target=".yes"/>
			<Transition id="no" target=".no"/>
		</Behaviour>
	</State>

	<State id="go_to_next_heat">
		<Entry id="enter" target=".exit" />
		<Exit id="exit"/>
		<Behaviour id="CGoToNextHeat" />
	</State>

	<State id="UnsetDefaultRival">
		<Entry id="enter" target=".exit" />
		<Exit id="exit"/>
		<Behaviour id="CUnsetDefaultRival" />
	</State>

	<State id="load_into_rivals_race">
		<Entry id="enter" />
		<Behaviour id="CDownloadGhostForRival" />
		<Behaviour id="CLoadIntoTimeTrialRace"  >
			<Attribute id="resource_package" value="Loading" />
		</Behaviour>
	</State>

	<State id="LoadIntoTimeTrialRace">
		<Entry id="enter" target="disable_ambient_audio_streaming.enter"/>

		<Node id="disable_ambient_audio_streaming" state="global.disable_ambient_audio_streaming">
			<Entry id="enter" />
			<Exit id="exit" target="load_into_rivals_race.enter"/>
		</Node>
		<Node id="load_into_rivals_race" state="global.load_into_rivals_race">
			<Entry id="enter" />
		</Node>
	</State>

	<!-- Cutscene States -->

	<State id="stop_cutscene">
		<Entry id="enter" target=".exit" />
		<Exit id="exit"/>
		<Behaviour id="CStopCutscene" />
	</State>

	<State id="fade_in_play_cutscene_and_wait">
		<Entry id="enter" target="play_cutscene.enter" />
		<Exit id="exit"/>

		<Behaviour id="CFadeIn" fade_in="true">
			<FadeOptions Duration="1.000000" HoldDuration="0.000000" CurveType="S" Color.x="0.000000" Color.y="0.000000" Color.z="0.000000" Color.w="0.000000"/>
		</Behaviour>

		<Node id="play_cutscene" state="global.play_current_camera_sequence_and_wait" >
			<Entry id="enter" />
			<Exit id="exit" target=".exit" />
		</Node>
	</State>

	<State id="fade_in_and_play_cutscene">
		<Entry id="enter" target=".exit" />
		<Exit id="exit"/>

		<Behaviour id="CFadeIn" fade_in="true">
			<FadeOptions Duration="1.000000" HoldDuration="0.000000" CurveType="S" Color.x="0.000000" Color.y="0.000000" Color.z="0.000000" Color.w="0.000000"/>
		</Behaviour>
		<Behaviour id="CPlayCameraSequence" wait="false" />
	</State>

	<!-- End of Cutscene States -->

	<!-- Discovery States -->

	<State id="discover_workshop">
		<Entry id="enter" target=".exit" />
		<Exit id="exit"/>
		<Behaviour id="CDiscoverActivity" activityName="workshop_02" discover="true"/>
	</State>

	<State id="undiscover_workshop">
		<Entry id="enter" target=".exit" />
		<Exit id="exit"/>
		<Behaviour id="CDiscoverActivity" activityName="workshop_02" discover="false"/>
	</State>

	<State id="discover_racecentral">
		<Entry id="enter" target=".exit" />
		<Exit id="exit"/>
		<Behaviour id="CDiscoverActivity" activityName="race_central_activity" discover="true" />
	</State>

	<State id="undiscover_racecentral">
		<Entry id="enter" target=".exit" />
		<Exit id="exit"/>
		<Behaviour id="CDiscoverActivity" activityName="race_central_activity" discover="false"/>
	</State>

	<State id="discover_dlc_centre">
		<Entry id="enter" target=".exit" />
		<Exit id="exit"/>
		<Behaviour id="CDiscoverActivity" activityName="festival_04" discover="true"/>
	</State>

	<State id="discover_paintshop">
		<Entry id="enter" target=".exit" />
		<Exit id="exit"/>
		<Behaviour id="CDiscoverActivity" activityName="paintshop_01" discover="true"/>
	</State>

	<State id="discover_auto_show">
		<Entry id="enter" target=".exit" />
		<Exit id="exit"/>
		<Behaviour id="CDiscoverActivity" activityName="autoshow_01" discover="true"/>
	</State>

	<State id="discover_car_club">
		<Entry id="enter" target=".exit" />
		<Exit id="exit"/>
		<Behaviour id="CDiscoverActivity" activityName="carclub_01" discover="true"/>
	</State>

	<State id="discover_festival_ring">
		<Entry id="enter" target="workshop.enter" />
		<Exit id="exit"/>

		<Node id="workshop" state="global.discover_workshop">
			<Entry id="enter" />
			<Exit id="exit" target="race_central.enter"/>
		</Node>
		<Node id="race_central" state="global.discover_racecentral">
			<Entry id="enter" />
			<Exit id="exit" target="dlc_centre.enter"/>
		</Node>
		<Node id="dlc_centre" state="global.discover_dlc_centre">
			<Entry id="enter" />
			<Exit id="exit" target="paintshop.enter"/>
		</Node>
		<Node id="paintshop" state="global.discover_paintshop">
			<Entry id="enter" />
			<Exit id="exit" target="auto_show.enter"/>
		</Node>
		<Node id="auto_show" state="global.discover_auto_show">
			<Entry id="enter" />
			<Exit id="exit" target="car_club.enter"/>
		</Node>
		<Node id="car_club" state="global.discover_car_club">
			<Entry id="enter" />
			<Exit id="exit" target=".exit"/>
		</Node>
	</State>
	<!-- End Discovery States -->

	<!-- Movie States -->
	<State id="PreMovie" >
		<Entry id="enter" target=".exit" />
		<Exit id="exit" />
		<Behaviour id="CPreMovie" />
	</State>

	<State id="PostMovie" >
		<Entry id="enter" target=".exit" />
		<Exit id="exit" />
		<Behaviour id="CPostMovie" />
	</State>

	<State id="PostMovieWaitNui" >
		<Entry id="enter" target=".exit" />
		<Exit id="exit" />
		<Behaviour id="CWaitForNuiInitialize" />
	</State>
	<!-- End Movie States -->

	<!-- Mission States -->
	<State id="start_mission">
		<Entry id="enter" target=".exit" />
		<Exit id="exit" />
		<Behaviour id="CStartMission" />
	</State>

	<State id="finish_mission">
		<Entry id="enter" target=".exit" />
		<Exit id="exit" />
		<Behaviour id="CFinishMission" />
	</State>
	<!-- End Mission States -->

	<!-- PhotoMode States -->
	<State id="prepare_photo_mode">
		<Entry id="enter" target=".exit" />
		<Exit id="exit" />
		<Behaviour id="CPreparePhotoMode" />
	</State>
	<!-- End PhotoMode States -->

	<!-- Thumbnail manager control States -->
	<State id="enable_thumbnail_manager" >
		<Entry id="enter" target=".exit"/>
		<Exit id="exit" />
		<Behaviour id="CEnableThumbnailManager" enabled="true" />
	</State>

	<State id="disable_thumbnail_manager" >
		<Entry id="enter" target=".exit"/>
		<Exit id="exit" />
		<Behaviour id="CEnableThumbnailManager" enabled="false" />
	</State>
	<!-- End thumbnail manager control States -->

	<!-- DLC metadata manager control States -->
	<State id="enable_dlcmetadata_download" >
		<Entry id="enter" target=".exit"/>
		<Exit id="exit" />
		<Behaviour id="CEnableDLCMetadataDownload" enabled="true" />
	</State>

	<State id="disable_dlcmetadata_download" >
		<Entry id="enter" target=".exit"/>
		<Exit id="exit" />
		<Behaviour id="CEnableDLCMetadataDownload" enabled="false" />
	</State>
	<!-- End DLC metadata manager control States -->

	<State id="pause_physics">
		<Entry id="enter" target=".exit" />
		<Exit id="exit" />
		<Behaviour id="CPausePhysics" pause="true" />
	</State>

	<State id="unpause_physics">
		<Entry id="enter" target=".exit" />
		<Exit id="exit" />
		<Behaviour id="CPausePhysics" pause="false" />
	</State>

	<State id="start_bullet_time">
		<Entry id="enter" target=".exit" />
		<Exit id="exit" />
		<Behaviour id="CBulletTime" slowing_down="true" />
	</State>

	<State id="stop_bullet_time">
		<Entry id="enter" target=".exit" />
		<Exit id="exit" />
		<Behaviour id="CBulletTime" slowing_down="false" />
	</State>

	<State id="enable_bullet_time">
		<Entry id="enter" target=".exit" />
		<Exit id="exit" />
		<Behaviour id="CBulletTimeEnable" enabled="true" />
	</State>

	<State id="disable_bullet_time">
		<Entry id="enter" target=".exit" />
		<Exit id="exit" />
		<Behaviour id="CBulletTimeEnable" enabled="false" />
	</State>

	<State id="map_locked_for_first_time_career">
		<Entry id="enter" />
		<Exit id="yes" />
		<Exit id="no" />
		<Behaviour id="CLockMapScreenForFirstTimeCareer" >
			<Transition id="locked" target=".yes" />
			<Transition id="not_locked" target=".no" />
		</Behaviour>
	</State>

	<State id="lock_map_for_first_time_career">
		<Entry id="enter" target=".exit" />
		<Exit id="exit" />
		<Behaviour id="CActivateLockMapScreenForFirstTimeCareer" lock="true"/>
	</State>

	<State id="unlock_map_for_first_time_career">
		<Entry id="enter" target=".exit" />
		<Exit id="exit" />
		<Behaviour id="CActivateLockMapScreenForFirstTimeCareer" lock="false"/>
	</State>

	<State id="block_map_toggle">
		<Entry id="enter" target=".exit" />
		<Exit id="exit" />
		<Behaviour id="CAllowMapFilterToggle" allow="false"/>
	</State>

	<State id="unblock_map_toggle">
		<Entry id="enter" target=".exit" />
		<Exit id="exit" />
		<Behaviour id="CAllowMapFilterToggle" allow="true"/>
	</State>

	<!--
	<State id="spawn_a_for_initial_drive">
	<Entry id="enter" target=".exit" />
	<Exit id="exit" />
	<Behaviour id="CSpawnAIForInitialDrive" spawn="true" />
	</State>

	<State id="despawn_a_for_initial_drive">
	<Entry id="enter" target=".exit" />
	<Exit id="exit" />
	<Behaviour id="CSpawnAIForInitialDrive" spawn="false" />
	</State>
	-->

	<State id="set_show_career_progress_message">
		<Entry id="enter" target=".exit" />
		<Exit id="exit" />
		<Behaviour id="CSetShowCareerProgressMessage" show="true" type="Large" />
	</State>

	<State id="set_show_input_hint_message">
		<Entry id="enter" target=".exit" />
		<Exit id="exit" />
		<Behaviour id="CSetShowCareerProgressMessage" show="true" type="InputHint" />
	</State>

	<State id="temp_disable_workshop">
		<Entry id="enter" target=".exit" />
		<Exit id="exit" />
		<Behaviour id="CTempDisableActivity" activity="Workshop" />
	</State>

	<State id="render_begin_wait">
		<Entry id="enter" target=".exit" />
		<Exit id="exit" />
		<Behaviour id="CRenderWaitState" >
			<Attribute id="enable" value="true" />
		</Behaviour>
	</State>

	<State id="render_end_wait">
		<Entry id="enter" target=".exit" />
		<Exit id="exit" />
		<Behaviour id="CRenderWaitState" >
			<Attribute id="enable" value="false" />
		</Behaviour>
	</State>

	<State id="render_stop_swap">
		<Entry id="enter" target=".exit" />
		<Exit id="exit" />
		<Behaviour id="CRenderEnableSwap" >
			<Attribute id="enable" value="false" />
		</Behaviour>
	</State>

	<State id="render_start_swap">
		<Entry id="enter" target=".exit" />
		<Exit id="exit" />
		<Behaviour id="CRenderEnableSwap" >
			<Attribute id="enable" value="true" />
		</Behaviour>
	</State>

	<State id="place_car_to_last_valid_position">
		<Entry id="enter" target=".exit" />
		<Exit id="exit" />
		<Behaviour id="CPlaceCarToLastValidPosition" />
	</State>

	<State id="show_loyalty_cars_notification" >
		<Entry id="enter" target=".exit" />
		<Exit id="exit" />
		<Behaviour id="CShowLoyaltyCarsNotification" />
	</State>

	<State id="push_dynamic_render_ui_nocar">
		<Entry id="enter" target=".exit" />
		<Exit id="exit" />
		<Behaviour id="CChangeDynamicRenderScenario" >
			<Attribute id="push" value="true" />
			<Attribute id="mode" value="UI_NoCar" />
		</Behaviour>
	</State>

	<State id="pop_dynamic_render_ui_nocar">
		<Entry id="enter" target=".exit" />
		<Exit id="exit" />
		<Behaviour id="CChangeDynamicRenderScenario" >
			<Attribute id="push" value="false" />
			<Attribute id="mode" value="UI_NoCar" />
		</Behaviour>
	</State>

	<State id="get_roadtrip_type" >
		<Entry id="enter" />
		<Exit id="champ_event" />
		<Exit id="showcase_event" />
		<Exit id="special_event" />
		<Exit id="final_event" />
		<Behaviour id="CGetRoadTripEventType" >
			<Transition id="isChampEvent" target=".champ_event" />
			<Transition id="isShowcaseEvent" target=".showcase_event" />
			<Transition id="isSpecialEvent" target=".special_event" />
			<Transition id="isFinalEvent" target=".final_event" />
		</Behaviour>
	</State>

	<State id="wait_for_resource_manager" >
		<Entry id="enter" />
		<Exit id="exit" />
		<Behaviour id="CWaitForResourceManager" >
			<Transition id="onReady" target=".exit" />
		</Behaviour>
	</State>

</StateGroup>tate>

</StateGroup>tate>

</StateGroup>tate>

</StateGroup>