<StateGroup id="street_race_hubs">

    <State id="is_free_roam_activation">
        <Entry id="enter" target="get_event_access_mode.enter" />
        <Exit id="yes" />
        <Exit id="no" />

        <Node id="get_event_access_mode" state="global.get_event_access_mode">
            <Entry id="enter" />
            <Exit id="raceCentral" target=".no" />
            <Exit id="streetRaceHub" target=".no" />
            <Exit id="freeRoamActivation" target=".yes" />
            <Exit id="none" target=".yes" />
        </Node>
    </State>

  <State id="prepare_post_screen_cutscene" >
    <Entry id="enter" target=".exit" />
    <Exit id="exit"/>
    <Behaviour id="CPrepareCutscene" cutscene="fasttravel_cam" race_specific="false" />
  </State>

    <state id="just_done_street_race">
    	<entry id="enter" target="check.enter"/>
    	<exit id="yes"/>
    	<exit id="no"/>
        
    	<node id="check" state="global.get_event_access_mode">
            <entry id="enter"/>
            <Exit id="freeRoamActivation" target=".no" />
            <Exit id="streetRaceHub" target=".yes"/>
            <Exit id="raceCentral" target=".no"/>
            <Exit id="none" target=".no"/>    		
    	</node>
    </state>

    <State id="post_screen_camera_sequence">
    <Entry id="enter" target="prepare_cutscene.enter" />
    <Exit id="exit" />

    <Node id="prepare_cutscene" state="prepare_post_screen_cutscene">
      <Entry id="enter" />
      <Exit id="exit" target="prepare_cutscene_black_out.enter" />
    </Node>
    
    <Node id="prepare_cutscene_black_out" state="global.black_out">
      <Entry id="enter" />
      <Exit id="exit" target="show_empty_screen.enter" />
    </Node>
    
    <Node id="show_empty_screen" state="global.show_empty_screen" >
      <Entry id="enter" />
      <Exit id="exit" target="wait_for_streaming.enter" />
    </Node>

    <Node id="wait_for_streaming" state="global.wait_for_streaming" >
      <Entry id="enter" />
      <Exit id="exit" target="play_cutscene.enter" />
    </Node>

    <Node id="play_cutscene" state="global.play_current_camera_sequence_and_wait">
      <Entry id="enter" />
      <Exit id="exit" target="reset_camera.enter" />
    </Node>

    <Node id="reset_camera" state="global.reset_camera_to_player" >
      <Entry id="enter" />
      <Exit id="exit" target=".exit" />
    </Node>
  </State>

    <State id="Unlocked_Exit">
        <Entry id="enter" target="restore_free_roam_car.enter" />
        <Exit id="exit_free_roam" />
        <Exit id="exit_flow" />

        <StateSubstitute state="InGameUI.cutscene_exit_activity" substitute="post_screen_camera_sequence" />

        <Node id="restore_free_roam_car" state="global.restore_free_roam_car">
            <Entry id="enter" />
            <Exit id="exit" target="post_screen_flow.enter" />
        </Node>

        <Node id="post_screen_flow" state="InGameUI.exit" >
            <Entry id="enter" />
            <Exit id="exit" target="play_vo.enter" />
        </Node>

        <Node id="play_vo" state="PlayHubExitVO" >
            <Entry id="enter" />
            <Exit id="exit" target="is_free_roam_activation.enter" />
        </Node>

        <Node id="is_free_roam_activation" state="is_free_roam_activation" >
            <Entry id="enter" />
            <Exit id="yes" target=".exit_free_roam" />
            <Exit id="no" target=".exit_flow" />
        </Node>        
    </State>

    <State id="Locked_Exit">
        <Entry id="enter" target="post_screen_flow.enter" />
        <Exit id="exit" />

        <Node id="post_screen_flow" state="InGameUI.exit" >
            <Entry id="enter" />
            <Exit id="exit" target=".exit" />
        </Node>
    </State>

      <State id="HasMovieBeenSeen">
        <Entry id="enter" />
        <Exit id="true" />
        <Exit id="false" />
        <Behaviour id="CTestHorizonFlag" flag="seenStreetRaceIntroVideo" >
          <Transition id="onTrue" target=".true" />
          <Transition id="onFalse" target=".false" />
        </Behaviour>
      </State>

      <State id="PlayVO" >
        <Entry id="enter" target=".exit" />
        <Exit id="exit" />
        <Behaviour id="CTriggerVO" trigger="StreetRaceAccessGranted" wait="false"/>
      </State>

      <State id="SetMovieSeen" >
        <Entry id="enter" target=".exit" />
        <Exit id="exit" />
        <Behaviour id="CSetHorizonFlag" flag="seenStreetRaceIntroVideo" value="true" />
      </State>

      <State id="PlayStreetRaceMovie" >
        <Entry id="enter" />
        <Exit id="exit" />
        <Behaviour id="CShowMovieScreen" filename="GAME:\Media\UI\Videos\FMV_04.wmv" confirmskip="true">
          <Transition id="onDone" target=".exit" />
        </Behaviour>
      </State>

      <State id="StreetRaceHubMovieFlow">
        <Entry id="enter" target="is_hub_available.enter" />
        <Exit id="exit" />
        
        <Node id="is_hub_available" state="IsHubAvailable" >
          <Entry id="enter" />
          <Exit id="yes" target="should_play_movie.enter" />
          <Exit id="no" target=".exit" />
        </Node>

        <Node id="should_play_movie" state="HasMovieBeenSeen" >
          <Entry id="enter" />
          <Exit id="true" target=".exit" />
          <Exit id="false" target="remove_hud.enter" />
        </Node>

          <Node id="remove_hud" state="global.show_empty_screen" >
              <Entry id="enter" />
              <Exit id="exit" target ="disable_car_control.enter" />
          </Node>

          <Node id="disable_car_control" state="global.disable_car_control" >
              <Entry id="enter" />
              <Exit id="exit" target ="apply_mixer_snapshot_fadeout.enter" />
          </Node>

          <Node id="apply_mixer_snapshot_fadeout" state="Audio.apply_mixer_snapshot_fadeout">
              <Entry id="enter" />
              <Exit id="exit" target="prepare_movie.enter" />
          </Node>

        <Node id="prepare_movie" state="playmovie.pre_movie_prepare" >
          <Entry id="enter" />
          <Exit id="exit" target ="play_movie.enter" />
        </Node>

        <Node id="play_movie" state="PlayStreetRaceMovie" >
          <Entry id="enter" />
          <Exit id="exit" target="post_movie.enter" />
        </Node>

        <Node id="post_movie" state="playmovie.post_movie_restore_uiexterior" >
          <Entry id="enter" />
          <Exit id="exit" target="play_vo.enter"/>
        </Node>

        <Node id="play_vo" state="PlayVO" >
          <Entry id="enter" />
          <Exit id="exit" target=".exit"/>
        </Node>
      </State>

    <State id="hub_flow">
        <Entry id="from_free_roam" target="street_race_intro_movie.enter"/>
        <Entry id="from_race" target="street_race_intro_movie.enter"/>
        <Exit id="exit_to_flow"/>
        <Exit id="exit_to_free_roam"/>
        
        <StateSubstitute state="InGameUI.cutscene_enter_activity" substitute="global.dummy_state" />

        <Behaviour id="CDisablePlayerCarControlsWrapper" />

        <Node id="from_race" state="global.attempt_acquire_game_control" >
            <Entry id="enter" />
            <Exit id="success" target="pre_screen_flow.enter" />
            <Exit id="failure" target=".exit_to_free_roam" />
        </Node>

        <Node id="from_free_roam" state="global.attempt_acquire_game_control" >
            <Entry id="enter" />
            <Exit id="success" target="street_race_intro_movie.enter" />
            <Exit id="failure" target=".exit_to_free_roam" />
        </Node>

        <Node id="street_race_intro_movie" state="StreetRaceHubMovieFlow" >
            <Entry id="enter" />
            <Exit id="exit" target="should_skip_blackout.enter" />
        </Node>

        <node id="should_skip_blackout" state="just_done_street_race">
            <entry id="enter"/>
            <exit id="no" target="blackout.enter"/>
            <exit id="yes" target="pre_screen_flow.enter"/>
        </node>
        <Node id="blackout" state="global.black_out" >
            <Entry id="enter" />
            <Exit id="exit" target="remove_hud.enter"/>
        </Node>

        <Node id="remove_hud" state="global.show_empty_screen" >
            <Entry id="enter" />
            <Exit id="exit" target ="pre_screen_flow.enter" />
        </Node>

        <Node id="pre_screen_flow" state="InGameUI.enter" >
            <Entry id="enter" />
            <Exit id="exit" target="reset_car_damage.enter" />
        </Node>

        <Node id="reset_car_damage" state="global.reset_car_damage" >
            <Entry id="enter" />
            <Exit id="exit" target="is_hub_available.enter" />
        </Node>

        <Node id="is_hub_available" state="IsHubAvailable" >
            <Entry id="enter" />
            <Exit id="yes" target="hub_available.enter" />
            <Exit id="no" target="hub_not_available.enter" />
        </Node>

        <Node id="hub_available" state="HubAvailableFlow" >
            <Entry id="enter" />
            <Exit id="exitToFreeRoam" target="unset_event_access_mode.enter" />
            <Exit id="loadToRivals" target="prepare_for_load_helper_rivals.enter" />
            <Exit id="loadToEvent" target="prepare_for_load_helper_event.enter" />
            <Exit id="exitToFlow" target="unset_event_access_mode.enter" />
        </Node>

        <Node id="hub_not_available" state="HubNotAvailableFlow" >
            <Entry id="enter" />
            <Exit id="exitToFreeRoam" target="exit_to_free_roam_flow_locked.enter" />
        </Node>

        <Node id="unset_event_access_mode" state="global.unset_event_access_mode" >
            <Entry id="enter" />
            <Exit id="exit" target="disable_ambient_pre_race.enter" />
        </Node>
		
        <Node id="disable_ambient_pre_race" state="Audio.disable_ambient_audio_param_pre_race_ambience">
            <Entry id="enter" />
            <Exit id="exit" target="place_car_for_free_roam.enter"/>
        </Node>		

        <Node id="place_car_for_free_roam" state="PlaceCar" >
            <Entry id="enter" />
            <Exit id="exit" target="enable_ai.enter" />
        </Node>

        <Node id="enable_ai" state="global.enable_AI">
            <Entry id="enter" />
            <Exit id="exit" target="enable_traffic_despawning.enter"/>
        </Node>

        <Node id="enable_traffic_despawning" state="global.enable_traffic_despawning">
            <Entry id="enter" />
            <Exit id="exit" target="enable_traffic.enter"/>
        </Node>

          <Node id="enable_traffic" state="global.enable_traffic_spawning">
              <Entry id="enter" />
              <Exit id="exit" target="reset_traffic.enter" />
          </Node>

          <Node id="reset_traffic" state="global.reset_traffic_cars_dont_destroy_existing">
              <Entry id="enter" />
              <Exit id="exit" target="store_car_position.enter" />
          </Node>

        <Node id="store_car_position" state="global.store_car_position" >
            <Entry id="enter" />
            <Exit id="exit" target="exit_to_free_roam_flow_unlocked.enter" />
        </Node>

        <Node id="exit_to_free_roam_flow_unlocked" state="Unlocked_Exit" >
            <Entry id="enter" />
            <Exit id="exit_free_roam" target=".exit_to_free_roam" />
            <Exit id="exit_flow" target=".exit_to_flow" />
        </Node>

        <Node id="exit_to_free_roam_flow_locked" state="Locked_Exit" >
            <Entry id="enter" />
            <Exit id="exit" target=".exit_to_free_roam" />
        </Node>

        <Node id="release_game_control_flow" state="global.release_game_control">
            <Entry id="enter" />
            <Exit id="exit" target=".exit_to_flow" />
        </Node>

        <Node id="release_game_control_free_roam" state="global.release_game_control">
            <Entry id="enter" />
            <Exit id="exit" target=".exit_to_free_roam" />
        </Node>


        <Node id="prepare_for_load_helper_rivals" state="prepare_for_load_helper">
            <Entry id="enter" />
            <Exit id="exit" target="set_rivals_access_mode.enter" />
        </Node>
        <Node id="set_rivals_access_mode" state="global.set_event_street_race_hub_access_mode">
            <Entry id="enter"/>
            <Exit id="exit" target="load_into_rivals_race.enter"/>
        </Node>
        <Node id="load_into_rivals_race" state="global.LoadIntoTimeTrialRace" >
            <Entry id="enter" />
        </Node>

        <Node id="prepare_for_load_helper_event" state="prepare_for_load_helper">
            <Entry id="enter" />
            <Exit id="exit" target="set_event_access_mode.enter" />
        </Node>
        <Node id="set_event_access_mode" state="global.set_event_street_race_hub_access_mode">
            <Entry id="enter"/>
            <Exit id="exit" target="load_into_event.enter"/>
        </Node>
        <Node id="load_into_event" state="load_into_event" >
            <Entry id="enter" />
        </Node>
    </State>

    <State id="root">
        <Entry id="enter" target="hub_flow.from_free_roam" />
        <Exit id="freeRoam" />
        <Exit id="flow" />
        <Behaviour id="CGameControlWrapper" />
        
        <Node id="hub_flow" state="hub_flow">
            <Entry id="from_free_roam" />
            <Exit id="exit_to_flow" target =".flow" />
            <Exit id="exit_to_free_roam" target ="should_show_car_challenge_video.enter" />
        </Node>

        <Node id="should_show_car_challenge_video" state="global.should_show_car_challenge_intro">
            <Entry id="enter" />
            <Exit id="yes" target="show_car_challenge_video.enter" />
            <Exit id="no" target=".freeRoam" />
        </Node>

        <Node id="show_car_challenge_video" state="car_challenges.video">
            <Entry id="enter" />
            <Exit id="exit" target=".freeRoam" />
        </Node>
    </State>

    <State id="prepare_for_load_helper" >
        <Entry id="enter" target="hide_screen.enter" />
        <Exit id="exit" />

        <Node id="hide_screen" state="global.show_empty_screen" >
            <Entry id="enter" />
            <Exit id="exit" target="set_audio_fadeout_quick.enter" />
        </Node>

        <Node id="set_audio_fadeout_quick" state="Audio.apply_mixer_snapshot_fadeout_quick">
          <Entry id="enter" />
          <Exit id="exit" target="fade_to_black.enter" />
        </Node>
      
        <Node id="fade_to_black" state="global.fade_out_half_sec">
          <Entry id="enter" />
          <Exit id="exit" target="set_audio_loading.enter" />
        </Node>
        
        <Node id="set_audio_loading" state="Audio.loading" >
            <Entry id="enter" />
            <Exit id="exit" target="exit_to_loading.enterForLoading" />
        </Node>
        
        <Node id="exit_to_loading" state="InGameUI.exit" >
            <Entry id="enterForLoading" />
            <Exit id="exit" target="place_car.enter" />
        </Node>

        <Node id="place_car" state="PlaceCar" >
            <Entry id="enter" />
            <Exit id="exit" target="store_car_position.enter" />
        </Node>

        <Node id="store_car_position" state="global.store_car_position" >
            <Entry id="enter" />
            <Exit id="exit" target="stop_cutscene.enter" />
        </Node>
        
        <Node id="stop_cutscene" state="global.stop_cutscene">
            <Entry id="enter" />
            <Exit id="exit" target=".exit" />
        </Node>
    </State>

    <State id="HubAvailablePrepare">
        <Entry id="enter" target="should_skip_loading_screen.enter" />
        <Exit id="exit" />

        <node id="should_skip_loading_screen" state="just_done_street_race">
        	<entry id="enter"/>
        	<exit id="no" target="show_loading_screen.enter"/>
            <exit id="yes" target="reset_for_event_activation.enter"/>
        </node>
        <Node id="show_loading_screen" state="global.show_loading_screen" >
            <Entry id="enter" />
            <Exit id="exit" target="reset_for_event_activation.enter"/>
        </Node>

        <Node id="reset_for_event_activation" state="global.reset_for_event_activation">
            <Entry id="enter"/>
            <Exit id="exit" target="set_free_roam_car.enter"/>
        </Node>

        <Node id="set_free_roam_car" state="global.set_free_roam_car">
            <Entry id="enter"/>
            <Exit id="exit" target="set_time_of_day.enter"/>
        </Node>

        <Node id="set_time_of_day" state="set_time_of_day_to_7pm">
            <Entry id="enter" />
            <Exit id="exit" target="lock_time_of_day.enter"/>
        </Node>

        <Node id="lock_time_of_day" state="global.lock_time_of_day">
            <Entry id="enter" />
            <Exit id="exit" target="disable_traffic_despawning.enter" />
        </Node>

        <Node id="disable_traffic_despawning" state="global.disable_traffic_despawning">
            <Entry id="enter" />
            <Exit id="exit" target="remove_traffic_cars.enter"/>
        </Node>

        <Node id="remove_traffic_cars" state="global.wait_for_traffic_not_festival_to_be_removed">
            <Entry id="enter" />
            <Exit id="exit" target="disable_ai.enter"/>
        </Node>

        <Node id="disable_ai" state="global.disable_AI">
            <Entry id="enter" />
            <Exit id="exit" target="prepare_intro.enter"/>
        </Node>

        <Node id="prepare_intro" state="PrepareCombined" >
            <Entry id="enter" />
            <Exit id="exit" target="unlock_new_races.enter" />
        </Node>
        <!-- We check for any new unlocks here, in case player has completed all festival events but not visited the hubs yet. In that circumstance
            races with festival points requirement would not unlock, so this is catch for that situation -->
        <Node id="unlock_new_races" state="UnlocksFlow" >
            <Entry id="enter" />
            <Exit id="exit" target=".exit" />
        </Node>
    </State>

    <State id="rivals_flow">
      <Entry id="enter" target="unset_default_rival.enter" />
      <Exit id="back" />
      <Exit id="race" />

      <Node id="unset_default_rival" state="global.UnsetDefaultRival" >
        <Entry id="enter" />
        <Exit id="exit" target="show_time_trial_rivals_screen.enter" />
      </Node>

      <Node id="show_time_trial_rivals_screen" state="UIShowScreens.ShowRivalsVSScreen">
        <Entry id="enter" />
        <Entry id="enterBack" />
        <Exit id="back" target=".back" />
        <Exit id="race" target="show_car_select.enter" />
        <Exit id="scoreboard" target="prepare_show_scoreboard.enter" />
      </Node>

      <Node id="prepare_show_scoreboard" state="global.config_select_rival_leaderboard">
        <Entry id="enter" />
        <Exit id="exit" target="show_scoreboard.enter" />
      </Node>

      <Node id="show_scoreboard" state="UIShowScreens.ShowSelectRivalLapTimeScoreboardScreen">
        <Entry id="enter" />
        <Exit id="exit" target="show_time_trial_rivals_screen.enterBack" />
        <Exit id="disconnected" target=".back" />
      </Node>

      <Node id="show_car_select" state="UIShowScreens.ShowRegisterEventCarScreen" >
        <Entry id="enter" />
        <Exit id="next" target=".race" />
        <Exit id="back" target="show_time_trial_rivals_screen.enter" />
        <Exit id="buyCar" target="show_time_trial_rivals_screen.enter" />
      </Node>
    </State>
  
    <State id="UnlocksFlow">
        <Entry id="enter" target="trigger_event_unlocks.enter" />
        <Exit id="exit" />

        <Node id="trigger_event_unlocks" state="global.trigger_career_event_unlocks_from_race_completion">
            <Entry id="enter" />
            <Exit id="exit" target=".exit"/>
        </Node>
    </State>

    <State id="HubAvailableFlow">
        <Entry id="enter" target="prepare.enter" />
        <Exit id="exitToFreeRoam" />
        <Exit id="loadToRivals" />
        <Exit id="loadToEvent" />
        
        <Node id="prepare" state="HubAvailablePrepare" >
            <Entry id="enter" />
            <Exit id="exit" target="wait_for_streaming.enter"/>
        </Node>

        <Node id="wait_for_streaming" state="global.wait_for_streaming" >
            <Entry id="enter" />
            <Exit id="exit" target="play_intro_sequence.enter" />
        </Node>

        <Node id="get_event_access_mode" state="global.get_event_access_mode">
            <Entry id="enter" />
            <Exit id="streetRaceHub" target="play_intro_sequence.enter" />
            <Exit id="freeRoamActivation" target="play_intro_sequence.enter" />
            <Exit id="raceCentral" target="play_intro_sequence.enter" />
            <Exit id="none" target="play_intro_sequence.enter" />
        </Node>        

        <Node id="play_intro_sequence" state="PlayCombined" >
            <Entry id="enter" />
            <Exit id="exit" target="set_career_event_free_roam_activation_point_access_mode.enter" />
        </Node>
        
        <Node id="set_career_event_free_roam_activation_point_access_mode" state="global.set_career_event_free_roam_activation_point_access_mode" >
            <Entry id="enter" />
            <Exit id="exit" target="set_hub_has_been_visited.enter" />
        </Node>

        <Node id="set_hub_has_been_visited" state="SetHubHasBeenVisited" >
          <Entry id="enter" />
          <Exit id="exit" target="PlayHubEnterVO.enter" />
        </Node>

        <Node id="PlayHubEnterVO" state="PlayHubEnterVO" >
            <Entry id="enter" />
            <Exit id="exit" target="enable_ambient_pre_race.enter" />
        </Node>
		
        <Node id="enable_ambient_pre_race" state="Audio.enable_ambient_audio_param_pre_race_ambience">
            <Entry id="enter" />
            <Exit id="exit" target="show_race_select_screen.enter"/>
        </Node>		
         
        <Node id="show_race_select_screen" state="UIShowScreens.ShowCareerStreetRaceSelect">
          <Entry id="enter" />
          <Exit id="okCareer" target="unlock_time_of_day_loadToEvent.enter" />
          <Exit id="okRivals" target="rivals_flow.enter" />
          <Exit id="selectCar" target="show_car_select.enter" />
          <Exit id="return" target="unlock_time_of_day_exitToFreeRoam.enter" />
        </Node>

        <Node id="show_car_select" state="UIShowScreens.ShowRegisterEventCarScreen" >
          <Entry id="enter" />
          <Exit id="next" target="unlock_time_of_day_loadToEvent.enter" />
          <Exit id="back" target="show_race_select_screen.enter" />
          <Exit id="buyCar" target="show_race_select_screen.enter" />
        </Node>

        <Node id="rivals_flow" state="rivals_flow" >
          <Entry id="enter" />
          <Exit id="back" target="show_race_select_screen.enter" />
          <Exit id="race" target="unlock_time_of_day_loadToRivals.enter" />
        </Node>

        <Node id="unlock_time_of_day_exitToFreeRoam" state="global.unlock_time_of_day">
            <Entry id="enter" />
            <Exit id="exit" target=".exitToFreeRoam" />
        </Node>
        <Node id="unlock_time_of_day_loadToRivals" state="global.unlock_time_of_day">
            <Entry id="enter" />
            <Exit id="exit" target=".loadToRivals" />
        </Node>
        <Node id="unlock_time_of_day_loadToEvent" state="global.unlock_time_of_day">
            <Entry id="enter" />
            <Exit id="exit" target=".loadToEvent" />
        </Node>

    </State>

    <State id="ShowHUBLockedPopup">
      <Entry id="enter" />
      <Exit id="done" />
      <Behaviour id="CShowStreetRaceHubLocked">
        <Transition id="onDone" target=".done"/>
      </Behaviour>
    </State>

    <State id="HubNotAvailableFlow">
        <Entry id="enter" target="show_popup.enter" />
        <Exit id="exitToFreeRoam" />

        <Node id="show_popup" state="ShowHUBLockedPopup" >
          <Entry id="enter" />
          <Exit id="done" target="blackout.enter"/>
        </Node>

        <Node id="blackout" state="global.black_out" >
            <Entry id="enter" />
            <Exit id="exit" target="place_car.enter"/>
        </Node>

        <Node id="place_car" state="PlaceCar" >
            <Entry id="enter" />
            <Exit id="exit" target="store_car_position.enter" />
        </Node>

        <Node id="store_car_position" state="global.store_car_position" >
            <Entry id="enter" />
            <Exit id="exit" target="prepare_hub_locked_cutscene.enter" />
        </Node>

        <Node id="prepare_hub_locked_cutscene" state="PrepareHubLockedCutscene" >
            <Entry id="enter" />
            <Exit id="exit" target="play_hub_locked_cutscene.enter" />
        </Node>

        <Node id="play_hub_locked_cutscene" state="global.play_current_camera_sequence_and_wait" >
          <Entry id="enter" />
          <Exit id="exit" target=".exitToFreeRoam" />
        </Node>
    </State>
     
    <State id="PrepareCombined">
        <Entry id="enter" target="has_hub_been_visited_previously.enter" />
        <Exit id="exit" />

        <Node id="has_hub_been_visited_previously" state="HasHubBeenVisited">
          <Entry id="enter" />
          <Exit id="no" target="has_movie_been_seen.enter" />
          <Exit id="yes" target="prepare_visited_cutscene.enter" />
        </Node>

        <Node id="has_movie_been_seen" state="HasMovieBeenSeen" >
          <Entry id="enter" />
          <Exit id="true" target="prepare_first_visit_cutscene.enter" />
          <Exit id="false" target="movie_seen.enter" />
        </Node>
      
        <Node id="movie_seen" state="SetMovieSeen" >
          <Entry id="enter" />
          <Exit id="exit" target="prepare_visited_cutscene.enter"/>
        </Node>
        
        <Node id="prepare_first_visit_cutscene" state="PrepareCombinedFirstVisitCutScene">
          <Entry id="enter" />
          <Exit id="exit" target=".exit" />
        </Node>

        <Node id="prepare_visited_cutscene" state="PrepareCombinedVisitedCutScene">
          <Entry id="enter" />
          <Exit id="exit" target=".exit" />
        </Node>
    </State>

    <State id="PlayCombined" >
      <Entry id="enter" />
      <Exit id="exit" />
      <Behaviour id="CPlayCameraSequence" wait="true">
        <Transition id="onCountdown" target=".exit" />
      </Behaviour>
    </State>

  <State id="PrepareCombinedFirstVisitCutScene">
    <Entry id="enter" target=".exit" />
    <Exit id="exit" />
    <Behaviour id="CPrepareCutscene" cutscene="StreetRaceHub_intro_MAIN_01" />
  </State>

  <State id="PrepareCombinedVisitedCutScene">
    <Entry id="enter" target=".exit" />
    <Exit id="exit" />
    <Behaviour id="CPrepareCutscene" cutscene="StreetRaceHub_activate_MAIN_01" />
  </State>

  <State id="PrepareHubLockedCutscene">
    <Entry id="enter" target=".exit" />
    <Exit id="exit" />
    <Behaviour id="CPrepareCutscene" cutscene="StreetRaceHub_Locked_MAIN_01" />
  </State>

  <State id="IsHubAvailable" >
    <Entry id="enter"/>
    <Exit id="yes"/>
    <Exit id="no"/>
    <Behaviour id="CIsStreetRaceHubAvailable" >
      <Transition id="yes" target=".yes"/>
      <Transition id="no" target=".no"/>
    </Behaviour>
  </State>

  <!-- This is to be substituted by the individual hubs, for free roam activation -->
  <!-- Hub entry from race flow will use this state, as it wont be substitued -->
    <State id="PlaceCar" >
        <Entry id="enter" target=".exit" />
        <Exit id="exit" />
        <Behaviour id="CPlaceCarAtHub" />
    </State>

    <!-- Note the time is given in seconds, as this is the format taken by the time of day manager -->
    <State id="set_time_of_day_to_7pm">
      <Entry id="enter" target=".exit" />
      <Exit id="exit" />
      <Behaviour id="CSetTimeOfDay">
          <Attribute id="time" value="68400" />
      </Behaviour>
  </State>

  <State id="HasHubBeenVisited">
    <Entry id="enter" />
    <Exit id="yes"/>
    <Exit id="no"/>
    <Behaviour id="CHasStreetRaceHubBeenVisited" >
      <Transition id="yes" target=".yes"/>
      <Transition id="no" target=".no"/>
    </Behaviour>
  </State>

    <State id="SetHubHasBeenVisited">
        <Entry id="enter" target=".exit" />
        <Exit id="exit" />
        <Behaviour id="CSetStreetRaceHubVisited" value="true" />
    </State>

    <State id="PlayHubEnterVO" >
        <Entry id="enter" target=".exit" />
        <Exit id="exit" />
        <Behaviour id="CPlayStreetRaceHubVO" />
    </State>

    <State id="PlayHubExitVO" >
        <Entry id="enter" target=".exit" />
        <Exit id="exit" />
        <Behaviour id="CPlayStreetRaceHubExitVO" />
    </State>

    <!-- Default event load. Individual activites will substitute to load into their event type. -->
    <!-- Rimal - Copying the state from event_acticvations here, to avoid having to include the activations xml during race flow -->
    <State id="load_into_event">
        <Entry id="enter" />
        <Behaviour id="CLoadIntoCareerRace">
            <Attribute id="resource_package" value="CareerLoading" />
        </Behaviour>
    </State>

</StateGroup>
te>

</StateGroup>
te>

</StateGroup>
te>

</StateGroup>
