<StateGroup id="tutorials">

    <State id="main_root" >
        <Entry id="enter" target=".exit" />
        <Exit id="exit"/>
    </State>  

	<State id="PrepareTutorialCutscene">
		<Entry id="enter" target=".exit" />
		<Exit id="exit" />
		<Behaviour id="CPrepareCutsceneForTutorial" />
    </State>

    <State id="WhiteFlashWithAudio" >
        <Entry id="enter" target=".exit" />
        <Exit id="exit" />
        <Behaviour id="CWhiteFlash">
			<Attribute id="playAudio" value="true" />	
		</Behaviour>
    </State>	

    <State id="tutorial_root" >
        <Entry id="enter" target="white_flash.enter" />
        <Exit id="exit"/>		
		<Behaviour id="CGameControlWrapper" />	
		
		<Node id="white_flash" state="WhiteFlashWithAudio">
		  <Entry id="enter" />
		  <Exit id="exit" target="disable_car_control.enter"/>
		</Node>
		
		<Node id="disable_car_control" state="global.disable_car_control">
		  <Entry id="enter" />
		  <Exit id="exit" target="show_empty_screen.enter"/>
		</Node>
		
		<Node id="show_empty_screen" state="global.show_empty_screen_with_hud_resource">
		  <Entry id="enter" />
		  <Exit id="exit" target="wait_half_sec.enter"/>
		</Node>
		
		<Node id="wait_half_sec" state="global.wait_half_sec">
		  <Entry id="enter" />
		  <Exit id="exit" target="pause_physics.enter"/>
		</Node>
		
		<Node id="pause_physics" state="global.pause_physics">
		  <Entry id="enter" />
		  <Exit id="exit" target="mute_car_audio.enter"/>
		</Node>
		
		<Node id="mute_car_audio" state="Audio.mute_car_audio">
		  <Entry id="enter" />
		  <Exit id="exit" target="hide_cars.enter"/>
		</Node>
		
		<Node id="hide_cars" state="global.hide_cars">
		  <Entry id="enter" />
		  <Exit id="exit" target="remove_traffic.enter"/>
		</Node>
		
		<Node id="remove_traffic" state="global.disable_traffic_spawning_with_despawn">
		  <Entry id="enter" />
		  <Exit id="exit" target="hide_line.enter"/>
		</Node>
		
		<Node id="hide_line" state="global.disable_racing_line">
		  <Entry id="enter" />
		  <Exit id="exit" target="hide_player_car.enter"/>
		</Node>			
		
		<Node id="hide_player_car" state="global.hide_player_car">
		  <Entry id="enter" />
		  <Exit id="exit" target="disable_rumble.enter"/>
		</Node>

        <Node id="disable_rumble" state="global.disable_rumble_and_forcefeedback">
            <Entry id="enter" />
            <Exit id="exit" target="prepare_cutscene.enter"/>
        </Node>

		<Node id="prepare_cutscene" state="PrepareTutorialCutscene">
		  <Entry id="enter" />
		  <Exit id="exit" target="play_cutscene.enter"/>
		</Node>
		
		<Node id="play_cutscene" state="global.play_current_camera_sequence_and_wait">
		  <Entry id="enter" />
		  <Exit id="exit" target="show_cars.enter"/>
		</Node>		
		
		<Node id="show_cars" state="global.show_cars">
		  <Entry id="enter" />
		  <Exit id="exit" target="show_player_car.enter"/>
		</Node>	
				
		<Node id="show_player_car" state="global.show_player_car">
		  <Entry id="enter" />
		  <Exit id="exit" target="show_line.enter"/>
		</Node>
		
		<Node id="show_line" state="global.enable_racing_line">
		  <Entry id="enter" />
		  <Exit id="exit" target="reset_cam.enter"/>
		</Node>	

		<Node id="reset_cam" state="global.reset_camera_to_player">
		  <Entry id="enter" />
		  <Exit id="exit" target="unmute_car_audio.enter"/>
		</Node>	

		<Node id="unmute_car_audio" state="Audio.unmute_car_audio">
		  <Entry id="enter" />
		  <Exit id="exit" target="unpause_physics.enter"/>
		</Node>
		
		<Node id="unpause_physics" state="global.unpause_physics">
		  <Entry id="enter" />
		  <Exit id="exit" target="white_flash_2.enter"/>
		</Node>	
		
		<Node id="white_flash_2" state="WhiteFlashWithAudio">
		  <Entry id="enter" />
		  <Exit id="exit" target="enable_car_control.enter"/>
		</Node>
		
		<Node id="enable_car_control" state="global.enable_car_control">
		  <Entry id="enter" />
		  <Exit id="exit" target="show_hud_screen.enter"/>
		</Node>
		
		<Node id="show_hud_screen" state="global.show_hud_screen">
		  <Entry id="enter" />
		  <Exit id="exit" target="enable_rumble.enter"/>
		</Node>	

		<Node id="enable_rumble" state="global.enable_rumble_and_forcefeedback">
			<Entry id="enter" />
			<Exit id="exit" target="re_add_traffic.enter"/>
		</Node>		
		
		<Node id="re_add_traffic" state="global.enable_traffic_spawning">
			<Entry id="enter" />
			<Exit id="exit" target=".exit"/>
		</Node>		
	</State>   

    <State id="race_activation_root" >
        <Entry id="enter" target="white_flash.enter" />
        <Exit id="exit"/>		
		<Behaviour id="CGameControlWrapper" />	
		
		<Node id="white_flash" state="WhiteFlashWithAudio">
		  <Entry id="enter" />
		  <Exit id="exit" target="disable_car_control.enter"/>
		</Node>
		
		<Node id="disable_car_control" state="global.disable_car_control">
		  <Entry id="enter" />
		  <Exit id="exit" target="show_empty_screen.enter"/>
		</Node>
		
		<Node id="show_empty_screen" state="global.show_empty_screen">
		  <Entry id="enter" />
		  <Exit id="exit" target="wait_half_sec.enter"/>
		</Node>
		
		<Node id="wait_half_sec" state="global.wait_half_sec">
		  <Entry id="enter" />
		  <Exit id="exit" target="mute_car_audio.enter"/>
		</Node>	
		
		<Node id="mute_car_audio" state="Audio.mute_car_audio">
		  <Entry id="enter" />
		  <Exit id="exit" target="hide_line.enter"/>
		</Node>	
		
		<Node id="hide_line" state="global.disable_racing_line">
		  <Entry id="enter" />
		  <Exit id="exit" target="disable_rumble.enter"/>
		</Node>	
	
	    <Node id="disable_rumble" state="global.disable_rumble_and_forcefeedback">
	        <Entry id="enter" />
	        <Exit id="exit" target="remove_traffic.enter"/>
	    </Node>

	    <Node id="remove_traffic" state="global.disable_traffic_spawning_with_despawn">
	        <Entry id="enter" />
	        <Exit id="exit" target="prepare_cutscene.enter"/>
	    </Node>

    	<Node id="prepare_cutscene" state="PrepareTutorialCutscene">
		  <Entry id="enter" />
		  <Exit id="exit" target="play_cutscene.enter"/>
		</Node>       
		
		<Node id="play_cutscene" state="global.play_current_camera_sequence_and_wait">
		  <Entry id="enter" />
		  <Exit id="exit" target="show_line.enter"/>
		</Node>			
		
		<Node id="show_line" state="global.enable_racing_line">
		  <Entry id="enter" />
		  <Exit id="exit" target="reset_cam.enter"/>
		</Node>	

		<Node id="reset_cam" state="global.reset_camera_to_player">
		  <Entry id="enter" />
		  <Exit id="exit" target="unmute_car_audio.enter"/>
		</Node>	

		<Node id="unmute_car_audio" state="Audio.unmute_car_audio">
		  <Entry id="enter" />
		  <Exit id="exit" target="white_flash_2.enter"/>
		</Node>	
		
		<Node id="white_flash_2" state="WhiteFlashWithAudio">
		  <Entry id="enter" />
		  <Exit id="exit" target="enable_car_control.enter"/>
		</Node>
		
		<Node id="enable_car_control" state="global.enable_car_control">
		  <Entry id="enter" />
		  <Exit id="exit" target="show_hud_screen.enter"/>
		</Node>
		
		<Node id="show_hud_screen" state="global.show_hud_screen">
		  <Entry id="enter" />
		  <Exit id="exit" target="enable_rumble.enter"/>
		</Node>	

		<Node id="enable_rumble" state="global.enable_rumble_and_forcefeedback">
			<Entry id="enter" />
			<Exit id="exit" target="add_traffic.enter"/>
		</Node>

        <Node id="add_traffic" state="global.enable_traffic_spawning_with_initial_spawn">
          <Entry id="enter" />
          <Exit id="exit" target=".exit"/>
        </Node>
      
    </State>	
	
  </StateGroup>

	
  </StateGroup>

	
  </StateGroup>

	
  </StateGroup>
