<StateGroup id="UIShowScreens" >

    <State id="ShowInGameDLCAlert">
      <Entry id="enter" />
      <Exit id="exit" />
      <Exit id="reloadFreeRoam" />
      <Behaviour id="CShowInGameDLCAlert">
        <Transition id="onContinue" target=".exit" />
        <Transition id="onReloadFreeRoam" target=".reloadFreeRoam" />
      </Behaviour>
    </State>
  
    <State id="ShowCarChallengeHomeScreen">
      <Entry id="enter" />
      <Exit id="achievements" />
      <Exit id="currentCar" />
      <Exit id="leaderboard" />
      <Exit id="allChallenges" />
      <Exit id="recommendation" />
      <Exit id="exit" />
      <Behaviour id="CShowCarChallengeHomeScreen">
        <Attribute id="resource_package" value="CarChallenges" />
        <Transition id="onDone" target=".exit" />
        <Transition id="onAchievements" target=".achievements" />
        <Transition id="onCurrentCar" target=".currentCar" />
        <Transition id="onLeaderboard" target=".leaderboard" />
        <Transition id="onAllChallenges" target=".allChallenges" />
        <Transition id="onRecommendationSelect" target=".recommendation" />
      </Behaviour>
    </State>
  
    <State id="ShowCarChallengeAchievementsScreen">
      <Entry id="enter" />
      <Exit id="exit" />
      <Exit id="select" />
      <Behaviour id="CShowCarChallengeAchievementsScreen">
        <Attribute id="resource_package" value="CarChallenges" />
        <Transition id="onDone" target=".exit" />
        <Transition id="onSelect" target=".select" />
      </Behaviour>
    </State>
  
    <State id="ShowCurrentCarChallengeScreen">
      <Entry id="enter" />
      <Exit id="exit" />
      <Exit id="fastTravel" />
      <Exit id="setDestination" />
      <Behaviour id="CShowSpecificCarChallengesScreen" useCareerBuyCar="false">
        <Attribute id="resource_package" value="CarChallenges" />
        <Transition id="onDone" target=".exit" />
        <Transition id="onFastTravel" target=".fastTravel" />
        <Transition id="onSetDestination" target=".setDestination" />
      </Behaviour>
    </State>

    <State id="ShowCurrentCarChallengeScreen_inGame">
      <Entry id="enter" />
      <Exit id="exit" />
      <Exit id="fastTravel" />
      <Exit id="setDestination" />
      <Exit id="home" />
	  <Behaviour id="CDisablePlayerCarControlsWrapper" />
      <Behaviour id="CShowSpecificCarChallengesScreen" useCareerBuyCar="false">
        <Transition id="onDone" target=".exit" />
        <Transition id="onFastTravel" target=".fastTravel" />
        <Transition id="onSetDestination" target=".setDestination" />
        <Transition id="onHome" target=".home" />
      </Behaviour>
    </State>

    <State id="ShowBuyCarChallengeDetailsScreen">
      <Entry id="enter" />
      <Exit id="exit" />
      <Exit id="fastTravel" />
      <Exit id="setDestination" />
      <Behaviour id="CShowSpecificCarChallengesScreen" useCareerBuyCar="true">
        <Attribute id="resource_package" value="CarChallenges" />
        <Transition id="onDone" target=".exit" />
        <Transition id="onFastTravel" target=".fastTravel" />
        <Transition id="onSetDestination" target=".setDestination" />
      </Behaviour>
    </State>
  
    <State id="ShowCarChallengeManufacturerSelectScreen">
      <Entry id="enter" />
      <Exit id="next" />
      <Exit id="exit" />
      <Behaviour id="CShowCarChallengeManufacturerSelectScreen">
        <Attribute id="resource_package" value="CarChallenges" />
        <Transition id="onDone" target=".exit" />
        <Transition id="onNext" target=".next" />
      </Behaviour>
    </State>
  
    <State id="ShowCarChallengeCarSelectScreen">
      <Entry id="enter" />
      <Exit id="next" />
      <Exit id="multiGarageCar" />
      <Exit id="singleGarageCar" />
      <Exit id="challengeDetails" />
      <Exit id="exit" />
      <Behaviour id="CShowCarChallengeCarSelectScreen">
        <Attribute id="resource_package" value="CarChallenges" />
        <Transition id="onDone" target=".exit" />
        <Transition id="onNext" target=".next" />
        <Transition id="onMultiGarageCar" target=".multiGarageCar" />
        <Transition id="onSingleGarageCar" target=".singleGarageCar" />
        <Transition id="onChallengeDetails" target=".challengeDetails" />
      </Behaviour>
    </State>
	
    <State id="ShowCarChallengeGarageCarSelectScreen">
      <Entry id="enter" />
      <Exit id="next" />
      <Exit id="challengeDetails" />
      <Exit id="exit" />
      <Behaviour id="CShowCarChallengeGarageCarSelectScreen">
        <Attribute id="resource_package" value="CarChallenges" />
        <Transition id="onDone" target=".exit" />
        <Transition id="onNext" target=".next" />
        <Transition id="onChallengeDetails" target=".challengeDetails" />
      </Behaviour>
    </State>

    <State id="ShowCarChallengeRecommendedCarSelectScreen">
        <Entry id="enter" />
        <Exit id="next" />
        <Exit id="multiGarageCar" />
        <Exit id="singleGarageCar" />
        <Exit id="challengeDetails" />
        <Exit id="exit" />
        <Behaviour id="CShowCarChallengeRecommendedCarSelectScreen">
          <Attribute id="resource_package" value="CarChallenges" />
          <Transition id="onDone" target=".exit" />
          <Transition id="onNext" target=".next" />
          <Transition id="onMultiGarageCar" target=".multiGarageCar" />
          <Transition id="onSingleGarageCar" target=".singleGarageCar" />
          <Transition id="onChallengeDetails" target=".challengeDetails" />
        </Behaviour>
    </State>
  
    <State id="ShowSatNavTutorialPopup">
        <Entry id="enter" />
        <Exit id="exit" />
        <Behaviour id="CShowPopupSatNavTutorial">
            <Transition id="onDone" target=".exit" />
        </Behaviour>
    </State>

    <State id="ShowHudRadioScreen" >
        <Entry id="enter" target=".exit" />
        <Exit id="exit" />
        <Behaviour id="CShowHudRadioScreen" />
    </State>

    <State id="ShowRaceEncounterIntroScreen">
      <Entry id="enter" target=".exit" />
      <Exit id="exit" />
      <Behaviour id="CShowRaceEncounterIntroScreen" />
    </State>
	
	<State id="ShowBucketListIntroScreen">
      <Entry id="enter" target=".exit" />
      <Exit id="exit" />
      <Behaviour id="ShowBucketlistIntroScreen" />
    </State>

    <State id="ShowChangeToEventCarCheckScreen">
      <Entry id="enter" />
      <Exit id="done" />
      <Behaviour id="CShowChangeToEventCarCheckScreen">
        <Transition id="onDone" target=".done"/>
      </Behaviour>
    </State>
  
    <State id="ShowPopularityBarDemoScreen" >
      <Entry id="enter" target=".exit" />
      <Exit id="exit" />
      <Behaviour id="CShowPopularityBarDemoScreen" />
    </State>

    <State id="ShowRaceResultsScreen">
      <Entry id="enter" />
      <Exit id="continue" />
      <Exit id="quit" />
      <Behaviour id="CShowRaceResultsScreen">
        <Transition id="onContinue" target=".continue"/>
      </Behaviour>
    </State>
	
	<State id="ShowStartingGridScreen">
      <Entry id="enter" />
      <Exit id="continue" />
      <Exit id="quit" />
      <Behaviour id="CShowStartingGridScreen">
        <Transition id="onContinue" target=".continue"/>
		<Transition id="onQuit" target=".quit"/>
      </Behaviour>
    </State>
	
	<State id="ShowDestinationUpdateScreen">
      <Entry id="enter" />
      <Exit id="continue" />
      <Behaviour id="CShowDestinationUpdateScreen">
        <Transition id="onContinue" target=".continue"/>
		<Attribute id="screen_delay" value="4" />
      </Behaviour>
    </State>
	
	<State id="ShowPlayerListScreen">
      <Entry id="enter" />
      <Exit id="continue" />
	  <Exit id="exit" />
	  <Behaviour id="CDisablePlayerCarControlsWrapper" />
      <Behaviour id="CShowPlayerListScreen" display_mode="playerlist">
        <Transition id="onContinue" target=".continue"/>
		<Transition id="onBack" target=".exit"/>
      </Behaviour>
    </State>

    <State id="ShowPostRaceCareerPointsScreen">
      <Entry id="enter" />
      <Exit id="done" />
      <Behaviour id="CShowPostRaceCareerPointsScreen">
        <Attribute id="resource_package" value="PostCareerEvent" />
        <Transition id="onDone" target=".done"/>
      </Behaviour>
    </State>

	<State id="ShowPostRaceAnthemAwardXP">
      <Entry id="enter" />
      <Exit id="done" />
      <Behaviour id="CShowAnthemPostRaceAwardXP">
        <Attribute id="resource_package" value="PostCareerEvent" />
        <Transition id="onDone" target=".done"/>
      </Behaviour>
    </State>
	
	<State id="ShowPostRaceAnthemAwardXP_NoResPack">
      <Entry id="enter" />
      <Exit id="done" />
      <Behaviour id="CShowAnthemPostRaceAwardXP">
        <Transition id="onDone" target=".done"/>
      </Behaviour>
    </State>
	

	<!--
    <State id="ShowPostRaceRallyPointsScreen">
        <Entry id="enter" />
        <Exit id="done" />
        <Behaviour id="CShowPostRaceRallyPointsScreen">
            <Attribute id="resource_package" value="PostCareerEvent" />
            <Transition id="onDone" target=".done"/>
        </Behaviour>
    </State>
  -->
  
    <State id="ShowXPScreen">
        <Entry id="enter"/> 
        <Exit id="done"/> 
        <Behaviour id="CShowUIScreen_PostRaceCareerXP" >
            <Transition id="onDone" target=".done"/>
        </Behaviour> 
    </State>

    <State id="ShowCareerCarTombolaScreen">
      <Entry id="enter" />
      <Exit id="exit"/>
      <Behaviour id="CShowPostRaceCarRewardScreen" >
        <Attribute id="resource_package" value="CarTombola" />
        <Transition id="onDone" target=".exit"/>
      </Behaviour>
    </State>
  
    <State id="ShowEarningsScreen">
        <Entry id="enter"/> 
        <Exit id="done"/> 
        <Behaviour id="CShowUIScreen_Earnings" >
            <Transition id="onDone" target=".done"/>
        </Behaviour> 
    </State>
    
    <State id="ShowEarningsBreakdownScreen">
      <Entry id="enter"/>
      <Exit id="done"/>
      <Exit id="raceAgain"/>
      <Behaviour id="CShowUIScreen_EarningsBreakdown" >
        <Attribute id="resource_package" value="PostCareerEvent" />
        <Transition id="onDone" target=".done"/>
        
        <!-- This transition (optional) is used for being able to race again (example: rivals flow)-->
        <Transition id="onRaceAgain" target=".raceAgain"/>
      </Behaviour>
    </State>

    <State id="ShowEarningsBreakdownScreen_NoResPack">
      <Entry id="enter"/>
      <Exit id="done"/>
      <Exit id="raceAgain"/>
      <Behaviour id="CShowUIScreen_EarningsBreakdown" >
        <Transition id="onDone" target=".done"/>

        <!-- This transition (optional) is used for being able to race again (example: rivals flow)-->
        <Transition id="onRaceAgain" target=".raceAgain"/>
      </Behaviour>
    </State>
	
	<State id="ShowEarningsBreakdownScreenEncounter">
      <Entry id="enter"/>
      <Exit id="done"/>
      <Exit id="raceAgain"/>
      <Behaviour id="CShowUIScreen_EarningsBreakdown_Encounter" >
        <Transition id="onDone" target=".done"/>

        <!-- This transition (optional) is used for being able to race again (example: rivals flow)-->
        <Transition id="onRaceAgain" target=".raceAgain"/>
      </Behaviour>
    </State>
  
    <!-- Show Pre Race Screen for a Career race -->
    <State id="ShowPreRaceScreen">
        <Entry id="enter"/> 
        <Exit id="race"/> 
		<Exit id="grid"/>
        <Exit id="quit"/>
        <Behaviour id="CShowAnthemPreRaceScreen" >
            <Attribute id="resource_package" value="PreEvent" />
            <Transition id="onRace" target=".race"/>
			<Transition id="onGrid" target=".grid"/>
            <Transition id="onQuit" target=".quit"/>
        </Behaviour> 
    </State>
    
    <!-- Show Post Race Screen for a Career race -->
    <State id="ShowPostRaceFinishScreen">
        <Entry id="enter"/> 
        <Exit id="done"/> 
        <Behaviour id="CShowPostRaceFinish" >
            <Transition id="onDone" target=".done"/>
        </Behaviour> 
    </State>

    <!-- Show Post Race Finishing Screen for rewards flow of a Career race -->
    <State id="ShowPostRaceFinishPositionScreen">
      <Entry id="enter"/>
      <Exit id="done"/>
      <Behaviour id="CShowPostRaceFinishPositionScreen" >
        <Transition id="onDone" target=".done"/>
		<Attribute id="screen_delay" value="3" />
      </Behaviour>
    </State>
	
	<!-- Show Post Race Finishing Screen for rewards flow of a Race Encounter -->
    <State id="ShowPostRaceFinishPositionScreenEncounter">
      <Entry id="enter"/>
      <Exit id="done"/>
      <Behaviour id="CShowPostRaceFinishPositionScreen_Encounter" >
        <Transition id="onDone" target=".done"/>
		<Attribute id="screen_delay" value="3" />
      </Behaviour>
    </State>
  
    <!-- Show Career Event Title Screen -->    
    <State id="ShowTitleScreen">
        <Entry id="enter"/> 
        <Exit id="done"/> 
        <Behaviour id="CShowUIScreen_CareerEventTitle" >
            <Attribute id="resource_package" value="PreEvent" />
            <Transition id="onDone" target=".done"/>
        </Behaviour> 
    </State>
    
    <!-- Show Post Race Trophy Screen for a Career race -->
    <State id="ShowPostRaceTrophyScreen">
        <Entry id="enter"/> 
        <Exit id="exit"/> 
        <Behaviour id="CShowAnthemEventTrophyScreen" >
            <Transition id="onDone" target=".exit"/>
        </Behaviour> 
    </State>

	
    <!-- Rival offer screen (appears at the end of first time career event race, if possible)-->
    <State id="ShowRivalOfferScreen">
        <Entry id="enter"/> 
        <Exit id="ok"/>
        <Exit id="return"/> 
        <Behaviour id="CShowUIScreen_RivalsOfferCareerEvent" >
            <Attribute id="resource_package" value="PostCareerEvent" />
            <Transition id="onOk" target=".ok"/>
            <Transition id="onReturn" target=".return"/>
        </Behaviour> 
    </State>

    <!-- Career street race select/hub screen -->
    <State id="ShowCareerStreetRaceSelect">
      <Entry id="enter"/>
      <Exit id="okCareer"/>
      <Exit id="okRivals"/>
      <Exit id="selectCar"/>
      <Exit id="return"/>
      <Behaviour id="CShowUIScreen_CareerStreetRaceSelect" >
        <Attribute id="resource_package" value="EventSummary" />
        <Transition id="onOkCareer" target=".okCareer"/>
        <Transition id="onOkRivals" target=".okRivals"/>
        <Transition id="onSelectCar" target=".selectCar"/>
        <Transition id="onReturn" target=".return"/>
      </Behaviour>
    </State>

	<!-- Anthem Career event HUB screen screen -->
	<State id="ShowCareerEventHUBScreen" >
      <Entry id="enter" />
      <Exit id="exit" />
      <Exit id="changecar" />
      <Exit id="enterrace" />
      <Exit id="changecarclass" />
      <Exit id="sponsorshipdeal" />
	  <Exit id="rivals" />
      <Behaviour id="CShowEventHUBScreen" >
        <Attribute id="resource_package" value="EventSummary" />

        <Transition id="onDone" target=".exit" />
        <Transition id="onChangeCar" target=".changecar" />
        <Transition id="onEnterRace" target=".enterrace" />
        <Transition id="onChangeCarClass" target=".changecarclass" />
        <Transition id="onSponsorshipDeal" target=".sponsorshipdeal" />
		<Transition id="onRivals" target=".rivals" />
      </Behaviour>
    </State>

	<State id="ShowShowcaseHUBScreen" >
      <Entry id="enter" />
      <Exit id="exit" />
      <Exit id="enterrace" />
      <Exit id="rivals" />
      <Behaviour id="CShowShowcaseHUBScreen" >
        <Attribute id="resource_package" value="EventSummary" />
        <Transition id="onDone" target=".exit" />
        <Transition id="onEnterRace" target=".enterrace" />
		<Transition id="onRivals" target=".rivals" />
      </Behaviour>
    </State>
	
  	<State id="ShowCarBucketSelectScreen">
      <Entry id="enter" />
      <Exit id="back" />
	  <Exit id="choose_car" />
	  <Exit id="buy_car" />	  
      <Behaviour id="CShowAnthemCarBucketSelectScreen">
	        <Attribute id="resource_package" value="EventSummary" />
			<Transition id="onDone" target=".back"/>
			<Transition id="onChooseCar" target=".choose_car"/>			
			<Transition id="onBuyCar" target=".buy_car"/>
      </Behaviour>
    </State>

	<State id="ShowHorizonFinalHUBScreen" >
      <Entry id="enter" />
      <Exit id="exit" />
      <Exit id="enterrace" />
      <Exit id="rivals" />
      <Behaviour id="CShowHorizonFinalHUBScreen" >
        <Attribute id="resource_package" value="EventSummary" />
        <Transition id="onDone" target=".exit" />
        <Transition id="onEnterRace" target=".enterrace" />
		<Transition id="onRivals" target=".rivals" />
      </Behaviour>
    </State>
	
  <!-- Career event description screen -->
    <State id="ShowCareerEventDescriptionScreen">
        <Entry id="enter"/> 
        <Exit id="okCareer"/> 
        <Exit id="okRivals"/>
        <Exit id="purchaseCar"/>
        <Exit id="selectCar"/>
        <Exit id="return"/> 
        <Behaviour id="CShowUIScreen_CareerEventDescription" >
            <Attribute id="resource_package" value="EventSummary" />
            <Transition id="onOkCareer" target=".okCareer"/>
            <Transition id="onOkRivals" target=".okRivals"/>
            <Transition id="onPurchaseCar" target=".purchaseCar"/>
            <Transition id="onSelectCar" target=".selectCar"/>
            <Transition id="onReturn" target=".return"/>
        </Behaviour> 
    </State>

    <State id="ShowNemesisEventDescriptionScreen">
        <Entry id="enter"/>
        <Exit id="okCareer"/>
        <Exit id="okRivals"/>
        <Exit id="selectCar"/>
        <Exit id="return"/>
        <Behaviour id="CShowUIScreen_NemesisEventDescription" >
            <Attribute id="resource_package" value="EventSummary" />
            <Transition id="onOkCareer" target=".okCareer"/>
            <Transition id="onOkRivals" target=".okRivals"/>
            <Transition id="onSelectCar" target=".selectCar"/>
            <Transition id="onReturn" target=".return"/>
        </Behaviour>
    </State>

    <State id="ShowShowcaseEventDescriptionScreen">
      <Entry id="enter"/>
      <Exit id="okCareer"/>
      <Exit id="okRivals"/>
      <Exit id="return"/>
      <Behaviour id="CShowUIScreen_ShowcaseEventDescription" >
        <Attribute id="resource_package" value="EventSummary" />
        <Transition id="onOkCareer" target=".okCareer"/>
        <Transition id="onOkRivals" target=".okRivals"/>
        <Transition id="onReturn" target=".return"/>
      </Behaviour>
    </State>
    
    <!-- Headline event / Horizon champion screen -->
    <State id="ShowHeadlineChampionScreen">
        <Entry id="enter"/>
        <Exit id="exit"/>
        <Behaviour id="CShowUIScreen_PostRaceHorizonChampion" doneOnCutsceneFinish="false" >
            <Transition id="onDone" target=".exit"/>
        </Behaviour>
    </State>

    <State id="ShowRallyChampionScreen">
        <Entry id="enter"/>
        <Exit id="exit"/>
        <Behaviour id="CShowUIScreen_PostRaceHorizonChampion" doneOnCutsceneFinish="true" >
            <Transition id="onDone" target=".exit"/>
        </Behaviour>
    </State>
  <!--
    <State id="ShowRallyEventDescriptionScreen">
      <Entry id="enter"/>
      <Exit id="okCareer"/>
      <Exit id="okRivals"/>
      <Exit id="purchaseCar"/>
      <Exit id="selectCar"/>
      <Exit id="return"/>
      <Behaviour id="CShowUIScreen_RallyEventDescription" >
        <Attribute id="resource_package" value="EventSummary" />
        <Transition id="onOkCareer" target=".okCareer"/>
        <Transition id="onOkRivals" target=".okRivals"/>
        <Transition id="onPurchaseCar" target=".purchaseCar"/>
        <Transition id="onSelectCar" target=".selectCar"/>
        <Transition id="onReturn" target=".return"/>
      </Behaviour>
    </State>

    <State id="ShowRallyHubScreen">
        <Entry id="enter"/>
        <Exit id="okCareer"/>
        <Exit id="okRivals"/>
        <Exit id="purchaseCar"/>
        <Exit id="selectCar"/>
        <Exit id="return"/>
        <Exit id="outpost"/>
        <Behaviour id="CShowUIScreen_RallyHub" >
            <Attribute id="resource_package" value="EventSummary" />
            <Transition id="onOkCareer" target=".okCareer"/>
            <Transition id="onOkRivals" target=".okRivals"/>
            <Transition id="onPurchaseCar" target=".purchaseCar"/>
            <Transition id="onSelectCar" target=".selectCar"/>
            <Transition id="onReturn" target=".return"/>
            <Transition id="onOutpost" target=".outpost"/>
        </Behaviour>
    </State>

    <State id="LoadRallyHubScreen">
        <Entry id="enter" target=".exit"/>
        <Exit id="okCareer"/>
        <Exit id="okRivals"/>
        <Exit id="purchaseCar"/>
        <Exit id="selectCar"/>
        <Exit id="return"/>
        <Exit id="outpost"/>
        <Exit id="exit"/>
        <Behaviour id="CShowUIScreen_RallyHub" >
            <Attribute id="resource_package" value="EventSummary" />
            <Transition id="onOkCareer" target=".okCareer"/>
            <Transition id="onOkRivals" target=".okRivals"/>
            <Transition id="onPurchaseCar" target=".purchaseCar"/>
            <Transition id="onSelectCar" target=".selectCar"/>
            <Transition id="onReturn" target=".return"/>
            <Transition id="onOutpost" target=".outpost"/>
        </Behaviour>
    </State>
-->

    <!-- Time trial category selection screen -->
    <State id="ShowTimeTrialTypeSelectScreen">
        <Entry id="enter" />
        <Exit id="exit" />
        <Exit id="next" />
        <Behaviour id="CShowTimeTrialTypeSelect" >
            <Transition id="onDone" target=".exit" />
            <Transition id="onNextScreen" target=".next" />            
        </Behaviour> 
    </State>
    
    <!-- Rivals VS Screen -->
    <State id="ShowRivalsVSScreen">
        <Entry id="enter" />
        <Entry id="enterBack" />
        <Exit id="back" />
        <Exit id="race" />
        <Exit id="scoreboard" />
        <Behaviour id="CGetRivalForEvent" waitForRequests="false"/>
        <Behaviour id="CShowRivalsVS">
            <Transition id="onBack" target=".back" />
            <Transition id="onGoToRace" target=".race" />
            <Transition id="onShowScoreboard" target=".scoreboard" />
        </Behaviour> 
    </State>
    
    <!-- Lap Time Leaderboard Screen-->
    <State id="ShowLapTimeScoreboardScreen">
        <Entry id="enter" />
        <Exit id="exit" />
        <Exit id="disconnected" />
        <Exit id="parent_transition" />
         
		<Behaviour id="CDisablePlayerCarControlsWrapper" />
        <Behaviour id="CShowLapTimeScoreboard">
            <Transition id="onDone" target=".exit" />
            <Transition id="onDisconnected" target=".disconnected" />
        </Behaviour> 
        <Behaviour id="CParentTransition">
            <Transition id="onParent" target=".parent_transition" />
        </Behaviour>
    </State>
    
    <!-- Rival Selection Screen-->
    <State id="ShowSelectRivalLapTimeScoreboardScreen">
        <Entry id="enter" />
        <Exit id="exit" />
        <Exit id="disconnected" />
        <Exit id="parent_transition" />
        <Behaviour id="CDisablePlayerCarControlsWrapper" />       
        <Behaviour id="CShowSelectRivalLapTimeScoreboard">
            <Transition id="onDone" target=".exit" />
            <Transition id="onDisconnected" target=".disconnected" />
        </Behaviour> 
        <Behaviour id="CParentTransition">
            <Transition id="onParent" target=".parent_transition" />
        </Behaviour>
    </State>

    <!-- Leaderboard screen for Ambient Challenges -->
    <State id="ShowAmbientChallengeScoreboardScreen">
        <Entry id="enter" />
        <Exit id="exit" />
        <Exit id="disconnected" />
        <Exit id="parent_transition" />

        <Behaviour id="CShowAmbientChallengeScoreboard">
            <Transition id="onDone" target=".exit" />
            <Transition id="onDisconnected" target=".disconnected" />
        </Behaviour>
        <Behaviour id="CParentTransition">
            <Transition id="onParent" target=".parent_transition" />
        </Behaviour>
    </State>
	
	<!-- Pause HUB -->
	<State id="ShowPauseScreen" >
        <Entry id="enter" />
        <Entry id="enterBack" />
		
        <Exit id="exit" />
        <Exit id="map" />
        <Exit id="online" />
		<Exit id="quit" />
		<Exit id="player_list" />
        <Exit id="quit_session" />
		<Exit id="restart_challenge"/>
		<Exit id="quit_challenge" />
		<Exit id="quit_race_encounter" />
		<Exit id="finish" />
        <Exit id="filler1" />
        <Exit id="filler2" />
        <Exit id="feature" />
        <Exit id="photo" />
        <Exit id="profile" />
        <Exit id="soc_online" />
        <Exit id="soc_rivals" />
        <Exit id="soc_feed" />
        <Exit id="soc_carclub" />
        <Exit id="soc_nocarclub" />
		<Exit id="soc_infographic2" />
        <Exit id="soc_leaderboard" />
        <Exit id="soc_infographic1" />
		<Exit id="auto_buy_cars" />
		<Exit id="auto_my_cars" />
		<Exit id="auto_feed" />
		<Exit id="auto_news" />
		<Exit id="auto_infographic1" />
		<Exit id="auto_infographic2" />
		<Exit id="prog_roadtrip" />
		<Exit id="prog_showcase" />
		<Exit id="prog_stats" />
		<Exit id="prog_skilltree" />
		<Exit id="prog_achievements" />
		<Exit id="prog_challenges" />
		<Exit id="prog_infographic2" />
		<Exit id="prog_photos" />
		<Exit id="prog_infographic1" />
		<Exit id="market_tokens" />
		<Exit id="market_extras" />		
		<Exit id="market_featured" />
		<Exit id="market_exppacks" />
		<Exit id="market_carpacks" />
		<Exit id="market_seasonpass" />
		<Exit id="market_browseall" />

        <Behaviour id="CDisablePlayerCarControlsWrapper" />
        <Behaviour id="CShowAnthemPauseScreen" >
            <Attribute id="resource_package" value="HudScene" />
            <EntryFlag id="ifEnterBack" entry="enterBack" />
            <Transition id="onDone" target=".exit" />
            <Transition id="onMap" target=".map" />
            <Transition id="onOnline" target=".online" />			
			<Transition id="onPlayerList" target=".player_list" />
            <Transition id="onQuitSession" target=".quit_session" />
            <Transition id="onQuit" target=".quit" />
			<Transition id="onRestartChallenge" target=".restart_challenge"/>
			<Transition id="onQuitChallenge" target=".quit_challenge" />
			<Transition id="onQuitRaceEncounter" target=".quit_race_encounter" />
			<Transition id="onFinish" target=".finish" />
            <Transition id="onFiller1" target=".filler1" />
            <Transition id="onFiller2" target=".filler2" />
            <Transition id="onFeature" target=".feature" />
            <Transition id="onPhoto" target=".photo" />
            <Transition id="onProfile" target=".profile" />
			<Transition id="onSocialOnline" target=".soc_online" />
			<Transition id="onSocialRivals" target=".soc_rivals" />
			<Transition id="onSocialFeed" target=".soc_feed" />
			<Transition id="onSocialCarClub" target=".soc_carclub" />
			<Transition id="onSocialNoCarClub" target=".soc_nocarclub" />
			<Transition id="onSocialInfographic2" target=".soc_infographic2" />
			<Transition id="onSocialLeaderboard" target=".soc_leaderboard" />
			<Transition id="onSocialInfographic1" target=".soc_infographic1" />
			<Transition id="onAutoBuyCars" target=".auto_buy_cars" />
			<Transition id="onAutoMyCars" target=".auto_my_cars" />
			<Transition id="onAutoFeatureCars" target=".auto_feed" />
			<Transition id="onAutoRecentCars" target=".auto_news" />
			<Transition id="onAutoInfographic1" target=".auto_infographic1" />
			<Transition id="onAutoInfographic2" target=".auto_infographic2" />
			<Transition id="onProgressRoadTrip" target=".prog_roadtrip" />
			<Transition id="onProgressShowcase" target=".prog_showcase" />
			<Transition id="onProgressStats" target=".prog_stats" />
			<Transition id="onProgressSkillTree" target=".prog_skilltree" />
			<Transition id="onProgressAchievements" target=".prog_achievements" />
			<Transition id="onProgressChallenges" target=".prog_challenges" />
			<Transition id="onProgressInfographic2" target=".prog_infographic2" />
			<Transition id="onProgressPhotos" target=".prog_photos" />
			<Transition id="onProgressInfographic1" target=".prog_infographic1" />
			<Transition id="onMarketTokens" target=".market_tokens" />
			<Transition id="onMarketExtras" target=".market_extras" />
			<Transition id="onMarketFeatured" target=".market_featured" />
			<Transition id="onMarketExpPacks" target=".market_exppacks" />
			<Transition id="onMarketCarPacks" target=".market_carpacks" />
			<Transition id="onMarketSeasonPass" target=".market_seasonpass" />
			<Transition id="onMarketBrowseAll" target=".market_browseall" />
      <Transition id="onPrepareCredits" target="prepare_credits.enter" />
      <Transition id="onUnprepareCredits" target="unprepare_credits.enter" />
    </Behaviour>
    <Behaviour id="CParentTransition">
      <Transition id="onParent" target=".exit" />
    </Behaviour>

    <node id="prepare_credits" state="global.disable_presentationrender">
      <Entry id="enter" />
      <Exit id="exit" target ="." />
    </node>
    <node id="unprepare_credits" state="global.enable_presentationrender">
      <Entry id="enter" />
      <Exit id="exit" target ="." />
    </node>
  </State>
  
  <!-- Show Pause Menu Basic Screen -->
    <State id="ShowPauseMenuBasicScreen">
        <Entry id="enter" /> 
        <Exit id="exit" /> 
		
        <Behaviour id="CShowUIScreen_PauseMenu_Basic" >
            <Transition id="onBack" target=".exit"/>
        </Behaviour> 
    </State>
	
	<!-- Multiplayer: Online Roadtrip Screen -->
	<State id="ShowMultiplayerScreen">
		<Entry id="enter" />		
		<Exit id="exit" />
		<Exit id="exit_return_to_free_roam" />
		<Exit id="friends_list" />
		<Exit id="beginners" />
		<Exit id="social" />
		<Exit id="veteran" />
		<Exit id="pure_skill" />
		<Exit id="play_ground" />
		<Exit id="online_new_session" />
		
        <Behaviour id="CDisablePlayerCarControlsWrapper" />
        <Behaviour id="CShowMultiplayerScreen" >
			<Attribute id="resource_package" value="HudScene" />
            <Transition id="onBack" target=".exit" />			
			<Transition id="onReturnToFreeroam" target=".exit_return_to_free_roam" />			
			<Transition id="onFriendsList" target=".friends_list" />
			<Transition id="onBeginners" target=".beginners" />
			<Transition id="onSocial" target=".social" />
			<Transition id="onVeteran" target=".veteran" />
			<Transition id="onPureSkill" target=".pure_skill" />
			<Transition id="onPlayGround" target=".play_ground" />
			<Transition id="onOnlineNewSession" target=".online_new_session" />
        </Behaviour>
    </State>
	
	<!-- Multiplayer: Online Roadtrip Lobby Screen -->
	<State id="ShowOnlineRoadtripLobbyScreen">
		<Entry id="enter" />		
		<Exit id="exit" />
		<Exit id="select_car" />
		<Behaviour id="CDisablePlayerCarControlsWrapper" />
        <Behaviour id="CShowOnlineRoadtripLobby" >
            <Transition id="onBack" target=".exit" />
			<Transition id="onSelectCar" target=".select_car" />
        </Behaviour>
    </State>
	
	<!-- Show Xbox Live Error -->
    <State id="ShowXboxLiveError">
        <Entry id="enter" /> 
        <Exit id="exit" /> 
		
        <Behaviour id="CShowMsgBox" msgType="XboxLiveError">
            <Transition id="onBack" target=".exit"/>
        </Behaviour> 
    </State>

	<!-- Show Friendlist Screen -->
    <State id="ShowFriendListScreen">
        <Entry id="enter" /> 
        <Exit id="exit" /> 
		<Exit id="select" /> 
		<Exit id="privateRoadtrip" /> 		
		
		<Behaviour id="CDisablePlayerCarControlsWrapper" />
        <Behaviour id="CShowFriendListScreen" >
            <Transition id="onBack" target=".exit"/>
			<Transition id="onSelect" target=".select"/>
			<Transition id="onPrivateRoadtrip" target=".privateRoadtrip"/>
        </Behaviour> 
    </State>
    
    <State id="leaderboard_select_screen">
        <Entry id="enter" />
        <Exit id="exit" />
        <Exit id="nextToWristbandSelect" />
        <Exit id="nextToHubSelect" />
        <Exit id="nextToExhibitionEventSelect" />
        <Exit id="nextToOnlineXP" />
        <Exit id="nextToCarChallenge" />
        <Exit id="parent_transition" />
        <Behaviour id="CShowLeaderboardSelectScreen">
            <Transition id="onExit"                        target=".exit" />
            <Transition id="onNextToWristbandSelect"       target=".nextToWristbandSelect" />
            <Transition id="onNextToHubSelect"             target=".nextToHubSelect" />
            <Transition id="onNextToExhibitionEventSelect" target=".nextToExhibitionEventSelect" />
            <Transition id="onNextToOnlineXP"              target=".nextToOnlineXP" />
            <Transition id="onNextToCarChallenge"         target=".nextToCarChallenge" />
        </Behaviour>
        <!-- Allow the player to be dragged out of this screen -->
        <Behaviour id="CParentTransition">
            <Transition id="onParent" target=".parent_transition" />
        </Behaviour>
    </State>
    
    <State id="leaderboard_wristband_select_screen">
        <Entry id="enter" />
        <Exit id="exit" />
        <Exit id="nextToRollup" />
        <Exit id="nextToEventSelectScreen" />
        <Exit id="parent_transition" />
        <Behaviour id="CShowLeaderboardWristbandSelectScreen">
            <Transition id="onExit"                     target=".exit" />
            <Transition id="onNextToRollup"             target=".nextToRollup" />
            <Transition id="onNextToEventSelectScreen"  target=".nextToEventSelectScreen" />
        </Behaviour>
        <!-- Allow the player to be dragged out of this screen -->
        <Behaviour id="CParentTransition">
            <Transition id="onParent" target=".parent_transition" />
        </Behaviour>
    </State>
    
    <State id="leaderboard_hub_select_screen">
        <Entry id="enter" />
        <Exit id="exit" />
        <Exit id="nextToRollup" />
        <Exit id="nextToEventSelectScreen" />
        <Exit id="parent_transition" />
        <Behaviour id="CShowLeaderboardHubSelectScreen">
            <Transition id="onExit"                     target=".exit" />
            <Transition id="onNextToRollup"             target=".nextToRollup" />
            <Transition id="onNextToEventSelectScreen"  target=".nextToEventSelectScreen" />
        </Behaviour>
        <!-- Allow the player to be dragged out of this screen -->
        <Behaviour id="CParentTransition">
            <Transition id="onParent" target=".parent_transition" />
        </Behaviour>
    </State>
    
	<!--
    <State id="leaderboard_rally_select_screen">
        <Entry id="enter" />
        <Exit id="exit" />
        <Exit id="nextToRollup" />
        <Exit id="nextToEventSelectScreen" />
        <Exit id="parent_transition" />
        <Behaviour id="CShowLeaderboardRallySelectScreen">
            <Transition id="onExit"                     target=".exit" />
            <Transition id="onNextToRollup"             target=".nextToRollup" />
            <Transition id="onNextToEventSelectScreen"  target=".nextToEventSelectScreen" />
        </Behaviour>
        <Behaviour id="CParentTransition">
            <Transition id="onParent" target=".parent_transition" />
        </Behaviour>
    </State>
    -->
	
    <State id="festival_event_select_screen">
        <Entry id="enter" />
        <Exit id="exit" />
        <Exit id="nextToRollup" />
        <Exit id="nextToEventLeaderboard" />
        <Exit id="parent_transition" />
        <Behaviour id="CShowLeaderboardFestivalEventSelectScreen">
            <Transition id="onExit"                    target=".exit" />
            <Transition id="onNextToRollup"            target=".nextToRollup" />
            <Transition id="onNextToEventLeaderboard"  target=".nextToEventLeaderboard" />
        </Behaviour>
        <!-- Allow the player to be dragged out of this screen -->
        <Behaviour id="CParentTransition">
            <Transition id="onParent" target=".parent_transition" />
        </Behaviour>
    </State>
    
    <State id="street_race_select_screen">
        <Entry id="enter" />
        <Exit id="exit" />
        <Exit id="nextToRollup" />
        <Exit id="nextToEventLeaderboard" />
        <Exit id="parent_transition" />
        <Behaviour id="CShowLeaderboardStreetRaceSelectScreen">
            <Transition id="onExit"                    target=".exit" />
            <Transition id="onNextToRollup"            target=".nextToRollup" />
            <Transition id="onNextToEventLeaderboard"  target=".nextToEventLeaderboard" />
        </Behaviour>
        <!-- Allow the player to be dragged out of this screen -->
        <Behaviour id="CParentTransition">
            <Transition id="onParent" target=".parent_transition" />
        </Behaviour>
    </State>
    
    <State id="exhibition_event_select_screen">
        <Entry id="enter" />
        <Exit id="exit" />
        <Exit id="nextToRollup" />
        <Exit id="nextToEventLeaderboard" />
        <Exit id="parent_transition" />
        <Behaviour id="CShowLeaderboardExhibitionEventSelectScreen">
            <Transition id="onExit"                    target=".exit" />
            <Transition id="onNextToRollup"            target=".nextToRollup" />
            <Transition id="onNextToEventLeaderboard"  target=".nextToEventLeaderboard" />
        </Behaviour>
        <!-- Allow the player to be dragged out of this screen -->
        <Behaviour id="CParentTransition">
            <Transition id="onParent" target=".parent_transition" />
        </Behaviour>
    </State>
    
	<!--
    <State id="rally_stage_select_screen">
        <Entry id="enter" />
        <Exit id="exit" />
        <Exit id="nextToRollup" />
        <Exit id="nextToEventLeaderboard" />
        <Exit id="parent_transition" />
        <Behaviour id="CShowLeaderboardRallyStageSelectScreen">
            <Transition id="onExit"                    target=".exit" />
            <Transition id="onNextToRollup"            target=".nextToRollup" />
            <Transition id="onNextToEventLeaderboard"  target=".nextToEventLeaderboard" />
        </Behaviour>
        <Behaviour id="CParentTransition">
            <Transition id="onParent" target=".parent_transition" />
        </Behaviour>
    </State>
    -->
	
    <State id="festival_event_rollup_scoreboard_screen">
        <Entry id="enter" />
        <Exit id="exit" />
        <Exit id="disconnected" />
        <Exit id="parent_transition" />
        <Behaviour id="CShowFestivalEventRollupScoreboard">
            <Transition id="onDone" target=".exit" />
            <Transition id="onDisconnected" target=".disconnected" />
        </Behaviour>
        <!-- Allow the player to be dragged out of this screen -->
        <Behaviour id="CParentTransition">
            <Transition id="onParent" target=".parent_transition" />
        </Behaviour>
    </State>
    
    <State id="street_race_rollup_scoreboard_screen">
        <Entry id="enter" />
        <Exit id="exit" />
        <Exit id="disconnected" />
        <Exit id="parent_transition" />
        <Behaviour id="CShowStreetRaceRollupScoreboard">
            <Transition id="onDone" target=".exit" />
            <Transition id="onDisconnected" target=".disconnected" />
        </Behaviour>
        <!-- Allow the player to be dragged out of this screen -->
        <Behaviour id="CParentTransition">
            <Transition id="onParent" target=".parent_transition" />
        </Behaviour>
    </State>
    
	<!--
    <State id="rally_event_rollup_scoreboard_screen">
        <Entry id="enter" />
        <Exit id="exit" />
        <Exit id="disconnected" />
        <Exit id="parent_transition" />
        <Behaviour id="CShowRallyEventRollupScoreboard">
            <Transition id="onDone" target=".exit" />
            <Transition id="onDisconnected" target=".disconnected" />
        </Behaviour>
        <Behaviour id="CParentTransition">
            <Transition id="onParent" target=".parent_transition" />
        </Behaviour>
    </State>
	-->
		
    <State id="wristband_rollup_scoreboard_screen">
        <Entry id="enter" />
        <Exit id="exit" />
        <Exit id="disconnected" />
        <Exit id="parent_transition" />
        <Behaviour id="CShowWristbandRollupScoreboard">
            <Transition id="onDone" target=".exit" />
            <Transition id="onDisconnected" target=".disconnected" />
        </Behaviour>
        <!-- Allow the player to be dragged out of this screen -->
        <Behaviour id="CParentTransition">
            <Transition id="onParent" target=".parent_transition" />
        </Behaviour>
    </State>
    
	<!--
    <State id="rally_rollup_scoreboard_screen">
        <Entry id="enter" />
        <Exit id="exit" />
        <Exit id="disconnected" />
        <Exit id="parent_transition" />
        <Behaviour id="CShowRallyRollupScoreboard">
            <Transition id="onDone" target=".exit" />
            <Transition id="onDisconnected" target=".disconnected" />
        </Behaviour>
        <Behaviour id="CParentTransition">
            <Transition id="onParent" target=".parent_transition" />
        </Behaviour>
    </State>
	-->
	
    <State id="hub_rollup_scoreboard_screen">
        <Entry id="enter" />
        <Exit id="exit" />
        <Exit id="disconnected" />
        <Exit id="parent_transition" />
        <Behaviour id="CShowHubRollupScoreboard">
            <Transition id="onDone" target=".exit" />
            <Transition id="onDisconnected" target=".disconnected" />
        </Behaviour>
        <!-- Allow the player to be dragged out of this screen -->
        <Behaviour id="CParentTransition">
            <Transition id="onParent" target=".parent_transition" />
        </Behaviour>
    </State>
    
    <State id="exhibition_event_rollup_scoreboard_screen">
        <Entry id="enter" />
        <Exit id="exit" />
        <Exit id="disconnected" />
        <Exit id="parent_transition" />
        <Behaviour id="CShowExhibitionEventRollupScoreboard">
            <Transition id="onDone" target=".exit" />
            <Transition id="onDisconnected" target=".disconnected" />
        </Behaviour>
        <!-- Allow the player to be dragged out of this screen -->
        <Behaviour id="CParentTransition">
            <Transition id="onParent" target=".parent_transition" />
        </Behaviour>
    </State>
    
    <State id="event_scoreboard_screen">
        <Entry id="enter" />
        <Exit id="exit" />
        <Exit id="disconnected" />
        <Exit id="parent_transition" />
        <Behaviour id="CShowLapTimeScoreboard">
            <Transition id="onDone" target=".exit" />
            <Transition id="onDisconnected" target=".disconnected" />
        </Behaviour>
        <!-- Allow the player to be dragged out of this screen -->
        <Behaviour id="CParentTransition">
            <Transition id="onParent" target=".parent_transition" />
        </Behaviour>
    </State>
    
    <State id="street_race_scoreboard_screen">
        <Entry id="enter" />
        <Exit id="exit" />
        <Exit id="disconnected" />
        <Exit id="parent_transition" />
        <Behaviour id="CShowStreetRaceScoreboard">
            <Transition id="onDone" target=".exit" />
            <Transition id="onDisconnected" target=".disconnected" />
        </Behaviour>
        <!-- Allow the player to be dragged out of this screen -->
        <Behaviour id="CParentTransition">
            <Transition id="onParent" target=".parent_transition" />
        </Behaviour>
    </State>
    
    <State id="exhibition_event_scoreboard_screen">
        <Entry id="enter" />
        <Exit id="exit" />
        <Exit id="disconnected" />
        <Exit id="parent_transition" />
		<Behaviour id="CDisablePlayerCarControlsWrapper" />
        <Behaviour id="CShowExhibitionEventScoreboard">
            <Transition id="onDone" target=".exit" />
            <Transition id="onDisconnected" target=".disconnected" />
        </Behaviour>
        <!-- Allow the player to be dragged out of this screen -->
        <Behaviour id="CParentTransition">
            <Transition id="onParent" target=".parent_transition" />
        </Behaviour>
    </State>
    
	<!--
    <State id="rally_stage_scoreboard_screen">
        <Entry id="enter" />
        <Exit id="exit" />
        <Exit id="disconnected" />
        <Exit id="parent_transition" />
        <Behaviour id="CShowRallyStageScoreboard">
            <Transition id="onDone" target=".exit" />
            <Transition id="onDisconnected" target=".disconnected" />
        </Behaviour>
        <Behaviour id="CParentTransition">
            <Transition id="onParent" target=".parent_transition" />
        </Behaviour>
    </State>
    -->
	
    <State id="online_xp_scoreboard_screen">
        <Entry id="enter" />
        <Exit id="exit" />
        <Exit id="disconnected" />
        <Exit id="parent_transition" />
        <Behaviour id="CShowOnlineXPScoreboard">
            <Transition id="onDone" target=".exit" />
            <Transition id="onDisconnected" target=".disconnected" />
        </Behaviour>
        <!-- Allow the player to be dragged out of this screen -->
        <Behaviour id="CParentTransition">
            <Transition id="onParent" target=".parent_transition" />
        </Behaviour>
    </State>

    <State id="car_challenge_scoreboard_screen">
        <Entry id="enter" />
        <Exit id="exit" />
        <Exit id="disconnected" />
        <Exit id="parent_transition" />
        <Behaviour id="CShowCarChallengeScoreboard">
            <Transition id="onDone" target=".exit" />
            <Transition id="onDisconnected" target=".disconnected" />
        </Behaviour>
        <!-- Allow the player to be dragged out of this screen -->
        <Behaviour id="CParentTransition">
            <Transition id="onParent" target=".parent_transition" />
        </Behaviour>
    </State>

    <State id="ShowRaceCentralScreen">
      <Entry id="enter" />
      <Exit id="leaderboards" />
      <Exit id="movieTest" />
      <Exit id="rally" />
      <Exit id="rivals" />
      <Exit id="quit" />
      <Exit id="parent_transition" />
      <Behaviour id="CShowRaceCentralScreen">
        <Attribute id="resource_package" value="RaceCentral" />
        <Transition id="onLeaderboards" target=".leaderboards"/>
        <Transition id="onMovieTest" target=".movieTest"/>
        <Transition id="onRivals" target=".rivals"/>
        <Transition id="onRally" target=".rally"/>
        <Transition id="onReturn" target=".quit"/>
      </Behaviour>
      <!-- Allow the player to be dragged out of this screen -->
      <Behaviour id="CParentTransition">
          <Transition id="onParent" target=".quit" />
      </Behaviour>
    </State>
    
    <State id="show_race_central_rival_category_selection_screen">
        <Entry id="enter" />
        <Exit id="eventSelect" />
        <Exit id="wristbandSelect" />
        <Exit id="streetHubSelect" />
        <Exit id="multiStageEventSelect" />
        <Exit id="quit" />
		<Behaviour id="CDisablePlayerCarControlsWrapper" />
        <Behaviour id="CShowRaceCentralRivalCategorySelectionScreen">
            <Transition id="onBack" target=".quit"/>
            <Transition id="onEventSelect" target=".eventSelect"/>
            <Transition id="onWristbandSelect" target=".wristbandSelect"/>
            <Transition id="onStreetHubSelect" target=".streetHubSelect"/>
            <Transition id="onMultiStageEventSelect" target=".multiStageEventSelect"/>
        </Behaviour>
    </State>

    <State id="show_wristband_selection_screen">
        <Entry id="enter" />
        <Exit id="continue" />
        <Exit id="quit" />
		<Behaviour id="CDisablePlayerCarControlsWrapper" />
        <Behaviour id="CShowWristbandSelectionScreen">
            <Transition id="onDone" target=".quit"/>
            <Transition id="onNext" target=".continue"/>
        </Behaviour>
    </State>
    
    <State id="show_street_hub_selection_screen">
        <Entry id="enter" />
        <Exit id="continue" />
        <Exit id="quit" />
		<Behaviour id="CDisablePlayerCarControlsWrapper" />
        <Behaviour id="CShowStreetHubSelectionScreen">
            <Transition id="onDone" target=".quit"/>
            <Transition id="onNext" target=".continue"/>
        </Behaviour>
    </State>

    <State id="show_multi_stage_event_selection_screen">
      <Entry id="enter" />
      <Exit id="continue" />
      <Exit id="quit" />
	  <Behaviour id="CDisablePlayerCarControlsWrapper" />
      <Behaviour id="CShowMultiStageEventSelectionScreen">
        <Transition id="onDone" target=".quit"/>
        <Transition id="onNext" target=".continue"/>
      </Behaviour>
    </State>
  
    <State id="show_race_central_event_selection_screen">
        <Entry id="enter" />
        <Exit id="continue" />
        <Exit id="car_category_select" />
        <Exit id="wristband_select" />
        <Exit id="street_hub_select" />
        <Exit id="category_select" />
        <Exit id="scoreboard" />
        <Exit id="disconnected" />
        <Exit id="multi_stage_event_select" />
		<Behaviour id="CDisablePlayerCarControlsWrapper" />
        <Behaviour id="CGetRivalForEvent" waitForRequests="true"/>
        <Behaviour id="CGetGameOptionsForServerEvent" waitForRequests="true"/>
        
        <Behaviour id="CShowRaceCentralEventSelectionScreen">
            <Transition id="onWristbandSelect" target=".wristband_select"/>
            <Transition id="onStreetHubSelect" target=".street_hub_select"/>
            <Transition id="onCategorySelect" target=".category_select"/>
            <Transition id="onNext" target=".continue"/>
            <Transition id="onCarCategorySelect" target=".car_category_select"/>
            <Transition id="onScoreboard" target=".scoreboard"/>
            <Transition id="onDisconnected" target=".disconnected"/>
            <Transition id="onMultiStageEventSelect" target=".multi_stage_event_select"/>
        </Behaviour>
    </State>
    
    <!-- Register Car Screen -->
    <State id="ShowRegisterCarScreen">
        <Entry id="enter" />
        <Exit id="next" />
        <Exit id="back" />
        <Behaviour id="CDisablePlayerCarControlsWrapper" />
        <Behaviour id="CShowRegisterCarScreen">
            <Transition id="onNext" target=".next"/>
            <Transition id="onBack" target=".back"/>
        </Behaviour>
    </State>

    <!-- Register Event Car Screen -->
    <State id="ShowRegisterEventCarScreen">
      <Entry id="enter" />
      <Exit id="next" />
      <Exit id="back" />
      <Exit id="buyCar" />

      <Behaviour id="CShowRegisterEventCarScreen">
        <Attribute id="resource_package" value="EventSummary" />
        <Transition id="onNext" target=".next"/>
        <Transition id="onBack" target=".back"/>
        <Transition id="onBuyCar" target=".buyCar"/>
      </Behaviour>
    </State>

    <!-- Register Event Car Screen with the rally filter off by default -->
    <State id="ShowRegisterEventCarScreen_rallyFilterOff">
      <Entry id="enter" />
      <Exit id="next" />
      <Exit id="back" />
      <Exit id="buyCar" />

      <Behaviour id="CShowRegisterEventCarScreen">
        <Attribute id="resource_package" value="EventSummary" />
        <Attribute id="applyRallyFilterByDefault" value="false" />
        <Transition id="onNext" target=".next"/>
        <Transition id="onBack" target=".back"/>
        <Transition id="onBuyCar" target=".buyCar"/>
      </Behaviour>
    </State>
	
	<!-- Register Event Car Screen USING SPONSOR DEAL -->
    <State id="ShowRegisterSponsorshipEventCarScreen">
      <Entry id="enter" />
      <Exit id="next" />
      <Exit id="back" />
      <Exit id="buyCar" />

      <Behaviour id="CShowRegisterEventCarScreen">
        <Attribute id="resource_package" value="EventSummary" />
		<Attribute id="IsUsingSponsorship" value="true" />
        <Transition id="onNext" target=".next"/>
        <Transition id="onBack" target=".back"/>
        <Transition id="onBuyCar" target=".buyCar"/>
      </Behaviour>
    </State>

  
    <!-- This state can be called to actually restart a race -->
    <!-- It shows the screen while performing tasks to restart the current game -->
    <State id="ShowRestartScreen">
      <Entry id="enter"/>
      <Exit id="exit"/>
      <Behaviour id="CShowRestartScreen" >
        <Transition id="onDone" target=".exit"/>
      </Behaviour>
    </State>
    
    <State id="LoadNextMultiStageRace">
      <Entry id="enter"/>
      <Exit id="exit"/>
      <Behaviour id="CShowNextMultiStageLoadingScreen" >
        <Transition id="onDone" target=".exit"/>
      </Behaviour>
    </State>
  
    <!-- Shows the placeholder screen -->
    <State id="ShowPlaceholderScreen">
        <Entry id="enter"/> 
        <Exit id="done"/> 
        <Behaviour id="CShowPlaceholderScreen" > 
            <Transition id="onDone" target=".done"/>
        </Behaviour> 
    </State>

    <!-- Shows the movieTest screen -->
    <State id="ShowMovieTestScreen">
      <Entry id="enter"/>
      <Exit id="select"/>
      <Exit id="back"/>
      <Behaviour id="CShowMovieTestScreen" >
        <Attribute id="resource_package" value="EmptyScene" />
        <Transition id="onSelect" target=".select"/>
        <Transition id="onBack" target=".back"/>
      </Behaviour>
    </State>

    <State id="ShowE3StartScreen">
      <Entry id="enter"/>
      <Exit id="done"/>
      <Exit id="timeout"/>
      <Behaviour id="CShowE3StartScreen" >
        <Transition id="onDone" target=".done"/>
        <Transition id="onTimeout" target=".timeout"/>
      </Behaviour>
    </State>

    <State id="ShowE3SellSheet">
      <Entry id="enter"/>
      <Exit id="done"/>
      <Behaviour id="CShowE3SellSheet" >
        <Transition id="onDone" target=".done"/>
      </Behaviour>
    </State>

    <State id="ShowViewCarScreen" >
      <Entry id="enter" />
      <Exit id="exit" />
	  <Behaviour id="CDisablePlayerCarControlsWrapper" />
      <Behaviour id="CShowViewMyCarScreen" >
        <!-- use current resource package -->
        <Transition id="onDone" target=".exit" />
      </Behaviour>
    </State>

    <State id="show_designStorefront_screen" >
      <Entry id="enter" />
      <Exit id="exit" />
      <Exit id="myStorefront" />
	  <Behaviour id="CDisablePlayerCarControlsWrapper" />
      <Behaviour id="CShowDesignStorefrontScreen" >
        <Attribute id="resource_package" value="PaintshopInt" />
        <Transition id="onDone" target=".exit" />
        <Transition id="onMyStorefront" target=".myStorefront" />
      </Behaviour>
    </State>

    <State id="show_myStorefront_screen" >
      <Entry id="enter" />
      <Exit id="exit" />
      <Exit id="disconnected" />
	  <Behaviour id="CDisablePlayerCarControlsWrapper" />
      <Behaviour id="CShowMyStorefrontScreen" >
        <Transition id="onDone" target=".exit" />
        <Transition id="onDisconnected" target=".disconnected" />
      </Behaviour>
    </State>
    
    <State id="multiplayer_mfr_select_screen" >
      <Entry id="enter" />
      <Entry id="back" />
      <Exit id="exit" />
      <Exit id="next" />
      <Exit id="clan_garage" />
	  <Behaviour id="CDisablePlayerCarControlsWrapper" />
      <Behaviour id="CShowMultiplayerManufacturerSelectScreen" >
        <Transition id="onNext" target=".next" />
        <Transition id="onExit" target=".exit" />
        <Transition id="onClanCarGarage" target=".clan_garage" />
      </Behaviour>
      <Behaviour id="CParentTransition">
          <Transition id="onParent" target=".exit" />
      </Behaviour>
    </State>
    
    <State id="show_beat_rival_prompt" >
      <Entry id="enter" />
      <Exit id="finish" />
      <Exit id="continue" />
      <Behaviour id="CShowBeatRival" >
        <Transition id="onDone" target=".finish" />
        <Transition id="onContinue" target=".continue" />
      </Behaviour>
    </State>
    
    <!-- Screen used to give feedback to the player about not being able to connect to forza servers -->
 
    
    <!-- Screen used to give feedback to the player about not having enough privileges to enter a feature -->
    <State id="show_user_parental_control_lockout" >
      <Entry id="enter" />
      <Exit id="exit" />
      <Behaviour id="CShowUserParentalControlLockout" >
        <Transition id="onDone" target=".exit" />
      </Behaviour>
      <Behaviour id="CParentTransition">
        <Transition id="onParent" target=".exit" />
      </Behaviour>
    </State>
    
    <!-- Screen used to give feedback to the player about not having privileges to enter a feature -->
    <State id="show_no_privileges" >
      <Entry id="enter" />
      <Exit id="exit" />
      <Behaviour id="CShowNoPrivileges" >
        <Transition id="onDone" target=".exit" />
      </Behaviour>
      <Behaviour id="CParentTransition">
          <Transition id="onParent" target=".exit" />
      </Behaviour>
    </State>
    
    <!-- Screen used to tell the player why they cannot access to the server for a game feature -->
   
    
    <!-- Modified -->
    
    <State id="can_access_online_feature_from_activation_prompt">
        <Entry id="enter" target="is_player_connected_to_live.enter" />
        <Exit id="yes" />
        <Exit id="no" />

        <Node id="is_player_connected_to_live" state="global.is_player_connected_to_live">
          <Entry id="enter" />
          <Exit id="yes" target="can_access_to_servers.enter" />
          <Exit id="no" target="can_access_to_servers.enter" />
        </Node>
      
        <Node id="can_access_to_servers" state="global.is_server_accessible" >
            <Entry id="enter" />
            <Exit id="yes" target=".yes" />
            <Exit id="no" target=".yes" />
        </Node>
        
        <Node id="show_lsp_disconnection_screen" state="show_lsp_disconnection_screen">
            <Entry id="enter" />
            <Exit id="exit" target ="show_hud.enter" />
        </Node>
        
        <Node id="show_hud" state="global.show_hud_screen" >
            <Entry id="enter" />
            <Exit id="exit" target=".no" />
        </Node>        
    </State>

	<State id="ShowDestinationStandings">
      <Entry id="enter" />
      <Exit id="continue" />
      <Exit id="quit" />
      <Behaviour id="CShowDestinationStandings">
        <Transition id="onContinue" target=".continue"/>
		<Attribute id="screen_delay" value="4" />
      </Behaviour>
    </State>
	
	<State id="ShowDestinationRewards">
        <Entry id="enter" />
        <Exit id="exit"/>
        <Behaviour id="CShowDestinationRewards" >
            <Attribute id="resource_package" value="PostOnlineEvent" />
            <Transition id="onDone" target=".exit"/>
        </Behaviour>
        <Behaviour id="CParentTransition">
            <Transition id="onParent" target=".exit" />
        </Behaviour>
    </State>

	<State id="ShowDestinationVote">
		<Entry id="enter" />		
		<Exit id="exit" />
		<Exit id="quit" />
		
        <Behaviour id="CShowDestinationVote" >
            <Transition id="onDone" target=".exit" />
			<Transition id="onQuit" target=".quit" />
        </Behaviour>
    </State>

	<State id="ContinueOnlineRoadtrip">
      <Entry id="enter"/>
      <Exit id="exit"/>
      <Behaviour id="CShowContinueOnlineRoadtrip" >
        <Transition id="onDone" target=".exit"/>
      </Behaviour>
    </State>

    <State id="ShowOutpostRoadTripSelectScreen">
      <Entry id="enter" />
	  <Exit id="exit" />
      <Exit id="select" />
      <Behaviour id="CShowOutpostRoadTripSelectScreen">
        <Transition id="onDone" target=".exit" />
        <Transition id="onSelectRoadTrip" target=".select" />
      </Behaviour>
    </State>
	
    <State id="ShowRoadTripSelectScreen">
      <Entry id="enter" />
	  <Exit id="exit" />
      <Exit id="select" />
      <Exit id="info1_event" />	  
	  <Exit id="info2_event" />	  
	  <Behaviour id="CDisablePlayerCarControlsWrapper" />
      <Behaviour id="CShowRoadTripSelectScreen">
        <Transition id="onDone" target=".exit" />
        <Transition id="onSelectRoadTrip" target=".select" />
		<Transition id="onInfo1Event" target=".info1_event" />
		<Transition id="onInfo2Event" target=".info2_event" />
      </Behaviour>
    </State>

    <State id="ShowRoadTripDestinationSelectScreen">
      <Entry id="enter" />
	  <Exit id="exit" />
      <Exit id="selection" />
	  <Behaviour id="CDisablePlayerCarControlsWrapper" />	
      <Behaviour id="CShowDestinationSelectScreen">
        <Transition id="onDone" target=".exit" />
        <Transition id="onSelect" target=".selection" />
      </Behaviour>
    </State>

    <State id="ShowRivalsRoadTripSelectScreen">
      <Entry id="enter" />
	  <Exit id="exit" />
      <Exit id="select" />
	  <Exit id="showcase" />	  
	  <Behaviour id="CDisablePlayerCarControlsWrapper" />	  
      <Behaviour id="CShowRivalsHUBScreen">
        <Transition id="onDone" target=".exit" />
        <Transition id="onSelect" target=".select" />
		<Transition id="onShowcase" target=".showcase" />
      </Behaviour>
    </State>

    <State id="ShowRoadTripEventSelectScreen">
      <Entry id="enter" />
	  <Exit id="exit" />
      <Exit id="selection" />
	  <Exit id="leaderboard" />
	  <Behaviour id="CDisablePlayerCarControlsWrapper" />	
      <Behaviour id="CShowEventSelectScreen">
        <Transition id="onDone" target=".exit" />
        <Transition id="onSelect" target=".selection" />
		<Transition id="onLeaderboard" target=".leaderboard" />
      </Behaviour>
	</State>

    <State id="ShowEventDetailsScreen">
      <Entry id="enter" />
	  <Entry id="enterBack" />
	  <Exit id="exit" />
      <Exit id="selection" />
	  <Exit id="leaderboard" />
	  <Exit id="rival" />
	  <Behaviour id="CDisablePlayerCarControlsWrapper" />	
	  <Behaviour id="CGetRivalForEvent" waitForRequests="true"/>
      <Behaviour id="CShowAnthemEventDetailsScreen">
	    <EntryFlag id="ifEnterBack" entry="enterBack" />
        <Transition id="onDone" target=".exit" />
        <Transition id="onSelect" target=".selection" />
		<Transition id="onLeaderboard" target=".leaderboard" />
		<Transition id="onRival" target=".rival" />
      </Behaviour>
	</State>

    <State id="ShowShowcaseEventDetailsScreen">
      <Entry id="enter" />
	  <Entry id="enterBack" />	  
	  <Exit id="exit" />
      <Exit id="selection" />
	  <Exit id="leaderboard" />
	  <Exit id="rival" />
	  <Behaviour id="CDisablePlayerCarControlsWrapper" />
	  <Behaviour id="CGetRivalForEvent" waitForRequests="true"/>
      <Behaviour id="CShowAnthemEventDetailsScreen" type="2" >
	    <EntryFlag id="ifEnterBack" entry="enterBack" />	  
        <Transition id="onDone" target=".exit" />
        <Transition id="onSelect" target=".selection" />
		<Transition id="onLeaderboard" target=".leaderboard" />
		<Transition id="onRival" target=".rival" />		
      </Behaviour>
	</State>

    <State id="ShowSpecialEventDetailsScreen">
      <Entry id="enter" />
	  <Exit id="exit" />
      <Exit id="selection" />
	  <Exit id="leaderboard" />
	  <Exit id="rival" />
	  
	  <Behaviour id="CDisablePlayerCarControlsWrapper" />
	  <Behaviour id="CGetRivalForEvent" waitForRequests="true"/>
      <Behaviour id="CShowAnthemEventDetailsScreen" type="5" >
        <Transition id="onDone" target=".exit" />
        <Transition id="onSelect" target=".selection" />
		<Transition id="onLeaderboard" target=".leaderboard" />
		<Transition id="onRival" target=".rival" />			
      </Behaviour>
	</State>

	<State id="multiplayer_lobby_car_select" >
        <Entry id="enter" />
		<Entry id="back" />
		<Exit id="exit" />
		<Exit id="next" />
		<Exit id="special_item" />
		
        <Behaviour id="CShowMultiplayerCarModelSelectScreen" >
            <!-- use current resource package -->
            <Transition id="onNext" target=".next" />
			<Transition id="onExit" target=".exit" />
			<Transition id="onSpecialItem" target=".special_item" />
			<Attribute id="rental_garage_enabled" value="true" />
        </Behaviour>
		
		<!--<Behaviour id="CParentTransition">
        	<Transition id="onParent" target=".exit" />
    	</Behaviour>-->
    </State>
	
	<State id="multiplayer_lobby_garage_rental_car_select" >
        <Entry id="enter" />
        <Entry id="back" />
        <Exit id="exit" />
        <Exit id="next" />
        <Exit id="quitToEventEntry" />
		
        <Behaviour id="CShowModelSelectScreen" >
            <!-- use current resource package -->
            <Transition id="onDone" target=".exit" />
            <Transition id="onNext" target=".next" />
			<Transition id="onQuit" target=".quitToEventEntry" />
			<Attribute id="rental_garage_enabled" value="false" />
        </Behaviour>
    </State>
	
	<State id="ShowBucketListDetailsScreen">
      <Entry id="enter" />
	  <Exit id="exit" />
      <Exit id="next" />
	  <Exit id="playSolo" />
	  <Exit id="sendInvites" />
	  <Exit id="acceptInvite" />
	  
      <Behaviour id="CShowBucketListDetailsScreen" >
        <Transition id="onDone" target=".exit" />
        <Transition id="onNext" target=".next" />
		<Transition id="onPlaySolo" target=".playSolo" />
		<Transition id="onSendInvites" target=".sendInvites" />
		<Transition id="onAcceptInvite" target=".acceptInvite" />
      </Behaviour>
	</State>
	
	<State id="ShowCoOpChallengeInviteListScreen">
      <Entry id="enter" />
      <Exit id="continue" />
	  <Exit id="quit" />
	  <Exit id="exit" />
	  
	  <Behaviour id="CDisablePlayerCarControlsWrapper" />
      <Behaviour id="CShowPlayerListScreen" display_mode="invite">
        <Transition id="onContinue" target=".continue"/>
		<Transition id="onQuit" target=".quit"/>
		<Transition id="onBack" target=".exit"/>
      </Behaviour>
    </State>
	
	<State id="ShowCoOpChallengeResults_Results">
      <Entry id="enter" />
      <Exit id="continue" />
	  <Exit id="exit" />
      <Behaviour id="CShowPlayerListScreen" display_mode="results">
        <Transition id="onContinue" target=".continue"/>
		<Transition id="onBack" target=".exit"/>
      </Behaviour>
    </State>

	<State id="ShowSkillTree">
		<Entry id="enter" />
		<Exit id="exit" />
		<Behaviour id="CDisablePlayerCarControlsWrapper" />
		<Behaviour id="CShowSkillTreeScreen">
			<Transition id="onBack" target=".exit"/>
		</Behaviour>
	</State>

    <!-- Show Awards Party after completing a roadtrip -->
    <State id="ShowAwardsPartyScreen">
        <Entry id="enter"/> 
        <Exit id="exit"/> 
        <Behaviour id="CShowAnthemAwardsPartyScreen" >
            <Transition id="onDone" target=".exit"/>
        </Behaviour> 
    </State>
	
	<State id="PrepareTeamCreditsCutscene" >
		<Entry id="enter" target=".exit"/>
		<Exit id="exit" />
		<Behaviour id="CPrepareCutscene" cutscene="Game_Credits" />
	</State>
	
	<State id="ShowTeamCredits">
        <Entry id="enter"/> 
        <Exit id="exit"/> 
        <Behaviour id="CTeamCreditsScreen" >
            <Transition id="onDone" target=".exit"/>
        </Behaviour> 
    </State>

	<State id="ShowPauseMenuPhotoViewer">
        <Entry id="enter"/> 
        <Exit id="exit"/> 
        <Behaviour id="CShowLoadPauseMenuPhotoScreen" >
            <Transition id="onDone" target=".exit"/>
        </Behaviour> 
    </State>

</StateGroup>
te>

</StateGroup>
te>

</StateGroup>
te>

</StateGroup>
