<StateGroup id="watch_replay" >

  <!-- Flow which will setup a race -->
  <State id="root">
    <!-- <Entry id="enter" target="pre_race.enter" /> -->
    <Entry id="enter" target="pre_race.enter" />
    <Exit id="exit" />

    <Behaviour id="CGameControlWrapper" />

    <Node id="pre_race" state="PreRace">
      <Entry id="enter" />
      <Exit id="exit" target="wait_for_finished.enter" />
    </Node>
    <Node id="wait_for_finished" state="WatchReplay">
      <Entry id="enter" />
      <Exit id="exit" target="post_race.enter" />
      <Exit id="photo" target="pause_replay.enter" />
    </Node>
    <Node id="pause_replay" state="PauseReplay">
      <Entry id="enter" />
      <Exit id="exit" target="mute_car_audio.enter" />
    </Node>
    <Node id="mute_car_audio" state="Audio.mute_car_audio">
      <Entry id="enter" />
      <Exit id="exit" target="set_compressed_heap.enter" />
    </Node>
    <Node id="set_compressed_heap" state="global.enable_compressed_heap">
      <Entry id="enter" />
      <Exit id="exit" target="photo.enter" />
    </Node>
<!-- Anthem changes - sumoSK: swapping the original pause menu for the Pause HUB -->
<!-- <Node id="photo" state="pausesystem.photo_mode"> -->
    <Node id="photo" state="pause_hub.photo_mode">
      <Entry id="enter" />
      <Exit id="exit" target="clear_screen.enter" />
    </Node>
    <Node id="clear_screen" state="global.show_empty_screen">
      <Entry id="enter" />
      <Exit id="exit" target="unset_compressed_heap.enter" />
    </Node>
    <Node id="unset_compressed_heap" state="global.disable_compressed_heap">
      <Entry id="enter" />
      <Exit id="exit" target="unmute_car_audio.enter" />
    </Node>
    <Node id="unmute_car_audio" state="Audio.unmute_car_audio">
      <Entry id="enter" />
      <Exit id="exit" target="unpause_replay.enter" />
    </Node>
    <Node id="unpause_replay" state="UnpauseReplay">
      <Entry id="enter" />
      <Exit id="exit" target="wait_for_finished.enter" />
    </Node>
    <Node id="post_race" state="game_festival_race_flow.PostRace">
      <Entry id="enter" />
      <Exit id="exit" target=".exit" />
    </Node>
  </State>

  <State id="WatchReplay">
    <Entry id="enter" />
    <Exit id="exit" />
    <Exit id="photo" />
    <Behaviour id="CWatchReplay">
      <Transition id="onDone" target=".exit"/>
      <Transition id="onPhoto" target=".photo"/>
    </Behaviour>
  </State>

  <State id="PauseReplay">
    <Entry id="enter" target=".exit" />
    <Exit id="exit" />
    <Behaviour id="CPauseReplay" pause="true" />
  </State>

  <State id="UnpauseReplay" >
    <Entry id="enter" target=".exit" />
    <Exit id="exit" />
    <Behaviour id="CPauseReplay" pause="false" />
  </State>

  <State id="SetTimeOfDay">
    <Entry id="enter" target=".exit" />
    <Exit id="exit" />
    <Behaviour id="CSetTimeOfDay">
        <Attribute id="useGameOptionsTime" value="true" />
    </Behaviour>
  </State>

  <State id="PreRace">
    <Entry id="enter" target="black_out.enter" />
    <Exit id="exit" />

    <Behaviour id="CGameControlWrapper" />

    <Node id="black_out" state="global.black_out">
      <Entry id="enter" />
      <Exit id="exit" target="disable_traffic_spawning.enter" />
    </Node>
    <Node id="disable_traffic_spawning" state="global.disable_traffic_spawning">
      <Entry id="enter" />
      <Exit id="exit" target="block_pause_entry.enter" />
    </Node>
    <Node id="block_pause_entry" state="global.block_pause_entry">
      <Entry id="enter" />
      <Exit id="exit" target="unload_lod0_cars.enter" />
    </Node>
    <Node id="unload_lod0_cars" state="global.unload_lod0_cars">
      <Entry id="enter" />
      <Exit id="exit" target="enable_car_parking_brake.enter" />
    </Node>
    <Node id="enable_car_parking_brake" state="global.enable_all_players_car_parking_brake">
      <Entry id="enter" />
      <Exit id="exit" target="Force_AI_to_idle.enter"/>
    </Node>
    <Node id="Force_AI_to_idle" state="global.disable_AI">
      <Entry id="enter" />
      <Exit id="exit" target="hide_racing_line.enter"/>
    </Node>
    <Node id="hide_racing_line" state="global.disable_racing_line">
      <Entry id="enter" />
      <Exit id="exit" target="set_time_of_day.enter" />
    </Node>
    <Node id="set_time_of_day" state="SetTimeOfDay">
      <Entry id="enter" />
      <Exit id="exit" target="wait_for_streaming.enter" />
    </Node>
    <Node id="wait_for_streaming" state="global.wait_for_streaming">
      <Entry id="enter" />
      <Exit id="exit" target="wait_for_all_cars_loaded.enter" />
    </Node>
    <Node id="wait_for_all_cars_loaded" state="global.wait_for_all_cars_loaded" >
      <Entry id="enter" />
      <Exit id="exit" target="enable_ambient_music.enter" />
    </Node>
    <Node id="enable_ambient_music" state="game_race_flow.enable_ambient_audio_param_pre_race_ambience">
      <Entry id="enter" />
      <Exit id="exit" target="enable_ambient_race_sounds.enter"/>
    </Node>
    <Node id="enable_ambient_race_sounds" state="game_race_flow.enable_ambient_audio_param_in_race">
      <Entry id="enter" />
      <Exit id="exit" target="enable_ambient_audio_streaming.enter"/>
    </Node>
    <Node id="enable_ambient_audio_streaming" state="global.enable_ambient_audio_streaming">
      <Entry id="enter" />
      <Exit id="exit" target="unmute_car_audio.enter"/>
    </Node>
    <Node id="unmute_car_audio" state="Audio.unmute_car_audio">
      <Entry id="enter" />
      <Exit id="exit" target="snap_car_to_road.enter" />
    </Node>
    <!-- Position the car at its initial pos rather then current, in case its moved due a collision -->
    <Node id="snap_car_to_road" state="global.snap_all_cars_to_road_initial_position">
      <Entry id="enter" />
      <Exit id="exit" target="repair_damage.enter" />
    </Node>
    <Node id="repair_damage" state="global.reset_car_damage_all_cars">
      <Entry id="enter" />
      <Exit id="exit" target="show_empty_screen.enter" />
    </Node>
    <Node id="show_empty_screen" state="global.show_empty_screen">
      <Entry id="enter" />
      <Exit id="exit" target="prepare_race.enter" />
    </Node>
    <Node id="prepare_race" state="global.prepare_race" >
      <Entry id="enter" />
      <Exit id="exit" target="start_race.enter" />
    </Node>
    <Node id="start_race" state="global.start_race" >
      <Entry id="enter" />
      <Exit id="exit" target="release_car_parking_brake.enter" />
    </Node>
    <Node id="release_car_parking_brake" state="global.disable_all_players_car_parking_brake" >
      <Entry id="enter" />
      <Exit id="exit" target="unblock_pause_entry.enter" />
    </Node>
    <Node id="unblock_pause_entry" state="global.unblock_pause_entry">
      <Entry id="enter" />
      <Exit id="exit" target="start_driving.enter" />
    </Node>
    <Node id="start_driving" state="global.start_driving" >
      <Entry id="enter" />
      <Exit id="exit" target=".exit" />
    </Node>
  </State>

</StateGroup>
te>

</StateGroup>
te>

</StateGroup>
te>

</StateGroup>
