<ActivityManager>
    <Activity type="ActivityAverageSpeed" name="average_speed_01">
        <Leaderboard board="average_speed_01"/>
        <SpeedingFine min_speed_mph="30" max_speed_mph="92" min_fine="500" max_fine="2500"/>
        <Likes>
            <Reward score="30" likes="2500" />
            <Reward score="109" likes="18500" />
        </Likes>
    </Activity>
    
    <Activity type="ActivityAverageSpeed" name="average_speed_02">
        <Leaderboard board="average_speed_02"/>
        <SpeedingFine min_speed_mph="30" max_speed_mph="89" min_fine="500" max_fine="2500"/>
        <Likes>
            <Reward score="30" likes="50" />
            <Reward score="109" likes="500" />
        </Likes>
    </Activity>
    
    <Activity type="ActivityAverageSpeed" name="average_speed_03">
        <Leaderboard board="average_speed_03"/>
        <SpeedingFine min_speed_mph="30" max_speed_mph="90" min_fine="500" max_fine="2500"/>
        <Likes>
            <Reward score="30" likes="50" />
            <Reward score="109" likes="500" />
        </Likes>
    </Activity>
    
    <Activity type="ActivityAverageSpeed" name="average_speed_05">
        <Leaderboard board="average_speed_05"/>
        <SpeedingFine min_speed_mph="30" max_speed_mph="80" min_fine="500" max_fine="2500"/>
        <Likes>
            <Reward score="30" likes="50" />
            <Reward score="109" likes="500" />
        </Likes>
    </Activity>
    
    <Activity type="ActivityAverageSpeed" name="average_speed_06">
        <Leaderboard board="average_speed_06"/>
        <SpeedingFine min_speed_mph="30" max_speed_mph="73" min_fine="500" max_fine="2500"/>
        <Likes>
            <Reward score="30" likes="50" />
            <Reward score="109" likes="500" />
        </Likes>
    </Activity>
    
    <Activity type="ActivityAverageSpeed" name="average_speed_08">
        <Leaderboard board="average_speed_08"/>
        <SpeedingFine min_speed_mph="30" max_speed_mph="70" min_fine="500" max_fine="2500"/>
        <Likes>
            <Reward score="30" likes="50" />
            <Reward score="109" likes="500" />
        </Likes>
    </Activity>
    
    <Activity type="ActivitySpeedCamera" name="speed_camera_01">
        <Leaderboard board="speed_camera_01"/>
        <SpeedingFine min_speed_mph="30" max_speed_mph="108" min_fine="500" max_fine="2500"/>
        <Likes>
            <Reward score="30" likes="50" />
            <Reward score="109" likes="500" />
        </Likes>
    </Activity>
    
    <Activity type="ActivitySpeedCamera" name="speed_camera_02">
        <Leaderboard board="speed_camera_02"/>
        <SpeedingFine min_speed_mph="30" max_speed_mph="115" min_fine="500" max_fine="2500"/>
        <Likes>
            <Reward score="30" likes="50" />
            <Reward score="109" likes="500" />
        </Likes>
    </Activity>
    
    <Activity type="ActivitySpeedCamera" name="speed_camera_03">
        <Leaderboard board="speed_camera_03"/>
        <SpeedingFine min_speed_mph="30" max_speed_mph="135" min_fine="500" max_fine="2500"/>
        <Likes>
            <Reward score="30" likes="50" />
            <Reward score="109" likes="500" />
        </Likes>
    </Activity>
    
    <Activity type="ActivitySpeedCamera" name="speed_camera_05">
        <Leaderboard board="speed_camera_05"/>
        <SpeedingFine min_speed_mph="30" max_speed_mph="160" min_fine="500" max_fine="2500"/>
        <Likes>
            <Reward score="30" likes="50" />
            <Reward score="109" likes="500" />
        </Likes>
    </Activity>
    
    <Activity type="ActivitySpeedCamera" name="speed_camera_07">
        <Leaderboard board="speed_camera_07"/>
        <SpeedingFine min_speed_mph="30" max_speed_mph="120" min_fine="500" max_fine="2500"/>
        <Likes>
            <Reward score="30" likes="50" />
            <Reward score="109" likes="500" />
        </Likes>
    </Activity>
    
    <Activity type="ActivitySpeedCamera" name="speed_camera_08">
        <Leaderboard board="speed_camera_08"/>
        <SpeedingFine min_speed_mph="30" max_speed_mph="108" min_fine="500" max_fine="2500"/>
        <Likes>
            <Reward score="30" likes="50" />
            <Reward score="109" likes="500" />
        </Likes>
    </Activity>
    
    <Activity type="ActivitySpeedCamera" name="speed_camera_12">
        <Leaderboard board="speed_camera_12"/>
        <SpeedingFine min_speed_mph="30" max_speed_mph="75" min_fine="500" max_fine="2500"/>
        <Likes>
            <Reward score="30" likes="50" />
            <Reward score="109" likes="500" />
        </Likes>
    </Activity>
    
    <Activity type="ActivitySpeedCamera" name="speed_camera_13">
        <Leaderboard board="speed_camera_13"/>
        <SpeedingFine min_speed_mph="30" max_speed_mph="112" min_fine="500" max_fine="2500"/>
        <Likes>
            <Reward score="30" likes="50" />
            <Reward score="109" likes="500" />
        </Likes>
    </Activity>
    
    <Activity type="ActivitySpeedCamera" name="speed_camera_14">
        <Leaderboard board="speed_camera_14"/>
        <SpeedingFine min_speed_mph="30" max_speed_mph="135" min_fine="500" max_fine="2500"/>
        <Likes>
            <Reward score="30" likes="50" />
            <Reward score="109" likes="500" />
        </Likes>
    </Activity>
    
    <Activity type="ActivitySpeedCamera" name="speed_camera_16">
        <Leaderboard board="speed_camera_16"/>
        <SpeedingFine min_speed_mph="30" max_speed_mph="110" min_fine="500" max_fine="2500"/>
        <Likes>
            <Reward score="30" likes="50" />
            <Reward score="109" likes="500" />
        </Likes>
    </Activity>
    
    <Activity type="ActivitySpeedCamera" name="speed_camera_20">
        <Leaderboard board="speed_camera_20"/>
        <SpeedingFine min_speed_mph="30" max_speed_mph="128" min_fine="500" max_fine="2500"/>
        <Likes>
            <Reward score="30" likes="50" />
            <Reward score="109" likes="500" />
        </Likes>
    </Activity>
    
    <Activity type="ActivitySpeedCamera" name="speed_camera_21">
        <Leaderboard board="speed_camera_21"/>
        <SpeedingFine min_speed_mph="30" max_speed_mph="154" min_fine="500" max_fine="2500"/>
        <Likes>
            <Reward score="30" likes="50" />
            <Reward score="109" likes="500" />
        </Likes>
    </Activity>
    
    <Activity type="ActivitySpeedCamera" name="speed_camera_22">
        <Leaderboard board="speed_camera_22"/>
        <SpeedingFine min_speed_mph="30" max_speed_mph="95" min_fine="500" max_fine="2500"/>
        <Likes>
            <Reward score="30" likes="50" />
            <Reward score="109" likes="500" />
        </Likes>
    </Activity>
    
    <Activity type="ActivitySpeedCamera" name="speed_camera_23">
        <Leaderboard board="speed_camera_23"/>
        <SpeedingFine min_speed_mph="30" max_speed_mph="128" min_fine="500" max_fine="2500"/>
        <Likes>
            <Reward score="30" likes="50" />
            <Reward score="109" likes="500" />
        </Likes>
    </Activity>
       
    <Activity type="ActivityInformationPoint" name="information_point_01">
        <!-- temporally using the information point location for the workshop -->
        <InformationPoint
            Radius="5.0" MaxMph="10.0" Object="infopoint_01"
            DirX="-0.720296" DirY="0.0" DirZ="-0.693662"
			Cutscene="info_point"
            />
        <!--<InformationPoint
            Radius="5.0" MaxMph="10.0" Object="photoMissionTrigger"
            DirX="-0.720296" DirY="0.0" DirZ="-0.693662"
			Cutscene="info_point"
            />-->
		<Stars>
			<Star score="0" fame="50"/>
		</Stars>
        <Unlocks>		
            <Unlock Name="damage_repair_01" Type="activity" />
            <Unlock Name="damage_repair_02" Type="activity" />
            <Unlock Name="race_01" Type="activity" />
            <Unlock Name="photo_mission_01" Type="mission" />
        </Unlocks>
        <FadeOptions Duration="1.000000" HoldDuration="0.000000" CurveType="S" Color.x="0.000000" Color.y="0.000000" Color.z="0.000000" Color.w="0.000000"/>
    </Activity>

    <!--Activity type="ActivityRace"
			   name="race_01">
		<WorldLocation
			Object="race_01" Radius="3.0" MaxMph="10.0" Fame="0"
			AddMapActivity="true" MapActivityTag="race" MapActivityDescription="RACE"
			PromptText="ENTER RACE"
			Persistent="true"
			RequiresCollectAction="true"
		/>
	</Activity>

    <Activity type="ActivityTimed"
			   name="mission_01">
		<WorldLocation
			Object="mission_01" Radius="3.0" MaxMph="10.0" Fame="0"
			AddMapActivity="true" MapActivityTag="timed" MapActivityDescription="TIMED MISSION"
			PromptText="TIMED MISSION"
			Persistent="true"
			RequiresCollectAction="true"
		/>
	</Activity-->

    <Activity type="ActivityGeneric" name="festival_01">
        <StateGroup id="festival01" >

            <!-- Substitute states -->
            <State id="place_car" >
                <Entry id="enter" target=".exit" />
                <Exit id="exit" />
                <!-- temporally using the information point location for the workshop -->
                <Behaviour id="CPlaceCar" x="-1239.47" y="-7.71" z="1435.60" rotation="234.79" />
            </State>

            <State id="setup_camera">
                <Entry id="enter" target=".exit" />
                <Exit id="exit" />
                <Behaviour id="CInitialiseBlendCamera" >
                    <!-- temporally using the information point location for the workshop -->
                    <Attribute id="cam_pos" value="-1228.59,6.07,1421.31" />
                    <Attribute id="cam_pyr" value="12.53,1.99,0" />
                    <Attribute id="cam_fov" value="45" />
                </Behaviour>
            </State>
            <!-- End of substitute states -->

            <State id="Root">
                <Entry id="enter" target="menu.enter" />
                <Exit id="exit" />

				<!--StateSubstitute state="InGameUI.setup_world_location_camera" substitute="setup_camera"/>
				<StateSubstitute state="InGameUI.place_car" substitute="place_car"/-->

				<Node id="menu" state="InGameUI.root">
					<Entry id="enter"/>
					<Exit id="exit" target=".exit"/>
				</Node>
            </State>

        </StateGroup>

        <TriggerZone object="festival_07" name="festival_07" radius="3" prompt="IDS_Description_MediaCenter" maxMPH="10" mapTag="mediacentertodo" mapDescription="IDS_Description_MediaCenter"/>
    </Activity>
    <Activity type="ActivityGeneric" name="festival_04">
        <StateGroup id="festival04" >
            <!-- Substitute states -->
            <State id="place_car" >
                <Entry id="enter" target=".exit" />
                <Exit id="exit" />
                <Behaviour id="CPlaceCar" x="-1407.93" y="-11.62" z="1283.8" rotation="51.15" />
            </State>

            <State id="setup_camera">
                <Entry id="enter" target=".exit" />
                <Exit id="exit" />
                <Behaviour id="CInitialiseBlendCamera" >
                    <!-- temporally using the information point location for the workshop -->
                    <Attribute id="cam_pos" value="-1403.32,0.83,1274.75" />
                    <Attribute id="cam_pyr" value="3.49,221.63,0" />
                    <Attribute id="cam_fov" value="45" />
                </Behaviour>
            </State>
            <!-- End of substitute states -->

            <State id="Root">
                <Entry id="enter" target="menu.enter" />
                <Exit id="exit" />

				<!--StateSubstitute state="InGameUI.setup_world_location_camera" substitute="setup_camera"/>
				<StateSubstitute state="InGameUI.place_car" substitute="place_car"/-->

				<Node id="menu" state="InGameUI.root">
					<Entry id="enter"/>
					<Exit id="exit" target=".exit"/>
				</Node>
            </State>

        </StateGroup>

        <TriggerZone object="festival_04" name="festival_04" radius="3" prompt="IDS_Description_DLCCenter" maxMPH="10" mapTag="dlccenter" mapDescription="IDS_Description_DLCCenter"/>
    </Activity>
</ActivityManager>

</ActivityManager>

</ActivityManager>

</ActivityManager>
