<ActivityManager>

    <Activity type="ActivityAutoshow" name="autoshow_01">
        <StateGroup id="autoshow01" >

            <!-- Substitute states -->
            <State id="place_car" >
                <Entry id="enter" target=".exit" />
                <Exit id="exit" />
                <!-- temporally using the information point location for the autoshow -->
                <Behaviour id="CPlaceCar" x="-1239.47" y="-7.71" z="1435.60" rotation="234.79" />
            </State>

            <State id="setup_camera">
                <Entry id="enter" target=".exit" />
                <Exit id="exit" />
                <Behaviour id="CInitialiseBlendCamera" >
                    <!-- temporally using the information point location for the autoshow -->
                    <Attribute id="cam_pos" value="-1228.59,6.07,1421.31" />
                    <Attribute id="cam_pyr" value="12.53,1.99,0" />
                    <Attribute id="cam_fov" value="45" />
                </Behaviour>
            </State>
            <!-- End of substitute states -->

            <State id="Root">
                <Entry id="enter" target="autoshow.enter" />
                <Exit id="exit" />

                <!--StateSubstitute state="InGameUI.setup_world_location_camera" substitute="setup_camera"/>
                <StateSubstitute state="InGameUI.place_car" substitute="place_car"/-->
                
                <Node id="autoshow" state="autoshows.root">
                    <Entry id="enter" />
                    <Exit id="exit" target=".exit" />
                </Node>
            </State>
        </StateGroup>       

        <TriggerZone object="festival_01" name="festival_01" radius="3" prompt="IDS_Description_Autoshow" maxMPH="10" mapTag="autoshow" mapDescription="IDS_Description_Autoshow"/>
	</Activity>

	
</ActivityManager>

</ActivityManager>

</ActivityManager>

</ActivityManager>
