<ActivityManager>

    <Activity type="ActivityCarClub" name="carclub_01">
        <StateGroup id="carclub01" >

            <!-- Substitute states -->
            <State id="place_car" >
                <Entry id="enter" target=".exit" />
                <Exit id="exit" />
                <!-- temporally using the information point location for the workshop -->
                <Behaviour id="CPlaceCar" x="-1284.97" y="-9.03" z="1265.32" rotation="-20.66" />

            </State>

            <State id="setup_camera">
                <Entry id="enter" target=".exit" />
                <Exit id="exit" />
                <Behaviour id="CInitialiseBlendCamera" >
                    <!-- temporally using the information point location for the workshop -->
                    <Attribute id="cam_pos" value="-1291.19,-9.15,1269.53" />
                    <Attribute id="cam_pyr" value="-12.58,107.57,0" />
                    <Attribute id="cam_fov" value="45" />
                </Behaviour>
            </State>
            <!-- End of substitute states -->

            <State id="Root">
                <Entry id="enter" target="menu.enter" />
                <Exit id="exit" />

				<!--StateSubstitute state="InGameUI.setup_world_location_camera" substitute="setup_camera"/>
				<StateSubstitute state="InGameUI.place_car" substitute="place_car"/-->

				<Node id="menu" state="carclubs.root">
					<Entry id="enter"/>
					<Exit id="exit" target=".exit"/>
				</Node>
            </State>

        </StateGroup>

        <TriggerZone object="festival_03" name="festival_03" radius="3" prompt="IDS_Description_CarClub" maxMPH="10" mapTag="carclub" mapDescription="IDS_Description_CarClub"/>
    </Activity>
 
</ActivityManager>

</ActivityManager>

</ActivityManager>

</ActivityManager>
