<ActivityManager>

    <Activity type="ActivityFestivalEntrance" name="festival_entrance_01">
		<TriggerZone object="festival_entrance_01" name="festival_entrance_01" radius="10" prompt="IDS_Description_Festival" maxMPH="10"/>
    </Activity>
    <Activity type="ActivityFestivalEntrance" name="festival_entrance_02">
		<TriggerZone object="festival_entrance_02" name="festival_entrance_02" radius="10" prompt="IDS_Description_Festival" maxMPH="10"/>
    </Activity>
    <Activity type="ActivityFestivalEntrance" name="festival_entrance_03">
		<TriggerZone object="festival_entrance_03" name="festival_entrance_03" radius="10" prompt="IDS_Description_Festival" maxMPH="10"/>
    </Activity>
    <Activity type="ActivityFestivalEntrance" name="festival_entrance_04">
		<TriggerZone object="festival_entrance_04" name="festival_entrance_04" radius="10" prompt="IDS_Description_Festival" maxMPH="10"/>
    </Activity>
	<Activity type="ActivityFestivalLocation" name="festival_location"/>
	
</ActivityManager>

</ActivityManager>

</ActivityManager>

</ActivityManager>
