<ActivityManager>
    <Activity type="PhotoMission" name="photo_mission_01" canRestart="false">
        <StateGroup id="photomission" >

            <!-- Photo mode -->
            <State id="photo_mission_instructions_1" >
                <Entry id="enter" />
                <Exit id="exit" />
                <Behaviour id="CPlaySpeech" speech_group="PhotoMission" speech_cue="Instructions1" wait="true" >
                    <Transition id="onReady" target=".exit" />
                </Behaviour>                    
            </State>
            <State id="photo_mission_instructions_2" >
                <Entry id="enter" />
                <Exit id="exit" />
                <Behaviour id="CPlaySpeech" speech_group="PhotoMission" speech_cue="Instructions3" wait="true" >
                    <Transition id="onReady" target=".exit" />
                </Behaviour>                    
            </State>
            <State id="photo_mission_instructions_3" >
                <Entry id="enter" />
                <Exit id="exit" />
                <Behaviour id="CPlaySpeech" speech_group="PhotoMission" speech_cue="Instructions2" wait="true" >
                    <Transition id="onReady" target=".exit" />
                </Behaviour>                    
            </State>
            <State id="photo_mission_instructions_4" >
                <Entry id="enter" />
                <Exit id="exit" />
                <Behaviour id="CPlaySpeech" speech_group="PhotoMission" speech_cue="Instructions4" wait="true" >
                    <Transition id="onReady" target=".exit" />
                </Behaviour>                    
            </State>
            <State id="place_car_for_photo_mission" >
                <Entry id="enter" target=".exit" />
                <Exit id="exit" />
                <Behaviour id="CPlaceCar" x="-532.576050" y="-42.4" z="-379.862610" rotation="-45.520657" />
            </State>
            <State id="prepare_photo_mission_cameras" >
                <Entry id="enter" target=".exit" />
                <Exit id="exit" />
                <Behaviour id="CPrepareCutscene" cutscene="photo_mission" />
            </State>
            <!-- End of photo mode -->


            <State id="photo_mission_part_1" >
                <Entry id="enter" target="photo_mission_instructions_1.enter"/>
                <Exit id="exit" />

                <Behaviour id="CFadeIn" fade_in="true">
                    <FadeOptions Duration="1.000000" HoldDuration="0.000000" CurveType="S" Color.x="0.000000" Color.y="0.000000" Color.z="0.000000" Color.w="0.000000"/>
                </Behaviour>
                <Behaviour id="CPlayCameraSequence" wait="true" />
                
                <Node id="photo_mission_instructions_1" state="photo_mission_instructions_1" >
                    <Entry id="enter" />
                    <Exit id="exit" target="photo_mission_instructions_2.enter" />
                </Node>

                <Node id="photo_mission_instructions_2" state="photo_mission_instructions_2" >
                    <Entry id="enter" />
                    <Exit id="exit" target="photo_mission_instructions_3.enter" />
                </Node>

                <Node id="photo_mission_instructions_3" state="photo_mission_instructions_3" >
                    <Entry id="enter" />
                    <Exit id="exit" target="wait.enter" />
                </Node>

                <Node id="wait" state="common.wait_half_sec" >
                    <Entry id="enter" />
                    <Exit id="exit" target="photo_mission_instructions_4.enter" />
                </Node>

                <Node id="photo_mission_instructions_4" state="photo_mission_instructions_4" >
                    <Entry id="enter" />
                    <Exit id="exit" target=".exit" />
                </Node>
            </State>

            <State id="Root" >
                <Entry id="enter" target="disable_satnav_audio.enter"/>
                <Exit id="exit" />

                <Node id="disable_satnav_audio" state="common.disable_satnav_audio" >
                    <Entry id="enter" />
                    <Exit id="exit" target="block_pause_entry.enter" />
                </Node>

                <Node id="block_pause_entry" state="common.block_pause_entry" >
                    <Entry id="enter" />
                    <Exit id="exit" target="show_empty_screen.enter" />
                </Node>

                <Node id="show_empty_screen" state="common.show_empty_screen" >
                    <Entry id="enter" />
                    <Exit id="exit" target="disable_car_control.enter" />
                </Node>

                <Node id="disable_car_control" state="common.disable_car_control" >
                    <Entry id="enter" />
                    <Exit id="exit" target="initial_fade_out.enter" />
                </Node>

                <Node id="initial_fade_out" state="common.fade_out" >
                    <Entry id="enter" />
                    <Exit id="exit" target="prepare_photo_mission_cameras.enter" />
                </Node>

                <Node id="prepare_photo_mission_cameras" state="prepare_photo_mission_cameras" >
                    <Entry id="enter" />
                    <Exit id="exit" target="wait_for_lod0_cars.enter" />
                </Node>

                <Node id="wait_for_lod0_cars" state="common.wait_for_lod0_cars" >
                    <Entry id="enter" />
                    <Exit id="exit" target="wait_for_streaming.enter" />
                </Node>

                <Node id="wait_for_streaming" state="common.wait_for_streaming" >
                    <Entry id="enter" />
                    <Exit id="exit" target="wait_for_all_cars_loaded.enter" />
                </Node>

                <Node id="wait_for_all_cars_loaded" state="common.wait_for_all_cars_loaded" >
                    <Entry id="enter" />
                    <Exit id="exit" target="place_car_for_photo_mission.enter" />
                </Node>
                
                <Node id="place_car_for_photo_mission" state="place_car_for_photo_mission" >
                    <Entry id="enter" />
                    <Exit id="exit" target="photo_mission_part_1.enter" />
                </Node>

                <Node id="photo_mission_part_1" state="photo_mission_part_1" >
                    <Entry id="enter" />
                    <Exit id="exit" target="enable_car_control.enter" />
                </Node>

                <Node id="enable_car_control" state="common.enable_car_control" >
                    <Entry id="enter" />
                    <Exit id="exit" target="last_fade_out.enter" />
                </Node>

                <Node id="last_fade_out" state="common.fade_out" >
                    <Entry id="enter" />
                    <Exit id="exit" target="unload_lod0_cars.enter" />
                </Node>

                <Node id="unload_lod0_cars" state="common.unload_lod0_cars" >
                    <Entry id="enter" />
                    <Exit id="exit" target="reset_camera_to_player.enter" />
                </Node>

                <Node id="reset_camera_to_player" state="common.reset_camera_to_player" >
                    <Entry id="enter" />
                    <Exit id="exit" target="last_fade_in.enter" />
                </Node>

                <Node id="last_fade_in" state="common.fade_in" >
                    <Entry id="enter" />
                    <Exit id="exit" target="show_hud_screen.enter" />
                </Node>

                <Node id="show_hud_screen" state="common.show_hud_screen" >
                    <Entry id="enter" />
                    <Exit id="exit" target="unblock_pause_entry.enter" />
                </Node>

                <Node id="unblock_pause_entry" state="common.unblock_pause_entry" >
                    <Entry id="enter" />
                    <Exit id="exit" target="reset_mulligan.enter" />
                </Node>

                <Node id="reset_mulligan" state="common.reset_mulligan" >
                    <Entry id="enter" />
                    <Exit id="exit" target="enable_satnav_audio.enter" />
                </Node>

                <Node id="enable_satnav_audio" state="common.enable_satnav_audio" >
                    <Entry id="enter" />
                    <Exit id="exit" target=".exit" />
                </Node>
            </State>
      
        </StateGroup>
        
		<TriggerZone object="photoMissionTrigger" name="PhotoMission1" radius="3" prompt="IDS_Description_PhotoMission" maxMPH="10" mapTag="photo" mapDescription="IDS_Description_PhotoMission"/>
		<PhotoZone object="photoLocationTrigger" radius="100" prompt="IDS_Prompt_PhotoMode" mapTag="photo" mapDescription="IDS_Description_PhotoSpot"/>
		<Rewards undamaged="100" damaged="50"/>
		<PhotoPoint x="329" y="76" z="798"/>
		<PhotoPoint x="316" y="76" z="808"/>
		<PhotoPoint x="303" y="76" z="817"/>
		<PhotoPoint x="286" y="76" z="828"/>
		<PhotoPoint x="231" y="76" z="856"/>
		<PhotoPoint x="213" y="76" z="868"/>				
		<PhotoPoint x="212" y="76" z="869"/>		
		<PhotoPoint x="200" y="76" z="877"/>		
		<PhotoPoint x="186" y="76" z="885"/>		
		<PhotoPoint x="174" y="76" z="894"/>			
		<PhotoPoint x="329" y="64" z="798"/>
		<PhotoPoint x="316" y="64" z="808"/>
		<PhotoPoint x="303" y="64" z="817"/>
		<PhotoPoint x="286" y="64" z="828"/>
		<PhotoPoint x="231" y="64" z="856"/>
		<PhotoPoint x="213" y="64" z="868"/>				
		<PhotoPoint x="212" y="64" z="869"/>		
		<PhotoPoint x="200" y="64" z="877"/>		
		<PhotoPoint x="186" y="64" z="885"/>		
		<PhotoPoint x="174" y="64" z="894"/>			
		<PhotoPoint x="329" y="51" z="798"/>
		<PhotoPoint x="316" y="51" z="808"/>
		<PhotoPoint x="303" y="51" z="817"/>
		<PhotoPoint x="286" y="51" z="828"/>
		<PhotoPoint x="231" y="51" z="856"/>
		<PhotoPoint x="213" y="51" z="868"/>				
		<PhotoPoint x="212" y="51" z="869"/>		
		<PhotoPoint x="200" y="51" z="877"/>		
		<PhotoPoint x="186" y="51" z="885"/>		
		<PhotoPoint x="174" y="51" z="894"/>				
	</Activity>
	
</ActivityManager>

</ActivityManager>

</ActivityManager>

</ActivityManager>
