<ActivityManager>

    <Activity type="ActivityMultiplayer" name="multiplayer01">
        <StateGroup id="multiplayer01" >

            <State id="Root">
                <Entry id="enter" target="multiplayer.enter" />
                <Exit id="exit" />

                <Node id="multiplayer" state="multiplayer.Root">
                    <Entry id="enter" />
                    <Exit id="exit" target=".exit" />
                </Node>

            </State>
            
        </StateGroup>       
        
		<TriggerZone object="multiplayer_01" name="multiplayer_01" radius="3" prompt="IDS_Description_Multiplayer" maxMPH="10" mapTag="multiplayer" mapDescription="IDS_Description_Multiplayer"/>
    </Activity>
	
</ActivityManager>

</ActivityManager>

</ActivityManager>

</ActivityManager>
