<ActivityManager>

    <Activity type="ActivityPaintShop" name="paintshop_01">
        <StateGroup id="paintshop01" >

            <!-- Substitute states -->
            <State id="place_car" >
                <Entry id="enter" target=".exit" />
                <Exit id="exit" />
                <Behaviour id="CPlaceCar" x="-1399" y="-8.79" z="1432.91" rotation="150.31" />
            </State>

            <State id="setup_camera">
                <Entry id="enter" target=".exit" />
                <Exit id="exit" />
                <Behaviour id="CInitialiseBlendCamera" >
                    <Attribute id="cam_pos" value="-1398.05,-4.42,1461.46" />
                    <Attribute id="cam_pyr" value="-2.82,-71.24,0" />
                    <Attribute id="cam_fov" value="45" />
                </Behaviour>
            </State>
            <!-- End of substitute states -->

            <State id="Root">
                <Entry id="enter" target="auctionhouse.enter" />
                <Exit id="exit" />

                <!--StateSubstitute state="InGameUI.setup_world_location_camera" substitute="setup_camera"/>
                <StateSubstitute state="InGameUI.place_car" substitute="place_car"/-->
                
                <Node id="paintshop" state="paintshops.root">
                    <Entry id="enter" />
                    <Exit id="exit" target=".exit" />
                </Node>
            </State>
        </StateGroup>       

        <TriggerZone object="festival_06" name="festival_06" radius="3" prompt="IDS_Description_AuctionHouse" maxMPH="10" mapTag="paintshop" mapDescription="IDS_Description_AuctionHouse"/>
	</Activity>

	
</ActivityManager>

</ActivityManager>

</ActivityManager>

</ActivityManager>
