<ActivityManager>

    <!--Activity type="ActivityRaceActivation" name="race_activation_01">
        <StateGroup id="race_activation" >

            <State id="load_into_race">
                <Entry id="enter" target=".exit" />
                <Behaviour id="CLoadIntoRace" route_id="1" >
                    <Attribute id="resource_package" value="RaceLoading" />
                </Behaviour>
            </State>
    
            <State id="Root">
                <Entry id="enter" target="race.enter" />
                <Exit id="exit" />

                <StateSubstitute state="race_activations.load_into_race" substitute="load_into_race"/>

                <Node id="race" state="race_activations.Root">
                    <Entry id="enter" />
                    <Exit id="exit" target=".exit" />
                </Node>

            </State>
            
        </StateGroup>       
        
		<TriggerZone object="race_activation_01" name="race_activation_01" radius="3" prompt="RACE" maxMPH="20" mapTag="race" mapDescription="RACE"/>
    </Activity-->
	
</ActivityManager>

</ActivityManager>

</ActivityManager>

</ActivityManager>
