<ActivityManager>

    <Activity type="ActivityWorkshop" name="workshop_02">
        <StateGroup id="workshop02" >

            <!-- Substitute states -->
            <State id="place_car" >
                <Entry id="enter" target=".exit" />
                <Exit id="exit" />
                <!-- temporally using the information point location for the workshop -->
                <Behaviour id="CPlaceCar" x="-1434.38" y="-10.97" z="1325.48" rotation="103.71" />
            </State>

            <State id="setup_camera">
                <Entry id="enter" target=".exit" />
                <Exit id="exit" />
                <Behaviour id="CInitialiseBlendCamera" >
                    <!-- temporally using the information point location for the workshop -->
                    <Attribute id="cam_pos" value="-1436.93,7.79,1338.06" />
                    <Attribute id="cam_pyr" value="14.19,202.94,0" />
                    <Attribute id="cam_fov" value="45" />
                </Behaviour>
            </State>
            <!-- End of substitute states -->

            <State id="Root">
                <Entry id="enter" target="workshop.enter" />
                <Exit id="exit" />

                <!--StateSubstitute state="InGameUI.setup_world_location_camera" substitute="setup_camera"/>
                <StateSubstitute state="InGameUI.place_car" substitute="place_car"/-->

                <Node id="workshop" state="workshops.root">
                    <Entry id="enter" />
                    <Exit id="exit" target=".exit" />
                </Node>
            </State>
        </StateGroup>

        <TriggerZone object="festival_05" name="festival_05" radius="3" prompt="IDS_Description_Workshop" maxMPH="10" mapTag="workshop" mapDescription="IDS_Description_Workshop"/>
    </Activity>

</ActivityManager>

</ActivityManager>

</ActivityManager>

</ActivityManager>
